ISO-10303-21;
HEADER;
/* Generated by software containing ST-Developer
 * from STEP Tools, Inc. (www.steptools.com) 
 */

FILE_DESCRIPTION(
/* description */ (''),
/* implementation_level */ '2;1');

FILE_NAME(
/* name */ 'Input_Plate_TopSheet.step',
/* time_stamp */ '2026-08-06T10:08:22+01:00',
/* author */ (''),
/* organization */ (''),
/* preprocessor_version */ 'ST-DEVELOPER v20.1',
/* originating_system */ 'Autodesk Translation Framework v15.8.0.0',
/* authorisation */ '');

FILE_SCHEMA (('AUTOMOTIVE_DESIGN { 1 0 10303 214 3 1 1 }'));
ENDSEC;

DATA;
#10=MECHANICAL_DESIGN_GEOMETRIC_PRESENTATION_REPRESENTATION('',(#13),#4941);
#11=SHAPE_REPRESENTATION_RELATIONSHIP('SRR','None',#4948,#12);
#12=ADVANCED_BREP_SHAPE_REPRESENTATION('',(#14),#4940);
#13=STYLED_ITEM('',(#4958),#14);
#14=MANIFOLD_SOLID_BREP('Body1',#2869);
#15=FACE_BOUND('',#488,.T.);
#16=FACE_BOUND('',#489,.T.);
#17=FACE_BOUND('',#490,.T.);
#18=FACE_BOUND('',#491,.T.);
#19=FACE_BOUND('',#492,.T.);
#20=FACE_BOUND('',#493,.T.);
#21=FACE_BOUND('',#494,.T.);
#22=FACE_BOUND('',#495,.T.);
#23=FACE_BOUND('',#496,.T.);
#24=FACE_BOUND('',#497,.T.);
#25=FACE_BOUND('',#498,.T.);
#26=FACE_BOUND('',#499,.T.);
#27=FACE_BOUND('',#500,.T.);
#28=FACE_BOUND('',#501,.T.);
#29=FACE_BOUND('',#502,.T.);
#30=FACE_BOUND('',#503,.T.);
#31=FACE_BOUND('',#504,.T.);
#32=FACE_BOUND('',#505,.T.);
#33=FACE_BOUND('',#506,.T.);
#34=FACE_BOUND('',#507,.T.);
#35=FACE_BOUND('',#508,.T.);
#36=FACE_BOUND('',#509,.T.);
#37=FACE_BOUND('',#511,.T.);
#38=FACE_BOUND('',#512,.T.);
#39=FACE_BOUND('',#513,.T.);
#40=FACE_BOUND('',#514,.T.);
#41=FACE_BOUND('',#515,.T.);
#42=FACE_BOUND('',#516,.T.);
#43=FACE_BOUND('',#517,.T.);
#44=FACE_BOUND('',#518,.T.);
#45=FACE_BOUND('',#519,.T.);
#46=FACE_BOUND('',#520,.T.);
#47=FACE_BOUND('',#521,.T.);
#48=FACE_BOUND('',#522,.T.);
#49=FACE_BOUND('',#523,.T.);
#50=FACE_BOUND('',#524,.T.);
#51=FACE_BOUND('',#525,.T.);
#52=FACE_BOUND('',#526,.T.);
#53=FACE_BOUND('',#527,.T.);
#54=FACE_BOUND('',#528,.T.);
#55=FACE_BOUND('',#529,.T.);
#56=FACE_BOUND('',#530,.T.);
#57=FACE_BOUND('',#531,.T.);
#58=FACE_BOUND('',#532,.T.);
#59=CIRCLE('',#2889,0.999999999999997);
#60=CIRCLE('',#2890,0.999999999999997);
#61=CIRCLE('',#2893,1.);
#62=CIRCLE('',#2894,1.);
#63=CIRCLE('',#2897,1.);
#64=CIRCLE('',#2898,1.);
#65=CIRCLE('',#2901,1.);
#66=CIRCLE('',#2902,1.);
#67=CIRCLE('',#2905,1.);
#68=CIRCLE('',#2906,0.499999999999999);
#69=CIRCLE('',#2907,7.);
#70=CIRCLE('',#2908,0.499999999999997);
#71=CIRCLE('',#2909,1.);
#72=CIRCLE('',#2910,1.);
#73=CIRCLE('',#2911,0.499999999999999);
#74=CIRCLE('',#2912,7.);
#75=CIRCLE('',#2913,0.499999999999997);
#76=CIRCLE('',#2914,1.);
#77=CIRCLE('',#2915,1.);
#78=CIRCLE('',#2916,0.499999999999999);
#79=CIRCLE('',#2917,7.);
#80=CIRCLE('',#2918,0.499999999999997);
#81=CIRCLE('',#2919,1.);
#82=CIRCLE('',#2920,1.);
#83=CIRCLE('',#2921,0.499999999999999);
#84=CIRCLE('',#2922,7.);
#85=CIRCLE('',#2923,0.499999999999997);
#86=CIRCLE('',#2924,1.);
#87=CIRCLE('',#2925,1.);
#88=CIRCLE('',#2926,0.499999999999999);
#89=CIRCLE('',#2927,7.);
#90=CIRCLE('',#2928,0.499999999999997);
#91=CIRCLE('',#2929,1.);
#92=CIRCLE('',#2930,3.);
#93=CIRCLE('',#2931,3.);
#94=CIRCLE('',#2932,3.);
#95=CIRCLE('',#2933,3.);
#96=CIRCLE('',#2934,2.05);
#97=CIRCLE('',#2935,2.05);
#98=CIRCLE('',#2936,2.05);
#99=CIRCLE('',#2937,2.05);
#100=CIRCLE('',#2938,2.05);
#101=CIRCLE('',#2939,2.05);
#102=CIRCLE('',#2940,2.05);
#103=CIRCLE('',#2941,2.05);
#104=CIRCLE('',#2942,0.5);
#105=CIRCLE('',#2943,0.499999999999997);
#106=CIRCLE('',#2944,0.499999999999999);
#107=CIRCLE('',#2945,7.);
#108=CIRCLE('',#2946,0.499999999999997);
#109=CIRCLE('',#2947,0.5);
#110=CIRCLE('',#2948,0.499999999999997);
#111=CIRCLE('',#2949,0.499999999999999);
#112=CIRCLE('',#2950,7.);
#113=CIRCLE('',#2951,0.499999999999997);
#114=CIRCLE('',#2952,0.5);
#115=CIRCLE('',#2953,0.499999999999997);
#116=CIRCLE('',#2954,0.499999999999999);
#117=CIRCLE('',#2955,7.);
#118=CIRCLE('',#2956,0.499999999999997);
#119=CIRCLE('',#2957,0.5);
#120=CIRCLE('',#2958,0.499999999999997);
#121=CIRCLE('',#2959,0.499999999999999);
#122=CIRCLE('',#2960,7.);
#123=CIRCLE('',#2961,0.499999999999997);
#124=CIRCLE('',#2962,0.5);
#125=CIRCLE('',#2963,0.499999999999997);
#126=CIRCLE('',#2964,0.499999999999999);
#127=CIRCLE('',#2965,7.);
#128=CIRCLE('',#2966,0.499999999999997);
#129=CIRCLE('',#2967,0.5);
#130=CIRCLE('',#2968,0.499999999999997);
#131=CIRCLE('',#2969,0.499999999999999);
#132=CIRCLE('',#2970,7.);
#133=CIRCLE('',#2971,0.499999999999997);
#134=CIRCLE('',#2972,0.5);
#135=CIRCLE('',#2973,0.499999999999997);
#136=CIRCLE('',#2974,0.499999999999999);
#137=CIRCLE('',#2975,7.);
#138=CIRCLE('',#2976,0.499999999999997);
#139=CIRCLE('',#2977,0.5);
#140=CIRCLE('',#2978,0.499999999999997);
#141=CIRCLE('',#2979,0.499999999999999);
#142=CIRCLE('',#2980,7.);
#143=CIRCLE('',#2981,0.499999999999997);
#144=CIRCLE('',#2982,0.5);
#145=CIRCLE('',#2983,0.499999999999997);
#146=CIRCLE('',#2984,0.499999999999999);
#147=CIRCLE('',#2985,7.);
#148=CIRCLE('',#2986,0.499999999999997);
#149=CIRCLE('',#2987,0.5);
#150=CIRCLE('',#2988,0.499999999999997);
#151=CIRCLE('',#2989,0.499999999999999);
#152=CIRCLE('',#2990,7.);
#153=CIRCLE('',#2991,0.499999999999997);
#154=CIRCLE('',#2993,1.);
#155=CIRCLE('',#2994,1.);
#156=CIRCLE('',#2995,0.499999999999997);
#157=CIRCLE('',#2996,7.);
#158=CIRCLE('',#2997,0.499999999999999);
#159=CIRCLE('',#2998,1.);
#160=CIRCLE('',#2999,1.);
#161=CIRCLE('',#3000,0.499999999999997);
#162=CIRCLE('',#3001,7.);
#163=CIRCLE('',#3002,0.499999999999999);
#164=CIRCLE('',#3003,1.);
#165=CIRCLE('',#3004,1.);
#166=CIRCLE('',#3005,0.499999999999997);
#167=CIRCLE('',#3006,7.);
#168=CIRCLE('',#3007,0.499999999999999);
#169=CIRCLE('',#3008,1.);
#170=CIRCLE('',#3009,1.);
#171=CIRCLE('',#3010,0.499999999999997);
#172=CIRCLE('',#3011,7.);
#173=CIRCLE('',#3012,0.499999999999999);
#174=CIRCLE('',#3013,1.);
#175=CIRCLE('',#3014,1.);
#176=CIRCLE('',#3015,0.499999999999997);
#177=CIRCLE('',#3016,7.);
#178=CIRCLE('',#3017,0.499999999999999);
#179=CIRCLE('',#3018,0.5);
#180=CIRCLE('',#3019,0.499999999999997);
#181=CIRCLE('',#3020,7.);
#182=CIRCLE('',#3021,0.499999999999999);
#183=CIRCLE('',#3022,0.499999999999997);
#184=CIRCLE('',#3023,0.5);
#185=CIRCLE('',#3024,0.499999999999997);
#186=CIRCLE('',#3025,7.);
#187=CIRCLE('',#3026,0.499999999999999);
#188=CIRCLE('',#3027,0.499999999999997);
#189=CIRCLE('',#3028,0.5);
#190=CIRCLE('',#3029,0.499999999999997);
#191=CIRCLE('',#3030,7.);
#192=CIRCLE('',#3031,0.499999999999999);
#193=CIRCLE('',#3032,0.499999999999997);
#194=CIRCLE('',#3033,0.5);
#195=CIRCLE('',#3034,0.499999999999997);
#196=CIRCLE('',#3035,7.);
#197=CIRCLE('',#3036,0.499999999999999);
#198=CIRCLE('',#3037,0.499999999999997);
#199=CIRCLE('',#3038,0.5);
#200=CIRCLE('',#3039,0.499999999999997);
#201=CIRCLE('',#3040,7.);
#202=CIRCLE('',#3041,0.499999999999999);
#203=CIRCLE('',#3042,0.499999999999997);
#204=CIRCLE('',#3043,0.5);
#205=CIRCLE('',#3044,0.499999999999997);
#206=CIRCLE('',#3045,7.);
#207=CIRCLE('',#3046,0.499999999999999);
#208=CIRCLE('',#3047,0.499999999999997);
#209=CIRCLE('',#3048,0.5);
#210=CIRCLE('',#3049,0.499999999999997);
#211=CIRCLE('',#3050,7.);
#212=CIRCLE('',#3051,0.499999999999999);
#213=CIRCLE('',#3052,0.499999999999997);
#214=CIRCLE('',#3053,0.5);
#215=CIRCLE('',#3054,0.499999999999997);
#216=CIRCLE('',#3055,7.);
#217=CIRCLE('',#3056,0.499999999999999);
#218=CIRCLE('',#3057,0.499999999999997);
#219=CIRCLE('',#3058,0.5);
#220=CIRCLE('',#3059,0.499999999999997);
#221=CIRCLE('',#3060,7.);
#222=CIRCLE('',#3061,0.499999999999999);
#223=CIRCLE('',#3062,0.499999999999997);
#224=CIRCLE('',#3063,0.5);
#225=CIRCLE('',#3064,0.499999999999997);
#226=CIRCLE('',#3065,7.);
#227=CIRCLE('',#3066,0.499999999999999);
#228=CIRCLE('',#3067,0.499999999999997);
#229=CIRCLE('',#3068,3.);
#230=CIRCLE('',#3069,3.);
#231=CIRCLE('',#3070,3.);
#232=CIRCLE('',#3071,3.);
#233=CIRCLE('',#3072,2.05);
#234=CIRCLE('',#3073,2.05);
#235=CIRCLE('',#3074,2.05);
#236=CIRCLE('',#3075,2.05);
#237=CIRCLE('',#3076,2.05);
#238=CIRCLE('',#3077,2.05);
#239=CIRCLE('',#3078,2.05);
#240=CIRCLE('',#3079,2.05);
#241=CYLINDRICAL_SURFACE('',#2888,0.999999999999997);
#242=CYLINDRICAL_SURFACE('',#2892,1.);
#243=CYLINDRICAL_SURFACE('',#2896,1.);
#244=CYLINDRICAL_SURFACE('',#2900,1.);
#245=CYLINDRICAL_SURFACE('',#3082,0.499999999999999);
#246=CYLINDRICAL_SURFACE('',#3083,7.);
#247=CYLINDRICAL_SURFACE('',#3084,0.499999999999997);
#248=CYLINDRICAL_SURFACE('',#3085,0.5);
#249=CYLINDRICAL_SURFACE('',#3087,0.499999999999997);
#250=CYLINDRICAL_SURFACE('',#3089,0.499999999999999);
#251=CYLINDRICAL_SURFACE('',#3090,7.);
#252=CYLINDRICAL_SURFACE('',#3091,0.499999999999997);
#253=CYLINDRICAL_SURFACE('',#3093,0.5);
#254=CYLINDRICAL_SURFACE('',#3095,0.499999999999997);
#255=CYLINDRICAL_SURFACE('',#3097,0.499999999999999);
#256=CYLINDRICAL_SURFACE('',#3098,7.);
#257=CYLINDRICAL_SURFACE('',#3099,0.499999999999997);
#258=CYLINDRICAL_SURFACE('',#3101,0.5);
#259=CYLINDRICAL_SURFACE('',#3103,0.499999999999997);
#260=CYLINDRICAL_SURFACE('',#3105,0.499999999999999);
#261=CYLINDRICAL_SURFACE('',#3106,7.);
#262=CYLINDRICAL_SURFACE('',#3107,0.499999999999997);
#263=CYLINDRICAL_SURFACE('',#3109,0.5);
#264=CYLINDRICAL_SURFACE('',#3111,0.499999999999997);
#265=CYLINDRICAL_SURFACE('',#3113,0.499999999999999);
#266=CYLINDRICAL_SURFACE('',#3114,7.);
#267=CYLINDRICAL_SURFACE('',#3115,0.499999999999997);
#268=CYLINDRICAL_SURFACE('',#3117,0.5);
#269=CYLINDRICAL_SURFACE('',#3119,0.499999999999997);
#270=CYLINDRICAL_SURFACE('',#3121,0.499999999999999);
#271=CYLINDRICAL_SURFACE('',#3122,7.);
#272=CYLINDRICAL_SURFACE('',#3123,0.499999999999997);
#273=CYLINDRICAL_SURFACE('',#3125,0.5);
#274=CYLINDRICAL_SURFACE('',#3127,0.499999999999997);
#275=CYLINDRICAL_SURFACE('',#3129,0.499999999999999);
#276=CYLINDRICAL_SURFACE('',#3130,7.);
#277=CYLINDRICAL_SURFACE('',#3131,0.499999999999997);
#278=CYLINDRICAL_SURFACE('',#3133,0.5);
#279=CYLINDRICAL_SURFACE('',#3135,0.499999999999997);
#280=CYLINDRICAL_SURFACE('',#3137,0.499999999999999);
#281=CYLINDRICAL_SURFACE('',#3138,7.);
#282=CYLINDRICAL_SURFACE('',#3139,0.499999999999997);
#283=CYLINDRICAL_SURFACE('',#3141,0.5);
#284=CYLINDRICAL_SURFACE('',#3143,0.499999999999997);
#285=CYLINDRICAL_SURFACE('',#3145,0.499999999999999);
#286=CYLINDRICAL_SURFACE('',#3146,7.);
#287=CYLINDRICAL_SURFACE('',#3147,0.499999999999997);
#288=CYLINDRICAL_SURFACE('',#3149,0.5);
#289=CYLINDRICAL_SURFACE('',#3151,0.499999999999997);
#290=CYLINDRICAL_SURFACE('',#3153,0.499999999999999);
#291=CYLINDRICAL_SURFACE('',#3154,7.);
#292=CYLINDRICAL_SURFACE('',#3155,0.499999999999997);
#293=CYLINDRICAL_SURFACE('',#3157,0.5);
#294=CYLINDRICAL_SURFACE('',#3159,0.499999999999997);
#295=CYLINDRICAL_SURFACE('',#3161,0.499999999999999);
#296=CYLINDRICAL_SURFACE('',#3162,7.);
#297=CYLINDRICAL_SURFACE('',#3163,0.499999999999997);
#298=CYLINDRICAL_SURFACE('',#3167,0.499999999999999);
#299=CYLINDRICAL_SURFACE('',#3168,7.);
#300=CYLINDRICAL_SURFACE('',#3169,0.499999999999997);
#301=CYLINDRICAL_SURFACE('',#3172,0.499999999999999);
#302=CYLINDRICAL_SURFACE('',#3173,7.);
#303=CYLINDRICAL_SURFACE('',#3174,0.499999999999997);
#304=CYLINDRICAL_SURFACE('',#3177,0.499999999999999);
#305=CYLINDRICAL_SURFACE('',#3178,7.);
#306=CYLINDRICAL_SURFACE('',#3179,0.499999999999997);
#307=CYLINDRICAL_SURFACE('',#3182,0.499999999999999);
#308=CYLINDRICAL_SURFACE('',#3183,7.);
#309=CYLINDRICAL_SURFACE('',#3184,0.499999999999997);
#310=CYLINDRICAL_SURFACE('',#3185,2.05);
#311=CYLINDRICAL_SURFACE('',#3186,2.05);
#312=CYLINDRICAL_SURFACE('',#3187,2.05);
#313=CYLINDRICAL_SURFACE('',#3188,2.05);
#314=CYLINDRICAL_SURFACE('',#3189,2.05);
#315=CYLINDRICAL_SURFACE('',#3190,2.05);
#316=CYLINDRICAL_SURFACE('',#3191,2.05);
#317=CYLINDRICAL_SURFACE('',#3192,2.05);
#318=CYLINDRICAL_SURFACE('',#3193,1.);
#319=CYLINDRICAL_SURFACE('',#3194,1.);
#320=CYLINDRICAL_SURFACE('',#3195,1.);
#321=CYLINDRICAL_SURFACE('',#3196,1.);
#322=CYLINDRICAL_SURFACE('',#3197,1.);
#323=CYLINDRICAL_SURFACE('',#3198,1.);
#324=CYLINDRICAL_SURFACE('',#3199,1.);
#325=CYLINDRICAL_SURFACE('',#3200,1.);
#326=CYLINDRICAL_SURFACE('',#3201,1.);
#327=CYLINDRICAL_SURFACE('',#3202,1.);
#328=CYLINDRICAL_SURFACE('',#3203,3.);
#329=CYLINDRICAL_SURFACE('',#3204,3.);
#330=CYLINDRICAL_SURFACE('',#3205,3.);
#331=CYLINDRICAL_SURFACE('',#3206,3.);
#332=FACE_OUTER_BOUND('',#474,.T.);
#333=FACE_OUTER_BOUND('',#475,.T.);
#334=FACE_OUTER_BOUND('',#476,.T.);
#335=FACE_OUTER_BOUND('',#477,.T.);
#336=FACE_OUTER_BOUND('',#478,.T.);
#337=FACE_OUTER_BOUND('',#479,.T.);
#338=FACE_OUTER_BOUND('',#480,.T.);
#339=FACE_OUTER_BOUND('',#481,.T.);
#340=FACE_OUTER_BOUND('',#482,.T.);
#341=FACE_OUTER_BOUND('',#483,.T.);
#342=FACE_OUTER_BOUND('',#484,.T.);
#343=FACE_OUTER_BOUND('',#485,.T.);
#344=FACE_OUTER_BOUND('',#486,.T.);
#345=FACE_OUTER_BOUND('',#487,.T.);
#346=FACE_OUTER_BOUND('',#510,.T.);
#347=FACE_OUTER_BOUND('',#533,.T.);
#348=FACE_OUTER_BOUND('',#534,.T.);
#349=FACE_OUTER_BOUND('',#535,.T.);
#350=FACE_OUTER_BOUND('',#536,.T.);
#351=FACE_OUTER_BOUND('',#537,.T.);
#352=FACE_OUTER_BOUND('',#538,.T.);
#353=FACE_OUTER_BOUND('',#539,.T.);
#354=FACE_OUTER_BOUND('',#540,.T.);
#355=FACE_OUTER_BOUND('',#541,.T.);
#356=FACE_OUTER_BOUND('',#542,.T.);
#357=FACE_OUTER_BOUND('',#543,.T.);
#358=FACE_OUTER_BOUND('',#544,.T.);
#359=FACE_OUTER_BOUND('',#545,.T.);
#360=FACE_OUTER_BOUND('',#546,.T.);
#361=FACE_OUTER_BOUND('',#547,.T.);
#362=FACE_OUTER_BOUND('',#548,.T.);
#363=FACE_OUTER_BOUND('',#549,.T.);
#364=FACE_OUTER_BOUND('',#550,.T.);
#365=FACE_OUTER_BOUND('',#551,.T.);
#366=FACE_OUTER_BOUND('',#552,.T.);
#367=FACE_OUTER_BOUND('',#553,.T.);
#368=FACE_OUTER_BOUND('',#554,.T.);
#369=FACE_OUTER_BOUND('',#555,.T.);
#370=FACE_OUTER_BOUND('',#556,.T.);
#371=FACE_OUTER_BOUND('',#557,.T.);
#372=FACE_OUTER_BOUND('',#558,.T.);
#373=FACE_OUTER_BOUND('',#559,.T.);
#374=FACE_OUTER_BOUND('',#560,.T.);
#375=FACE_OUTER_BOUND('',#561,.T.);
#376=FACE_OUTER_BOUND('',#562,.T.);
#377=FACE_OUTER_BOUND('',#563,.T.);
#378=FACE_OUTER_BOUND('',#564,.T.);
#379=FACE_OUTER_BOUND('',#565,.T.);
#380=FACE_OUTER_BOUND('',#566,.T.);
#381=FACE_OUTER_BOUND('',#567,.T.);
#382=FACE_OUTER_BOUND('',#568,.T.);
#383=FACE_OUTER_BOUND('',#569,.T.);
#384=FACE_OUTER_BOUND('',#570,.T.);
#385=FACE_OUTER_BOUND('',#571,.T.);
#386=FACE_OUTER_BOUND('',#572,.T.);
#387=FACE_OUTER_BOUND('',#573,.T.);
#388=FACE_OUTER_BOUND('',#574,.T.);
#389=FACE_OUTER_BOUND('',#575,.T.);
#390=FACE_OUTER_BOUND('',#576,.T.);
#391=FACE_OUTER_BOUND('',#577,.T.);
#392=FACE_OUTER_BOUND('',#578,.T.);
#393=FACE_OUTER_BOUND('',#579,.T.);
#394=FACE_OUTER_BOUND('',#580,.T.);
#395=FACE_OUTER_BOUND('',#581,.T.);
#396=FACE_OUTER_BOUND('',#582,.T.);
#397=FACE_OUTER_BOUND('',#583,.T.);
#398=FACE_OUTER_BOUND('',#584,.T.);
#399=FACE_OUTER_BOUND('',#585,.T.);
#400=FACE_OUTER_BOUND('',#586,.T.);
#401=FACE_OUTER_BOUND('',#587,.T.);
#402=FACE_OUTER_BOUND('',#588,.T.);
#403=FACE_OUTER_BOUND('',#589,.T.);
#404=FACE_OUTER_BOUND('',#590,.T.);
#405=FACE_OUTER_BOUND('',#591,.T.);
#406=FACE_OUTER_BOUND('',#592,.T.);
#407=FACE_OUTER_BOUND('',#593,.T.);
#408=FACE_OUTER_BOUND('',#594,.T.);
#409=FACE_OUTER_BOUND('',#595,.T.);
#410=FACE_OUTER_BOUND('',#596,.T.);
#411=FACE_OUTER_BOUND('',#597,.T.);
#412=FACE_OUTER_BOUND('',#598,.T.);
#413=FACE_OUTER_BOUND('',#599,.T.);
#414=FACE_OUTER_BOUND('',#600,.T.);
#415=FACE_OUTER_BOUND('',#601,.T.);
#416=FACE_OUTER_BOUND('',#602,.T.);
#417=FACE_OUTER_BOUND('',#603,.T.);
#418=FACE_OUTER_BOUND('',#604,.T.);
#419=FACE_OUTER_BOUND('',#605,.T.);
#420=FACE_OUTER_BOUND('',#606,.T.);
#421=FACE_OUTER_BOUND('',#607,.T.);
#422=FACE_OUTER_BOUND('',#608,.T.);
#423=FACE_OUTER_BOUND('',#609,.T.);
#424=FACE_OUTER_BOUND('',#610,.T.);
#425=FACE_OUTER_BOUND('',#611,.T.);
#426=FACE_OUTER_BOUND('',#612,.T.);
#427=FACE_OUTER_BOUND('',#613,.T.);
#428=FACE_OUTER_BOUND('',#614,.T.);
#429=FACE_OUTER_BOUND('',#615,.T.);
#430=FACE_OUTER_BOUND('',#616,.T.);
#431=FACE_OUTER_BOUND('',#617,.T.);
#432=FACE_OUTER_BOUND('',#618,.T.);
#433=FACE_OUTER_BOUND('',#619,.T.);
#434=FACE_OUTER_BOUND('',#620,.T.);
#435=FACE_OUTER_BOUND('',#621,.T.);
#436=FACE_OUTER_BOUND('',#622,.T.);
#437=FACE_OUTER_BOUND('',#623,.T.);
#438=FACE_OUTER_BOUND('',#624,.T.);
#439=FACE_OUTER_BOUND('',#625,.T.);
#440=FACE_OUTER_BOUND('',#626,.T.);
#441=FACE_OUTER_BOUND('',#627,.T.);
#442=FACE_OUTER_BOUND('',#628,.T.);
#443=FACE_OUTER_BOUND('',#629,.T.);
#444=FACE_OUTER_BOUND('',#630,.T.);
#445=FACE_OUTER_BOUND('',#631,.T.);
#446=FACE_OUTER_BOUND('',#632,.T.);
#447=FACE_OUTER_BOUND('',#633,.T.);
#448=FACE_OUTER_BOUND('',#634,.T.);
#449=FACE_OUTER_BOUND('',#635,.T.);
#450=FACE_OUTER_BOUND('',#636,.T.);
#451=FACE_OUTER_BOUND('',#637,.T.);
#452=FACE_OUTER_BOUND('',#638,.T.);
#453=FACE_OUTER_BOUND('',#639,.T.);
#454=FACE_OUTER_BOUND('',#640,.T.);
#455=FACE_OUTER_BOUND('',#641,.T.);
#456=FACE_OUTER_BOUND('',#642,.T.);
#457=FACE_OUTER_BOUND('',#643,.T.);
#458=FACE_OUTER_BOUND('',#644,.T.);
#459=FACE_OUTER_BOUND('',#645,.T.);
#460=FACE_OUTER_BOUND('',#646,.T.);
#461=FACE_OUTER_BOUND('',#647,.T.);
#462=FACE_OUTER_BOUND('',#648,.T.);
#463=FACE_OUTER_BOUND('',#649,.T.);
#464=FACE_OUTER_BOUND('',#650,.T.);
#465=FACE_OUTER_BOUND('',#651,.T.);
#466=FACE_OUTER_BOUND('',#652,.T.);
#467=FACE_OUTER_BOUND('',#653,.T.);
#468=FACE_OUTER_BOUND('',#654,.T.);
#469=FACE_OUTER_BOUND('',#655,.T.);
#470=FACE_OUTER_BOUND('',#656,.T.);
#471=FACE_OUTER_BOUND('',#657,.T.);
#472=FACE_OUTER_BOUND('',#658,.T.);
#473=FACE_OUTER_BOUND('',#659,.T.);
#474=EDGE_LOOP('',(#1836,#1837,#1838,#1839));
#475=EDGE_LOOP('',(#1840,#1841,#1842,#1843));
#476=EDGE_LOOP('',(#1844,#1845,#1846,#1847));
#477=EDGE_LOOP('',(#1848,#1849,#1850,#1851));
#478=EDGE_LOOP('',(#1852,#1853,#1854,#1855));
#479=EDGE_LOOP('',(#1856,#1857,#1858,#1859));
#480=EDGE_LOOP('',(#1860,#1861,#1862,#1863));
#481=EDGE_LOOP('',(#1864,#1865,#1866,#1867));
#482=EDGE_LOOP('',(#1868,#1869,#1870,#1871));
#483=EDGE_LOOP('',(#1872,#1873,#1874,#1875));
#484=EDGE_LOOP('',(#1876,#1877,#1878,#1879));
#485=EDGE_LOOP('',(#1880,#1881,#1882,#1883));
#486=EDGE_LOOP('',(#1884,#1885,#1886,#1887));
#487=EDGE_LOOP('',(#1888,#1889,#1890,#1891,#1892,#1893,#1894,#1895,#1896,
#1897,#1898,#1899,#1900,#1901,#1902,#1903,#1904,#1905,#1906,#1907,#1908,
#1909,#1910,#1911,#1912,#1913,#1914,#1915,#1916,#1917,#1918,#1919,#1920,
#1921,#1922,#1923,#1924,#1925,#1926,#1927,#1928,#1929,#1930,#1931,#1932,
#1933,#1934,#1935));
#488=EDGE_LOOP('',(#1936));
#489=EDGE_LOOP('',(#1937));
#490=EDGE_LOOP('',(#1938));
#491=EDGE_LOOP('',(#1939));
#492=EDGE_LOOP('',(#1940));
#493=EDGE_LOOP('',(#1941));
#494=EDGE_LOOP('',(#1942));
#495=EDGE_LOOP('',(#1943));
#496=EDGE_LOOP('',(#1944));
#497=EDGE_LOOP('',(#1945));
#498=EDGE_LOOP('',(#1946));
#499=EDGE_LOOP('',(#1947));
#500=EDGE_LOOP('',(#1948,#1949,#1950,#1951,#1952,#1953,#1954,#1955));
#501=EDGE_LOOP('',(#1956,#1957,#1958,#1959,#1960,#1961,#1962,#1963));
#502=EDGE_LOOP('',(#1964,#1965,#1966,#1967,#1968,#1969,#1970,#1971));
#503=EDGE_LOOP('',(#1972,#1973,#1974,#1975,#1976,#1977,#1978,#1979));
#504=EDGE_LOOP('',(#1980,#1981,#1982,#1983,#1984,#1985,#1986,#1987));
#505=EDGE_LOOP('',(#1988,#1989,#1990,#1991,#1992,#1993,#1994,#1995));
#506=EDGE_LOOP('',(#1996,#1997,#1998,#1999,#2000,#2001,#2002,#2003));
#507=EDGE_LOOP('',(#2004,#2005,#2006,#2007,#2008,#2009,#2010,#2011));
#508=EDGE_LOOP('',(#2012,#2013,#2014,#2015,#2016,#2017,#2018,#2019));
#509=EDGE_LOOP('',(#2020,#2021,#2022,#2023,#2024,#2025,#2026,#2027));
#510=EDGE_LOOP('',(#2028,#2029,#2030,#2031,#2032,#2033,#2034,#2035,#2036,
#2037,#2038,#2039,#2040,#2041,#2042,#2043,#2044,#2045,#2046,#2047,#2048,
#2049,#2050,#2051,#2052,#2053,#2054,#2055,#2056,#2057,#2058,#2059,#2060,
#2061,#2062,#2063,#2064,#2065,#2066,#2067,#2068,#2069,#2070,#2071,#2072,
#2073,#2074,#2075));
#511=EDGE_LOOP('',(#2076,#2077,#2078,#2079,#2080,#2081,#2082,#2083));
#512=EDGE_LOOP('',(#2084,#2085,#2086,#2087,#2088,#2089,#2090,#2091));
#513=EDGE_LOOP('',(#2092,#2093,#2094,#2095,#2096,#2097,#2098,#2099));
#514=EDGE_LOOP('',(#2100,#2101,#2102,#2103,#2104,#2105,#2106,#2107));
#515=EDGE_LOOP('',(#2108,#2109,#2110,#2111,#2112,#2113,#2114,#2115));
#516=EDGE_LOOP('',(#2116,#2117,#2118,#2119,#2120,#2121,#2122,#2123));
#517=EDGE_LOOP('',(#2124,#2125,#2126,#2127,#2128,#2129,#2130,#2131));
#518=EDGE_LOOP('',(#2132,#2133,#2134,#2135,#2136,#2137,#2138,#2139));
#519=EDGE_LOOP('',(#2140,#2141,#2142,#2143,#2144,#2145,#2146,#2147));
#520=EDGE_LOOP('',(#2148,#2149,#2150,#2151,#2152,#2153,#2154,#2155));
#521=EDGE_LOOP('',(#2156));
#522=EDGE_LOOP('',(#2157));
#523=EDGE_LOOP('',(#2158));
#524=EDGE_LOOP('',(#2159));
#525=EDGE_LOOP('',(#2160));
#526=EDGE_LOOP('',(#2161));
#527=EDGE_LOOP('',(#2162));
#528=EDGE_LOOP('',(#2163));
#529=EDGE_LOOP('',(#2164));
#530=EDGE_LOOP('',(#2165));
#531=EDGE_LOOP('',(#2166));
#532=EDGE_LOOP('',(#2167));
#533=EDGE_LOOP('',(#2168,#2169,#2170,#2171));
#534=EDGE_LOOP('',(#2172,#2173,#2174,#2175));
#535=EDGE_LOOP('',(#2176,#2177,#2178,#2179));
#536=EDGE_LOOP('',(#2180,#2181,#2182,#2183));
#537=EDGE_LOOP('',(#2184,#2185,#2186,#2187));
#538=EDGE_LOOP('',(#2188,#2189,#2190,#2191));
#539=EDGE_LOOP('',(#2192,#2193,#2194,#2195));
#540=EDGE_LOOP('',(#2196,#2197,#2198,#2199));
#541=EDGE_LOOP('',(#2200,#2201,#2202,#2203));
#542=EDGE_LOOP('',(#2204,#2205,#2206,#2207));
#543=EDGE_LOOP('',(#2208,#2209,#2210,#2211));
#544=EDGE_LOOP('',(#2212,#2213,#2214,#2215));
#545=EDGE_LOOP('',(#2216,#2217,#2218,#2219));
#546=EDGE_LOOP('',(#2220,#2221,#2222,#2223));
#547=EDGE_LOOP('',(#2224,#2225,#2226,#2227));
#548=EDGE_LOOP('',(#2228,#2229,#2230,#2231));
#549=EDGE_LOOP('',(#2232,#2233,#2234,#2235));
#550=EDGE_LOOP('',(#2236,#2237,#2238,#2239));
#551=EDGE_LOOP('',(#2240,#2241,#2242,#2243));
#552=EDGE_LOOP('',(#2244,#2245,#2246,#2247));
#553=EDGE_LOOP('',(#2248,#2249,#2250,#2251));
#554=EDGE_LOOP('',(#2252,#2253,#2254,#2255));
#555=EDGE_LOOP('',(#2256,#2257,#2258,#2259));
#556=EDGE_LOOP('',(#2260,#2261,#2262,#2263));
#557=EDGE_LOOP('',(#2264,#2265,#2266,#2267));
#558=EDGE_LOOP('',(#2268,#2269,#2270,#2271));
#559=EDGE_LOOP('',(#2272,#2273,#2274,#2275));
#560=EDGE_LOOP('',(#2276,#2277,#2278,#2279));
#561=EDGE_LOOP('',(#2280,#2281,#2282,#2283));
#562=EDGE_LOOP('',(#2284,#2285,#2286,#2287));
#563=EDGE_LOOP('',(#2288,#2289,#2290,#2291));
#564=EDGE_LOOP('',(#2292,#2293,#2294,#2295));
#565=EDGE_LOOP('',(#2296,#2297,#2298,#2299));
#566=EDGE_LOOP('',(#2300,#2301,#2302,#2303));
#567=EDGE_LOOP('',(#2304,#2305,#2306,#2307));
#568=EDGE_LOOP('',(#2308,#2309,#2310,#2311));
#569=EDGE_LOOP('',(#2312,#2313,#2314,#2315));
#570=EDGE_LOOP('',(#2316,#2317,#2318,#2319));
#571=EDGE_LOOP('',(#2320,#2321,#2322,#2323));
#572=EDGE_LOOP('',(#2324,#2325,#2326,#2327));
#573=EDGE_LOOP('',(#2328,#2329,#2330,#2331));
#574=EDGE_LOOP('',(#2332,#2333,#2334,#2335));
#575=EDGE_LOOP('',(#2336,#2337,#2338,#2339));
#576=EDGE_LOOP('',(#2340,#2341,#2342,#2343));
#577=EDGE_LOOP('',(#2344,#2345,#2346,#2347));
#578=EDGE_LOOP('',(#2348,#2349,#2350,#2351));
#579=EDGE_LOOP('',(#2352,#2353,#2354,#2355));
#580=EDGE_LOOP('',(#2356,#2357,#2358,#2359));
#581=EDGE_LOOP('',(#2360,#2361,#2362,#2363));
#582=EDGE_LOOP('',(#2364,#2365,#2366,#2367));
#583=EDGE_LOOP('',(#2368,#2369,#2370,#2371));
#584=EDGE_LOOP('',(#2372,#2373,#2374,#2375));
#585=EDGE_LOOP('',(#2376,#2377,#2378,#2379));
#586=EDGE_LOOP('',(#2380,#2381,#2382,#2383));
#587=EDGE_LOOP('',(#2384,#2385,#2386,#2387));
#588=EDGE_LOOP('',(#2388,#2389,#2390,#2391));
#589=EDGE_LOOP('',(#2392,#2393,#2394,#2395));
#590=EDGE_LOOP('',(#2396,#2397,#2398,#2399));
#591=EDGE_LOOP('',(#2400,#2401,#2402,#2403));
#592=EDGE_LOOP('',(#2404,#2405,#2406,#2407));
#593=EDGE_LOOP('',(#2408,#2409,#2410,#2411));
#594=EDGE_LOOP('',(#2412,#2413,#2414,#2415));
#595=EDGE_LOOP('',(#2416,#2417,#2418,#2419));
#596=EDGE_LOOP('',(#2420,#2421,#2422,#2423));
#597=EDGE_LOOP('',(#2424,#2425,#2426,#2427));
#598=EDGE_LOOP('',(#2428,#2429,#2430,#2431));
#599=EDGE_LOOP('',(#2432,#2433,#2434,#2435));
#600=EDGE_LOOP('',(#2436,#2437,#2438,#2439));
#601=EDGE_LOOP('',(#2440,#2441,#2442,#2443));
#602=EDGE_LOOP('',(#2444,#2445,#2446,#2447));
#603=EDGE_LOOP('',(#2448,#2449,#2450,#2451));
#604=EDGE_LOOP('',(#2452,#2453,#2454,#2455));
#605=EDGE_LOOP('',(#2456,#2457,#2458,#2459));
#606=EDGE_LOOP('',(#2460,#2461,#2462,#2463));
#607=EDGE_LOOP('',(#2464,#2465,#2466,#2467));
#608=EDGE_LOOP('',(#2468,#2469,#2470,#2471));
#609=EDGE_LOOP('',(#2472,#2473,#2474,#2475));
#610=EDGE_LOOP('',(#2476,#2477,#2478,#2479));
#611=EDGE_LOOP('',(#2480,#2481,#2482,#2483));
#612=EDGE_LOOP('',(#2484,#2485,#2486,#2487));
#613=EDGE_LOOP('',(#2488,#2489,#2490,#2491));
#614=EDGE_LOOP('',(#2492,#2493,#2494,#2495));
#615=EDGE_LOOP('',(#2496,#2497,#2498,#2499));
#616=EDGE_LOOP('',(#2500,#2501,#2502,#2503));
#617=EDGE_LOOP('',(#2504,#2505,#2506,#2507));
#618=EDGE_LOOP('',(#2508,#2509,#2510,#2511));
#619=EDGE_LOOP('',(#2512,#2513,#2514,#2515));
#620=EDGE_LOOP('',(#2516,#2517,#2518,#2519));
#621=EDGE_LOOP('',(#2520,#2521,#2522,#2523));
#622=EDGE_LOOP('',(#2524,#2525,#2526,#2527));
#623=EDGE_LOOP('',(#2528,#2529,#2530,#2531));
#624=EDGE_LOOP('',(#2532,#2533,#2534,#2535));
#625=EDGE_LOOP('',(#2536,#2537,#2538,#2539));
#626=EDGE_LOOP('',(#2540,#2541,#2542,#2543));
#627=EDGE_LOOP('',(#2544,#2545,#2546,#2547));
#628=EDGE_LOOP('',(#2548,#2549,#2550,#2551));
#629=EDGE_LOOP('',(#2552,#2553,#2554,#2555));
#630=EDGE_LOOP('',(#2556,#2557,#2558,#2559));
#631=EDGE_LOOP('',(#2560,#2561,#2562,#2563));
#632=EDGE_LOOP('',(#2564,#2565,#2566,#2567));
#633=EDGE_LOOP('',(#2568,#2569,#2570,#2571));
#634=EDGE_LOOP('',(#2572,#2573,#2574,#2575));
#635=EDGE_LOOP('',(#2576,#2577,#2578,#2579));
#636=EDGE_LOOP('',(#2580,#2581,#2582,#2583));
#637=EDGE_LOOP('',(#2584,#2585,#2586,#2587));
#638=EDGE_LOOP('',(#2588,#2589,#2590,#2591));
#639=EDGE_LOOP('',(#2592,#2593,#2594,#2595));
#640=EDGE_LOOP('',(#2596,#2597,#2598,#2599));
#641=EDGE_LOOP('',(#2600,#2601,#2602,#2603));
#642=EDGE_LOOP('',(#2604,#2605,#2606,#2607));
#643=EDGE_LOOP('',(#2608,#2609,#2610,#2611));
#644=EDGE_LOOP('',(#2612,#2613,#2614,#2615));
#645=EDGE_LOOP('',(#2616,#2617,#2618,#2619));
#646=EDGE_LOOP('',(#2620,#2621,#2622,#2623));
#647=EDGE_LOOP('',(#2624,#2625,#2626,#2627));
#648=EDGE_LOOP('',(#2628,#2629,#2630,#2631));
#649=EDGE_LOOP('',(#2632,#2633,#2634,#2635));
#650=EDGE_LOOP('',(#2636,#2637,#2638,#2639));
#651=EDGE_LOOP('',(#2640,#2641,#2642,#2643));
#652=EDGE_LOOP('',(#2644,#2645,#2646,#2647));
#653=EDGE_LOOP('',(#2648,#2649,#2650,#2651));
#654=EDGE_LOOP('',(#2652,#2653,#2654,#2655));
#655=EDGE_LOOP('',(#2656,#2657,#2658,#2659));
#656=EDGE_LOOP('',(#2660,#2661,#2662,#2663));
#657=EDGE_LOOP('',(#2664,#2665,#2666,#2667));
#658=EDGE_LOOP('',(#2668,#2669,#2670,#2671));
#659=EDGE_LOOP('',(#2672,#2673,#2674,#2675));
#660=LINE('',#4099,#898);
#661=LINE('',#4101,#899);
#662=LINE('',#4103,#900);
#663=LINE('',#4104,#901);
#664=LINE('',#4108,#902);
#665=LINE('',#4110,#903);
#666=LINE('',#4112,#904);
#667=LINE('',#4113,#905);
#668=LINE('',#4117,#906);
#669=LINE('',#4119,#907);
#670=LINE('',#4121,#908);
#671=LINE('',#4122,#909);
#672=LINE('',#4126,#910);
#673=LINE('',#4128,#911);
#674=LINE('',#4130,#912);
#675=LINE('',#4131,#913);
#676=LINE('',#4135,#914);
#677=LINE('',#4137,#915);
#678=LINE('',#4139,#916);
#679=LINE('',#4140,#917);
#680=LINE('',#4146,#918);
#681=LINE('',#4149,#919);
#682=LINE('',#4152,#920);
#683=LINE('',#4154,#921);
#684=LINE('',#4155,#922);
#685=LINE('',#4160,#923);
#686=LINE('',#4164,#924);
#687=LINE('',#4166,#925);
#688=LINE('',#4167,#926);
#689=LINE('',#4174,#927);
#690=LINE('',#4176,#928);
#691=LINE('',#4178,#929);
#692=LINE('',#4179,#930);
#693=LINE('',#4184,#931);
#694=LINE('',#4187,#932);
#695=LINE('',#4188,#933);
#696=LINE('',#4193,#934);
#697=LINE('',#4201,#935);
#698=LINE('',#4206,#936);
#699=LINE('',#4214,#937);
#700=LINE('',#4219,#938);
#701=LINE('',#4227,#939);
#702=LINE('',#4232,#940);
#703=LINE('',#4240,#941);
#704=LINE('',#4245,#942);
#705=LINE('',#4253,#943);
#706=LINE('',#4281,#944);
#707=LINE('',#4285,#945);
#708=LINE('',#4289,#946);
#709=LINE('',#4297,#947);
#710=LINE('',#4301,#948);
#711=LINE('',#4305,#949);
#712=LINE('',#4313,#950);
#713=LINE('',#4317,#951);
#714=LINE('',#4321,#952);
#715=LINE('',#4329,#953);
#716=LINE('',#4333,#954);
#717=LINE('',#4337,#955);
#718=LINE('',#4345,#956);
#719=LINE('',#4349,#957);
#720=LINE('',#4353,#958);
#721=LINE('',#4361,#959);
#722=LINE('',#4365,#960);
#723=LINE('',#4369,#961);
#724=LINE('',#4377,#962);
#725=LINE('',#4381,#963);
#726=LINE('',#4385,#964);
#727=LINE('',#4393,#965);
#728=LINE('',#4397,#966);
#729=LINE('',#4401,#967);
#730=LINE('',#4409,#968);
#731=LINE('',#4413,#969);
#732=LINE('',#4417,#970);
#733=LINE('',#4425,#971);
#734=LINE('',#4429,#972);
#735=LINE('',#4433,#973);
#736=LINE('',#4442,#974);
#737=LINE('',#4447,#975);
#738=LINE('',#4455,#976);
#739=LINE('',#4460,#977);
#740=LINE('',#4468,#978);
#741=LINE('',#4473,#979);
#742=LINE('',#4481,#980);
#743=LINE('',#4486,#981);
#744=LINE('',#4494,#982);
#745=LINE('',#4499,#983);
#746=LINE('',#4509,#984);
#747=LINE('',#4517,#985);
#748=LINE('',#4520,#986);
#749=LINE('',#4525,#987);
#750=LINE('',#4533,#988);
#751=LINE('',#4536,#989);
#752=LINE('',#4541,#990);
#753=LINE('',#4549,#991);
#754=LINE('',#4552,#992);
#755=LINE('',#4557,#993);
#756=LINE('',#4565,#994);
#757=LINE('',#4568,#995);
#758=LINE('',#4573,#996);
#759=LINE('',#4581,#997);
#760=LINE('',#4584,#998);
#761=LINE('',#4589,#999);
#762=LINE('',#4597,#1000);
#763=LINE('',#4600,#1001);
#764=LINE('',#4605,#1002);
#765=LINE('',#4613,#1003);
#766=LINE('',#4616,#1004);
#767=LINE('',#4621,#1005);
#768=LINE('',#4629,#1006);
#769=LINE('',#4632,#1007);
#770=LINE('',#4637,#1008);
#771=LINE('',#4645,#1009);
#772=LINE('',#4648,#1010);
#773=LINE('',#4653,#1011);
#774=LINE('',#4661,#1012);
#775=LINE('',#4664,#1013);
#776=LINE('',#4690,#1014);
#777=LINE('',#4691,#1015);
#778=LINE('',#4693,#1016);
#779=LINE('',#4694,#1017);
#780=LINE('',#4696,#1018);
#781=LINE('',#4698,#1019);
#782=LINE('',#4701,#1020);
#783=LINE('',#4702,#1021);
#784=LINE('',#4704,#1022);
#785=LINE('',#4706,#1023);
#786=LINE('',#4708,#1024);
#787=LINE('',#4710,#1025);
#788=LINE('',#4712,#1026);
#789=LINE('',#4714,#1027);
#790=LINE('',#4717,#1028);
#791=LINE('',#4718,#1029);
#792=LINE('',#4720,#1030);
#793=LINE('',#4722,#1031);
#794=LINE('',#4724,#1032);
#795=LINE('',#4726,#1033);
#796=LINE('',#4728,#1034);
#797=LINE('',#4730,#1035);
#798=LINE('',#4733,#1036);
#799=LINE('',#4734,#1037);
#800=LINE('',#4736,#1038);
#801=LINE('',#4738,#1039);
#802=LINE('',#4740,#1040);
#803=LINE('',#4742,#1041);
#804=LINE('',#4744,#1042);
#805=LINE('',#4746,#1043);
#806=LINE('',#4749,#1044);
#807=LINE('',#4750,#1045);
#808=LINE('',#4752,#1046);
#809=LINE('',#4754,#1047);
#810=LINE('',#4756,#1048);
#811=LINE('',#4758,#1049);
#812=LINE('',#4760,#1050);
#813=LINE('',#4762,#1051);
#814=LINE('',#4765,#1052);
#815=LINE('',#4766,#1053);
#816=LINE('',#4768,#1054);
#817=LINE('',#4770,#1055);
#818=LINE('',#4772,#1056);
#819=LINE('',#4774,#1057);
#820=LINE('',#4776,#1058);
#821=LINE('',#4778,#1059);
#822=LINE('',#4781,#1060);
#823=LINE('',#4782,#1061);
#824=LINE('',#4784,#1062);
#825=LINE('',#4786,#1063);
#826=LINE('',#4788,#1064);
#827=LINE('',#4790,#1065);
#828=LINE('',#4792,#1066);
#829=LINE('',#4794,#1067);
#830=LINE('',#4797,#1068);
#831=LINE('',#4798,#1069);
#832=LINE('',#4800,#1070);
#833=LINE('',#4802,#1071);
#834=LINE('',#4804,#1072);
#835=LINE('',#4806,#1073);
#836=LINE('',#4808,#1074);
#837=LINE('',#4810,#1075);
#838=LINE('',#4813,#1076);
#839=LINE('',#4814,#1077);
#840=LINE('',#4816,#1078);
#841=LINE('',#4818,#1079);
#842=LINE('',#4820,#1080);
#843=LINE('',#4822,#1081);
#844=LINE('',#4824,#1082);
#845=LINE('',#4826,#1083);
#846=LINE('',#4829,#1084);
#847=LINE('',#4830,#1085);
#848=LINE('',#4832,#1086);
#849=LINE('',#4834,#1087);
#850=LINE('',#4836,#1088);
#851=LINE('',#4838,#1089);
#852=LINE('',#4840,#1090);
#853=LINE('',#4842,#1091);
#854=LINE('',#4845,#1092);
#855=LINE('',#4846,#1093);
#856=LINE('',#4848,#1094);
#857=LINE('',#4850,#1095);
#858=LINE('',#4852,#1096);
#859=LINE('',#4854,#1097);
#860=LINE('',#4856,#1098);
#861=LINE('',#4858,#1099);
#862=LINE('',#4861,#1100);
#863=LINE('',#4862,#1101);
#864=LINE('',#4864,#1102);
#865=LINE('',#4865,#1103);
#866=LINE('',#4867,#1104);
#867=LINE('',#4869,#1105);
#868=LINE('',#4872,#1106);
#869=LINE('',#4873,#1107);
#870=LINE('',#4875,#1108);
#871=LINE('',#4876,#1109);
#872=LINE('',#4878,#1110);
#873=LINE('',#4880,#1111);
#874=LINE('',#4883,#1112);
#875=LINE('',#4884,#1113);
#876=LINE('',#4886,#1114);
#877=LINE('',#4887,#1115);
#878=LINE('',#4889,#1116);
#879=LINE('',#4891,#1117);
#880=LINE('',#4894,#1118);
#881=LINE('',#4895,#1119);
#882=LINE('',#4897,#1120);
#883=LINE('',#4898,#1121);
#884=LINE('',#4900,#1122);
#885=LINE('',#4902,#1123);
#886=LINE('',#4905,#1124);
#887=LINE('',#4907,#1125);
#888=LINE('',#4909,#1126);
#889=LINE('',#4911,#1127);
#890=LINE('',#4913,#1128);
#891=LINE('',#4915,#1129);
#892=LINE('',#4917,#1130);
#893=LINE('',#4919,#1131);
#894=LINE('',#4931,#1132);
#895=LINE('',#4933,#1133);
#896=LINE('',#4935,#1134);
#897=LINE('',#4937,#1135);
#898=VECTOR('',#3211,13.);
#899=VECTOR('',#3212,2.);
#900=VECTOR('',#3213,13.);
#901=VECTOR('',#3214,2.);
#902=VECTOR('',#3217,13.);
#903=VECTOR('',#3218,2.);
#904=VECTOR('',#3219,13.);
#905=VECTOR('',#3220,2.);
#906=VECTOR('',#3223,13.);
#907=VECTOR('',#3224,2.);
#908=VECTOR('',#3225,13.);
#909=VECTOR('',#3226,2.);
#910=VECTOR('',#3229,2.99999999999999);
#911=VECTOR('',#3230,2.);
#912=VECTOR('',#3231,2.99999999999999);
#913=VECTOR('',#3232,2.);
#914=VECTOR('',#3235,13.);
#915=VECTOR('',#3236,2.);
#916=VECTOR('',#3237,13.);
#917=VECTOR('',#3238,2.);
#918=VECTOR('',#3243,2.);
#919=VECTOR('',#3246,2.);
#920=VECTOR('',#3249,118.);
#921=VECTOR('',#3250,2.);
#922=VECTOR('',#3251,118.);
#923=VECTOR('',#3256,2.);
#924=VECTOR('',#3261,72.);
#925=VECTOR('',#3262,2.);
#926=VECTOR('',#3263,72.);
#927=VECTOR('',#3272,3.00000000000001);
#928=VECTOR('',#3273,2.);
#929=VECTOR('',#3274,3.00000000000001);
#930=VECTOR('',#3275,2.);
#931=VECTOR('',#3280,2.);
#932=VECTOR('',#3285,72.);
#933=VECTOR('',#3286,72.);
#934=VECTOR('',#3291,3.90098048640724);
#935=VECTOR('',#3298,3.90098048640724);
#936=VECTOR('',#3303,3.90098048640723);
#937=VECTOR('',#3310,3.90098048640723);
#938=VECTOR('',#3315,3.90098048640723);
#939=VECTOR('',#3322,3.90098048640724);
#940=VECTOR('',#3327,3.90098048640723);
#941=VECTOR('',#3334,3.90098048640723);
#942=VECTOR('',#3339,3.90098048640723);
#943=VECTOR('',#3346,3.90098048640723);
#944=VECTOR('',#3373,7.20098048640721);
#945=VECTOR('',#3376,9.);
#946=VECTOR('',#3379,7.20098048640722);
#947=VECTOR('',#3386,7.20098048640721);
#948=VECTOR('',#3389,9.);
#949=VECTOR('',#3392,7.20098048640722);
#950=VECTOR('',#3399,7.20098048640722);
#951=VECTOR('',#3402,9.);
#952=VECTOR('',#3405,7.20098048640722);
#953=VECTOR('',#3412,7.20098048640721);
#954=VECTOR('',#3415,9.);
#955=VECTOR('',#3418,7.20098048640722);
#956=VECTOR('',#3425,7.20098048640722);
#957=VECTOR('',#3428,9.);
#958=VECTOR('',#3431,7.20098048640722);
#959=VECTOR('',#3438,7.20098048640722);
#960=VECTOR('',#3441,9.);
#961=VECTOR('',#3444,7.20098048640722);
#962=VECTOR('',#3451,7.20098048640722);
#963=VECTOR('',#3454,9.);
#964=VECTOR('',#3457,7.20098048640722);
#965=VECTOR('',#3464,7.20098048640722);
#966=VECTOR('',#3467,9.);
#967=VECTOR('',#3470,7.20098048640722);
#968=VECTOR('',#3477,7.20098048640722);
#969=VECTOR('',#3480,9.);
#970=VECTOR('',#3483,7.20098048640722);
#971=VECTOR('',#3490,7.20098048640721);
#972=VECTOR('',#3493,9.);
#973=VECTOR('',#3496,7.20098048640721);
#974=VECTOR('',#3505,3.90098048640723);
#975=VECTOR('',#3510,3.90098048640724);
#976=VECTOR('',#3517,3.90098048640724);
#977=VECTOR('',#3522,3.90098048640724);
#978=VECTOR('',#3529,3.90098048640724);
#979=VECTOR('',#3534,3.90098048640724);
#980=VECTOR('',#3541,3.90098048640723);
#981=VECTOR('',#3546,3.90098048640723);
#982=VECTOR('',#3553,3.90098048640723);
#983=VECTOR('',#3558,3.90098048640723);
#984=VECTOR('',#3567,7.20098048640721);
#985=VECTOR('',#3574,7.20098048640722);
#986=VECTOR('',#3577,9.00000000000001);
#987=VECTOR('',#3580,7.20098048640721);
#988=VECTOR('',#3587,7.20098048640721);
#989=VECTOR('',#3590,9.);
#990=VECTOR('',#3593,7.20098048640722);
#991=VECTOR('',#3600,7.20098048640722);
#992=VECTOR('',#3603,9.00000000000001);
#993=VECTOR('',#3606,7.20098048640721);
#994=VECTOR('',#3613,7.20098048640721);
#995=VECTOR('',#3616,8.99999999999999);
#996=VECTOR('',#3619,7.20098048640722);
#997=VECTOR('',#3626,7.20098048640722);
#998=VECTOR('',#3629,9.);
#999=VECTOR('',#3632,7.20098048640722);
#1000=VECTOR('',#3639,7.20098048640722);
#1001=VECTOR('',#3642,9.);
#1002=VECTOR('',#3645,7.20098048640722);
#1003=VECTOR('',#3652,7.20098048640722);
#1004=VECTOR('',#3655,8.99999999999999);
#1005=VECTOR('',#3658,7.20098048640722);
#1006=VECTOR('',#3665,7.20098048640722);
#1007=VECTOR('',#3668,9.00000000000001);
#1008=VECTOR('',#3671,7.20098048640722);
#1009=VECTOR('',#3678,7.20098048640722);
#1010=VECTOR('',#3681,9.00000000000001);
#1011=VECTOR('',#3684,7.20098048640721);
#1012=VECTOR('',#3691,7.20098048640721);
#1013=VECTOR('',#3694,9.);
#1014=VECTOR('',#3721,2.);
#1015=VECTOR('',#3722,2.);
#1016=VECTOR('',#3725,2.);
#1017=VECTOR('',#3726,2.);
#1018=VECTOR('',#3729,2.);
#1019=VECTOR('',#3732,2.);
#1020=VECTOR('',#3737,2.);
#1021=VECTOR('',#3738,2.);
#1022=VECTOR('',#3741,2.);
#1023=VECTOR('',#3744,2.);
#1024=VECTOR('',#3747,2.);
#1025=VECTOR('',#3750,2.);
#1026=VECTOR('',#3753,2.);
#1027=VECTOR('',#3756,2.);
#1028=VECTOR('',#3761,2.);
#1029=VECTOR('',#3762,2.);
#1030=VECTOR('',#3765,2.);
#1031=VECTOR('',#3768,2.);
#1032=VECTOR('',#3771,2.);
#1033=VECTOR('',#3774,2.);
#1034=VECTOR('',#3777,2.);
#1035=VECTOR('',#3780,2.);
#1036=VECTOR('',#3785,2.);
#1037=VECTOR('',#3786,2.);
#1038=VECTOR('',#3789,2.);
#1039=VECTOR('',#3792,2.);
#1040=VECTOR('',#3795,2.);
#1041=VECTOR('',#3798,2.);
#1042=VECTOR('',#3801,2.);
#1043=VECTOR('',#3804,2.);
#1044=VECTOR('',#3809,2.);
#1045=VECTOR('',#3810,2.);
#1046=VECTOR('',#3813,2.);
#1047=VECTOR('',#3816,2.);
#1048=VECTOR('',#3819,2.);
#1049=VECTOR('',#3822,2.);
#1050=VECTOR('',#3825,2.);
#1051=VECTOR('',#3828,2.);
#1052=VECTOR('',#3833,2.);
#1053=VECTOR('',#3834,2.);
#1054=VECTOR('',#3837,2.);
#1055=VECTOR('',#3840,2.);
#1056=VECTOR('',#3843,2.);
#1057=VECTOR('',#3846,2.);
#1058=VECTOR('',#3849,2.);
#1059=VECTOR('',#3852,2.);
#1060=VECTOR('',#3857,2.);
#1061=VECTOR('',#3858,2.);
#1062=VECTOR('',#3861,2.);
#1063=VECTOR('',#3864,2.);
#1064=VECTOR('',#3867,2.);
#1065=VECTOR('',#3870,2.);
#1066=VECTOR('',#3873,2.);
#1067=VECTOR('',#3876,2.);
#1068=VECTOR('',#3881,2.);
#1069=VECTOR('',#3882,2.);
#1070=VECTOR('',#3885,2.);
#1071=VECTOR('',#3888,2.);
#1072=VECTOR('',#3891,2.);
#1073=VECTOR('',#3894,2.);
#1074=VECTOR('',#3897,2.);
#1075=VECTOR('',#3900,2.);
#1076=VECTOR('',#3905,2.);
#1077=VECTOR('',#3906,2.);
#1078=VECTOR('',#3909,2.);
#1079=VECTOR('',#3912,2.);
#1080=VECTOR('',#3915,2.);
#1081=VECTOR('',#3918,2.);
#1082=VECTOR('',#3921,2.);
#1083=VECTOR('',#3924,2.);
#1084=VECTOR('',#3929,2.);
#1085=VECTOR('',#3930,2.);
#1086=VECTOR('',#3933,2.);
#1087=VECTOR('',#3936,2.);
#1088=VECTOR('',#3939,2.);
#1089=VECTOR('',#3942,2.);
#1090=VECTOR('',#3945,2.);
#1091=VECTOR('',#3948,2.);
#1092=VECTOR('',#3953,2.);
#1093=VECTOR('',#3954,2.);
#1094=VECTOR('',#3957,2.);
#1095=VECTOR('',#3960,2.);
#1096=VECTOR('',#3963,2.);
#1097=VECTOR('',#3966,2.);
#1098=VECTOR('',#3969,2.);
#1099=VECTOR('',#3972,2.);
#1100=VECTOR('',#3977,2.);
#1101=VECTOR('',#3978,2.);
#1102=VECTOR('',#3981,2.);
#1103=VECTOR('',#3982,2.);
#1104=VECTOR('',#3985,2.);
#1105=VECTOR('',#3988,2.);
#1106=VECTOR('',#3993,2.);
#1107=VECTOR('',#3994,2.);
#1108=VECTOR('',#3997,2.);
#1109=VECTOR('',#3998,2.);
#1110=VECTOR('',#4001,2.);
#1111=VECTOR('',#4004,2.);
#1112=VECTOR('',#4009,2.);
#1113=VECTOR('',#4010,2.);
#1114=VECTOR('',#4013,2.);
#1115=VECTOR('',#4014,2.);
#1116=VECTOR('',#4017,2.);
#1117=VECTOR('',#4020,2.);
#1118=VECTOR('',#4025,2.);
#1119=VECTOR('',#4026,2.);
#1120=VECTOR('',#4029,2.);
#1121=VECTOR('',#4030,2.);
#1122=VECTOR('',#4033,2.);
#1123=VECTOR('',#4036,2.);
#1124=VECTOR('',#4041,2.05);
#1125=VECTOR('',#4044,2.05);
#1126=VECTOR('',#4047,2.05);
#1127=VECTOR('',#4050,2.05);
#1128=VECTOR('',#4053,2.05);
#1129=VECTOR('',#4056,2.05);
#1130=VECTOR('',#4059,2.05);
#1131=VECTOR('',#4062,2.05);
#1132=VECTOR('',#4085,3.);
#1133=VECTOR('',#4088,3.);
#1134=VECTOR('',#4091,3.);
#1135=VECTOR('',#4094,3.);
#1136=VERTEX_POINT('',#4097);
#1137=VERTEX_POINT('',#4098);
#1138=VERTEX_POINT('',#4100);
#1139=VERTEX_POINT('',#4102);
#1140=VERTEX_POINT('',#4106);
#1141=VERTEX_POINT('',#4107);
#1142=VERTEX_POINT('',#4109);
#1143=VERTEX_POINT('',#4111);
#1144=VERTEX_POINT('',#4115);
#1145=VERTEX_POINT('',#4116);
#1146=VERTEX_POINT('',#4118);
#1147=VERTEX_POINT('',#4120);
#1148=VERTEX_POINT('',#4124);
#1149=VERTEX_POINT('',#4125);
#1150=VERTEX_POINT('',#4127);
#1151=VERTEX_POINT('',#4129);
#1152=VERTEX_POINT('',#4133);
#1153=VERTEX_POINT('',#4134);
#1154=VERTEX_POINT('',#4136);
#1155=VERTEX_POINT('',#4138);
#1156=VERTEX_POINT('',#4142);
#1157=VERTEX_POINT('',#4143);
#1158=VERTEX_POINT('',#4145);
#1159=VERTEX_POINT('',#4147);
#1160=VERTEX_POINT('',#4151);
#1161=VERTEX_POINT('',#4153);
#1162=VERTEX_POINT('',#4157);
#1163=VERTEX_POINT('',#4159);
#1164=VERTEX_POINT('',#4163);
#1165=VERTEX_POINT('',#4165);
#1166=VERTEX_POINT('',#4172);
#1167=VERTEX_POINT('',#4173);
#1168=VERTEX_POINT('',#4175);
#1169=VERTEX_POINT('',#4177);
#1170=VERTEX_POINT('',#4181);
#1171=VERTEX_POINT('',#4183);
#1172=VERTEX_POINT('',#4190);
#1173=VERTEX_POINT('',#4192);
#1174=VERTEX_POINT('',#4194);
#1175=VERTEX_POINT('',#4196);
#1176=VERTEX_POINT('',#4198);
#1177=VERTEX_POINT('',#4200);
#1178=VERTEX_POINT('',#4203);
#1179=VERTEX_POINT('',#4205);
#1180=VERTEX_POINT('',#4207);
#1181=VERTEX_POINT('',#4209);
#1182=VERTEX_POINT('',#4211);
#1183=VERTEX_POINT('',#4213);
#1184=VERTEX_POINT('',#4216);
#1185=VERTEX_POINT('',#4218);
#1186=VERTEX_POINT('',#4220);
#1187=VERTEX_POINT('',#4222);
#1188=VERTEX_POINT('',#4224);
#1189=VERTEX_POINT('',#4226);
#1190=VERTEX_POINT('',#4229);
#1191=VERTEX_POINT('',#4231);
#1192=VERTEX_POINT('',#4233);
#1193=VERTEX_POINT('',#4235);
#1194=VERTEX_POINT('',#4237);
#1195=VERTEX_POINT('',#4239);
#1196=VERTEX_POINT('',#4242);
#1197=VERTEX_POINT('',#4244);
#1198=VERTEX_POINT('',#4246);
#1199=VERTEX_POINT('',#4248);
#1200=VERTEX_POINT('',#4250);
#1201=VERTEX_POINT('',#4252);
#1202=VERTEX_POINT('',#4255);
#1203=VERTEX_POINT('',#4257);
#1204=VERTEX_POINT('',#4259);
#1205=VERTEX_POINT('',#4261);
#1206=VERTEX_POINT('',#4263);
#1207=VERTEX_POINT('',#4265);
#1208=VERTEX_POINT('',#4267);
#1209=VERTEX_POINT('',#4269);
#1210=VERTEX_POINT('',#4271);
#1211=VERTEX_POINT('',#4273);
#1212=VERTEX_POINT('',#4275);
#1213=VERTEX_POINT('',#4277);
#1214=VERTEX_POINT('',#4279);
#1215=VERTEX_POINT('',#4280);
#1216=VERTEX_POINT('',#4282);
#1217=VERTEX_POINT('',#4284);
#1218=VERTEX_POINT('',#4286);
#1219=VERTEX_POINT('',#4288);
#1220=VERTEX_POINT('',#4290);
#1221=VERTEX_POINT('',#4292);
#1222=VERTEX_POINT('',#4295);
#1223=VERTEX_POINT('',#4296);
#1224=VERTEX_POINT('',#4298);
#1225=VERTEX_POINT('',#4300);
#1226=VERTEX_POINT('',#4302);
#1227=VERTEX_POINT('',#4304);
#1228=VERTEX_POINT('',#4306);
#1229=VERTEX_POINT('',#4308);
#1230=VERTEX_POINT('',#4311);
#1231=VERTEX_POINT('',#4312);
#1232=VERTEX_POINT('',#4314);
#1233=VERTEX_POINT('',#4316);
#1234=VERTEX_POINT('',#4318);
#1235=VERTEX_POINT('',#4320);
#1236=VERTEX_POINT('',#4322);
#1237=VERTEX_POINT('',#4324);
#1238=VERTEX_POINT('',#4327);
#1239=VERTEX_POINT('',#4328);
#1240=VERTEX_POINT('',#4330);
#1241=VERTEX_POINT('',#4332);
#1242=VERTEX_POINT('',#4334);
#1243=VERTEX_POINT('',#4336);
#1244=VERTEX_POINT('',#4338);
#1245=VERTEX_POINT('',#4340);
#1246=VERTEX_POINT('',#4343);
#1247=VERTEX_POINT('',#4344);
#1248=VERTEX_POINT('',#4346);
#1249=VERTEX_POINT('',#4348);
#1250=VERTEX_POINT('',#4350);
#1251=VERTEX_POINT('',#4352);
#1252=VERTEX_POINT('',#4354);
#1253=VERTEX_POINT('',#4356);
#1254=VERTEX_POINT('',#4359);
#1255=VERTEX_POINT('',#4360);
#1256=VERTEX_POINT('',#4362);
#1257=VERTEX_POINT('',#4364);
#1258=VERTEX_POINT('',#4366);
#1259=VERTEX_POINT('',#4368);
#1260=VERTEX_POINT('',#4370);
#1261=VERTEX_POINT('',#4372);
#1262=VERTEX_POINT('',#4375);
#1263=VERTEX_POINT('',#4376);
#1264=VERTEX_POINT('',#4378);
#1265=VERTEX_POINT('',#4380);
#1266=VERTEX_POINT('',#4382);
#1267=VERTEX_POINT('',#4384);
#1268=VERTEX_POINT('',#4386);
#1269=VERTEX_POINT('',#4388);
#1270=VERTEX_POINT('',#4391);
#1271=VERTEX_POINT('',#4392);
#1272=VERTEX_POINT('',#4394);
#1273=VERTEX_POINT('',#4396);
#1274=VERTEX_POINT('',#4398);
#1275=VERTEX_POINT('',#4400);
#1276=VERTEX_POINT('',#4402);
#1277=VERTEX_POINT('',#4404);
#1278=VERTEX_POINT('',#4407);
#1279=VERTEX_POINT('',#4408);
#1280=VERTEX_POINT('',#4410);
#1281=VERTEX_POINT('',#4412);
#1282=VERTEX_POINT('',#4414);
#1283=VERTEX_POINT('',#4416);
#1284=VERTEX_POINT('',#4418);
#1285=VERTEX_POINT('',#4420);
#1286=VERTEX_POINT('',#4423);
#1287=VERTEX_POINT('',#4424);
#1288=VERTEX_POINT('',#4426);
#1289=VERTEX_POINT('',#4428);
#1290=VERTEX_POINT('',#4430);
#1291=VERTEX_POINT('',#4432);
#1292=VERTEX_POINT('',#4434);
#1293=VERTEX_POINT('',#4436);
#1294=VERTEX_POINT('',#4440);
#1295=VERTEX_POINT('',#4441);
#1296=VERTEX_POINT('',#4444);
#1297=VERTEX_POINT('',#4446);
#1298=VERTEX_POINT('',#4448);
#1299=VERTEX_POINT('',#4450);
#1300=VERTEX_POINT('',#4452);
#1301=VERTEX_POINT('',#4454);
#1302=VERTEX_POINT('',#4457);
#1303=VERTEX_POINT('',#4459);
#1304=VERTEX_POINT('',#4461);
#1305=VERTEX_POINT('',#4463);
#1306=VERTEX_POINT('',#4465);
#1307=VERTEX_POINT('',#4467);
#1308=VERTEX_POINT('',#4470);
#1309=VERTEX_POINT('',#4472);
#1310=VERTEX_POINT('',#4474);
#1311=VERTEX_POINT('',#4476);
#1312=VERTEX_POINT('',#4478);
#1313=VERTEX_POINT('',#4480);
#1314=VERTEX_POINT('',#4483);
#1315=VERTEX_POINT('',#4485);
#1316=VERTEX_POINT('',#4487);
#1317=VERTEX_POINT('',#4489);
#1318=VERTEX_POINT('',#4491);
#1319=VERTEX_POINT('',#4493);
#1320=VERTEX_POINT('',#4496);
#1321=VERTEX_POINT('',#4498);
#1322=VERTEX_POINT('',#4500);
#1323=VERTEX_POINT('',#4502);
#1324=VERTEX_POINT('',#4505);
#1325=VERTEX_POINT('',#4506);
#1326=VERTEX_POINT('',#4508);
#1327=VERTEX_POINT('',#4510);
#1328=VERTEX_POINT('',#4512);
#1329=VERTEX_POINT('',#4514);
#1330=VERTEX_POINT('',#4516);
#1331=VERTEX_POINT('',#4518);
#1332=VERTEX_POINT('',#4521);
#1333=VERTEX_POINT('',#4522);
#1334=VERTEX_POINT('',#4524);
#1335=VERTEX_POINT('',#4526);
#1336=VERTEX_POINT('',#4528);
#1337=VERTEX_POINT('',#4530);
#1338=VERTEX_POINT('',#4532);
#1339=VERTEX_POINT('',#4534);
#1340=VERTEX_POINT('',#4537);
#1341=VERTEX_POINT('',#4538);
#1342=VERTEX_POINT('',#4540);
#1343=VERTEX_POINT('',#4542);
#1344=VERTEX_POINT('',#4544);
#1345=VERTEX_POINT('',#4546);
#1346=VERTEX_POINT('',#4548);
#1347=VERTEX_POINT('',#4550);
#1348=VERTEX_POINT('',#4553);
#1349=VERTEX_POINT('',#4554);
#1350=VERTEX_POINT('',#4556);
#1351=VERTEX_POINT('',#4558);
#1352=VERTEX_POINT('',#4560);
#1353=VERTEX_POINT('',#4562);
#1354=VERTEX_POINT('',#4564);
#1355=VERTEX_POINT('',#4566);
#1356=VERTEX_POINT('',#4569);
#1357=VERTEX_POINT('',#4570);
#1358=VERTEX_POINT('',#4572);
#1359=VERTEX_POINT('',#4574);
#1360=VERTEX_POINT('',#4576);
#1361=VERTEX_POINT('',#4578);
#1362=VERTEX_POINT('',#4580);
#1363=VERTEX_POINT('',#4582);
#1364=VERTEX_POINT('',#4585);
#1365=VERTEX_POINT('',#4586);
#1366=VERTEX_POINT('',#4588);
#1367=VERTEX_POINT('',#4590);
#1368=VERTEX_POINT('',#4592);
#1369=VERTEX_POINT('',#4594);
#1370=VERTEX_POINT('',#4596);
#1371=VERTEX_POINT('',#4598);
#1372=VERTEX_POINT('',#4601);
#1373=VERTEX_POINT('',#4602);
#1374=VERTEX_POINT('',#4604);
#1375=VERTEX_POINT('',#4606);
#1376=VERTEX_POINT('',#4608);
#1377=VERTEX_POINT('',#4610);
#1378=VERTEX_POINT('',#4612);
#1379=VERTEX_POINT('',#4614);
#1380=VERTEX_POINT('',#4617);
#1381=VERTEX_POINT('',#4618);
#1382=VERTEX_POINT('',#4620);
#1383=VERTEX_POINT('',#4622);
#1384=VERTEX_POINT('',#4624);
#1385=VERTEX_POINT('',#4626);
#1386=VERTEX_POINT('',#4628);
#1387=VERTEX_POINT('',#4630);
#1388=VERTEX_POINT('',#4633);
#1389=VERTEX_POINT('',#4634);
#1390=VERTEX_POINT('',#4636);
#1391=VERTEX_POINT('',#4638);
#1392=VERTEX_POINT('',#4640);
#1393=VERTEX_POINT('',#4642);
#1394=VERTEX_POINT('',#4644);
#1395=VERTEX_POINT('',#4646);
#1396=VERTEX_POINT('',#4649);
#1397=VERTEX_POINT('',#4650);
#1398=VERTEX_POINT('',#4652);
#1399=VERTEX_POINT('',#4654);
#1400=VERTEX_POINT('',#4656);
#1401=VERTEX_POINT('',#4658);
#1402=VERTEX_POINT('',#4660);
#1403=VERTEX_POINT('',#4662);
#1404=VERTEX_POINT('',#4665);
#1405=VERTEX_POINT('',#4667);
#1406=VERTEX_POINT('',#4669);
#1407=VERTEX_POINT('',#4671);
#1408=VERTEX_POINT('',#4673);
#1409=VERTEX_POINT('',#4675);
#1410=VERTEX_POINT('',#4677);
#1411=VERTEX_POINT('',#4679);
#1412=VERTEX_POINT('',#4681);
#1413=VERTEX_POINT('',#4683);
#1414=VERTEX_POINT('',#4685);
#1415=VERTEX_POINT('',#4687);
#1416=EDGE_CURVE('',#1136,#1137,#660,.T.);
#1417=EDGE_CURVE('',#1136,#1138,#661,.T.);
#1418=EDGE_CURVE('',#1138,#1139,#662,.T.);
#1419=EDGE_CURVE('',#1139,#1137,#663,.T.);
#1420=EDGE_CURVE('',#1140,#1141,#664,.T.);
#1421=EDGE_CURVE('',#1140,#1142,#665,.T.);
#1422=EDGE_CURVE('',#1142,#1143,#666,.T.);
#1423=EDGE_CURVE('',#1143,#1141,#667,.T.);
#1424=EDGE_CURVE('',#1144,#1145,#668,.T.);
#1425=EDGE_CURVE('',#1144,#1146,#669,.T.);
#1426=EDGE_CURVE('',#1146,#1147,#670,.T.);
#1427=EDGE_CURVE('',#1147,#1145,#671,.T.);
#1428=EDGE_CURVE('',#1148,#1149,#672,.T.);
#1429=EDGE_CURVE('',#1149,#1150,#673,.T.);
#1430=EDGE_CURVE('',#1151,#1150,#674,.T.);
#1431=EDGE_CURVE('',#1151,#1148,#675,.T.);
#1432=EDGE_CURVE('',#1152,#1153,#676,.T.);
#1433=EDGE_CURVE('',#1152,#1154,#677,.T.);
#1434=EDGE_CURVE('',#1154,#1155,#678,.T.);
#1435=EDGE_CURVE('',#1155,#1153,#679,.T.);
#1436=EDGE_CURVE('',#1156,#1157,#59,.T.);
#1437=EDGE_CURVE('',#1158,#1157,#680,.T.);
#1438=EDGE_CURVE('',#1159,#1158,#60,.T.);
#1439=EDGE_CURVE('',#1159,#1156,#681,.T.);
#1440=EDGE_CURVE('',#1157,#1160,#682,.T.);
#1441=EDGE_CURVE('',#1161,#1160,#683,.T.);
#1442=EDGE_CURVE('',#1158,#1161,#684,.T.);
#1443=EDGE_CURVE('',#1160,#1162,#61,.T.);
#1444=EDGE_CURVE('',#1163,#1162,#685,.T.);
#1445=EDGE_CURVE('',#1161,#1163,#62,.T.);
#1446=EDGE_CURVE('',#1162,#1164,#686,.T.);
#1447=EDGE_CURVE('',#1165,#1164,#687,.T.);
#1448=EDGE_CURVE('',#1163,#1165,#688,.T.);
#1449=EDGE_CURVE('',#1164,#1148,#63,.T.);
#1450=EDGE_CURVE('',#1165,#1151,#64,.T.);
#1451=EDGE_CURVE('',#1166,#1167,#689,.T.);
#1452=EDGE_CURVE('',#1166,#1168,#690,.T.);
#1453=EDGE_CURVE('',#1168,#1169,#691,.T.);
#1454=EDGE_CURVE('',#1167,#1169,#692,.T.);
#1455=EDGE_CURVE('',#1169,#1170,#65,.T.);
#1456=EDGE_CURVE('',#1171,#1170,#693,.T.);
#1457=EDGE_CURVE('',#1167,#1171,#66,.T.);
#1458=EDGE_CURVE('',#1170,#1156,#694,.T.);
#1459=EDGE_CURVE('',#1171,#1159,#695,.T.);
#1460=EDGE_CURVE('',#1150,#1172,#67,.F.);
#1461=EDGE_CURVE('',#1173,#1172,#696,.T.);
#1462=EDGE_CURVE('',#1174,#1173,#68,.T.);
#1463=EDGE_CURVE('',#1175,#1174,#69,.T.);
#1464=EDGE_CURVE('',#1176,#1175,#70,.T.);
#1465=EDGE_CURVE('',#1177,#1176,#697,.T.);
#1466=EDGE_CURVE('',#1177,#1144,#71,.F.);
#1467=EDGE_CURVE('',#1145,#1178,#72,.F.);
#1468=EDGE_CURVE('',#1179,#1178,#698,.T.);
#1469=EDGE_CURVE('',#1180,#1179,#73,.T.);
#1470=EDGE_CURVE('',#1181,#1180,#74,.T.);
#1471=EDGE_CURVE('',#1182,#1181,#75,.T.);
#1472=EDGE_CURVE('',#1183,#1182,#699,.T.);
#1473=EDGE_CURVE('',#1183,#1140,#76,.F.);
#1474=EDGE_CURVE('',#1141,#1184,#77,.F.);
#1475=EDGE_CURVE('',#1185,#1184,#700,.T.);
#1476=EDGE_CURVE('',#1186,#1185,#78,.T.);
#1477=EDGE_CURVE('',#1187,#1186,#79,.T.);
#1478=EDGE_CURVE('',#1188,#1187,#80,.T.);
#1479=EDGE_CURVE('',#1189,#1188,#701,.T.);
#1480=EDGE_CURVE('',#1189,#1136,#81,.F.);
#1481=EDGE_CURVE('',#1137,#1190,#82,.F.);
#1482=EDGE_CURVE('',#1191,#1190,#702,.T.);
#1483=EDGE_CURVE('',#1192,#1191,#83,.T.);
#1484=EDGE_CURVE('',#1193,#1192,#84,.T.);
#1485=EDGE_CURVE('',#1194,#1193,#85,.T.);
#1486=EDGE_CURVE('',#1195,#1194,#703,.T.);
#1487=EDGE_CURVE('',#1195,#1152,#86,.F.);
#1488=EDGE_CURVE('',#1153,#1196,#87,.F.);
#1489=EDGE_CURVE('',#1197,#1196,#704,.T.);
#1490=EDGE_CURVE('',#1198,#1197,#88,.T.);
#1491=EDGE_CURVE('',#1199,#1198,#89,.T.);
#1492=EDGE_CURVE('',#1200,#1199,#90,.T.);
#1493=EDGE_CURVE('',#1201,#1200,#705,.T.);
#1494=EDGE_CURVE('',#1201,#1166,#91,.F.);
#1495=EDGE_CURVE('',#1202,#1202,#92,.T.);
#1496=EDGE_CURVE('',#1203,#1203,#93,.T.);
#1497=EDGE_CURVE('',#1204,#1204,#94,.T.);
#1498=EDGE_CURVE('',#1205,#1205,#95,.T.);
#1499=EDGE_CURVE('',#1206,#1206,#96,.T.);
#1500=EDGE_CURVE('',#1207,#1207,#97,.T.);
#1501=EDGE_CURVE('',#1208,#1208,#98,.T.);
#1502=EDGE_CURVE('',#1209,#1209,#99,.T.);
#1503=EDGE_CURVE('',#1210,#1210,#100,.T.);
#1504=EDGE_CURVE('',#1211,#1211,#101,.T.);
#1505=EDGE_CURVE('',#1212,#1212,#102,.T.);
#1506=EDGE_CURVE('',#1213,#1213,#103,.T.);
#1507=EDGE_CURVE('',#1214,#1215,#706,.T.);
#1508=EDGE_CURVE('',#1216,#1214,#104,.T.);
#1509=EDGE_CURVE('',#1217,#1216,#707,.T.);
#1510=EDGE_CURVE('',#1218,#1217,#105,.T.);
#1511=EDGE_CURVE('',#1219,#1218,#708,.T.);
#1512=EDGE_CURVE('',#1220,#1219,#106,.T.);
#1513=EDGE_CURVE('',#1221,#1220,#107,.T.);
#1514=EDGE_CURVE('',#1215,#1221,#108,.T.);
#1515=EDGE_CURVE('',#1222,#1223,#709,.T.);
#1516=EDGE_CURVE('',#1224,#1222,#109,.T.);
#1517=EDGE_CURVE('',#1225,#1224,#710,.T.);
#1518=EDGE_CURVE('',#1226,#1225,#110,.T.);
#1519=EDGE_CURVE('',#1227,#1226,#711,.T.);
#1520=EDGE_CURVE('',#1228,#1227,#111,.T.);
#1521=EDGE_CURVE('',#1229,#1228,#112,.T.);
#1522=EDGE_CURVE('',#1223,#1229,#113,.T.);
#1523=EDGE_CURVE('',#1230,#1231,#712,.T.);
#1524=EDGE_CURVE('',#1232,#1230,#114,.T.);
#1525=EDGE_CURVE('',#1233,#1232,#713,.T.);
#1526=EDGE_CURVE('',#1234,#1233,#115,.T.);
#1527=EDGE_CURVE('',#1235,#1234,#714,.T.);
#1528=EDGE_CURVE('',#1236,#1235,#116,.T.);
#1529=EDGE_CURVE('',#1237,#1236,#117,.T.);
#1530=EDGE_CURVE('',#1231,#1237,#118,.T.);
#1531=EDGE_CURVE('',#1238,#1239,#715,.T.);
#1532=EDGE_CURVE('',#1240,#1238,#119,.T.);
#1533=EDGE_CURVE('',#1241,#1240,#716,.T.);
#1534=EDGE_CURVE('',#1242,#1241,#120,.T.);
#1535=EDGE_CURVE('',#1243,#1242,#717,.T.);
#1536=EDGE_CURVE('',#1244,#1243,#121,.T.);
#1537=EDGE_CURVE('',#1245,#1244,#122,.T.);
#1538=EDGE_CURVE('',#1239,#1245,#123,.T.);
#1539=EDGE_CURVE('',#1246,#1247,#718,.T.);
#1540=EDGE_CURVE('',#1248,#1246,#124,.T.);
#1541=EDGE_CURVE('',#1249,#1248,#719,.T.);
#1542=EDGE_CURVE('',#1250,#1249,#125,.T.);
#1543=EDGE_CURVE('',#1251,#1250,#720,.T.);
#1544=EDGE_CURVE('',#1252,#1251,#126,.T.);
#1545=EDGE_CURVE('',#1253,#1252,#127,.T.);
#1546=EDGE_CURVE('',#1247,#1253,#128,.T.);
#1547=EDGE_CURVE('',#1254,#1255,#721,.T.);
#1548=EDGE_CURVE('',#1256,#1254,#129,.T.);
#1549=EDGE_CURVE('',#1257,#1256,#722,.T.);
#1550=EDGE_CURVE('',#1258,#1257,#130,.T.);
#1551=EDGE_CURVE('',#1259,#1258,#723,.T.);
#1552=EDGE_CURVE('',#1260,#1259,#131,.T.);
#1553=EDGE_CURVE('',#1261,#1260,#132,.T.);
#1554=EDGE_CURVE('',#1255,#1261,#133,.T.);
#1555=EDGE_CURVE('',#1262,#1263,#724,.T.);
#1556=EDGE_CURVE('',#1264,#1262,#134,.T.);
#1557=EDGE_CURVE('',#1265,#1264,#725,.T.);
#1558=EDGE_CURVE('',#1266,#1265,#135,.T.);
#1559=EDGE_CURVE('',#1267,#1266,#726,.T.);
#1560=EDGE_CURVE('',#1268,#1267,#136,.T.);
#1561=EDGE_CURVE('',#1269,#1268,#137,.T.);
#1562=EDGE_CURVE('',#1263,#1269,#138,.T.);
#1563=EDGE_CURVE('',#1270,#1271,#727,.T.);
#1564=EDGE_CURVE('',#1272,#1270,#139,.T.);
#1565=EDGE_CURVE('',#1273,#1272,#728,.T.);
#1566=EDGE_CURVE('',#1274,#1273,#140,.T.);
#1567=EDGE_CURVE('',#1275,#1274,#729,.T.);
#1568=EDGE_CURVE('',#1276,#1275,#141,.T.);
#1569=EDGE_CURVE('',#1277,#1276,#142,.T.);
#1570=EDGE_CURVE('',#1271,#1277,#143,.T.);
#1571=EDGE_CURVE('',#1278,#1279,#730,.T.);
#1572=EDGE_CURVE('',#1280,#1278,#144,.T.);
#1573=EDGE_CURVE('',#1281,#1280,#731,.T.);
#1574=EDGE_CURVE('',#1282,#1281,#145,.T.);
#1575=EDGE_CURVE('',#1283,#1282,#732,.T.);
#1576=EDGE_CURVE('',#1284,#1283,#146,.T.);
#1577=EDGE_CURVE('',#1285,#1284,#147,.T.);
#1578=EDGE_CURVE('',#1279,#1285,#148,.T.);
#1579=EDGE_CURVE('',#1286,#1287,#733,.T.);
#1580=EDGE_CURVE('',#1288,#1286,#149,.T.);
#1581=EDGE_CURVE('',#1289,#1288,#734,.T.);
#1582=EDGE_CURVE('',#1290,#1289,#150,.T.);
#1583=EDGE_CURVE('',#1291,#1290,#735,.T.);
#1584=EDGE_CURVE('',#1292,#1291,#151,.T.);
#1585=EDGE_CURVE('',#1293,#1292,#152,.T.);
#1586=EDGE_CURVE('',#1287,#1293,#153,.T.);
#1587=EDGE_CURVE('',#1294,#1295,#736,.T.);
#1588=EDGE_CURVE('',#1294,#1149,#154,.T.);
#1589=EDGE_CURVE('',#1168,#1296,#155,.T.);
#1590=EDGE_CURVE('',#1297,#1296,#737,.T.);
#1591=EDGE_CURVE('',#1298,#1297,#156,.F.);
#1592=EDGE_CURVE('',#1299,#1298,#157,.T.);
#1593=EDGE_CURVE('',#1300,#1299,#158,.F.);
#1594=EDGE_CURVE('',#1301,#1300,#738,.T.);
#1595=EDGE_CURVE('',#1301,#1155,#159,.T.);
#1596=EDGE_CURVE('',#1154,#1302,#160,.T.);
#1597=EDGE_CURVE('',#1303,#1302,#739,.T.);
#1598=EDGE_CURVE('',#1304,#1303,#161,.F.);
#1599=EDGE_CURVE('',#1305,#1304,#162,.T.);
#1600=EDGE_CURVE('',#1306,#1305,#163,.F.);
#1601=EDGE_CURVE('',#1307,#1306,#740,.T.);
#1602=EDGE_CURVE('',#1307,#1139,#164,.T.);
#1603=EDGE_CURVE('',#1138,#1308,#165,.T.);
#1604=EDGE_CURVE('',#1309,#1308,#741,.T.);
#1605=EDGE_CURVE('',#1310,#1309,#166,.F.);
#1606=EDGE_CURVE('',#1311,#1310,#167,.T.);
#1607=EDGE_CURVE('',#1312,#1311,#168,.F.);
#1608=EDGE_CURVE('',#1313,#1312,#742,.T.);
#1609=EDGE_CURVE('',#1313,#1143,#169,.T.);
#1610=EDGE_CURVE('',#1142,#1314,#170,.T.);
#1611=EDGE_CURVE('',#1315,#1314,#743,.T.);
#1612=EDGE_CURVE('',#1316,#1315,#171,.F.);
#1613=EDGE_CURVE('',#1317,#1316,#172,.T.);
#1614=EDGE_CURVE('',#1318,#1317,#173,.F.);
#1615=EDGE_CURVE('',#1319,#1318,#744,.T.);
#1616=EDGE_CURVE('',#1319,#1147,#174,.T.);
#1617=EDGE_CURVE('',#1146,#1320,#175,.T.);
#1618=EDGE_CURVE('',#1321,#1320,#745,.T.);
#1619=EDGE_CURVE('',#1322,#1321,#176,.F.);
#1620=EDGE_CURVE('',#1323,#1322,#177,.T.);
#1621=EDGE_CURVE('',#1295,#1323,#178,.F.);
#1622=EDGE_CURVE('',#1324,#1325,#179,.T.);
#1623=EDGE_CURVE('',#1326,#1324,#746,.T.);
#1624=EDGE_CURVE('',#1327,#1326,#180,.F.);
#1625=EDGE_CURVE('',#1328,#1327,#181,.T.);
#1626=EDGE_CURVE('',#1329,#1328,#182,.F.);
#1627=EDGE_CURVE('',#1330,#1329,#747,.T.);
#1628=EDGE_CURVE('',#1331,#1330,#183,.T.);
#1629=EDGE_CURVE('',#1325,#1331,#748,.T.);
#1630=EDGE_CURVE('',#1332,#1333,#184,.T.);
#1631=EDGE_CURVE('',#1334,#1332,#749,.T.);
#1632=EDGE_CURVE('',#1335,#1334,#185,.F.);
#1633=EDGE_CURVE('',#1336,#1335,#186,.T.);
#1634=EDGE_CURVE('',#1337,#1336,#187,.F.);
#1635=EDGE_CURVE('',#1338,#1337,#750,.T.);
#1636=EDGE_CURVE('',#1339,#1338,#188,.T.);
#1637=EDGE_CURVE('',#1333,#1339,#751,.T.);
#1638=EDGE_CURVE('',#1340,#1341,#189,.T.);
#1639=EDGE_CURVE('',#1342,#1340,#752,.T.);
#1640=EDGE_CURVE('',#1343,#1342,#190,.F.);
#1641=EDGE_CURVE('',#1344,#1343,#191,.T.);
#1642=EDGE_CURVE('',#1345,#1344,#192,.F.);
#1643=EDGE_CURVE('',#1346,#1345,#753,.T.);
#1644=EDGE_CURVE('',#1347,#1346,#193,.T.);
#1645=EDGE_CURVE('',#1341,#1347,#754,.T.);
#1646=EDGE_CURVE('',#1348,#1349,#194,.T.);
#1647=EDGE_CURVE('',#1350,#1348,#755,.T.);
#1648=EDGE_CURVE('',#1351,#1350,#195,.F.);
#1649=EDGE_CURVE('',#1352,#1351,#196,.T.);
#1650=EDGE_CURVE('',#1353,#1352,#197,.F.);
#1651=EDGE_CURVE('',#1354,#1353,#756,.T.);
#1652=EDGE_CURVE('',#1355,#1354,#198,.T.);
#1653=EDGE_CURVE('',#1349,#1355,#757,.T.);
#1654=EDGE_CURVE('',#1356,#1357,#199,.T.);
#1655=EDGE_CURVE('',#1358,#1356,#758,.T.);
#1656=EDGE_CURVE('',#1359,#1358,#200,.F.);
#1657=EDGE_CURVE('',#1360,#1359,#201,.T.);
#1658=EDGE_CURVE('',#1361,#1360,#202,.F.);
#1659=EDGE_CURVE('',#1362,#1361,#759,.T.);
#1660=EDGE_CURVE('',#1363,#1362,#203,.T.);
#1661=EDGE_CURVE('',#1357,#1363,#760,.T.);
#1662=EDGE_CURVE('',#1364,#1365,#204,.T.);
#1663=EDGE_CURVE('',#1366,#1364,#761,.T.);
#1664=EDGE_CURVE('',#1367,#1366,#205,.F.);
#1665=EDGE_CURVE('',#1368,#1367,#206,.T.);
#1666=EDGE_CURVE('',#1369,#1368,#207,.F.);
#1667=EDGE_CURVE('',#1370,#1369,#762,.T.);
#1668=EDGE_CURVE('',#1371,#1370,#208,.T.);
#1669=EDGE_CURVE('',#1365,#1371,#763,.T.);
#1670=EDGE_CURVE('',#1372,#1373,#209,.T.);
#1671=EDGE_CURVE('',#1374,#1372,#764,.T.);
#1672=EDGE_CURVE('',#1375,#1374,#210,.F.);
#1673=EDGE_CURVE('',#1376,#1375,#211,.T.);
#1674=EDGE_CURVE('',#1377,#1376,#212,.F.);
#1675=EDGE_CURVE('',#1378,#1377,#765,.T.);
#1676=EDGE_CURVE('',#1379,#1378,#213,.T.);
#1677=EDGE_CURVE('',#1373,#1379,#766,.T.);
#1678=EDGE_CURVE('',#1380,#1381,#214,.T.);
#1679=EDGE_CURVE('',#1382,#1380,#767,.T.);
#1680=EDGE_CURVE('',#1383,#1382,#215,.F.);
#1681=EDGE_CURVE('',#1384,#1383,#216,.T.);
#1682=EDGE_CURVE('',#1385,#1384,#217,.F.);
#1683=EDGE_CURVE('',#1386,#1385,#768,.T.);
#1684=EDGE_CURVE('',#1387,#1386,#218,.T.);
#1685=EDGE_CURVE('',#1381,#1387,#769,.T.);
#1686=EDGE_CURVE('',#1388,#1389,#219,.T.);
#1687=EDGE_CURVE('',#1390,#1388,#770,.T.);
#1688=EDGE_CURVE('',#1391,#1390,#220,.F.);
#1689=EDGE_CURVE('',#1392,#1391,#221,.T.);
#1690=EDGE_CURVE('',#1393,#1392,#222,.F.);
#1691=EDGE_CURVE('',#1394,#1393,#771,.T.);
#1692=EDGE_CURVE('',#1395,#1394,#223,.T.);
#1693=EDGE_CURVE('',#1389,#1395,#772,.T.);
#1694=EDGE_CURVE('',#1396,#1397,#224,.T.);
#1695=EDGE_CURVE('',#1398,#1396,#773,.T.);
#1696=EDGE_CURVE('',#1399,#1398,#225,.F.);
#1697=EDGE_CURVE('',#1400,#1399,#226,.T.);
#1698=EDGE_CURVE('',#1401,#1400,#227,.F.);
#1699=EDGE_CURVE('',#1402,#1401,#774,.T.);
#1700=EDGE_CURVE('',#1403,#1402,#228,.T.);
#1701=EDGE_CURVE('',#1397,#1403,#775,.T.);
#1702=EDGE_CURVE('',#1404,#1404,#229,.T.);
#1703=EDGE_CURVE('',#1405,#1405,#230,.T.);
#1704=EDGE_CURVE('',#1406,#1406,#231,.T.);
#1705=EDGE_CURVE('',#1407,#1407,#232,.T.);
#1706=EDGE_CURVE('',#1408,#1408,#233,.T.);
#1707=EDGE_CURVE('',#1409,#1409,#234,.T.);
#1708=EDGE_CURVE('',#1410,#1410,#235,.T.);
#1709=EDGE_CURVE('',#1411,#1411,#236,.T.);
#1710=EDGE_CURVE('',#1412,#1412,#237,.T.);
#1711=EDGE_CURVE('',#1413,#1413,#238,.T.);
#1712=EDGE_CURVE('',#1414,#1414,#239,.T.);
#1713=EDGE_CURVE('',#1415,#1415,#240,.T.);
#1714=EDGE_CURVE('',#1196,#1301,#776,.F.);
#1715=EDGE_CURVE('',#1300,#1197,#777,.T.);
#1716=EDGE_CURVE('',#1296,#1201,#778,.F.);
#1717=EDGE_CURVE('',#1297,#1200,#779,.T.);
#1718=EDGE_CURVE('',#1299,#1198,#780,.T.);
#1719=EDGE_CURVE('',#1298,#1199,#781,.T.);
#1720=EDGE_CURVE('',#1397,#1288,#782,.T.);
#1721=EDGE_CURVE('',#1396,#1286,#783,.T.);
#1722=EDGE_CURVE('',#1403,#1289,#784,.T.);
#1723=EDGE_CURVE('',#1402,#1290,#785,.T.);
#1724=EDGE_CURVE('',#1401,#1291,#786,.T.);
#1725=EDGE_CURVE('',#1400,#1292,#787,.T.);
#1726=EDGE_CURVE('',#1399,#1293,#788,.T.);
#1727=EDGE_CURVE('',#1398,#1287,#789,.T.);
#1728=EDGE_CURVE('',#1389,#1280,#790,.T.);
#1729=EDGE_CURVE('',#1388,#1278,#791,.T.);
#1730=EDGE_CURVE('',#1395,#1281,#792,.T.);
#1731=EDGE_CURVE('',#1394,#1282,#793,.T.);
#1732=EDGE_CURVE('',#1393,#1283,#794,.T.);
#1733=EDGE_CURVE('',#1392,#1284,#795,.T.);
#1734=EDGE_CURVE('',#1391,#1285,#796,.T.);
#1735=EDGE_CURVE('',#1390,#1279,#797,.T.);
#1736=EDGE_CURVE('',#1381,#1272,#798,.T.);
#1737=EDGE_CURVE('',#1380,#1270,#799,.T.);
#1738=EDGE_CURVE('',#1387,#1273,#800,.T.);
#1739=EDGE_CURVE('',#1386,#1274,#801,.T.);
#1740=EDGE_CURVE('',#1385,#1275,#802,.T.);
#1741=EDGE_CURVE('',#1384,#1276,#803,.T.);
#1742=EDGE_CURVE('',#1383,#1277,#804,.T.);
#1743=EDGE_CURVE('',#1382,#1271,#805,.T.);
#1744=EDGE_CURVE('',#1373,#1264,#806,.T.);
#1745=EDGE_CURVE('',#1372,#1262,#807,.T.);
#1746=EDGE_CURVE('',#1379,#1265,#808,.T.);
#1747=EDGE_CURVE('',#1378,#1266,#809,.T.);
#1748=EDGE_CURVE('',#1377,#1267,#810,.T.);
#1749=EDGE_CURVE('',#1376,#1268,#811,.T.);
#1750=EDGE_CURVE('',#1375,#1269,#812,.T.);
#1751=EDGE_CURVE('',#1374,#1263,#813,.T.);
#1752=EDGE_CURVE('',#1365,#1256,#814,.T.);
#1753=EDGE_CURVE('',#1364,#1254,#815,.T.);
#1754=EDGE_CURVE('',#1371,#1257,#816,.T.);
#1755=EDGE_CURVE('',#1370,#1258,#817,.T.);
#1756=EDGE_CURVE('',#1369,#1259,#818,.T.);
#1757=EDGE_CURVE('',#1368,#1260,#819,.T.);
#1758=EDGE_CURVE('',#1367,#1261,#820,.T.);
#1759=EDGE_CURVE('',#1366,#1255,#821,.T.);
#1760=EDGE_CURVE('',#1357,#1248,#822,.T.);
#1761=EDGE_CURVE('',#1356,#1246,#823,.T.);
#1762=EDGE_CURVE('',#1363,#1249,#824,.T.);
#1763=EDGE_CURVE('',#1362,#1250,#825,.T.);
#1764=EDGE_CURVE('',#1361,#1251,#826,.T.);
#1765=EDGE_CURVE('',#1360,#1252,#827,.T.);
#1766=EDGE_CURVE('',#1359,#1253,#828,.T.);
#1767=EDGE_CURVE('',#1358,#1247,#829,.T.);
#1768=EDGE_CURVE('',#1349,#1240,#830,.T.);
#1769=EDGE_CURVE('',#1348,#1238,#831,.T.);
#1770=EDGE_CURVE('',#1355,#1241,#832,.T.);
#1771=EDGE_CURVE('',#1354,#1242,#833,.T.);
#1772=EDGE_CURVE('',#1353,#1243,#834,.T.);
#1773=EDGE_CURVE('',#1352,#1244,#835,.T.);
#1774=EDGE_CURVE('',#1351,#1245,#836,.T.);
#1775=EDGE_CURVE('',#1350,#1239,#837,.T.);
#1776=EDGE_CURVE('',#1341,#1232,#838,.T.);
#1777=EDGE_CURVE('',#1340,#1230,#839,.T.);
#1778=EDGE_CURVE('',#1347,#1233,#840,.T.);
#1779=EDGE_CURVE('',#1346,#1234,#841,.T.);
#1780=EDGE_CURVE('',#1345,#1235,#842,.T.);
#1781=EDGE_CURVE('',#1344,#1236,#843,.T.);
#1782=EDGE_CURVE('',#1343,#1237,#844,.T.);
#1783=EDGE_CURVE('',#1342,#1231,#845,.T.);
#1784=EDGE_CURVE('',#1333,#1224,#846,.T.);
#1785=EDGE_CURVE('',#1332,#1222,#847,.T.);
#1786=EDGE_CURVE('',#1339,#1225,#848,.T.);
#1787=EDGE_CURVE('',#1338,#1226,#849,.T.);
#1788=EDGE_CURVE('',#1337,#1227,#850,.T.);
#1789=EDGE_CURVE('',#1336,#1228,#851,.T.);
#1790=EDGE_CURVE('',#1335,#1229,#852,.T.);
#1791=EDGE_CURVE('',#1334,#1223,#853,.T.);
#1792=EDGE_CURVE('',#1325,#1216,#854,.T.);
#1793=EDGE_CURVE('',#1324,#1214,#855,.T.);
#1794=EDGE_CURVE('',#1331,#1217,#856,.T.);
#1795=EDGE_CURVE('',#1330,#1218,#857,.T.);
#1796=EDGE_CURVE('',#1329,#1219,#858,.T.);
#1797=EDGE_CURVE('',#1328,#1220,#859,.T.);
#1798=EDGE_CURVE('',#1327,#1221,#860,.T.);
#1799=EDGE_CURVE('',#1326,#1215,#861,.T.);
#1800=EDGE_CURVE('',#1172,#1294,#862,.F.);
#1801=EDGE_CURVE('',#1295,#1173,#863,.T.);
#1802=EDGE_CURVE('',#1320,#1177,#864,.F.);
#1803=EDGE_CURVE('',#1321,#1176,#865,.T.);
#1804=EDGE_CURVE('',#1323,#1174,#866,.T.);
#1805=EDGE_CURVE('',#1322,#1175,#867,.T.);
#1806=EDGE_CURVE('',#1178,#1319,#868,.F.);
#1807=EDGE_CURVE('',#1318,#1179,#869,.T.);
#1808=EDGE_CURVE('',#1314,#1183,#870,.F.);
#1809=EDGE_CURVE('',#1315,#1182,#871,.T.);
#1810=EDGE_CURVE('',#1317,#1180,#872,.T.);
#1811=EDGE_CURVE('',#1316,#1181,#873,.T.);
#1812=EDGE_CURVE('',#1184,#1313,#874,.F.);
#1813=EDGE_CURVE('',#1312,#1185,#875,.T.);
#1814=EDGE_CURVE('',#1308,#1189,#876,.F.);
#1815=EDGE_CURVE('',#1309,#1188,#877,.T.);
#1816=EDGE_CURVE('',#1311,#1186,#878,.T.);
#1817=EDGE_CURVE('',#1310,#1187,#879,.T.);
#1818=EDGE_CURVE('',#1190,#1307,#880,.F.);
#1819=EDGE_CURVE('',#1306,#1191,#881,.T.);
#1820=EDGE_CURVE('',#1302,#1195,#882,.F.);
#1821=EDGE_CURVE('',#1303,#1194,#883,.T.);
#1822=EDGE_CURVE('',#1305,#1192,#884,.T.);
#1823=EDGE_CURVE('',#1304,#1193,#885,.T.);
#1824=EDGE_CURVE('',#1415,#1213,#886,.T.);
#1825=EDGE_CURVE('',#1414,#1212,#887,.T.);
#1826=EDGE_CURVE('',#1413,#1211,#888,.T.);
#1827=EDGE_CURVE('',#1412,#1210,#889,.T.);
#1828=EDGE_CURVE('',#1411,#1209,#890,.T.);
#1829=EDGE_CURVE('',#1410,#1208,#891,.T.);
#1830=EDGE_CURVE('',#1409,#1207,#892,.T.);
#1831=EDGE_CURVE('',#1408,#1206,#893,.T.);
#1832=EDGE_CURVE('',#1407,#1205,#894,.T.);
#1833=EDGE_CURVE('',#1406,#1204,#895,.T.);
#1834=EDGE_CURVE('',#1405,#1203,#896,.T.);
#1835=EDGE_CURVE('',#1404,#1202,#897,.T.);
#1836=ORIENTED_EDGE('',*,*,#1416,.F.);
#1837=ORIENTED_EDGE('',*,*,#1417,.T.);
#1838=ORIENTED_EDGE('',*,*,#1418,.T.);
#1839=ORIENTED_EDGE('',*,*,#1419,.T.);
#1840=ORIENTED_EDGE('',*,*,#1420,.F.);
#1841=ORIENTED_EDGE('',*,*,#1421,.T.);
#1842=ORIENTED_EDGE('',*,*,#1422,.T.);
#1843=ORIENTED_EDGE('',*,*,#1423,.T.);
#1844=ORIENTED_EDGE('',*,*,#1424,.F.);
#1845=ORIENTED_EDGE('',*,*,#1425,.T.);
#1846=ORIENTED_EDGE('',*,*,#1426,.T.);
#1847=ORIENTED_EDGE('',*,*,#1427,.T.);
#1848=ORIENTED_EDGE('',*,*,#1428,.T.);
#1849=ORIENTED_EDGE('',*,*,#1429,.T.);
#1850=ORIENTED_EDGE('',*,*,#1430,.F.);
#1851=ORIENTED_EDGE('',*,*,#1431,.T.);
#1852=ORIENTED_EDGE('',*,*,#1432,.F.);
#1853=ORIENTED_EDGE('',*,*,#1433,.T.);
#1854=ORIENTED_EDGE('',*,*,#1434,.T.);
#1855=ORIENTED_EDGE('',*,*,#1435,.T.);
#1856=ORIENTED_EDGE('',*,*,#1436,.T.);
#1857=ORIENTED_EDGE('',*,*,#1437,.F.);
#1858=ORIENTED_EDGE('',*,*,#1438,.F.);
#1859=ORIENTED_EDGE('',*,*,#1439,.T.);
#1860=ORIENTED_EDGE('',*,*,#1440,.T.);
#1861=ORIENTED_EDGE('',*,*,#1441,.F.);
#1862=ORIENTED_EDGE('',*,*,#1442,.F.);
#1863=ORIENTED_EDGE('',*,*,#1437,.T.);
#1864=ORIENTED_EDGE('',*,*,#1443,.T.);
#1865=ORIENTED_EDGE('',*,*,#1444,.F.);
#1866=ORIENTED_EDGE('',*,*,#1445,.F.);
#1867=ORIENTED_EDGE('',*,*,#1441,.T.);
#1868=ORIENTED_EDGE('',*,*,#1446,.T.);
#1869=ORIENTED_EDGE('',*,*,#1447,.F.);
#1870=ORIENTED_EDGE('',*,*,#1448,.F.);
#1871=ORIENTED_EDGE('',*,*,#1444,.T.);
#1872=ORIENTED_EDGE('',*,*,#1449,.T.);
#1873=ORIENTED_EDGE('',*,*,#1431,.F.);
#1874=ORIENTED_EDGE('',*,*,#1450,.F.);
#1875=ORIENTED_EDGE('',*,*,#1447,.T.);
#1876=ORIENTED_EDGE('',*,*,#1451,.F.);
#1877=ORIENTED_EDGE('',*,*,#1452,.T.);
#1878=ORIENTED_EDGE('',*,*,#1453,.T.);
#1879=ORIENTED_EDGE('',*,*,#1454,.F.);
#1880=ORIENTED_EDGE('',*,*,#1455,.T.);
#1881=ORIENTED_EDGE('',*,*,#1456,.F.);
#1882=ORIENTED_EDGE('',*,*,#1457,.F.);
#1883=ORIENTED_EDGE('',*,*,#1454,.T.);
#1884=ORIENTED_EDGE('',*,*,#1458,.T.);
#1885=ORIENTED_EDGE('',*,*,#1439,.F.);
#1886=ORIENTED_EDGE('',*,*,#1459,.F.);
#1887=ORIENTED_EDGE('',*,*,#1456,.T.);
#1888=ORIENTED_EDGE('',*,*,#1430,.T.);
#1889=ORIENTED_EDGE('',*,*,#1460,.T.);
#1890=ORIENTED_EDGE('',*,*,#1461,.F.);
#1891=ORIENTED_EDGE('',*,*,#1462,.F.);
#1892=ORIENTED_EDGE('',*,*,#1463,.F.);
#1893=ORIENTED_EDGE('',*,*,#1464,.F.);
#1894=ORIENTED_EDGE('',*,*,#1465,.F.);
#1895=ORIENTED_EDGE('',*,*,#1466,.T.);
#1896=ORIENTED_EDGE('',*,*,#1424,.T.);
#1897=ORIENTED_EDGE('',*,*,#1467,.T.);
#1898=ORIENTED_EDGE('',*,*,#1468,.F.);
#1899=ORIENTED_EDGE('',*,*,#1469,.F.);
#1900=ORIENTED_EDGE('',*,*,#1470,.F.);
#1901=ORIENTED_EDGE('',*,*,#1471,.F.);
#1902=ORIENTED_EDGE('',*,*,#1472,.F.);
#1903=ORIENTED_EDGE('',*,*,#1473,.T.);
#1904=ORIENTED_EDGE('',*,*,#1420,.T.);
#1905=ORIENTED_EDGE('',*,*,#1474,.T.);
#1906=ORIENTED_EDGE('',*,*,#1475,.F.);
#1907=ORIENTED_EDGE('',*,*,#1476,.F.);
#1908=ORIENTED_EDGE('',*,*,#1477,.F.);
#1909=ORIENTED_EDGE('',*,*,#1478,.F.);
#1910=ORIENTED_EDGE('',*,*,#1479,.F.);
#1911=ORIENTED_EDGE('',*,*,#1480,.T.);
#1912=ORIENTED_EDGE('',*,*,#1416,.T.);
#1913=ORIENTED_EDGE('',*,*,#1481,.T.);
#1914=ORIENTED_EDGE('',*,*,#1482,.F.);
#1915=ORIENTED_EDGE('',*,*,#1483,.F.);
#1916=ORIENTED_EDGE('',*,*,#1484,.F.);
#1917=ORIENTED_EDGE('',*,*,#1485,.F.);
#1918=ORIENTED_EDGE('',*,*,#1486,.F.);
#1919=ORIENTED_EDGE('',*,*,#1487,.T.);
#1920=ORIENTED_EDGE('',*,*,#1432,.T.);
#1921=ORIENTED_EDGE('',*,*,#1488,.T.);
#1922=ORIENTED_EDGE('',*,*,#1489,.F.);
#1923=ORIENTED_EDGE('',*,*,#1490,.F.);
#1924=ORIENTED_EDGE('',*,*,#1491,.F.);
#1925=ORIENTED_EDGE('',*,*,#1492,.F.);
#1926=ORIENTED_EDGE('',*,*,#1493,.F.);
#1927=ORIENTED_EDGE('',*,*,#1494,.T.);
#1928=ORIENTED_EDGE('',*,*,#1451,.T.);
#1929=ORIENTED_EDGE('',*,*,#1457,.T.);
#1930=ORIENTED_EDGE('',*,*,#1459,.T.);
#1931=ORIENTED_EDGE('',*,*,#1438,.T.);
#1932=ORIENTED_EDGE('',*,*,#1442,.T.);
#1933=ORIENTED_EDGE('',*,*,#1445,.T.);
#1934=ORIENTED_EDGE('',*,*,#1448,.T.);
#1935=ORIENTED_EDGE('',*,*,#1450,.T.);
#1936=ORIENTED_EDGE('',*,*,#1495,.F.);
#1937=ORIENTED_EDGE('',*,*,#1496,.F.);
#1938=ORIENTED_EDGE('',*,*,#1497,.F.);
#1939=ORIENTED_EDGE('',*,*,#1498,.F.);
#1940=ORIENTED_EDGE('',*,*,#1499,.F.);
#1941=ORIENTED_EDGE('',*,*,#1500,.F.);
#1942=ORIENTED_EDGE('',*,*,#1501,.F.);
#1943=ORIENTED_EDGE('',*,*,#1502,.F.);
#1944=ORIENTED_EDGE('',*,*,#1503,.F.);
#1945=ORIENTED_EDGE('',*,*,#1504,.F.);
#1946=ORIENTED_EDGE('',*,*,#1505,.F.);
#1947=ORIENTED_EDGE('',*,*,#1506,.F.);
#1948=ORIENTED_EDGE('',*,*,#1507,.F.);
#1949=ORIENTED_EDGE('',*,*,#1508,.F.);
#1950=ORIENTED_EDGE('',*,*,#1509,.F.);
#1951=ORIENTED_EDGE('',*,*,#1510,.F.);
#1952=ORIENTED_EDGE('',*,*,#1511,.F.);
#1953=ORIENTED_EDGE('',*,*,#1512,.F.);
#1954=ORIENTED_EDGE('',*,*,#1513,.F.);
#1955=ORIENTED_EDGE('',*,*,#1514,.F.);
#1956=ORIENTED_EDGE('',*,*,#1515,.F.);
#1957=ORIENTED_EDGE('',*,*,#1516,.F.);
#1958=ORIENTED_EDGE('',*,*,#1517,.F.);
#1959=ORIENTED_EDGE('',*,*,#1518,.F.);
#1960=ORIENTED_EDGE('',*,*,#1519,.F.);
#1961=ORIENTED_EDGE('',*,*,#1520,.F.);
#1962=ORIENTED_EDGE('',*,*,#1521,.F.);
#1963=ORIENTED_EDGE('',*,*,#1522,.F.);
#1964=ORIENTED_EDGE('',*,*,#1523,.F.);
#1965=ORIENTED_EDGE('',*,*,#1524,.F.);
#1966=ORIENTED_EDGE('',*,*,#1525,.F.);
#1967=ORIENTED_EDGE('',*,*,#1526,.F.);
#1968=ORIENTED_EDGE('',*,*,#1527,.F.);
#1969=ORIENTED_EDGE('',*,*,#1528,.F.);
#1970=ORIENTED_EDGE('',*,*,#1529,.F.);
#1971=ORIENTED_EDGE('',*,*,#1530,.F.);
#1972=ORIENTED_EDGE('',*,*,#1531,.F.);
#1973=ORIENTED_EDGE('',*,*,#1532,.F.);
#1974=ORIENTED_EDGE('',*,*,#1533,.F.);
#1975=ORIENTED_EDGE('',*,*,#1534,.F.);
#1976=ORIENTED_EDGE('',*,*,#1535,.F.);
#1977=ORIENTED_EDGE('',*,*,#1536,.F.);
#1978=ORIENTED_EDGE('',*,*,#1537,.F.);
#1979=ORIENTED_EDGE('',*,*,#1538,.F.);
#1980=ORIENTED_EDGE('',*,*,#1539,.F.);
#1981=ORIENTED_EDGE('',*,*,#1540,.F.);
#1982=ORIENTED_EDGE('',*,*,#1541,.F.);
#1983=ORIENTED_EDGE('',*,*,#1542,.F.);
#1984=ORIENTED_EDGE('',*,*,#1543,.F.);
#1985=ORIENTED_EDGE('',*,*,#1544,.F.);
#1986=ORIENTED_EDGE('',*,*,#1545,.F.);
#1987=ORIENTED_EDGE('',*,*,#1546,.F.);
#1988=ORIENTED_EDGE('',*,*,#1547,.F.);
#1989=ORIENTED_EDGE('',*,*,#1548,.F.);
#1990=ORIENTED_EDGE('',*,*,#1549,.F.);
#1991=ORIENTED_EDGE('',*,*,#1550,.F.);
#1992=ORIENTED_EDGE('',*,*,#1551,.F.);
#1993=ORIENTED_EDGE('',*,*,#1552,.F.);
#1994=ORIENTED_EDGE('',*,*,#1553,.F.);
#1995=ORIENTED_EDGE('',*,*,#1554,.F.);
#1996=ORIENTED_EDGE('',*,*,#1555,.F.);
#1997=ORIENTED_EDGE('',*,*,#1556,.F.);
#1998=ORIENTED_EDGE('',*,*,#1557,.F.);
#1999=ORIENTED_EDGE('',*,*,#1558,.F.);
#2000=ORIENTED_EDGE('',*,*,#1559,.F.);
#2001=ORIENTED_EDGE('',*,*,#1560,.F.);
#2002=ORIENTED_EDGE('',*,*,#1561,.F.);
#2003=ORIENTED_EDGE('',*,*,#1562,.F.);
#2004=ORIENTED_EDGE('',*,*,#1563,.F.);
#2005=ORIENTED_EDGE('',*,*,#1564,.F.);
#2006=ORIENTED_EDGE('',*,*,#1565,.F.);
#2007=ORIENTED_EDGE('',*,*,#1566,.F.);
#2008=ORIENTED_EDGE('',*,*,#1567,.F.);
#2009=ORIENTED_EDGE('',*,*,#1568,.F.);
#2010=ORIENTED_EDGE('',*,*,#1569,.F.);
#2011=ORIENTED_EDGE('',*,*,#1570,.F.);
#2012=ORIENTED_EDGE('',*,*,#1571,.F.);
#2013=ORIENTED_EDGE('',*,*,#1572,.F.);
#2014=ORIENTED_EDGE('',*,*,#1573,.F.);
#2015=ORIENTED_EDGE('',*,*,#1574,.F.);
#2016=ORIENTED_EDGE('',*,*,#1575,.F.);
#2017=ORIENTED_EDGE('',*,*,#1576,.F.);
#2018=ORIENTED_EDGE('',*,*,#1577,.F.);
#2019=ORIENTED_EDGE('',*,*,#1578,.F.);
#2020=ORIENTED_EDGE('',*,*,#1579,.F.);
#2021=ORIENTED_EDGE('',*,*,#1580,.F.);
#2022=ORIENTED_EDGE('',*,*,#1581,.F.);
#2023=ORIENTED_EDGE('',*,*,#1582,.F.);
#2024=ORIENTED_EDGE('',*,*,#1583,.F.);
#2025=ORIENTED_EDGE('',*,*,#1584,.F.);
#2026=ORIENTED_EDGE('',*,*,#1585,.F.);
#2027=ORIENTED_EDGE('',*,*,#1586,.F.);
#2028=ORIENTED_EDGE('',*,*,#1587,.F.);
#2029=ORIENTED_EDGE('',*,*,#1588,.T.);
#2030=ORIENTED_EDGE('',*,*,#1428,.F.);
#2031=ORIENTED_EDGE('',*,*,#1449,.F.);
#2032=ORIENTED_EDGE('',*,*,#1446,.F.);
#2033=ORIENTED_EDGE('',*,*,#1443,.F.);
#2034=ORIENTED_EDGE('',*,*,#1440,.F.);
#2035=ORIENTED_EDGE('',*,*,#1436,.F.);
#2036=ORIENTED_EDGE('',*,*,#1458,.F.);
#2037=ORIENTED_EDGE('',*,*,#1455,.F.);
#2038=ORIENTED_EDGE('',*,*,#1453,.F.);
#2039=ORIENTED_EDGE('',*,*,#1589,.T.);
#2040=ORIENTED_EDGE('',*,*,#1590,.F.);
#2041=ORIENTED_EDGE('',*,*,#1591,.F.);
#2042=ORIENTED_EDGE('',*,*,#1592,.F.);
#2043=ORIENTED_EDGE('',*,*,#1593,.F.);
#2044=ORIENTED_EDGE('',*,*,#1594,.F.);
#2045=ORIENTED_EDGE('',*,*,#1595,.T.);
#2046=ORIENTED_EDGE('',*,*,#1434,.F.);
#2047=ORIENTED_EDGE('',*,*,#1596,.T.);
#2048=ORIENTED_EDGE('',*,*,#1597,.F.);
#2049=ORIENTED_EDGE('',*,*,#1598,.F.);
#2050=ORIENTED_EDGE('',*,*,#1599,.F.);
#2051=ORIENTED_EDGE('',*,*,#1600,.F.);
#2052=ORIENTED_EDGE('',*,*,#1601,.F.);
#2053=ORIENTED_EDGE('',*,*,#1602,.T.);
#2054=ORIENTED_EDGE('',*,*,#1418,.F.);
#2055=ORIENTED_EDGE('',*,*,#1603,.T.);
#2056=ORIENTED_EDGE('',*,*,#1604,.F.);
#2057=ORIENTED_EDGE('',*,*,#1605,.F.);
#2058=ORIENTED_EDGE('',*,*,#1606,.F.);
#2059=ORIENTED_EDGE('',*,*,#1607,.F.);
#2060=ORIENTED_EDGE('',*,*,#1608,.F.);
#2061=ORIENTED_EDGE('',*,*,#1609,.T.);
#2062=ORIENTED_EDGE('',*,*,#1422,.F.);
#2063=ORIENTED_EDGE('',*,*,#1610,.T.);
#2064=ORIENTED_EDGE('',*,*,#1611,.F.);
#2065=ORIENTED_EDGE('',*,*,#1612,.F.);
#2066=ORIENTED_EDGE('',*,*,#1613,.F.);
#2067=ORIENTED_EDGE('',*,*,#1614,.F.);
#2068=ORIENTED_EDGE('',*,*,#1615,.F.);
#2069=ORIENTED_EDGE('',*,*,#1616,.T.);
#2070=ORIENTED_EDGE('',*,*,#1426,.F.);
#2071=ORIENTED_EDGE('',*,*,#1617,.T.);
#2072=ORIENTED_EDGE('',*,*,#1618,.F.);
#2073=ORIENTED_EDGE('',*,*,#1619,.F.);
#2074=ORIENTED_EDGE('',*,*,#1620,.F.);
#2075=ORIENTED_EDGE('',*,*,#1621,.F.);
#2076=ORIENTED_EDGE('',*,*,#1622,.F.);
#2077=ORIENTED_EDGE('',*,*,#1623,.F.);
#2078=ORIENTED_EDGE('',*,*,#1624,.F.);
#2079=ORIENTED_EDGE('',*,*,#1625,.F.);
#2080=ORIENTED_EDGE('',*,*,#1626,.F.);
#2081=ORIENTED_EDGE('',*,*,#1627,.F.);
#2082=ORIENTED_EDGE('',*,*,#1628,.F.);
#2083=ORIENTED_EDGE('',*,*,#1629,.F.);
#2084=ORIENTED_EDGE('',*,*,#1630,.F.);
#2085=ORIENTED_EDGE('',*,*,#1631,.F.);
#2086=ORIENTED_EDGE('',*,*,#1632,.F.);
#2087=ORIENTED_EDGE('',*,*,#1633,.F.);
#2088=ORIENTED_EDGE('',*,*,#1634,.F.);
#2089=ORIENTED_EDGE('',*,*,#1635,.F.);
#2090=ORIENTED_EDGE('',*,*,#1636,.F.);
#2091=ORIENTED_EDGE('',*,*,#1637,.F.);
#2092=ORIENTED_EDGE('',*,*,#1638,.F.);
#2093=ORIENTED_EDGE('',*,*,#1639,.F.);
#2094=ORIENTED_EDGE('',*,*,#1640,.F.);
#2095=ORIENTED_EDGE('',*,*,#1641,.F.);
#2096=ORIENTED_EDGE('',*,*,#1642,.F.);
#2097=ORIENTED_EDGE('',*,*,#1643,.F.);
#2098=ORIENTED_EDGE('',*,*,#1644,.F.);
#2099=ORIENTED_EDGE('',*,*,#1645,.F.);
#2100=ORIENTED_EDGE('',*,*,#1646,.F.);
#2101=ORIENTED_EDGE('',*,*,#1647,.F.);
#2102=ORIENTED_EDGE('',*,*,#1648,.F.);
#2103=ORIENTED_EDGE('',*,*,#1649,.F.);
#2104=ORIENTED_EDGE('',*,*,#1650,.F.);
#2105=ORIENTED_EDGE('',*,*,#1651,.F.);
#2106=ORIENTED_EDGE('',*,*,#1652,.F.);
#2107=ORIENTED_EDGE('',*,*,#1653,.F.);
#2108=ORIENTED_EDGE('',*,*,#1654,.F.);
#2109=ORIENTED_EDGE('',*,*,#1655,.F.);
#2110=ORIENTED_EDGE('',*,*,#1656,.F.);
#2111=ORIENTED_EDGE('',*,*,#1657,.F.);
#2112=ORIENTED_EDGE('',*,*,#1658,.F.);
#2113=ORIENTED_EDGE('',*,*,#1659,.F.);
#2114=ORIENTED_EDGE('',*,*,#1660,.F.);
#2115=ORIENTED_EDGE('',*,*,#1661,.F.);
#2116=ORIENTED_EDGE('',*,*,#1662,.F.);
#2117=ORIENTED_EDGE('',*,*,#1663,.F.);
#2118=ORIENTED_EDGE('',*,*,#1664,.F.);
#2119=ORIENTED_EDGE('',*,*,#1665,.F.);
#2120=ORIENTED_EDGE('',*,*,#1666,.F.);
#2121=ORIENTED_EDGE('',*,*,#1667,.F.);
#2122=ORIENTED_EDGE('',*,*,#1668,.F.);
#2123=ORIENTED_EDGE('',*,*,#1669,.F.);
#2124=ORIENTED_EDGE('',*,*,#1670,.F.);
#2125=ORIENTED_EDGE('',*,*,#1671,.F.);
#2126=ORIENTED_EDGE('',*,*,#1672,.F.);
#2127=ORIENTED_EDGE('',*,*,#1673,.F.);
#2128=ORIENTED_EDGE('',*,*,#1674,.F.);
#2129=ORIENTED_EDGE('',*,*,#1675,.F.);
#2130=ORIENTED_EDGE('',*,*,#1676,.F.);
#2131=ORIENTED_EDGE('',*,*,#1677,.F.);
#2132=ORIENTED_EDGE('',*,*,#1678,.F.);
#2133=ORIENTED_EDGE('',*,*,#1679,.F.);
#2134=ORIENTED_EDGE('',*,*,#1680,.F.);
#2135=ORIENTED_EDGE('',*,*,#1681,.F.);
#2136=ORIENTED_EDGE('',*,*,#1682,.F.);
#2137=ORIENTED_EDGE('',*,*,#1683,.F.);
#2138=ORIENTED_EDGE('',*,*,#1684,.F.);
#2139=ORIENTED_EDGE('',*,*,#1685,.F.);
#2140=ORIENTED_EDGE('',*,*,#1686,.F.);
#2141=ORIENTED_EDGE('',*,*,#1687,.F.);
#2142=ORIENTED_EDGE('',*,*,#1688,.F.);
#2143=ORIENTED_EDGE('',*,*,#1689,.F.);
#2144=ORIENTED_EDGE('',*,*,#1690,.F.);
#2145=ORIENTED_EDGE('',*,*,#1691,.F.);
#2146=ORIENTED_EDGE('',*,*,#1692,.F.);
#2147=ORIENTED_EDGE('',*,*,#1693,.F.);
#2148=ORIENTED_EDGE('',*,*,#1694,.F.);
#2149=ORIENTED_EDGE('',*,*,#1695,.F.);
#2150=ORIENTED_EDGE('',*,*,#1696,.F.);
#2151=ORIENTED_EDGE('',*,*,#1697,.F.);
#2152=ORIENTED_EDGE('',*,*,#1698,.F.);
#2153=ORIENTED_EDGE('',*,*,#1699,.F.);
#2154=ORIENTED_EDGE('',*,*,#1700,.F.);
#2155=ORIENTED_EDGE('',*,*,#1701,.F.);
#2156=ORIENTED_EDGE('',*,*,#1702,.F.);
#2157=ORIENTED_EDGE('',*,*,#1703,.F.);
#2158=ORIENTED_EDGE('',*,*,#1704,.F.);
#2159=ORIENTED_EDGE('',*,*,#1705,.F.);
#2160=ORIENTED_EDGE('',*,*,#1706,.F.);
#2161=ORIENTED_EDGE('',*,*,#1707,.F.);
#2162=ORIENTED_EDGE('',*,*,#1708,.F.);
#2163=ORIENTED_EDGE('',*,*,#1709,.F.);
#2164=ORIENTED_EDGE('',*,*,#1710,.F.);
#2165=ORIENTED_EDGE('',*,*,#1711,.F.);
#2166=ORIENTED_EDGE('',*,*,#1712,.F.);
#2167=ORIENTED_EDGE('',*,*,#1713,.F.);
#2168=ORIENTED_EDGE('',*,*,#1489,.T.);
#2169=ORIENTED_EDGE('',*,*,#1714,.T.);
#2170=ORIENTED_EDGE('',*,*,#1594,.T.);
#2171=ORIENTED_EDGE('',*,*,#1715,.T.);
#2172=ORIENTED_EDGE('',*,*,#1590,.T.);
#2173=ORIENTED_EDGE('',*,*,#1716,.T.);
#2174=ORIENTED_EDGE('',*,*,#1493,.T.);
#2175=ORIENTED_EDGE('',*,*,#1717,.F.);
#2176=ORIENTED_EDGE('',*,*,#1593,.T.);
#2177=ORIENTED_EDGE('',*,*,#1718,.T.);
#2178=ORIENTED_EDGE('',*,*,#1490,.T.);
#2179=ORIENTED_EDGE('',*,*,#1715,.F.);
#2180=ORIENTED_EDGE('',*,*,#1592,.T.);
#2181=ORIENTED_EDGE('',*,*,#1719,.T.);
#2182=ORIENTED_EDGE('',*,*,#1491,.T.);
#2183=ORIENTED_EDGE('',*,*,#1718,.F.);
#2184=ORIENTED_EDGE('',*,*,#1591,.T.);
#2185=ORIENTED_EDGE('',*,*,#1717,.T.);
#2186=ORIENTED_EDGE('',*,*,#1492,.T.);
#2187=ORIENTED_EDGE('',*,*,#1719,.F.);
#2188=ORIENTED_EDGE('',*,*,#1694,.T.);
#2189=ORIENTED_EDGE('',*,*,#1720,.T.);
#2190=ORIENTED_EDGE('',*,*,#1580,.T.);
#2191=ORIENTED_EDGE('',*,*,#1721,.F.);
#2192=ORIENTED_EDGE('',*,*,#1701,.T.);
#2193=ORIENTED_EDGE('',*,*,#1722,.T.);
#2194=ORIENTED_EDGE('',*,*,#1581,.T.);
#2195=ORIENTED_EDGE('',*,*,#1720,.F.);
#2196=ORIENTED_EDGE('',*,*,#1700,.T.);
#2197=ORIENTED_EDGE('',*,*,#1723,.T.);
#2198=ORIENTED_EDGE('',*,*,#1582,.T.);
#2199=ORIENTED_EDGE('',*,*,#1722,.F.);
#2200=ORIENTED_EDGE('',*,*,#1699,.T.);
#2201=ORIENTED_EDGE('',*,*,#1724,.T.);
#2202=ORIENTED_EDGE('',*,*,#1583,.T.);
#2203=ORIENTED_EDGE('',*,*,#1723,.F.);
#2204=ORIENTED_EDGE('',*,*,#1698,.T.);
#2205=ORIENTED_EDGE('',*,*,#1725,.T.);
#2206=ORIENTED_EDGE('',*,*,#1584,.T.);
#2207=ORIENTED_EDGE('',*,*,#1724,.F.);
#2208=ORIENTED_EDGE('',*,*,#1697,.T.);
#2209=ORIENTED_EDGE('',*,*,#1726,.T.);
#2210=ORIENTED_EDGE('',*,*,#1585,.T.);
#2211=ORIENTED_EDGE('',*,*,#1725,.F.);
#2212=ORIENTED_EDGE('',*,*,#1696,.T.);
#2213=ORIENTED_EDGE('',*,*,#1727,.T.);
#2214=ORIENTED_EDGE('',*,*,#1586,.T.);
#2215=ORIENTED_EDGE('',*,*,#1726,.F.);
#2216=ORIENTED_EDGE('',*,*,#1695,.T.);
#2217=ORIENTED_EDGE('',*,*,#1721,.T.);
#2218=ORIENTED_EDGE('',*,*,#1579,.T.);
#2219=ORIENTED_EDGE('',*,*,#1727,.F.);
#2220=ORIENTED_EDGE('',*,*,#1686,.T.);
#2221=ORIENTED_EDGE('',*,*,#1728,.T.);
#2222=ORIENTED_EDGE('',*,*,#1572,.T.);
#2223=ORIENTED_EDGE('',*,*,#1729,.F.);
#2224=ORIENTED_EDGE('',*,*,#1693,.T.);
#2225=ORIENTED_EDGE('',*,*,#1730,.T.);
#2226=ORIENTED_EDGE('',*,*,#1573,.T.);
#2227=ORIENTED_EDGE('',*,*,#1728,.F.);
#2228=ORIENTED_EDGE('',*,*,#1692,.T.);
#2229=ORIENTED_EDGE('',*,*,#1731,.T.);
#2230=ORIENTED_EDGE('',*,*,#1574,.T.);
#2231=ORIENTED_EDGE('',*,*,#1730,.F.);
#2232=ORIENTED_EDGE('',*,*,#1691,.T.);
#2233=ORIENTED_EDGE('',*,*,#1732,.T.);
#2234=ORIENTED_EDGE('',*,*,#1575,.T.);
#2235=ORIENTED_EDGE('',*,*,#1731,.F.);
#2236=ORIENTED_EDGE('',*,*,#1690,.T.);
#2237=ORIENTED_EDGE('',*,*,#1733,.T.);
#2238=ORIENTED_EDGE('',*,*,#1576,.T.);
#2239=ORIENTED_EDGE('',*,*,#1732,.F.);
#2240=ORIENTED_EDGE('',*,*,#1689,.T.);
#2241=ORIENTED_EDGE('',*,*,#1734,.T.);
#2242=ORIENTED_EDGE('',*,*,#1577,.T.);
#2243=ORIENTED_EDGE('',*,*,#1733,.F.);
#2244=ORIENTED_EDGE('',*,*,#1688,.T.);
#2245=ORIENTED_EDGE('',*,*,#1735,.T.);
#2246=ORIENTED_EDGE('',*,*,#1578,.T.);
#2247=ORIENTED_EDGE('',*,*,#1734,.F.);
#2248=ORIENTED_EDGE('',*,*,#1687,.T.);
#2249=ORIENTED_EDGE('',*,*,#1729,.T.);
#2250=ORIENTED_EDGE('',*,*,#1571,.T.);
#2251=ORIENTED_EDGE('',*,*,#1735,.F.);
#2252=ORIENTED_EDGE('',*,*,#1678,.T.);
#2253=ORIENTED_EDGE('',*,*,#1736,.T.);
#2254=ORIENTED_EDGE('',*,*,#1564,.T.);
#2255=ORIENTED_EDGE('',*,*,#1737,.F.);
#2256=ORIENTED_EDGE('',*,*,#1685,.T.);
#2257=ORIENTED_EDGE('',*,*,#1738,.T.);
#2258=ORIENTED_EDGE('',*,*,#1565,.T.);
#2259=ORIENTED_EDGE('',*,*,#1736,.F.);
#2260=ORIENTED_EDGE('',*,*,#1684,.T.);
#2261=ORIENTED_EDGE('',*,*,#1739,.T.);
#2262=ORIENTED_EDGE('',*,*,#1566,.T.);
#2263=ORIENTED_EDGE('',*,*,#1738,.F.);
#2264=ORIENTED_EDGE('',*,*,#1683,.T.);
#2265=ORIENTED_EDGE('',*,*,#1740,.T.);
#2266=ORIENTED_EDGE('',*,*,#1567,.T.);
#2267=ORIENTED_EDGE('',*,*,#1739,.F.);
#2268=ORIENTED_EDGE('',*,*,#1682,.T.);
#2269=ORIENTED_EDGE('',*,*,#1741,.T.);
#2270=ORIENTED_EDGE('',*,*,#1568,.T.);
#2271=ORIENTED_EDGE('',*,*,#1740,.F.);
#2272=ORIENTED_EDGE('',*,*,#1681,.T.);
#2273=ORIENTED_EDGE('',*,*,#1742,.T.);
#2274=ORIENTED_EDGE('',*,*,#1569,.T.);
#2275=ORIENTED_EDGE('',*,*,#1741,.F.);
#2276=ORIENTED_EDGE('',*,*,#1680,.T.);
#2277=ORIENTED_EDGE('',*,*,#1743,.T.);
#2278=ORIENTED_EDGE('',*,*,#1570,.T.);
#2279=ORIENTED_EDGE('',*,*,#1742,.F.);
#2280=ORIENTED_EDGE('',*,*,#1679,.T.);
#2281=ORIENTED_EDGE('',*,*,#1737,.T.);
#2282=ORIENTED_EDGE('',*,*,#1563,.T.);
#2283=ORIENTED_EDGE('',*,*,#1743,.F.);
#2284=ORIENTED_EDGE('',*,*,#1670,.T.);
#2285=ORIENTED_EDGE('',*,*,#1744,.T.);
#2286=ORIENTED_EDGE('',*,*,#1556,.T.);
#2287=ORIENTED_EDGE('',*,*,#1745,.F.);
#2288=ORIENTED_EDGE('',*,*,#1677,.T.);
#2289=ORIENTED_EDGE('',*,*,#1746,.T.);
#2290=ORIENTED_EDGE('',*,*,#1557,.T.);
#2291=ORIENTED_EDGE('',*,*,#1744,.F.);
#2292=ORIENTED_EDGE('',*,*,#1676,.T.);
#2293=ORIENTED_EDGE('',*,*,#1747,.T.);
#2294=ORIENTED_EDGE('',*,*,#1558,.T.);
#2295=ORIENTED_EDGE('',*,*,#1746,.F.);
#2296=ORIENTED_EDGE('',*,*,#1675,.T.);
#2297=ORIENTED_EDGE('',*,*,#1748,.T.);
#2298=ORIENTED_EDGE('',*,*,#1559,.T.);
#2299=ORIENTED_EDGE('',*,*,#1747,.F.);
#2300=ORIENTED_EDGE('',*,*,#1674,.T.);
#2301=ORIENTED_EDGE('',*,*,#1749,.T.);
#2302=ORIENTED_EDGE('',*,*,#1560,.T.);
#2303=ORIENTED_EDGE('',*,*,#1748,.F.);
#2304=ORIENTED_EDGE('',*,*,#1673,.T.);
#2305=ORIENTED_EDGE('',*,*,#1750,.T.);
#2306=ORIENTED_EDGE('',*,*,#1561,.T.);
#2307=ORIENTED_EDGE('',*,*,#1749,.F.);
#2308=ORIENTED_EDGE('',*,*,#1672,.T.);
#2309=ORIENTED_EDGE('',*,*,#1751,.T.);
#2310=ORIENTED_EDGE('',*,*,#1562,.T.);
#2311=ORIENTED_EDGE('',*,*,#1750,.F.);
#2312=ORIENTED_EDGE('',*,*,#1671,.T.);
#2313=ORIENTED_EDGE('',*,*,#1745,.T.);
#2314=ORIENTED_EDGE('',*,*,#1555,.T.);
#2315=ORIENTED_EDGE('',*,*,#1751,.F.);
#2316=ORIENTED_EDGE('',*,*,#1662,.T.);
#2317=ORIENTED_EDGE('',*,*,#1752,.T.);
#2318=ORIENTED_EDGE('',*,*,#1548,.T.);
#2319=ORIENTED_EDGE('',*,*,#1753,.F.);
#2320=ORIENTED_EDGE('',*,*,#1669,.T.);
#2321=ORIENTED_EDGE('',*,*,#1754,.T.);
#2322=ORIENTED_EDGE('',*,*,#1549,.T.);
#2323=ORIENTED_EDGE('',*,*,#1752,.F.);
#2324=ORIENTED_EDGE('',*,*,#1668,.T.);
#2325=ORIENTED_EDGE('',*,*,#1755,.T.);
#2326=ORIENTED_EDGE('',*,*,#1550,.T.);
#2327=ORIENTED_EDGE('',*,*,#1754,.F.);
#2328=ORIENTED_EDGE('',*,*,#1667,.T.);
#2329=ORIENTED_EDGE('',*,*,#1756,.T.);
#2330=ORIENTED_EDGE('',*,*,#1551,.T.);
#2331=ORIENTED_EDGE('',*,*,#1755,.F.);
#2332=ORIENTED_EDGE('',*,*,#1666,.T.);
#2333=ORIENTED_EDGE('',*,*,#1757,.T.);
#2334=ORIENTED_EDGE('',*,*,#1552,.T.);
#2335=ORIENTED_EDGE('',*,*,#1756,.F.);
#2336=ORIENTED_EDGE('',*,*,#1665,.T.);
#2337=ORIENTED_EDGE('',*,*,#1758,.T.);
#2338=ORIENTED_EDGE('',*,*,#1553,.T.);
#2339=ORIENTED_EDGE('',*,*,#1757,.F.);
#2340=ORIENTED_EDGE('',*,*,#1664,.T.);
#2341=ORIENTED_EDGE('',*,*,#1759,.T.);
#2342=ORIENTED_EDGE('',*,*,#1554,.T.);
#2343=ORIENTED_EDGE('',*,*,#1758,.F.);
#2344=ORIENTED_EDGE('',*,*,#1663,.T.);
#2345=ORIENTED_EDGE('',*,*,#1753,.T.);
#2346=ORIENTED_EDGE('',*,*,#1547,.T.);
#2347=ORIENTED_EDGE('',*,*,#1759,.F.);
#2348=ORIENTED_EDGE('',*,*,#1654,.T.);
#2349=ORIENTED_EDGE('',*,*,#1760,.T.);
#2350=ORIENTED_EDGE('',*,*,#1540,.T.);
#2351=ORIENTED_EDGE('',*,*,#1761,.F.);
#2352=ORIENTED_EDGE('',*,*,#1661,.T.);
#2353=ORIENTED_EDGE('',*,*,#1762,.T.);
#2354=ORIENTED_EDGE('',*,*,#1541,.T.);
#2355=ORIENTED_EDGE('',*,*,#1760,.F.);
#2356=ORIENTED_EDGE('',*,*,#1660,.T.);
#2357=ORIENTED_EDGE('',*,*,#1763,.T.);
#2358=ORIENTED_EDGE('',*,*,#1542,.T.);
#2359=ORIENTED_EDGE('',*,*,#1762,.F.);
#2360=ORIENTED_EDGE('',*,*,#1659,.T.);
#2361=ORIENTED_EDGE('',*,*,#1764,.T.);
#2362=ORIENTED_EDGE('',*,*,#1543,.T.);
#2363=ORIENTED_EDGE('',*,*,#1763,.F.);
#2364=ORIENTED_EDGE('',*,*,#1658,.T.);
#2365=ORIENTED_EDGE('',*,*,#1765,.T.);
#2366=ORIENTED_EDGE('',*,*,#1544,.T.);
#2367=ORIENTED_EDGE('',*,*,#1764,.F.);
#2368=ORIENTED_EDGE('',*,*,#1657,.T.);
#2369=ORIENTED_EDGE('',*,*,#1766,.T.);
#2370=ORIENTED_EDGE('',*,*,#1545,.T.);
#2371=ORIENTED_EDGE('',*,*,#1765,.F.);
#2372=ORIENTED_EDGE('',*,*,#1656,.T.);
#2373=ORIENTED_EDGE('',*,*,#1767,.T.);
#2374=ORIENTED_EDGE('',*,*,#1546,.T.);
#2375=ORIENTED_EDGE('',*,*,#1766,.F.);
#2376=ORIENTED_EDGE('',*,*,#1655,.T.);
#2377=ORIENTED_EDGE('',*,*,#1761,.T.);
#2378=ORIENTED_EDGE('',*,*,#1539,.T.);
#2379=ORIENTED_EDGE('',*,*,#1767,.F.);
#2380=ORIENTED_EDGE('',*,*,#1646,.T.);
#2381=ORIENTED_EDGE('',*,*,#1768,.T.);
#2382=ORIENTED_EDGE('',*,*,#1532,.T.);
#2383=ORIENTED_EDGE('',*,*,#1769,.F.);
#2384=ORIENTED_EDGE('',*,*,#1653,.T.);
#2385=ORIENTED_EDGE('',*,*,#1770,.T.);
#2386=ORIENTED_EDGE('',*,*,#1533,.T.);
#2387=ORIENTED_EDGE('',*,*,#1768,.F.);
#2388=ORIENTED_EDGE('',*,*,#1652,.T.);
#2389=ORIENTED_EDGE('',*,*,#1771,.T.);
#2390=ORIENTED_EDGE('',*,*,#1534,.T.);
#2391=ORIENTED_EDGE('',*,*,#1770,.F.);
#2392=ORIENTED_EDGE('',*,*,#1651,.T.);
#2393=ORIENTED_EDGE('',*,*,#1772,.T.);
#2394=ORIENTED_EDGE('',*,*,#1535,.T.);
#2395=ORIENTED_EDGE('',*,*,#1771,.F.);
#2396=ORIENTED_EDGE('',*,*,#1650,.T.);
#2397=ORIENTED_EDGE('',*,*,#1773,.T.);
#2398=ORIENTED_EDGE('',*,*,#1536,.T.);
#2399=ORIENTED_EDGE('',*,*,#1772,.F.);
#2400=ORIENTED_EDGE('',*,*,#1649,.T.);
#2401=ORIENTED_EDGE('',*,*,#1774,.T.);
#2402=ORIENTED_EDGE('',*,*,#1537,.T.);
#2403=ORIENTED_EDGE('',*,*,#1773,.F.);
#2404=ORIENTED_EDGE('',*,*,#1648,.T.);
#2405=ORIENTED_EDGE('',*,*,#1775,.T.);
#2406=ORIENTED_EDGE('',*,*,#1538,.T.);
#2407=ORIENTED_EDGE('',*,*,#1774,.F.);
#2408=ORIENTED_EDGE('',*,*,#1647,.T.);
#2409=ORIENTED_EDGE('',*,*,#1769,.T.);
#2410=ORIENTED_EDGE('',*,*,#1531,.T.);
#2411=ORIENTED_EDGE('',*,*,#1775,.F.);
#2412=ORIENTED_EDGE('',*,*,#1638,.T.);
#2413=ORIENTED_EDGE('',*,*,#1776,.T.);
#2414=ORIENTED_EDGE('',*,*,#1524,.T.);
#2415=ORIENTED_EDGE('',*,*,#1777,.F.);
#2416=ORIENTED_EDGE('',*,*,#1645,.T.);
#2417=ORIENTED_EDGE('',*,*,#1778,.T.);
#2418=ORIENTED_EDGE('',*,*,#1525,.T.);
#2419=ORIENTED_EDGE('',*,*,#1776,.F.);
#2420=ORIENTED_EDGE('',*,*,#1644,.T.);
#2421=ORIENTED_EDGE('',*,*,#1779,.T.);
#2422=ORIENTED_EDGE('',*,*,#1526,.T.);
#2423=ORIENTED_EDGE('',*,*,#1778,.F.);
#2424=ORIENTED_EDGE('',*,*,#1643,.T.);
#2425=ORIENTED_EDGE('',*,*,#1780,.T.);
#2426=ORIENTED_EDGE('',*,*,#1527,.T.);
#2427=ORIENTED_EDGE('',*,*,#1779,.F.);
#2428=ORIENTED_EDGE('',*,*,#1642,.T.);
#2429=ORIENTED_EDGE('',*,*,#1781,.T.);
#2430=ORIENTED_EDGE('',*,*,#1528,.T.);
#2431=ORIENTED_EDGE('',*,*,#1780,.F.);
#2432=ORIENTED_EDGE('',*,*,#1641,.T.);
#2433=ORIENTED_EDGE('',*,*,#1782,.T.);
#2434=ORIENTED_EDGE('',*,*,#1529,.T.);
#2435=ORIENTED_EDGE('',*,*,#1781,.F.);
#2436=ORIENTED_EDGE('',*,*,#1640,.T.);
#2437=ORIENTED_EDGE('',*,*,#1783,.T.);
#2438=ORIENTED_EDGE('',*,*,#1530,.T.);
#2439=ORIENTED_EDGE('',*,*,#1782,.F.);
#2440=ORIENTED_EDGE('',*,*,#1639,.T.);
#2441=ORIENTED_EDGE('',*,*,#1777,.T.);
#2442=ORIENTED_EDGE('',*,*,#1523,.T.);
#2443=ORIENTED_EDGE('',*,*,#1783,.F.);
#2444=ORIENTED_EDGE('',*,*,#1630,.T.);
#2445=ORIENTED_EDGE('',*,*,#1784,.T.);
#2446=ORIENTED_EDGE('',*,*,#1516,.T.);
#2447=ORIENTED_EDGE('',*,*,#1785,.F.);
#2448=ORIENTED_EDGE('',*,*,#1637,.T.);
#2449=ORIENTED_EDGE('',*,*,#1786,.T.);
#2450=ORIENTED_EDGE('',*,*,#1517,.T.);
#2451=ORIENTED_EDGE('',*,*,#1784,.F.);
#2452=ORIENTED_EDGE('',*,*,#1636,.T.);
#2453=ORIENTED_EDGE('',*,*,#1787,.T.);
#2454=ORIENTED_EDGE('',*,*,#1518,.T.);
#2455=ORIENTED_EDGE('',*,*,#1786,.F.);
#2456=ORIENTED_EDGE('',*,*,#1635,.T.);
#2457=ORIENTED_EDGE('',*,*,#1788,.T.);
#2458=ORIENTED_EDGE('',*,*,#1519,.T.);
#2459=ORIENTED_EDGE('',*,*,#1787,.F.);
#2460=ORIENTED_EDGE('',*,*,#1634,.T.);
#2461=ORIENTED_EDGE('',*,*,#1789,.T.);
#2462=ORIENTED_EDGE('',*,*,#1520,.T.);
#2463=ORIENTED_EDGE('',*,*,#1788,.F.);
#2464=ORIENTED_EDGE('',*,*,#1633,.T.);
#2465=ORIENTED_EDGE('',*,*,#1790,.T.);
#2466=ORIENTED_EDGE('',*,*,#1521,.T.);
#2467=ORIENTED_EDGE('',*,*,#1789,.F.);
#2468=ORIENTED_EDGE('',*,*,#1632,.T.);
#2469=ORIENTED_EDGE('',*,*,#1791,.T.);
#2470=ORIENTED_EDGE('',*,*,#1522,.T.);
#2471=ORIENTED_EDGE('',*,*,#1790,.F.);
#2472=ORIENTED_EDGE('',*,*,#1631,.T.);
#2473=ORIENTED_EDGE('',*,*,#1785,.T.);
#2474=ORIENTED_EDGE('',*,*,#1515,.T.);
#2475=ORIENTED_EDGE('',*,*,#1791,.F.);
#2476=ORIENTED_EDGE('',*,*,#1622,.T.);
#2477=ORIENTED_EDGE('',*,*,#1792,.T.);
#2478=ORIENTED_EDGE('',*,*,#1508,.T.);
#2479=ORIENTED_EDGE('',*,*,#1793,.F.);
#2480=ORIENTED_EDGE('',*,*,#1629,.T.);
#2481=ORIENTED_EDGE('',*,*,#1794,.T.);
#2482=ORIENTED_EDGE('',*,*,#1509,.T.);
#2483=ORIENTED_EDGE('',*,*,#1792,.F.);
#2484=ORIENTED_EDGE('',*,*,#1628,.T.);
#2485=ORIENTED_EDGE('',*,*,#1795,.T.);
#2486=ORIENTED_EDGE('',*,*,#1510,.T.);
#2487=ORIENTED_EDGE('',*,*,#1794,.F.);
#2488=ORIENTED_EDGE('',*,*,#1627,.T.);
#2489=ORIENTED_EDGE('',*,*,#1796,.T.);
#2490=ORIENTED_EDGE('',*,*,#1511,.T.);
#2491=ORIENTED_EDGE('',*,*,#1795,.F.);
#2492=ORIENTED_EDGE('',*,*,#1626,.T.);
#2493=ORIENTED_EDGE('',*,*,#1797,.T.);
#2494=ORIENTED_EDGE('',*,*,#1512,.T.);
#2495=ORIENTED_EDGE('',*,*,#1796,.F.);
#2496=ORIENTED_EDGE('',*,*,#1625,.T.);
#2497=ORIENTED_EDGE('',*,*,#1798,.T.);
#2498=ORIENTED_EDGE('',*,*,#1513,.T.);
#2499=ORIENTED_EDGE('',*,*,#1797,.F.);
#2500=ORIENTED_EDGE('',*,*,#1624,.T.);
#2501=ORIENTED_EDGE('',*,*,#1799,.T.);
#2502=ORIENTED_EDGE('',*,*,#1514,.T.);
#2503=ORIENTED_EDGE('',*,*,#1798,.F.);
#2504=ORIENTED_EDGE('',*,*,#1623,.T.);
#2505=ORIENTED_EDGE('',*,*,#1793,.T.);
#2506=ORIENTED_EDGE('',*,*,#1507,.T.);
#2507=ORIENTED_EDGE('',*,*,#1799,.F.);
#2508=ORIENTED_EDGE('',*,*,#1461,.T.);
#2509=ORIENTED_EDGE('',*,*,#1800,.T.);
#2510=ORIENTED_EDGE('',*,*,#1587,.T.);
#2511=ORIENTED_EDGE('',*,*,#1801,.T.);
#2512=ORIENTED_EDGE('',*,*,#1618,.T.);
#2513=ORIENTED_EDGE('',*,*,#1802,.T.);
#2514=ORIENTED_EDGE('',*,*,#1465,.T.);
#2515=ORIENTED_EDGE('',*,*,#1803,.F.);
#2516=ORIENTED_EDGE('',*,*,#1621,.T.);
#2517=ORIENTED_EDGE('',*,*,#1804,.T.);
#2518=ORIENTED_EDGE('',*,*,#1462,.T.);
#2519=ORIENTED_EDGE('',*,*,#1801,.F.);
#2520=ORIENTED_EDGE('',*,*,#1620,.T.);
#2521=ORIENTED_EDGE('',*,*,#1805,.T.);
#2522=ORIENTED_EDGE('',*,*,#1463,.T.);
#2523=ORIENTED_EDGE('',*,*,#1804,.F.);
#2524=ORIENTED_EDGE('',*,*,#1619,.T.);
#2525=ORIENTED_EDGE('',*,*,#1803,.T.);
#2526=ORIENTED_EDGE('',*,*,#1464,.T.);
#2527=ORIENTED_EDGE('',*,*,#1805,.F.);
#2528=ORIENTED_EDGE('',*,*,#1468,.T.);
#2529=ORIENTED_EDGE('',*,*,#1806,.T.);
#2530=ORIENTED_EDGE('',*,*,#1615,.T.);
#2531=ORIENTED_EDGE('',*,*,#1807,.T.);
#2532=ORIENTED_EDGE('',*,*,#1611,.T.);
#2533=ORIENTED_EDGE('',*,*,#1808,.T.);
#2534=ORIENTED_EDGE('',*,*,#1472,.T.);
#2535=ORIENTED_EDGE('',*,*,#1809,.F.);
#2536=ORIENTED_EDGE('',*,*,#1614,.T.);
#2537=ORIENTED_EDGE('',*,*,#1810,.T.);
#2538=ORIENTED_EDGE('',*,*,#1469,.T.);
#2539=ORIENTED_EDGE('',*,*,#1807,.F.);
#2540=ORIENTED_EDGE('',*,*,#1613,.T.);
#2541=ORIENTED_EDGE('',*,*,#1811,.T.);
#2542=ORIENTED_EDGE('',*,*,#1470,.T.);
#2543=ORIENTED_EDGE('',*,*,#1810,.F.);
#2544=ORIENTED_EDGE('',*,*,#1612,.T.);
#2545=ORIENTED_EDGE('',*,*,#1809,.T.);
#2546=ORIENTED_EDGE('',*,*,#1471,.T.);
#2547=ORIENTED_EDGE('',*,*,#1811,.F.);
#2548=ORIENTED_EDGE('',*,*,#1475,.T.);
#2549=ORIENTED_EDGE('',*,*,#1812,.T.);
#2550=ORIENTED_EDGE('',*,*,#1608,.T.);
#2551=ORIENTED_EDGE('',*,*,#1813,.T.);
#2552=ORIENTED_EDGE('',*,*,#1604,.T.);
#2553=ORIENTED_EDGE('',*,*,#1814,.T.);
#2554=ORIENTED_EDGE('',*,*,#1479,.T.);
#2555=ORIENTED_EDGE('',*,*,#1815,.F.);
#2556=ORIENTED_EDGE('',*,*,#1607,.T.);
#2557=ORIENTED_EDGE('',*,*,#1816,.T.);
#2558=ORIENTED_EDGE('',*,*,#1476,.T.);
#2559=ORIENTED_EDGE('',*,*,#1813,.F.);
#2560=ORIENTED_EDGE('',*,*,#1606,.T.);
#2561=ORIENTED_EDGE('',*,*,#1817,.T.);
#2562=ORIENTED_EDGE('',*,*,#1477,.T.);
#2563=ORIENTED_EDGE('',*,*,#1816,.F.);
#2564=ORIENTED_EDGE('',*,*,#1605,.T.);
#2565=ORIENTED_EDGE('',*,*,#1815,.T.);
#2566=ORIENTED_EDGE('',*,*,#1478,.T.);
#2567=ORIENTED_EDGE('',*,*,#1817,.F.);
#2568=ORIENTED_EDGE('',*,*,#1482,.T.);
#2569=ORIENTED_EDGE('',*,*,#1818,.T.);
#2570=ORIENTED_EDGE('',*,*,#1601,.T.);
#2571=ORIENTED_EDGE('',*,*,#1819,.T.);
#2572=ORIENTED_EDGE('',*,*,#1597,.T.);
#2573=ORIENTED_EDGE('',*,*,#1820,.T.);
#2574=ORIENTED_EDGE('',*,*,#1486,.T.);
#2575=ORIENTED_EDGE('',*,*,#1821,.F.);
#2576=ORIENTED_EDGE('',*,*,#1600,.T.);
#2577=ORIENTED_EDGE('',*,*,#1822,.T.);
#2578=ORIENTED_EDGE('',*,*,#1483,.T.);
#2579=ORIENTED_EDGE('',*,*,#1819,.F.);
#2580=ORIENTED_EDGE('',*,*,#1599,.T.);
#2581=ORIENTED_EDGE('',*,*,#1823,.T.);
#2582=ORIENTED_EDGE('',*,*,#1484,.T.);
#2583=ORIENTED_EDGE('',*,*,#1822,.F.);
#2584=ORIENTED_EDGE('',*,*,#1598,.T.);
#2585=ORIENTED_EDGE('',*,*,#1821,.T.);
#2586=ORIENTED_EDGE('',*,*,#1485,.T.);
#2587=ORIENTED_EDGE('',*,*,#1823,.F.);
#2588=ORIENTED_EDGE('',*,*,#1713,.T.);
#2589=ORIENTED_EDGE('',*,*,#1824,.T.);
#2590=ORIENTED_EDGE('',*,*,#1506,.T.);
#2591=ORIENTED_EDGE('',*,*,#1824,.F.);
#2592=ORIENTED_EDGE('',*,*,#1712,.T.);
#2593=ORIENTED_EDGE('',*,*,#1825,.T.);
#2594=ORIENTED_EDGE('',*,*,#1505,.T.);
#2595=ORIENTED_EDGE('',*,*,#1825,.F.);
#2596=ORIENTED_EDGE('',*,*,#1711,.T.);
#2597=ORIENTED_EDGE('',*,*,#1826,.T.);
#2598=ORIENTED_EDGE('',*,*,#1504,.T.);
#2599=ORIENTED_EDGE('',*,*,#1826,.F.);
#2600=ORIENTED_EDGE('',*,*,#1710,.T.);
#2601=ORIENTED_EDGE('',*,*,#1827,.T.);
#2602=ORIENTED_EDGE('',*,*,#1503,.T.);
#2603=ORIENTED_EDGE('',*,*,#1827,.F.);
#2604=ORIENTED_EDGE('',*,*,#1709,.T.);
#2605=ORIENTED_EDGE('',*,*,#1828,.T.);
#2606=ORIENTED_EDGE('',*,*,#1502,.T.);
#2607=ORIENTED_EDGE('',*,*,#1828,.F.);
#2608=ORIENTED_EDGE('',*,*,#1708,.T.);
#2609=ORIENTED_EDGE('',*,*,#1829,.T.);
#2610=ORIENTED_EDGE('',*,*,#1501,.T.);
#2611=ORIENTED_EDGE('',*,*,#1829,.F.);
#2612=ORIENTED_EDGE('',*,*,#1707,.T.);
#2613=ORIENTED_EDGE('',*,*,#1830,.T.);
#2614=ORIENTED_EDGE('',*,*,#1500,.T.);
#2615=ORIENTED_EDGE('',*,*,#1830,.F.);
#2616=ORIENTED_EDGE('',*,*,#1706,.T.);
#2617=ORIENTED_EDGE('',*,*,#1831,.T.);
#2618=ORIENTED_EDGE('',*,*,#1499,.T.);
#2619=ORIENTED_EDGE('',*,*,#1831,.F.);
#2620=ORIENTED_EDGE('',*,*,#1588,.F.);
#2621=ORIENTED_EDGE('',*,*,#1800,.F.);
#2622=ORIENTED_EDGE('',*,*,#1460,.F.);
#2623=ORIENTED_EDGE('',*,*,#1429,.F.);
#2624=ORIENTED_EDGE('',*,*,#1466,.F.);
#2625=ORIENTED_EDGE('',*,*,#1802,.F.);
#2626=ORIENTED_EDGE('',*,*,#1617,.F.);
#2627=ORIENTED_EDGE('',*,*,#1425,.F.);
#2628=ORIENTED_EDGE('',*,*,#1473,.F.);
#2629=ORIENTED_EDGE('',*,*,#1808,.F.);
#2630=ORIENTED_EDGE('',*,*,#1610,.F.);
#2631=ORIENTED_EDGE('',*,*,#1421,.F.);
#2632=ORIENTED_EDGE('',*,*,#1616,.F.);
#2633=ORIENTED_EDGE('',*,*,#1806,.F.);
#2634=ORIENTED_EDGE('',*,*,#1467,.F.);
#2635=ORIENTED_EDGE('',*,*,#1427,.F.);
#2636=ORIENTED_EDGE('',*,*,#1609,.F.);
#2637=ORIENTED_EDGE('',*,*,#1812,.F.);
#2638=ORIENTED_EDGE('',*,*,#1474,.F.);
#2639=ORIENTED_EDGE('',*,*,#1423,.F.);
#2640=ORIENTED_EDGE('',*,*,#1480,.F.);
#2641=ORIENTED_EDGE('',*,*,#1814,.F.);
#2642=ORIENTED_EDGE('',*,*,#1603,.F.);
#2643=ORIENTED_EDGE('',*,*,#1417,.F.);
#2644=ORIENTED_EDGE('',*,*,#1487,.F.);
#2645=ORIENTED_EDGE('',*,*,#1820,.F.);
#2646=ORIENTED_EDGE('',*,*,#1596,.F.);
#2647=ORIENTED_EDGE('',*,*,#1433,.F.);
#2648=ORIENTED_EDGE('',*,*,#1602,.F.);
#2649=ORIENTED_EDGE('',*,*,#1818,.F.);
#2650=ORIENTED_EDGE('',*,*,#1481,.F.);
#2651=ORIENTED_EDGE('',*,*,#1419,.F.);
#2652=ORIENTED_EDGE('',*,*,#1595,.F.);
#2653=ORIENTED_EDGE('',*,*,#1714,.F.);
#2654=ORIENTED_EDGE('',*,*,#1488,.F.);
#2655=ORIENTED_EDGE('',*,*,#1435,.F.);
#2656=ORIENTED_EDGE('',*,*,#1494,.F.);
#2657=ORIENTED_EDGE('',*,*,#1716,.F.);
#2658=ORIENTED_EDGE('',*,*,#1589,.F.);
#2659=ORIENTED_EDGE('',*,*,#1452,.F.);
#2660=ORIENTED_EDGE('',*,*,#1705,.T.);
#2661=ORIENTED_EDGE('',*,*,#1832,.T.);
#2662=ORIENTED_EDGE('',*,*,#1498,.T.);
#2663=ORIENTED_EDGE('',*,*,#1832,.F.);
#2664=ORIENTED_EDGE('',*,*,#1704,.T.);
#2665=ORIENTED_EDGE('',*,*,#1833,.T.);
#2666=ORIENTED_EDGE('',*,*,#1497,.T.);
#2667=ORIENTED_EDGE('',*,*,#1833,.F.);
#2668=ORIENTED_EDGE('',*,*,#1703,.T.);
#2669=ORIENTED_EDGE('',*,*,#1834,.T.);
#2670=ORIENTED_EDGE('',*,*,#1496,.T.);
#2671=ORIENTED_EDGE('',*,*,#1834,.F.);
#2672=ORIENTED_EDGE('',*,*,#1702,.T.);
#2673=ORIENTED_EDGE('',*,*,#1835,.T.);
#2674=ORIENTED_EDGE('',*,*,#1495,.T.);
#2675=ORIENTED_EDGE('',*,*,#1835,.F.);
#2676=PLANE('',#2883);
#2677=PLANE('',#2884);
#2678=PLANE('',#2885);
#2679=PLANE('',#2886);
#2680=PLANE('',#2887);
#2681=PLANE('',#2891);
#2682=PLANE('',#2895);
#2683=PLANE('',#2899);
#2684=PLANE('',#2903);
#2685=PLANE('',#2904);
#2686=PLANE('',#2992);
#2687=PLANE('',#3080);
#2688=PLANE('',#3081);
#2689=PLANE('',#3086);
#2690=PLANE('',#3088);
#2691=PLANE('',#3092);
#2692=PLANE('',#3094);
#2693=PLANE('',#3096);
#2694=PLANE('',#3100);
#2695=PLANE('',#3102);
#2696=PLANE('',#3104);
#2697=PLANE('',#3108);
#2698=PLANE('',#3110);
#2699=PLANE('',#3112);
#2700=PLANE('',#3116);
#2701=PLANE('',#3118);
#2702=PLANE('',#3120);
#2703=PLANE('',#3124);
#2704=PLANE('',#3126);
#2705=PLANE('',#3128);
#2706=PLANE('',#3132);
#2707=PLANE('',#3134);
#2708=PLANE('',#3136);
#2709=PLANE('',#3140);
#2710=PLANE('',#3142);
#2711=PLANE('',#3144);
#2712=PLANE('',#3148);
#2713=PLANE('',#3150);
#2714=PLANE('',#3152);
#2715=PLANE('',#3156);
#2716=PLANE('',#3158);
#2717=PLANE('',#3160);
#2718=PLANE('',#3164);
#2719=PLANE('',#3165);
#2720=PLANE('',#3166);
#2721=PLANE('',#3170);
#2722=PLANE('',#3171);
#2723=PLANE('',#3175);
#2724=PLANE('',#3176);
#2725=PLANE('',#3180);
#2726=PLANE('',#3181);
#2727=ADVANCED_FACE('',(#332),#2676,.F.);
#2728=ADVANCED_FACE('',(#333),#2677,.F.);
#2729=ADVANCED_FACE('',(#334),#2678,.F.);
#2730=ADVANCED_FACE('',(#335),#2679,.F.);
#2731=ADVANCED_FACE('',(#336),#2680,.F.);
#2732=ADVANCED_FACE('',(#337),#241,.T.);
#2733=ADVANCED_FACE('',(#338),#2681,.F.);
#2734=ADVANCED_FACE('',(#339),#242,.T.);
#2735=ADVANCED_FACE('',(#340),#2682,.F.);
#2736=ADVANCED_FACE('',(#341),#243,.T.);
#2737=ADVANCED_FACE('',(#342),#2683,.F.);
#2738=ADVANCED_FACE('',(#343),#244,.T.);
#2739=ADVANCED_FACE('',(#344),#2684,.F.);
#2740=ADVANCED_FACE('',(#345,#15,#16,#17,#18,#19,#20,#21,#22,#23,#24,#25,
#26,#27,#28,#29,#30,#31,#32,#33,#34,#35,#36),#2685,.F.);
#2741=ADVANCED_FACE('',(#346,#37,#38,#39,#40,#41,#42,#43,#44,#45,#46,#47,
#48,#49,#50,#51,#52,#53,#54,#55,#56,#57,#58),#2686,.T.);
#2742=ADVANCED_FACE('',(#347),#2687,.F.);
#2743=ADVANCED_FACE('',(#348),#2688,.F.);
#2744=ADVANCED_FACE('',(#349),#245,.T.);
#2745=ADVANCED_FACE('',(#350),#246,.F.);
#2746=ADVANCED_FACE('',(#351),#247,.T.);
#2747=ADVANCED_FACE('',(#352),#248,.F.);
#2748=ADVANCED_FACE('',(#353),#2689,.F.);
#2749=ADVANCED_FACE('',(#354),#249,.F.);
#2750=ADVANCED_FACE('',(#355),#2690,.F.);
#2751=ADVANCED_FACE('',(#356),#250,.T.);
#2752=ADVANCED_FACE('',(#357),#251,.F.);
#2753=ADVANCED_FACE('',(#358),#252,.T.);
#2754=ADVANCED_FACE('',(#359),#2691,.F.);
#2755=ADVANCED_FACE('',(#360),#253,.F.);
#2756=ADVANCED_FACE('',(#361),#2692,.F.);
#2757=ADVANCED_FACE('',(#362),#254,.F.);
#2758=ADVANCED_FACE('',(#363),#2693,.F.);
#2759=ADVANCED_FACE('',(#364),#255,.T.);
#2760=ADVANCED_FACE('',(#365),#256,.F.);
#2761=ADVANCED_FACE('',(#366),#257,.T.);
#2762=ADVANCED_FACE('',(#367),#2694,.F.);
#2763=ADVANCED_FACE('',(#368),#258,.F.);
#2764=ADVANCED_FACE('',(#369),#2695,.F.);
#2765=ADVANCED_FACE('',(#370),#259,.F.);
#2766=ADVANCED_FACE('',(#371),#2696,.F.);
#2767=ADVANCED_FACE('',(#372),#260,.T.);
#2768=ADVANCED_FACE('',(#373),#261,.F.);
#2769=ADVANCED_FACE('',(#374),#262,.T.);
#2770=ADVANCED_FACE('',(#375),#2697,.F.);
#2771=ADVANCED_FACE('',(#376),#263,.F.);
#2772=ADVANCED_FACE('',(#377),#2698,.F.);
#2773=ADVANCED_FACE('',(#378),#264,.F.);
#2774=ADVANCED_FACE('',(#379),#2699,.F.);
#2775=ADVANCED_FACE('',(#380),#265,.T.);
#2776=ADVANCED_FACE('',(#381),#266,.F.);
#2777=ADVANCED_FACE('',(#382),#267,.T.);
#2778=ADVANCED_FACE('',(#383),#2700,.F.);
#2779=ADVANCED_FACE('',(#384),#268,.F.);
#2780=ADVANCED_FACE('',(#385),#2701,.F.);
#2781=ADVANCED_FACE('',(#386),#269,.F.);
#2782=ADVANCED_FACE('',(#387),#2702,.F.);
#2783=ADVANCED_FACE('',(#388),#270,.T.);
#2784=ADVANCED_FACE('',(#389),#271,.F.);
#2785=ADVANCED_FACE('',(#390),#272,.T.);
#2786=ADVANCED_FACE('',(#391),#2703,.F.);
#2787=ADVANCED_FACE('',(#392),#273,.F.);
#2788=ADVANCED_FACE('',(#393),#2704,.F.);
#2789=ADVANCED_FACE('',(#394),#274,.F.);
#2790=ADVANCED_FACE('',(#395),#2705,.F.);
#2791=ADVANCED_FACE('',(#396),#275,.T.);
#2792=ADVANCED_FACE('',(#397),#276,.F.);
#2793=ADVANCED_FACE('',(#398),#277,.T.);
#2794=ADVANCED_FACE('',(#399),#2706,.F.);
#2795=ADVANCED_FACE('',(#400),#278,.F.);
#2796=ADVANCED_FACE('',(#401),#2707,.F.);
#2797=ADVANCED_FACE('',(#402),#279,.F.);
#2798=ADVANCED_FACE('',(#403),#2708,.F.);
#2799=ADVANCED_FACE('',(#404),#280,.T.);
#2800=ADVANCED_FACE('',(#405),#281,.F.);
#2801=ADVANCED_FACE('',(#406),#282,.T.);
#2802=ADVANCED_FACE('',(#407),#2709,.F.);
#2803=ADVANCED_FACE('',(#408),#283,.F.);
#2804=ADVANCED_FACE('',(#409),#2710,.F.);
#2805=ADVANCED_FACE('',(#410),#284,.F.);
#2806=ADVANCED_FACE('',(#411),#2711,.F.);
#2807=ADVANCED_FACE('',(#412),#285,.T.);
#2808=ADVANCED_FACE('',(#413),#286,.F.);
#2809=ADVANCED_FACE('',(#414),#287,.T.);
#2810=ADVANCED_FACE('',(#415),#2712,.F.);
#2811=ADVANCED_FACE('',(#416),#288,.F.);
#2812=ADVANCED_FACE('',(#417),#2713,.F.);
#2813=ADVANCED_FACE('',(#418),#289,.F.);
#2814=ADVANCED_FACE('',(#419),#2714,.F.);
#2815=ADVANCED_FACE('',(#420),#290,.T.);
#2816=ADVANCED_FACE('',(#421),#291,.F.);
#2817=ADVANCED_FACE('',(#422),#292,.T.);
#2818=ADVANCED_FACE('',(#423),#2715,.F.);
#2819=ADVANCED_FACE('',(#424),#293,.F.);
#2820=ADVANCED_FACE('',(#425),#2716,.F.);
#2821=ADVANCED_FACE('',(#426),#294,.F.);
#2822=ADVANCED_FACE('',(#427),#2717,.F.);
#2823=ADVANCED_FACE('',(#428),#295,.T.);
#2824=ADVANCED_FACE('',(#429),#296,.F.);
#2825=ADVANCED_FACE('',(#430),#297,.T.);
#2826=ADVANCED_FACE('',(#431),#2718,.F.);
#2827=ADVANCED_FACE('',(#432),#2719,.F.);
#2828=ADVANCED_FACE('',(#433),#2720,.F.);
#2829=ADVANCED_FACE('',(#434),#298,.T.);
#2830=ADVANCED_FACE('',(#435),#299,.F.);
#2831=ADVANCED_FACE('',(#436),#300,.T.);
#2832=ADVANCED_FACE('',(#437),#2721,.F.);
#2833=ADVANCED_FACE('',(#438),#2722,.F.);
#2834=ADVANCED_FACE('',(#439),#301,.T.);
#2835=ADVANCED_FACE('',(#440),#302,.F.);
#2836=ADVANCED_FACE('',(#441),#303,.T.);
#2837=ADVANCED_FACE('',(#442),#2723,.F.);
#2838=ADVANCED_FACE('',(#443),#2724,.F.);
#2839=ADVANCED_FACE('',(#444),#304,.T.);
#2840=ADVANCED_FACE('',(#445),#305,.F.);
#2841=ADVANCED_FACE('',(#446),#306,.T.);
#2842=ADVANCED_FACE('',(#447),#2725,.F.);
#2843=ADVANCED_FACE('',(#448),#2726,.F.);
#2844=ADVANCED_FACE('',(#449),#307,.T.);
#2845=ADVANCED_FACE('',(#450),#308,.F.);
#2846=ADVANCED_FACE('',(#451),#309,.T.);
#2847=ADVANCED_FACE('',(#452),#310,.F.);
#2848=ADVANCED_FACE('',(#453),#311,.F.);
#2849=ADVANCED_FACE('',(#454),#312,.F.);
#2850=ADVANCED_FACE('',(#455),#313,.F.);
#2851=ADVANCED_FACE('',(#456),#314,.F.);
#2852=ADVANCED_FACE('',(#457),#315,.F.);
#2853=ADVANCED_FACE('',(#458),#316,.F.);
#2854=ADVANCED_FACE('',(#459),#317,.F.);
#2855=ADVANCED_FACE('',(#460),#318,.T.);
#2856=ADVANCED_FACE('',(#461),#319,.T.);
#2857=ADVANCED_FACE('',(#462),#320,.T.);
#2858=ADVANCED_FACE('',(#463),#321,.T.);
#2859=ADVANCED_FACE('',(#464),#322,.T.);
#2860=ADVANCED_FACE('',(#465),#323,.T.);
#2861=ADVANCED_FACE('',(#466),#324,.T.);
#2862=ADVANCED_FACE('',(#467),#325,.T.);
#2863=ADVANCED_FACE('',(#468),#326,.T.);
#2864=ADVANCED_FACE('',(#469),#327,.T.);
#2865=ADVANCED_FACE('',(#470),#328,.F.);
#2866=ADVANCED_FACE('',(#471),#329,.F.);
#2867=ADVANCED_FACE('',(#472),#330,.F.);
#2868=ADVANCED_FACE('',(#473),#331,.F.);
#2869=CLOSED_SHELL('',(#2727,#2728,#2729,#2730,#2731,#2732,#2733,#2734,
#2735,#2736,#2737,#2738,#2739,#2740,#2741,#2742,#2743,#2744,#2745,#2746,
#2747,#2748,#2749,#2750,#2751,#2752,#2753,#2754,#2755,#2756,#2757,#2758,
#2759,#2760,#2761,#2762,#2763,#2764,#2765,#2766,#2767,#2768,#2769,#2770,
#2771,#2772,#2773,#2774,#2775,#2776,#2777,#2778,#2779,#2780,#2781,#2782,
#2783,#2784,#2785,#2786,#2787,#2788,#2789,#2790,#2791,#2792,#2793,#2794,
#2795,#2796,#2797,#2798,#2799,#2800,#2801,#2802,#2803,#2804,#2805,#2806,
#2807,#2808,#2809,#2810,#2811,#2812,#2813,#2814,#2815,#2816,#2817,#2818,
#2819,#2820,#2821,#2822,#2823,#2824,#2825,#2826,#2827,#2828,#2829,#2830,
#2831,#2832,#2833,#2834,#2835,#2836,#2837,#2838,#2839,#2840,#2841,#2842,
#2843,#2844,#2845,#2846,#2847,#2848,#2849,#2850,#2851,#2852,#2853,#2854,
#2855,#2856,#2857,#2858,#2859,#2860,#2861,#2862,#2863,#2864,#2865,#2866,
#2867,#2868));
#2870=DERIVED_UNIT_ELEMENT(#2872,1.);
#2871=DERIVED_UNIT_ELEMENT(#4943,-3.);
#2872=(
MASS_UNIT()
NAMED_UNIT(*)
SI_UNIT(.KILO.,.GRAM.)
);
#2873=DERIVED_UNIT((#2870,#2871));
#2874=MEASURE_REPRESENTATION_ITEM('density measure',
POSITIVE_RATIO_MEASURE(7850.),#2873);
#2875=PROPERTY_DEFINITION_REPRESENTATION(#2880,#2877);
#2876=PROPERTY_DEFINITION_REPRESENTATION(#2881,#2878);
#2877=REPRESENTATION('material name',(#2879),#4940);
#2878=REPRESENTATION('density',(#2874),#4940);
#2879=DESCRIPTIVE_REPRESENTATION_ITEM('Steel','Steel');
#2880=PROPERTY_DEFINITION('material property','material name',#4950);
#2881=PROPERTY_DEFINITION('material property','density of part',#4950);
#2882=AXIS2_PLACEMENT_3D('',#4095,#3207,#3208);
#2883=AXIS2_PLACEMENT_3D('',#4096,#3209,#3210);
#2884=AXIS2_PLACEMENT_3D('',#4105,#3215,#3216);
#2885=AXIS2_PLACEMENT_3D('',#4114,#3221,#3222);
#2886=AXIS2_PLACEMENT_3D('',#4123,#3227,#3228);
#2887=AXIS2_PLACEMENT_3D('',#4132,#3233,#3234);
#2888=AXIS2_PLACEMENT_3D('',#4141,#3239,#3240);
#2889=AXIS2_PLACEMENT_3D('',#4144,#3241,#3242);
#2890=AXIS2_PLACEMENT_3D('',#4148,#3244,#3245);
#2891=AXIS2_PLACEMENT_3D('',#4150,#3247,#3248);
#2892=AXIS2_PLACEMENT_3D('',#4156,#3252,#3253);
#2893=AXIS2_PLACEMENT_3D('',#4158,#3254,#3255);
#2894=AXIS2_PLACEMENT_3D('',#4161,#3257,#3258);
#2895=AXIS2_PLACEMENT_3D('',#4162,#3259,#3260);
#2896=AXIS2_PLACEMENT_3D('',#4168,#3264,#3265);
#2897=AXIS2_PLACEMENT_3D('',#4169,#3266,#3267);
#2898=AXIS2_PLACEMENT_3D('',#4170,#3268,#3269);
#2899=AXIS2_PLACEMENT_3D('',#4171,#3270,#3271);
#2900=AXIS2_PLACEMENT_3D('',#4180,#3276,#3277);
#2901=AXIS2_PLACEMENT_3D('',#4182,#3278,#3279);
#2902=AXIS2_PLACEMENT_3D('',#4185,#3281,#3282);
#2903=AXIS2_PLACEMENT_3D('',#4186,#3283,#3284);
#2904=AXIS2_PLACEMENT_3D('',#4189,#3287,#3288);
#2905=AXIS2_PLACEMENT_3D('',#4191,#3289,#3290);
#2906=AXIS2_PLACEMENT_3D('',#4195,#3292,#3293);
#2907=AXIS2_PLACEMENT_3D('',#4197,#3294,#3295);
#2908=AXIS2_PLACEMENT_3D('',#4199,#3296,#3297);
#2909=AXIS2_PLACEMENT_3D('',#4202,#3299,#3300);
#2910=AXIS2_PLACEMENT_3D('',#4204,#3301,#3302);
#2911=AXIS2_PLACEMENT_3D('',#4208,#3304,#3305);
#2912=AXIS2_PLACEMENT_3D('',#4210,#3306,#3307);
#2913=AXIS2_PLACEMENT_3D('',#4212,#3308,#3309);
#2914=AXIS2_PLACEMENT_3D('',#4215,#3311,#3312);
#2915=AXIS2_PLACEMENT_3D('',#4217,#3313,#3314);
#2916=AXIS2_PLACEMENT_3D('',#4221,#3316,#3317);
#2917=AXIS2_PLACEMENT_3D('',#4223,#3318,#3319);
#2918=AXIS2_PLACEMENT_3D('',#4225,#3320,#3321);
#2919=AXIS2_PLACEMENT_3D('',#4228,#3323,#3324);
#2920=AXIS2_PLACEMENT_3D('',#4230,#3325,#3326);
#2921=AXIS2_PLACEMENT_3D('',#4234,#3328,#3329);
#2922=AXIS2_PLACEMENT_3D('',#4236,#3330,#3331);
#2923=AXIS2_PLACEMENT_3D('',#4238,#3332,#3333);
#2924=AXIS2_PLACEMENT_3D('',#4241,#3335,#3336);
#2925=AXIS2_PLACEMENT_3D('',#4243,#3337,#3338);
#2926=AXIS2_PLACEMENT_3D('',#4247,#3340,#3341);
#2927=AXIS2_PLACEMENT_3D('',#4249,#3342,#3343);
#2928=AXIS2_PLACEMENT_3D('',#4251,#3344,#3345);
#2929=AXIS2_PLACEMENT_3D('',#4254,#3347,#3348);
#2930=AXIS2_PLACEMENT_3D('',#4256,#3349,#3350);
#2931=AXIS2_PLACEMENT_3D('',#4258,#3351,#3352);
#2932=AXIS2_PLACEMENT_3D('',#4260,#3353,#3354);
#2933=AXIS2_PLACEMENT_3D('',#4262,#3355,#3356);
#2934=AXIS2_PLACEMENT_3D('',#4264,#3357,#3358);
#2935=AXIS2_PLACEMENT_3D('',#4266,#3359,#3360);
#2936=AXIS2_PLACEMENT_3D('',#4268,#3361,#3362);
#2937=AXIS2_PLACEMENT_3D('',#4270,#3363,#3364);
#2938=AXIS2_PLACEMENT_3D('',#4272,#3365,#3366);
#2939=AXIS2_PLACEMENT_3D('',#4274,#3367,#3368);
#2940=AXIS2_PLACEMENT_3D('',#4276,#3369,#3370);
#2941=AXIS2_PLACEMENT_3D('',#4278,#3371,#3372);
#2942=AXIS2_PLACEMENT_3D('',#4283,#3374,#3375);
#2943=AXIS2_PLACEMENT_3D('',#4287,#3377,#3378);
#2944=AXIS2_PLACEMENT_3D('',#4291,#3380,#3381);
#2945=AXIS2_PLACEMENT_3D('',#4293,#3382,#3383);
#2946=AXIS2_PLACEMENT_3D('',#4294,#3384,#3385);
#2947=AXIS2_PLACEMENT_3D('',#4299,#3387,#3388);
#2948=AXIS2_PLACEMENT_3D('',#4303,#3390,#3391);
#2949=AXIS2_PLACEMENT_3D('',#4307,#3393,#3394);
#2950=AXIS2_PLACEMENT_3D('',#4309,#3395,#3396);
#2951=AXIS2_PLACEMENT_3D('',#4310,#3397,#3398);
#2952=AXIS2_PLACEMENT_3D('',#4315,#3400,#3401);
#2953=AXIS2_PLACEMENT_3D('',#4319,#3403,#3404);
#2954=AXIS2_PLACEMENT_3D('',#4323,#3406,#3407);
#2955=AXIS2_PLACEMENT_3D('',#4325,#3408,#3409);
#2956=AXIS2_PLACEMENT_3D('',#4326,#3410,#3411);
#2957=AXIS2_PLACEMENT_3D('',#4331,#3413,#3414);
#2958=AXIS2_PLACEMENT_3D('',#4335,#3416,#3417);
#2959=AXIS2_PLACEMENT_3D('',#4339,#3419,#3420);
#2960=AXIS2_PLACEMENT_3D('',#4341,#3421,#3422);
#2961=AXIS2_PLACEMENT_3D('',#4342,#3423,#3424);
#2962=AXIS2_PLACEMENT_3D('',#4347,#3426,#3427);
#2963=AXIS2_PLACEMENT_3D('',#4351,#3429,#3430);
#2964=AXIS2_PLACEMENT_3D('',#4355,#3432,#3433);
#2965=AXIS2_PLACEMENT_3D('',#4357,#3434,#3435);
#2966=AXIS2_PLACEMENT_3D('',#4358,#3436,#3437);
#2967=AXIS2_PLACEMENT_3D('',#4363,#3439,#3440);
#2968=AXIS2_PLACEMENT_3D('',#4367,#3442,#3443);
#2969=AXIS2_PLACEMENT_3D('',#4371,#3445,#3446);
#2970=AXIS2_PLACEMENT_3D('',#4373,#3447,#3448);
#2971=AXIS2_PLACEMENT_3D('',#4374,#3449,#3450);
#2972=AXIS2_PLACEMENT_3D('',#4379,#3452,#3453);
#2973=AXIS2_PLACEMENT_3D('',#4383,#3455,#3456);
#2974=AXIS2_PLACEMENT_3D('',#4387,#3458,#3459);
#2975=AXIS2_PLACEMENT_3D('',#4389,#3460,#3461);
#2976=AXIS2_PLACEMENT_3D('',#4390,#3462,#3463);
#2977=AXIS2_PLACEMENT_3D('',#4395,#3465,#3466);
#2978=AXIS2_PLACEMENT_3D('',#4399,#3468,#3469);
#2979=AXIS2_PLACEMENT_3D('',#4403,#3471,#3472);
#2980=AXIS2_PLACEMENT_3D('',#4405,#3473,#3474);
#2981=AXIS2_PLACEMENT_3D('',#4406,#3475,#3476);
#2982=AXIS2_PLACEMENT_3D('',#4411,#3478,#3479);
#2983=AXIS2_PLACEMENT_3D('',#4415,#3481,#3482);
#2984=AXIS2_PLACEMENT_3D('',#4419,#3484,#3485);
#2985=AXIS2_PLACEMENT_3D('',#4421,#3486,#3487);
#2986=AXIS2_PLACEMENT_3D('',#4422,#3488,#3489);
#2987=AXIS2_PLACEMENT_3D('',#4427,#3491,#3492);
#2988=AXIS2_PLACEMENT_3D('',#4431,#3494,#3495);
#2989=AXIS2_PLACEMENT_3D('',#4435,#3497,#3498);
#2990=AXIS2_PLACEMENT_3D('',#4437,#3499,#3500);
#2991=AXIS2_PLACEMENT_3D('',#4438,#3501,#3502);
#2992=AXIS2_PLACEMENT_3D('',#4439,#3503,#3504);
#2993=AXIS2_PLACEMENT_3D('',#4443,#3506,#3507);
#2994=AXIS2_PLACEMENT_3D('',#4445,#3508,#3509);
#2995=AXIS2_PLACEMENT_3D('',#4449,#3511,#3512);
#2996=AXIS2_PLACEMENT_3D('',#4451,#3513,#3514);
#2997=AXIS2_PLACEMENT_3D('',#4453,#3515,#3516);
#2998=AXIS2_PLACEMENT_3D('',#4456,#3518,#3519);
#2999=AXIS2_PLACEMENT_3D('',#4458,#3520,#3521);
#3000=AXIS2_PLACEMENT_3D('',#4462,#3523,#3524);
#3001=AXIS2_PLACEMENT_3D('',#4464,#3525,#3526);
#3002=AXIS2_PLACEMENT_3D('',#4466,#3527,#3528);
#3003=AXIS2_PLACEMENT_3D('',#4469,#3530,#3531);
#3004=AXIS2_PLACEMENT_3D('',#4471,#3532,#3533);
#3005=AXIS2_PLACEMENT_3D('',#4475,#3535,#3536);
#3006=AXIS2_PLACEMENT_3D('',#4477,#3537,#3538);
#3007=AXIS2_PLACEMENT_3D('',#4479,#3539,#3540);
#3008=AXIS2_PLACEMENT_3D('',#4482,#3542,#3543);
#3009=AXIS2_PLACEMENT_3D('',#4484,#3544,#3545);
#3010=AXIS2_PLACEMENT_3D('',#4488,#3547,#3548);
#3011=AXIS2_PLACEMENT_3D('',#4490,#3549,#3550);
#3012=AXIS2_PLACEMENT_3D('',#4492,#3551,#3552);
#3013=AXIS2_PLACEMENT_3D('',#4495,#3554,#3555);
#3014=AXIS2_PLACEMENT_3D('',#4497,#3556,#3557);
#3015=AXIS2_PLACEMENT_3D('',#4501,#3559,#3560);
#3016=AXIS2_PLACEMENT_3D('',#4503,#3561,#3562);
#3017=AXIS2_PLACEMENT_3D('',#4504,#3563,#3564);
#3018=AXIS2_PLACEMENT_3D('',#4507,#3565,#3566);
#3019=AXIS2_PLACEMENT_3D('',#4511,#3568,#3569);
#3020=AXIS2_PLACEMENT_3D('',#4513,#3570,#3571);
#3021=AXIS2_PLACEMENT_3D('',#4515,#3572,#3573);
#3022=AXIS2_PLACEMENT_3D('',#4519,#3575,#3576);
#3023=AXIS2_PLACEMENT_3D('',#4523,#3578,#3579);
#3024=AXIS2_PLACEMENT_3D('',#4527,#3581,#3582);
#3025=AXIS2_PLACEMENT_3D('',#4529,#3583,#3584);
#3026=AXIS2_PLACEMENT_3D('',#4531,#3585,#3586);
#3027=AXIS2_PLACEMENT_3D('',#4535,#3588,#3589);
#3028=AXIS2_PLACEMENT_3D('',#4539,#3591,#3592);
#3029=AXIS2_PLACEMENT_3D('',#4543,#3594,#3595);
#3030=AXIS2_PLACEMENT_3D('',#4545,#3596,#3597);
#3031=AXIS2_PLACEMENT_3D('',#4547,#3598,#3599);
#3032=AXIS2_PLACEMENT_3D('',#4551,#3601,#3602);
#3033=AXIS2_PLACEMENT_3D('',#4555,#3604,#3605);
#3034=AXIS2_PLACEMENT_3D('',#4559,#3607,#3608);
#3035=AXIS2_PLACEMENT_3D('',#4561,#3609,#3610);
#3036=AXIS2_PLACEMENT_3D('',#4563,#3611,#3612);
#3037=AXIS2_PLACEMENT_3D('',#4567,#3614,#3615);
#3038=AXIS2_PLACEMENT_3D('',#4571,#3617,#3618);
#3039=AXIS2_PLACEMENT_3D('',#4575,#3620,#3621);
#3040=AXIS2_PLACEMENT_3D('',#4577,#3622,#3623);
#3041=AXIS2_PLACEMENT_3D('',#4579,#3624,#3625);
#3042=AXIS2_PLACEMENT_3D('',#4583,#3627,#3628);
#3043=AXIS2_PLACEMENT_3D('',#4587,#3630,#3631);
#3044=AXIS2_PLACEMENT_3D('',#4591,#3633,#3634);
#3045=AXIS2_PLACEMENT_3D('',#4593,#3635,#3636);
#3046=AXIS2_PLACEMENT_3D('',#4595,#3637,#3638);
#3047=AXIS2_PLACEMENT_3D('',#4599,#3640,#3641);
#3048=AXIS2_PLACEMENT_3D('',#4603,#3643,#3644);
#3049=AXIS2_PLACEMENT_3D('',#4607,#3646,#3647);
#3050=AXIS2_PLACEMENT_3D('',#4609,#3648,#3649);
#3051=AXIS2_PLACEMENT_3D('',#4611,#3650,#3651);
#3052=AXIS2_PLACEMENT_3D('',#4615,#3653,#3654);
#3053=AXIS2_PLACEMENT_3D('',#4619,#3656,#3657);
#3054=AXIS2_PLACEMENT_3D('',#4623,#3659,#3660);
#3055=AXIS2_PLACEMENT_3D('',#4625,#3661,#3662);
#3056=AXIS2_PLACEMENT_3D('',#4627,#3663,#3664);
#3057=AXIS2_PLACEMENT_3D('',#4631,#3666,#3667);
#3058=AXIS2_PLACEMENT_3D('',#4635,#3669,#3670);
#3059=AXIS2_PLACEMENT_3D('',#4639,#3672,#3673);
#3060=AXIS2_PLACEMENT_3D('',#4641,#3674,#3675);
#3061=AXIS2_PLACEMENT_3D('',#4643,#3676,#3677);
#3062=AXIS2_PLACEMENT_3D('',#4647,#3679,#3680);
#3063=AXIS2_PLACEMENT_3D('',#4651,#3682,#3683);
#3064=AXIS2_PLACEMENT_3D('',#4655,#3685,#3686);
#3065=AXIS2_PLACEMENT_3D('',#4657,#3687,#3688);
#3066=AXIS2_PLACEMENT_3D('',#4659,#3689,#3690);
#3067=AXIS2_PLACEMENT_3D('',#4663,#3692,#3693);
#3068=AXIS2_PLACEMENT_3D('',#4666,#3695,#3696);
#3069=AXIS2_PLACEMENT_3D('',#4668,#3697,#3698);
#3070=AXIS2_PLACEMENT_3D('',#4670,#3699,#3700);
#3071=AXIS2_PLACEMENT_3D('',#4672,#3701,#3702);
#3072=AXIS2_PLACEMENT_3D('',#4674,#3703,#3704);
#3073=AXIS2_PLACEMENT_3D('',#4676,#3705,#3706);
#3074=AXIS2_PLACEMENT_3D('',#4678,#3707,#3708);
#3075=AXIS2_PLACEMENT_3D('',#4680,#3709,#3710);
#3076=AXIS2_PLACEMENT_3D('',#4682,#3711,#3712);
#3077=AXIS2_PLACEMENT_3D('',#4684,#3713,#3714);
#3078=AXIS2_PLACEMENT_3D('',#4686,#3715,#3716);
#3079=AXIS2_PLACEMENT_3D('',#4688,#3717,#3718);
#3080=AXIS2_PLACEMENT_3D('',#4689,#3719,#3720);
#3081=AXIS2_PLACEMENT_3D('',#4692,#3723,#3724);
#3082=AXIS2_PLACEMENT_3D('',#4695,#3727,#3728);
#3083=AXIS2_PLACEMENT_3D('',#4697,#3730,#3731);
#3084=AXIS2_PLACEMENT_3D('',#4699,#3733,#3734);
#3085=AXIS2_PLACEMENT_3D('',#4700,#3735,#3736);
#3086=AXIS2_PLACEMENT_3D('',#4703,#3739,#3740);
#3087=AXIS2_PLACEMENT_3D('',#4705,#3742,#3743);
#3088=AXIS2_PLACEMENT_3D('',#4707,#3745,#3746);
#3089=AXIS2_PLACEMENT_3D('',#4709,#3748,#3749);
#3090=AXIS2_PLACEMENT_3D('',#4711,#3751,#3752);
#3091=AXIS2_PLACEMENT_3D('',#4713,#3754,#3755);
#3092=AXIS2_PLACEMENT_3D('',#4715,#3757,#3758);
#3093=AXIS2_PLACEMENT_3D('',#4716,#3759,#3760);
#3094=AXIS2_PLACEMENT_3D('',#4719,#3763,#3764);
#3095=AXIS2_PLACEMENT_3D('',#4721,#3766,#3767);
#3096=AXIS2_PLACEMENT_3D('',#4723,#3769,#3770);
#3097=AXIS2_PLACEMENT_3D('',#4725,#3772,#3773);
#3098=AXIS2_PLACEMENT_3D('',#4727,#3775,#3776);
#3099=AXIS2_PLACEMENT_3D('',#4729,#3778,#3779);
#3100=AXIS2_PLACEMENT_3D('',#4731,#3781,#3782);
#3101=AXIS2_PLACEMENT_3D('',#4732,#3783,#3784);
#3102=AXIS2_PLACEMENT_3D('',#4735,#3787,#3788);
#3103=AXIS2_PLACEMENT_3D('',#4737,#3790,#3791);
#3104=AXIS2_PLACEMENT_3D('',#4739,#3793,#3794);
#3105=AXIS2_PLACEMENT_3D('',#4741,#3796,#3797);
#3106=AXIS2_PLACEMENT_3D('',#4743,#3799,#3800);
#3107=AXIS2_PLACEMENT_3D('',#4745,#3802,#3803);
#3108=AXIS2_PLACEMENT_3D('',#4747,#3805,#3806);
#3109=AXIS2_PLACEMENT_3D('',#4748,#3807,#3808);
#3110=AXIS2_PLACEMENT_3D('',#4751,#3811,#3812);
#3111=AXIS2_PLACEMENT_3D('',#4753,#3814,#3815);
#3112=AXIS2_PLACEMENT_3D('',#4755,#3817,#3818);
#3113=AXIS2_PLACEMENT_3D('',#4757,#3820,#3821);
#3114=AXIS2_PLACEMENT_3D('',#4759,#3823,#3824);
#3115=AXIS2_PLACEMENT_3D('',#4761,#3826,#3827);
#3116=AXIS2_PLACEMENT_3D('',#4763,#3829,#3830);
#3117=AXIS2_PLACEMENT_3D('',#4764,#3831,#3832);
#3118=AXIS2_PLACEMENT_3D('',#4767,#3835,#3836);
#3119=AXIS2_PLACEMENT_3D('',#4769,#3838,#3839);
#3120=AXIS2_PLACEMENT_3D('',#4771,#3841,#3842);
#3121=AXIS2_PLACEMENT_3D('',#4773,#3844,#3845);
#3122=AXIS2_PLACEMENT_3D('',#4775,#3847,#3848);
#3123=AXIS2_PLACEMENT_3D('',#4777,#3850,#3851);
#3124=AXIS2_PLACEMENT_3D('',#4779,#3853,#3854);
#3125=AXIS2_PLACEMENT_3D('',#4780,#3855,#3856);
#3126=AXIS2_PLACEMENT_3D('',#4783,#3859,#3860);
#3127=AXIS2_PLACEMENT_3D('',#4785,#3862,#3863);
#3128=AXIS2_PLACEMENT_3D('',#4787,#3865,#3866);
#3129=AXIS2_PLACEMENT_3D('',#4789,#3868,#3869);
#3130=AXIS2_PLACEMENT_3D('',#4791,#3871,#3872);
#3131=AXIS2_PLACEMENT_3D('',#4793,#3874,#3875);
#3132=AXIS2_PLACEMENT_3D('',#4795,#3877,#3878);
#3133=AXIS2_PLACEMENT_3D('',#4796,#3879,#3880);
#3134=AXIS2_PLACEMENT_3D('',#4799,#3883,#3884);
#3135=AXIS2_PLACEMENT_3D('',#4801,#3886,#3887);
#3136=AXIS2_PLACEMENT_3D('',#4803,#3889,#3890);
#3137=AXIS2_PLACEMENT_3D('',#4805,#3892,#3893);
#3138=AXIS2_PLACEMENT_3D('',#4807,#3895,#3896);
#3139=AXIS2_PLACEMENT_3D('',#4809,#3898,#3899);
#3140=AXIS2_PLACEMENT_3D('',#4811,#3901,#3902);
#3141=AXIS2_PLACEMENT_3D('',#4812,#3903,#3904);
#3142=AXIS2_PLACEMENT_3D('',#4815,#3907,#3908);
#3143=AXIS2_PLACEMENT_3D('',#4817,#3910,#3911);
#3144=AXIS2_PLACEMENT_3D('',#4819,#3913,#3914);
#3145=AXIS2_PLACEMENT_3D('',#4821,#3916,#3917);
#3146=AXIS2_PLACEMENT_3D('',#4823,#3919,#3920);
#3147=AXIS2_PLACEMENT_3D('',#4825,#3922,#3923);
#3148=AXIS2_PLACEMENT_3D('',#4827,#3925,#3926);
#3149=AXIS2_PLACEMENT_3D('',#4828,#3927,#3928);
#3150=AXIS2_PLACEMENT_3D('',#4831,#3931,#3932);
#3151=AXIS2_PLACEMENT_3D('',#4833,#3934,#3935);
#3152=AXIS2_PLACEMENT_3D('',#4835,#3937,#3938);
#3153=AXIS2_PLACEMENT_3D('',#4837,#3940,#3941);
#3154=AXIS2_PLACEMENT_3D('',#4839,#3943,#3944);
#3155=AXIS2_PLACEMENT_3D('',#4841,#3946,#3947);
#3156=AXIS2_PLACEMENT_3D('',#4843,#3949,#3950);
#3157=AXIS2_PLACEMENT_3D('',#4844,#3951,#3952);
#3158=AXIS2_PLACEMENT_3D('',#4847,#3955,#3956);
#3159=AXIS2_PLACEMENT_3D('',#4849,#3958,#3959);
#3160=AXIS2_PLACEMENT_3D('',#4851,#3961,#3962);
#3161=AXIS2_PLACEMENT_3D('',#4853,#3964,#3965);
#3162=AXIS2_PLACEMENT_3D('',#4855,#3967,#3968);
#3163=AXIS2_PLACEMENT_3D('',#4857,#3970,#3971);
#3164=AXIS2_PLACEMENT_3D('',#4859,#3973,#3974);
#3165=AXIS2_PLACEMENT_3D('',#4860,#3975,#3976);
#3166=AXIS2_PLACEMENT_3D('',#4863,#3979,#3980);
#3167=AXIS2_PLACEMENT_3D('',#4866,#3983,#3984);
#3168=AXIS2_PLACEMENT_3D('',#4868,#3986,#3987);
#3169=AXIS2_PLACEMENT_3D('',#4870,#3989,#3990);
#3170=AXIS2_PLACEMENT_3D('',#4871,#3991,#3992);
#3171=AXIS2_PLACEMENT_3D('',#4874,#3995,#3996);
#3172=AXIS2_PLACEMENT_3D('',#4877,#3999,#4000);
#3173=AXIS2_PLACEMENT_3D('',#4879,#4002,#4003);
#3174=AXIS2_PLACEMENT_3D('',#4881,#4005,#4006);
#3175=AXIS2_PLACEMENT_3D('',#4882,#4007,#4008);
#3176=AXIS2_PLACEMENT_3D('',#4885,#4011,#4012);
#3177=AXIS2_PLACEMENT_3D('',#4888,#4015,#4016);
#3178=AXIS2_PLACEMENT_3D('',#4890,#4018,#4019);
#3179=AXIS2_PLACEMENT_3D('',#4892,#4021,#4022);
#3180=AXIS2_PLACEMENT_3D('',#4893,#4023,#4024);
#3181=AXIS2_PLACEMENT_3D('',#4896,#4027,#4028);
#3182=AXIS2_PLACEMENT_3D('',#4899,#4031,#4032);
#3183=AXIS2_PLACEMENT_3D('',#4901,#4034,#4035);
#3184=AXIS2_PLACEMENT_3D('',#4903,#4037,#4038);
#3185=AXIS2_PLACEMENT_3D('',#4904,#4039,#4040);
#3186=AXIS2_PLACEMENT_3D('',#4906,#4042,#4043);
#3187=AXIS2_PLACEMENT_3D('',#4908,#4045,#4046);
#3188=AXIS2_PLACEMENT_3D('',#4910,#4048,#4049);
#3189=AXIS2_PLACEMENT_3D('',#4912,#4051,#4052);
#3190=AXIS2_PLACEMENT_3D('',#4914,#4054,#4055);
#3191=AXIS2_PLACEMENT_3D('',#4916,#4057,#4058);
#3192=AXIS2_PLACEMENT_3D('',#4918,#4060,#4061);
#3193=AXIS2_PLACEMENT_3D('',#4920,#4063,#4064);
#3194=AXIS2_PLACEMENT_3D('',#4921,#4065,#4066);
#3195=AXIS2_PLACEMENT_3D('',#4922,#4067,#4068);
#3196=AXIS2_PLACEMENT_3D('',#4923,#4069,#4070);
#3197=AXIS2_PLACEMENT_3D('',#4924,#4071,#4072);
#3198=AXIS2_PLACEMENT_3D('',#4925,#4073,#4074);
#3199=AXIS2_PLACEMENT_3D('',#4926,#4075,#4076);
#3200=AXIS2_PLACEMENT_3D('',#4927,#4077,#4078);
#3201=AXIS2_PLACEMENT_3D('',#4928,#4079,#4080);
#3202=AXIS2_PLACEMENT_3D('',#4929,#4081,#4082);
#3203=AXIS2_PLACEMENT_3D('',#4930,#4083,#4084);
#3204=AXIS2_PLACEMENT_3D('',#4932,#4086,#4087);
#3205=AXIS2_PLACEMENT_3D('',#4934,#4089,#4090);
#3206=AXIS2_PLACEMENT_3D('',#4936,#4092,#4093);
#3207=DIRECTION('axis',(0.,0.,1.));
#3208=DIRECTION('refdir',(1.,0.,0.));
#3209=DIRECTION('center_axis',(-5.88041856263324E-17,0.,1.));
#3210=DIRECTION('ref_axis',(1.,0.,5.88041856263324E-17));
#3211=DIRECTION('',(-1.,0.,0.));
#3212=DIRECTION('',(0.,-1.,0.));
#3213=DIRECTION('',(-1.,0.,0.));
#3214=DIRECTION('',(0.,1.,0.));
#3215=DIRECTION('center_axis',(-5.88041856263324E-17,0.,1.));
#3216=DIRECTION('ref_axis',(1.,0.,5.88041856263324E-17));
#3217=DIRECTION('',(-1.,0.,0.));
#3218=DIRECTION('',(0.,-1.,0.));
#3219=DIRECTION('',(-1.,0.,0.));
#3220=DIRECTION('',(0.,1.,0.));
#3221=DIRECTION('center_axis',(-5.88041856263324E-17,0.,1.));
#3222=DIRECTION('ref_axis',(1.,0.,5.88041856263324E-17));
#3223=DIRECTION('',(-1.,0.,0.));
#3224=DIRECTION('',(0.,-1.,0.));
#3225=DIRECTION('',(-1.,0.,0.));
#3226=DIRECTION('',(0.,1.,0.));
#3227=DIRECTION('center_axis',(-5.88041856263324E-17,0.,1.));
#3228=DIRECTION('ref_axis',(1.,0.,5.88041856263324E-17));
#3229=DIRECTION('',(-1.,0.,0.));
#3230=DIRECTION('',(0.,1.,0.));
#3231=DIRECTION('',(-1.,0.,0.));
#3232=DIRECTION('',(0.,-1.,0.));
#3233=DIRECTION('center_axis',(-5.88041856263324E-17,0.,1.));
#3234=DIRECTION('ref_axis',(1.,0.,5.88041856263324E-17));
#3235=DIRECTION('',(-1.,0.,0.));
#3236=DIRECTION('',(0.,-1.,0.));
#3237=DIRECTION('',(-1.,0.,0.));
#3238=DIRECTION('',(0.,1.,0.));
#3239=DIRECTION('center_axis',(0.,-1.,0.));
#3240=DIRECTION('ref_axis',(0.,0.,-1.));
#3241=DIRECTION('center_axis',(0.,1.,0.));
#3242=DIRECTION('ref_axis',(0.,0.,-1.));
#3243=DIRECTION('',(0.,-1.,0.));
#3244=DIRECTION('center_axis',(0.,1.,0.));
#3245=DIRECTION('ref_axis',(0.,0.,-1.));
#3246=DIRECTION('',(0.,-1.,0.));
#3247=DIRECTION('center_axis',(5.88041856263324E-17,0.,-1.));
#3248=DIRECTION('ref_axis',(-1.,0.,-5.88041856263324E-17));
#3249=DIRECTION('',(1.,0.,7.52693576017055E-17));
#3250=DIRECTION('',(0.,-1.,0.));
#3251=DIRECTION('',(1.,0.,7.52693576017055E-17));
#3252=DIRECTION('center_axis',(0.,-1.,0.));
#3253=DIRECTION('ref_axis',(0.,0.,-1.));
#3254=DIRECTION('center_axis',(0.,1.,0.));
#3255=DIRECTION('ref_axis',(0.,0.,1.));
#3256=DIRECTION('',(0.,-1.,0.));
#3257=DIRECTION('center_axis',(0.,1.,0.));
#3258=DIRECTION('ref_axis',(0.,0.,1.));
#3259=DIRECTION('center_axis',(-1.,0.,0.));
#3260=DIRECTION('ref_axis',(0.,0.,1.));
#3261=DIRECTION('',(0.,0.,-1.));
#3262=DIRECTION('',(0.,-1.,0.));
#3263=DIRECTION('',(0.,0.,-1.));
#3264=DIRECTION('center_axis',(0.,-1.,0.));
#3265=DIRECTION('ref_axis',(0.,0.,-1.));
#3266=DIRECTION('center_axis',(0.,1.,0.));
#3267=DIRECTION('ref_axis',(0.,0.,-1.));
#3268=DIRECTION('center_axis',(0.,1.,0.));
#3269=DIRECTION('ref_axis',(0.,0.,-1.));
#3270=DIRECTION('center_axis',(-5.88041856263324E-17,0.,1.));
#3271=DIRECTION('ref_axis',(1.,0.,5.88041856263324E-17));
#3272=DIRECTION('',(-1.,0.,0.));
#3273=DIRECTION('',(0.,-1.,0.));
#3274=DIRECTION('',(-1.,0.,0.));
#3275=DIRECTION('',(0.,-1.,0.));
#3276=DIRECTION('center_axis',(0.,-1.,0.));
#3277=DIRECTION('ref_axis',(0.,0.,-1.));
#3278=DIRECTION('center_axis',(0.,1.,0.));
#3279=DIRECTION('ref_axis',(0.,0.,-1.));
#3280=DIRECTION('',(0.,-1.,0.));
#3281=DIRECTION('center_axis',(0.,1.,0.));
#3282=DIRECTION('ref_axis',(0.,0.,-1.));
#3283=DIRECTION('center_axis',(1.,0.,0.));
#3284=DIRECTION('ref_axis',(0.,0.,-1.));
#3285=DIRECTION('',(0.,0.,1.));
#3286=DIRECTION('',(0.,0.,1.));
#3287=DIRECTION('center_axis',(0.,-1.,0.));
#3288=DIRECTION('ref_axis',(0.,0.,-1.));
#3289=DIRECTION('center_axis',(0.,-1.,0.));
#3290=DIRECTION('ref_axis',(0.,0.,-1.));
#3291=DIRECTION('',(0.,0.,-1.));
#3292=DIRECTION('center_axis',(0.,-1.,0.));
#3293=DIRECTION('ref_axis',(0.,0.,1.));
#3294=DIRECTION('center_axis',(0.,1.,0.));
#3295=DIRECTION('ref_axis',(0.,0.,1.));
#3296=DIRECTION('center_axis',(0.,-1.,0.));
#3297=DIRECTION('ref_axis',(0.,0.,-1.));
#3298=DIRECTION('',(0.,0.,1.));
#3299=DIRECTION('center_axis',(0.,-1.,0.));
#3300=DIRECTION('ref_axis',(0.,0.,-1.));
#3301=DIRECTION('center_axis',(0.,-1.,0.));
#3302=DIRECTION('ref_axis',(0.,0.,-1.));
#3303=DIRECTION('',(0.,0.,-1.));
#3304=DIRECTION('center_axis',(0.,-1.,0.));
#3305=DIRECTION('ref_axis',(0.,0.,1.));
#3306=DIRECTION('center_axis',(0.,1.,0.));
#3307=DIRECTION('ref_axis',(0.,0.,1.));
#3308=DIRECTION('center_axis',(0.,-1.,0.));
#3309=DIRECTION('ref_axis',(0.,0.,-1.));
#3310=DIRECTION('',(0.,0.,1.));
#3311=DIRECTION('center_axis',(0.,-1.,0.));
#3312=DIRECTION('ref_axis',(0.,0.,-1.));
#3313=DIRECTION('center_axis',(0.,-1.,0.));
#3314=DIRECTION('ref_axis',(0.,0.,-1.));
#3315=DIRECTION('',(0.,0.,-1.));
#3316=DIRECTION('center_axis',(0.,-1.,0.));
#3317=DIRECTION('ref_axis',(0.,0.,1.));
#3318=DIRECTION('center_axis',(0.,1.,0.));
#3319=DIRECTION('ref_axis',(0.,0.,1.));
#3320=DIRECTION('center_axis',(0.,-1.,0.));
#3321=DIRECTION('ref_axis',(0.,0.,-1.));
#3322=DIRECTION('',(0.,0.,1.));
#3323=DIRECTION('center_axis',(0.,-1.,0.));
#3324=DIRECTION('ref_axis',(0.,0.,-1.));
#3325=DIRECTION('center_axis',(0.,-1.,0.));
#3326=DIRECTION('ref_axis',(0.,0.,-1.));
#3327=DIRECTION('',(0.,0.,-1.));
#3328=DIRECTION('center_axis',(0.,-1.,0.));
#3329=DIRECTION('ref_axis',(0.,0.,1.));
#3330=DIRECTION('center_axis',(0.,1.,0.));
#3331=DIRECTION('ref_axis',(0.,0.,1.));
#3332=DIRECTION('center_axis',(0.,-1.,0.));
#3333=DIRECTION('ref_axis',(0.,0.,-1.));
#3334=DIRECTION('',(0.,0.,1.));
#3335=DIRECTION('center_axis',(0.,-1.,0.));
#3336=DIRECTION('ref_axis',(0.,0.,-1.));
#3337=DIRECTION('center_axis',(0.,-1.,0.));
#3338=DIRECTION('ref_axis',(0.,0.,-1.));
#3339=DIRECTION('',(0.,0.,-1.));
#3340=DIRECTION('center_axis',(0.,-1.,0.));
#3341=DIRECTION('ref_axis',(0.,0.,1.));
#3342=DIRECTION('center_axis',(0.,1.,0.));
#3343=DIRECTION('ref_axis',(0.,0.,1.));
#3344=DIRECTION('center_axis',(0.,-1.,0.));
#3345=DIRECTION('ref_axis',(0.,0.,-1.));
#3346=DIRECTION('',(0.,0.,1.));
#3347=DIRECTION('center_axis',(0.,-1.,0.));
#3348=DIRECTION('ref_axis',(0.,0.,-1.));
#3349=DIRECTION('center_axis',(0.,1.,0.));
#3350=DIRECTION('ref_axis',(0.,0.,1.));
#3351=DIRECTION('center_axis',(0.,1.,0.));
#3352=DIRECTION('ref_axis',(0.,0.,1.));
#3353=DIRECTION('center_axis',(0.,1.,0.));
#3354=DIRECTION('ref_axis',(0.,0.,1.));
#3355=DIRECTION('center_axis',(0.,1.,0.));
#3356=DIRECTION('ref_axis',(0.,0.,1.));
#3357=DIRECTION('center_axis',(0.,1.,0.));
#3358=DIRECTION('ref_axis',(0.,0.,1.));
#3359=DIRECTION('center_axis',(0.,1.,0.));
#3360=DIRECTION('ref_axis',(0.,0.,1.));
#3361=DIRECTION('center_axis',(0.,1.,0.));
#3362=DIRECTION('ref_axis',(0.,0.,1.));
#3363=DIRECTION('center_axis',(0.,1.,0.));
#3364=DIRECTION('ref_axis',(0.,0.,1.));
#3365=DIRECTION('center_axis',(0.,1.,0.));
#3366=DIRECTION('ref_axis',(0.,0.,1.));
#3367=DIRECTION('center_axis',(0.,1.,0.));
#3368=DIRECTION('ref_axis',(0.,0.,1.));
#3369=DIRECTION('center_axis',(0.,1.,0.));
#3370=DIRECTION('ref_axis',(0.,0.,1.));
#3371=DIRECTION('center_axis',(0.,1.,0.));
#3372=DIRECTION('ref_axis',(0.,0.,1.));
#3373=DIRECTION('',(0.,0.,1.));
#3374=DIRECTION('center_axis',(0.,1.,0.));
#3375=DIRECTION('ref_axis',(0.,0.,1.));
#3376=DIRECTION('',(-1.,0.,0.));
#3377=DIRECTION('center_axis',(0.,1.,0.));
#3378=DIRECTION('ref_axis',(0.,0.,1.));
#3379=DIRECTION('',(0.,0.,-1.));
#3380=DIRECTION('center_axis',(0.,-1.,0.));
#3381=DIRECTION('ref_axis',(0.,0.,1.));
#3382=DIRECTION('center_axis',(0.,1.,0.));
#3383=DIRECTION('ref_axis',(0.,0.,1.));
#3384=DIRECTION('center_axis',(0.,-1.,0.));
#3385=DIRECTION('ref_axis',(0.,0.,-1.));
#3386=DIRECTION('',(0.,0.,1.));
#3387=DIRECTION('center_axis',(0.,1.,0.));
#3388=DIRECTION('ref_axis',(0.,0.,1.));
#3389=DIRECTION('',(-1.,0.,0.));
#3390=DIRECTION('center_axis',(0.,1.,0.));
#3391=DIRECTION('ref_axis',(0.,0.,1.));
#3392=DIRECTION('',(0.,0.,-1.));
#3393=DIRECTION('center_axis',(0.,-1.,0.));
#3394=DIRECTION('ref_axis',(0.,0.,1.));
#3395=DIRECTION('center_axis',(0.,1.,0.));
#3396=DIRECTION('ref_axis',(0.,0.,1.));
#3397=DIRECTION('center_axis',(0.,-1.,0.));
#3398=DIRECTION('ref_axis',(0.,0.,-1.));
#3399=DIRECTION('',(0.,0.,1.));
#3400=DIRECTION('center_axis',(0.,1.,0.));
#3401=DIRECTION('ref_axis',(0.,0.,1.));
#3402=DIRECTION('',(-1.,0.,0.));
#3403=DIRECTION('center_axis',(0.,1.,0.));
#3404=DIRECTION('ref_axis',(0.,0.,1.));
#3405=DIRECTION('',(0.,0.,-1.));
#3406=DIRECTION('center_axis',(0.,-1.,0.));
#3407=DIRECTION('ref_axis',(0.,0.,1.));
#3408=DIRECTION('center_axis',(0.,1.,0.));
#3409=DIRECTION('ref_axis',(0.,0.,1.));
#3410=DIRECTION('center_axis',(0.,-1.,0.));
#3411=DIRECTION('ref_axis',(0.,0.,-1.));
#3412=DIRECTION('',(0.,0.,1.));
#3413=DIRECTION('center_axis',(0.,1.,0.));
#3414=DIRECTION('ref_axis',(0.,0.,1.));
#3415=DIRECTION('',(-1.,0.,0.));
#3416=DIRECTION('center_axis',(0.,1.,0.));
#3417=DIRECTION('ref_axis',(0.,0.,1.));
#3418=DIRECTION('',(0.,0.,-1.));
#3419=DIRECTION('center_axis',(0.,-1.,0.));
#3420=DIRECTION('ref_axis',(0.,0.,1.));
#3421=DIRECTION('center_axis',(0.,1.,0.));
#3422=DIRECTION('ref_axis',(0.,0.,1.));
#3423=DIRECTION('center_axis',(0.,-1.,0.));
#3424=DIRECTION('ref_axis',(0.,0.,-1.));
#3425=DIRECTION('',(0.,0.,1.));
#3426=DIRECTION('center_axis',(0.,1.,0.));
#3427=DIRECTION('ref_axis',(0.,0.,1.));
#3428=DIRECTION('',(-1.,0.,0.));
#3429=DIRECTION('center_axis',(0.,1.,0.));
#3430=DIRECTION('ref_axis',(0.,0.,1.));
#3431=DIRECTION('',(0.,0.,-1.));
#3432=DIRECTION('center_axis',(0.,-1.,0.));
#3433=DIRECTION('ref_axis',(0.,0.,1.));
#3434=DIRECTION('center_axis',(0.,1.,0.));
#3435=DIRECTION('ref_axis',(0.,0.,1.));
#3436=DIRECTION('center_axis',(0.,-1.,0.));
#3437=DIRECTION('ref_axis',(0.,0.,-1.));
#3438=DIRECTION('',(0.,0.,1.));
#3439=DIRECTION('center_axis',(0.,1.,0.));
#3440=DIRECTION('ref_axis',(0.,0.,1.));
#3441=DIRECTION('',(-1.,0.,0.));
#3442=DIRECTION('center_axis',(0.,1.,0.));
#3443=DIRECTION('ref_axis',(0.,0.,1.));
#3444=DIRECTION('',(0.,0.,-1.));
#3445=DIRECTION('center_axis',(0.,-1.,0.));
#3446=DIRECTION('ref_axis',(0.,0.,1.));
#3447=DIRECTION('center_axis',(0.,1.,0.));
#3448=DIRECTION('ref_axis',(0.,0.,1.));
#3449=DIRECTION('center_axis',(0.,-1.,0.));
#3450=DIRECTION('ref_axis',(0.,0.,-1.));
#3451=DIRECTION('',(0.,0.,1.));
#3452=DIRECTION('center_axis',(0.,1.,0.));
#3453=DIRECTION('ref_axis',(0.,0.,1.));
#3454=DIRECTION('',(-1.,0.,0.));
#3455=DIRECTION('center_axis',(0.,1.,0.));
#3456=DIRECTION('ref_axis',(0.,0.,1.));
#3457=DIRECTION('',(0.,0.,-1.));
#3458=DIRECTION('center_axis',(0.,-1.,0.));
#3459=DIRECTION('ref_axis',(0.,0.,1.));
#3460=DIRECTION('center_axis',(0.,1.,0.));
#3461=DIRECTION('ref_axis',(0.,0.,1.));
#3462=DIRECTION('center_axis',(0.,-1.,0.));
#3463=DIRECTION('ref_axis',(0.,0.,-1.));
#3464=DIRECTION('',(0.,0.,1.));
#3465=DIRECTION('center_axis',(0.,1.,0.));
#3466=DIRECTION('ref_axis',(0.,0.,1.));
#3467=DIRECTION('',(-1.,0.,0.));
#3468=DIRECTION('center_axis',(0.,1.,0.));
#3469=DIRECTION('ref_axis',(0.,0.,1.));
#3470=DIRECTION('',(0.,0.,-1.));
#3471=DIRECTION('center_axis',(0.,-1.,0.));
#3472=DIRECTION('ref_axis',(0.,0.,1.));
#3473=DIRECTION('center_axis',(0.,1.,0.));
#3474=DIRECTION('ref_axis',(0.,0.,1.));
#3475=DIRECTION('center_axis',(0.,-1.,0.));
#3476=DIRECTION('ref_axis',(0.,0.,-1.));
#3477=DIRECTION('',(0.,0.,1.));
#3478=DIRECTION('center_axis',(0.,1.,0.));
#3479=DIRECTION('ref_axis',(0.,0.,1.));
#3480=DIRECTION('',(-1.,0.,0.));
#3481=DIRECTION('center_axis',(0.,1.,0.));
#3482=DIRECTION('ref_axis',(0.,0.,1.));
#3483=DIRECTION('',(0.,0.,-1.));
#3484=DIRECTION('center_axis',(0.,-1.,0.));
#3485=DIRECTION('ref_axis',(0.,0.,1.));
#3486=DIRECTION('center_axis',(0.,1.,0.));
#3487=DIRECTION('ref_axis',(0.,0.,1.));
#3488=DIRECTION('center_axis',(0.,-1.,0.));
#3489=DIRECTION('ref_axis',(0.,0.,-1.));
#3490=DIRECTION('',(0.,0.,1.));
#3491=DIRECTION('center_axis',(0.,1.,0.));
#3492=DIRECTION('ref_axis',(0.,0.,1.));
#3493=DIRECTION('',(-1.,0.,0.));
#3494=DIRECTION('center_axis',(0.,1.,0.));
#3495=DIRECTION('ref_axis',(0.,0.,1.));
#3496=DIRECTION('',(0.,0.,-1.));
#3497=DIRECTION('center_axis',(0.,-1.,0.));
#3498=DIRECTION('ref_axis',(0.,0.,1.));
#3499=DIRECTION('center_axis',(0.,1.,0.));
#3500=DIRECTION('ref_axis',(0.,0.,1.));
#3501=DIRECTION('center_axis',(0.,-1.,0.));
#3502=DIRECTION('ref_axis',(0.,0.,-1.));
#3503=DIRECTION('center_axis',(0.,-1.,0.));
#3504=DIRECTION('ref_axis',(0.,0.,-1.));
#3505=DIRECTION('',(0.,0.,1.));
#3506=DIRECTION('center_axis',(0.,-1.,0.));
#3507=DIRECTION('ref_axis',(0.,0.,-1.));
#3508=DIRECTION('center_axis',(0.,-1.,0.));
#3509=DIRECTION('ref_axis',(0.,0.,-1.));
#3510=DIRECTION('',(0.,0.,-1.));
#3511=DIRECTION('center_axis',(0.,-1.,0.));
#3512=DIRECTION('ref_axis',(0.,0.,-1.));
#3513=DIRECTION('center_axis',(0.,-1.,0.));
#3514=DIRECTION('ref_axis',(0.,0.,-1.));
#3515=DIRECTION('center_axis',(0.,-1.,0.));
#3516=DIRECTION('ref_axis',(0.,0.,-1.));
#3517=DIRECTION('',(0.,0.,1.));
#3518=DIRECTION('center_axis',(0.,-1.,0.));
#3519=DIRECTION('ref_axis',(0.,0.,-1.));
#3520=DIRECTION('center_axis',(0.,-1.,0.));
#3521=DIRECTION('ref_axis',(0.,0.,-1.));
#3522=DIRECTION('',(0.,0.,-1.));
#3523=DIRECTION('center_axis',(0.,-1.,0.));
#3524=DIRECTION('ref_axis',(0.,0.,-1.));
#3525=DIRECTION('center_axis',(0.,-1.,0.));
#3526=DIRECTION('ref_axis',(0.,0.,-1.));
#3527=DIRECTION('center_axis',(0.,-1.,0.));
#3528=DIRECTION('ref_axis',(0.,0.,-1.));
#3529=DIRECTION('',(0.,0.,1.));
#3530=DIRECTION('center_axis',(0.,-1.,0.));
#3531=DIRECTION('ref_axis',(0.,0.,-1.));
#3532=DIRECTION('center_axis',(0.,-1.,0.));
#3533=DIRECTION('ref_axis',(0.,0.,-1.));
#3534=DIRECTION('',(0.,0.,-1.));
#3535=DIRECTION('center_axis',(0.,-1.,0.));
#3536=DIRECTION('ref_axis',(0.,0.,-1.));
#3537=DIRECTION('center_axis',(0.,-1.,0.));
#3538=DIRECTION('ref_axis',(0.,0.,-1.));
#3539=DIRECTION('center_axis',(0.,-1.,0.));
#3540=DIRECTION('ref_axis',(0.,0.,-1.));
#3541=DIRECTION('',(0.,0.,1.));
#3542=DIRECTION('center_axis',(0.,-1.,0.));
#3543=DIRECTION('ref_axis',(0.,0.,-1.));
#3544=DIRECTION('center_axis',(0.,-1.,0.));
#3545=DIRECTION('ref_axis',(0.,0.,-1.));
#3546=DIRECTION('',(0.,0.,-1.));
#3547=DIRECTION('center_axis',(0.,-1.,0.));
#3548=DIRECTION('ref_axis',(0.,0.,-1.));
#3549=DIRECTION('center_axis',(0.,-1.,0.));
#3550=DIRECTION('ref_axis',(0.,0.,-1.));
#3551=DIRECTION('center_axis',(0.,-1.,0.));
#3552=DIRECTION('ref_axis',(0.,0.,-1.));
#3553=DIRECTION('',(0.,0.,1.));
#3554=DIRECTION('center_axis',(0.,-1.,0.));
#3555=DIRECTION('ref_axis',(0.,0.,-1.));
#3556=DIRECTION('center_axis',(0.,-1.,0.));
#3557=DIRECTION('ref_axis',(0.,0.,-1.));
#3558=DIRECTION('',(0.,0.,-1.));
#3559=DIRECTION('center_axis',(0.,-1.,0.));
#3560=DIRECTION('ref_axis',(0.,0.,-1.));
#3561=DIRECTION('center_axis',(0.,-1.,0.));
#3562=DIRECTION('ref_axis',(0.,0.,-1.));
#3563=DIRECTION('center_axis',(0.,-1.,0.));
#3564=DIRECTION('ref_axis',(0.,0.,-1.));
#3565=DIRECTION('center_axis',(0.,-1.,0.));
#3566=DIRECTION('ref_axis',(0.,0.,-1.));
#3567=DIRECTION('',(0.,0.,-1.));
#3568=DIRECTION('center_axis',(0.,-1.,0.));
#3569=DIRECTION('ref_axis',(0.,0.,-1.));
#3570=DIRECTION('center_axis',(0.,-1.,0.));
#3571=DIRECTION('ref_axis',(0.,0.,-1.));
#3572=DIRECTION('center_axis',(0.,-1.,0.));
#3573=DIRECTION('ref_axis',(0.,0.,-1.));
#3574=DIRECTION('',(0.,0.,1.));
#3575=DIRECTION('center_axis',(0.,-1.,0.));
#3576=DIRECTION('ref_axis',(0.,0.,-1.));
#3577=DIRECTION('',(1.,0.,0.));
#3578=DIRECTION('center_axis',(0.,-1.,0.));
#3579=DIRECTION('ref_axis',(0.,0.,-1.));
#3580=DIRECTION('',(0.,0.,-1.));
#3581=DIRECTION('center_axis',(0.,-1.,0.));
#3582=DIRECTION('ref_axis',(0.,0.,-1.));
#3583=DIRECTION('center_axis',(0.,-1.,0.));
#3584=DIRECTION('ref_axis',(0.,0.,-1.));
#3585=DIRECTION('center_axis',(0.,-1.,0.));
#3586=DIRECTION('ref_axis',(0.,0.,-1.));
#3587=DIRECTION('',(0.,0.,1.));
#3588=DIRECTION('center_axis',(0.,-1.,0.));
#3589=DIRECTION('ref_axis',(0.,0.,-1.));
#3590=DIRECTION('',(1.,0.,0.));
#3591=DIRECTION('center_axis',(0.,-1.,0.));
#3592=DIRECTION('ref_axis',(0.,0.,-1.));
#3593=DIRECTION('',(0.,0.,-1.));
#3594=DIRECTION('center_axis',(0.,-1.,0.));
#3595=DIRECTION('ref_axis',(0.,0.,-1.));
#3596=DIRECTION('center_axis',(0.,-1.,0.));
#3597=DIRECTION('ref_axis',(0.,0.,-1.));
#3598=DIRECTION('center_axis',(0.,-1.,0.));
#3599=DIRECTION('ref_axis',(0.,0.,-1.));
#3600=DIRECTION('',(0.,0.,1.));
#3601=DIRECTION('center_axis',(0.,-1.,0.));
#3602=DIRECTION('ref_axis',(0.,0.,-1.));
#3603=DIRECTION('',(1.,0.,0.));
#3604=DIRECTION('center_axis',(0.,-1.,0.));
#3605=DIRECTION('ref_axis',(0.,0.,-1.));
#3606=DIRECTION('',(0.,0.,-1.));
#3607=DIRECTION('center_axis',(0.,-1.,0.));
#3608=DIRECTION('ref_axis',(0.,0.,-1.));
#3609=DIRECTION('center_axis',(0.,-1.,0.));
#3610=DIRECTION('ref_axis',(0.,0.,-1.));
#3611=DIRECTION('center_axis',(0.,-1.,0.));
#3612=DIRECTION('ref_axis',(0.,0.,-1.));
#3613=DIRECTION('',(0.,0.,1.));
#3614=DIRECTION('center_axis',(0.,-1.,0.));
#3615=DIRECTION('ref_axis',(0.,0.,-1.));
#3616=DIRECTION('',(1.,0.,0.));
#3617=DIRECTION('center_axis',(0.,-1.,0.));
#3618=DIRECTION('ref_axis',(0.,0.,-1.));
#3619=DIRECTION('',(0.,0.,-1.));
#3620=DIRECTION('center_axis',(0.,-1.,0.));
#3621=DIRECTION('ref_axis',(0.,0.,-1.));
#3622=DIRECTION('center_axis',(0.,-1.,0.));
#3623=DIRECTION('ref_axis',(0.,0.,-1.));
#3624=DIRECTION('center_axis',(0.,-1.,0.));
#3625=DIRECTION('ref_axis',(0.,0.,-1.));
#3626=DIRECTION('',(0.,0.,1.));
#3627=DIRECTION('center_axis',(0.,-1.,0.));
#3628=DIRECTION('ref_axis',(0.,0.,-1.));
#3629=DIRECTION('',(1.,0.,0.));
#3630=DIRECTION('center_axis',(0.,-1.,0.));
#3631=DIRECTION('ref_axis',(0.,0.,-1.));
#3632=DIRECTION('',(0.,0.,-1.));
#3633=DIRECTION('center_axis',(0.,-1.,0.));
#3634=DIRECTION('ref_axis',(0.,0.,-1.));
#3635=DIRECTION('center_axis',(0.,-1.,0.));
#3636=DIRECTION('ref_axis',(0.,0.,-1.));
#3637=DIRECTION('center_axis',(0.,-1.,0.));
#3638=DIRECTION('ref_axis',(0.,0.,-1.));
#3639=DIRECTION('',(0.,0.,1.));
#3640=DIRECTION('center_axis',(0.,-1.,0.));
#3641=DIRECTION('ref_axis',(0.,0.,-1.));
#3642=DIRECTION('',(1.,0.,0.));
#3643=DIRECTION('center_axis',(0.,-1.,0.));
#3644=DIRECTION('ref_axis',(0.,0.,-1.));
#3645=DIRECTION('',(0.,0.,-1.));
#3646=DIRECTION('center_axis',(0.,-1.,0.));
#3647=DIRECTION('ref_axis',(0.,0.,-1.));
#3648=DIRECTION('center_axis',(0.,-1.,0.));
#3649=DIRECTION('ref_axis',(0.,0.,-1.));
#3650=DIRECTION('center_axis',(0.,-1.,0.));
#3651=DIRECTION('ref_axis',(0.,0.,-1.));
#3652=DIRECTION('',(0.,0.,1.));
#3653=DIRECTION('center_axis',(0.,-1.,0.));
#3654=DIRECTION('ref_axis',(0.,0.,-1.));
#3655=DIRECTION('',(1.,0.,0.));
#3656=DIRECTION('center_axis',(0.,-1.,0.));
#3657=DIRECTION('ref_axis',(0.,0.,-1.));
#3658=DIRECTION('',(0.,0.,-1.));
#3659=DIRECTION('center_axis',(0.,-1.,0.));
#3660=DIRECTION('ref_axis',(0.,0.,-1.));
#3661=DIRECTION('center_axis',(0.,-1.,0.));
#3662=DIRECTION('ref_axis',(0.,0.,-1.));
#3663=DIRECTION('center_axis',(0.,-1.,0.));
#3664=DIRECTION('ref_axis',(0.,0.,-1.));
#3665=DIRECTION('',(0.,0.,1.));
#3666=DIRECTION('center_axis',(0.,-1.,0.));
#3667=DIRECTION('ref_axis',(0.,0.,-1.));
#3668=DIRECTION('',(1.,0.,0.));
#3669=DIRECTION('center_axis',(0.,-1.,0.));
#3670=DIRECTION('ref_axis',(0.,0.,-1.));
#3671=DIRECTION('',(0.,0.,-1.));
#3672=DIRECTION('center_axis',(0.,-1.,0.));
#3673=DIRECTION('ref_axis',(0.,0.,-1.));
#3674=DIRECTION('center_axis',(0.,-1.,0.));
#3675=DIRECTION('ref_axis',(0.,0.,-1.));
#3676=DIRECTION('center_axis',(0.,-1.,0.));
#3677=DIRECTION('ref_axis',(0.,0.,-1.));
#3678=DIRECTION('',(0.,0.,1.));
#3679=DIRECTION('center_axis',(0.,-1.,0.));
#3680=DIRECTION('ref_axis',(0.,0.,-1.));
#3681=DIRECTION('',(1.,0.,0.));
#3682=DIRECTION('center_axis',(0.,-1.,0.));
#3683=DIRECTION('ref_axis',(0.,0.,-1.));
#3684=DIRECTION('',(0.,0.,-1.));
#3685=DIRECTION('center_axis',(0.,-1.,0.));
#3686=DIRECTION('ref_axis',(0.,0.,-1.));
#3687=DIRECTION('center_axis',(0.,-1.,0.));
#3688=DIRECTION('ref_axis',(0.,0.,-1.));
#3689=DIRECTION('center_axis',(0.,-1.,0.));
#3690=DIRECTION('ref_axis',(0.,0.,-1.));
#3691=DIRECTION('',(0.,0.,1.));
#3692=DIRECTION('center_axis',(0.,-1.,0.));
#3693=DIRECTION('ref_axis',(0.,0.,-1.));
#3694=DIRECTION('',(1.,0.,0.));
#3695=DIRECTION('center_axis',(0.,-1.,0.));
#3696=DIRECTION('ref_axis',(0.,0.,-1.));
#3697=DIRECTION('center_axis',(0.,-1.,0.));
#3698=DIRECTION('ref_axis',(0.,0.,-1.));
#3699=DIRECTION('center_axis',(0.,-1.,0.));
#3700=DIRECTION('ref_axis',(0.,0.,-1.));
#3701=DIRECTION('center_axis',(0.,-1.,0.));
#3702=DIRECTION('ref_axis',(0.,0.,-1.));
#3703=DIRECTION('center_axis',(0.,-1.,0.));
#3704=DIRECTION('ref_axis',(0.,0.,-1.));
#3705=DIRECTION('center_axis',(0.,-1.,0.));
#3706=DIRECTION('ref_axis',(0.,0.,-1.));
#3707=DIRECTION('center_axis',(0.,-1.,0.));
#3708=DIRECTION('ref_axis',(0.,0.,-1.));
#3709=DIRECTION('center_axis',(0.,-1.,0.));
#3710=DIRECTION('ref_axis',(0.,0.,-1.));
#3711=DIRECTION('center_axis',(0.,-1.,0.));
#3712=DIRECTION('ref_axis',(0.,0.,-1.));
#3713=DIRECTION('center_axis',(0.,-1.,0.));
#3714=DIRECTION('ref_axis',(0.,0.,-1.));
#3715=DIRECTION('center_axis',(0.,-1.,0.));
#3716=DIRECTION('ref_axis',(0.,0.,-1.));
#3717=DIRECTION('center_axis',(0.,-1.,0.));
#3718=DIRECTION('ref_axis',(0.,0.,-1.));
#3719=DIRECTION('center_axis',(1.,0.,0.));
#3720=DIRECTION('ref_axis',(0.,0.,-1.));
#3721=DIRECTION('',(0.,1.,0.));
#3722=DIRECTION('',(0.,1.,0.));
#3723=DIRECTION('center_axis',(-1.,0.,0.));
#3724=DIRECTION('ref_axis',(0.,0.,1.));
#3725=DIRECTION('',(0.,-1.,0.));
#3726=DIRECTION('',(0.,1.,0.));
#3727=DIRECTION('center_axis',(0.,1.,0.));
#3728=DIRECTION('ref_axis',(0.,0.,1.));
#3729=DIRECTION('',(0.,1.,0.));
#3730=DIRECTION('center_axis',(0.,1.,0.));
#3731=DIRECTION('ref_axis',(0.,0.,1.));
#3732=DIRECTION('',(0.,1.,0.));
#3733=DIRECTION('center_axis',(0.,1.,0.));
#3734=DIRECTION('ref_axis',(0.,0.,1.));
#3735=DIRECTION('center_axis',(0.,1.,0.));
#3736=DIRECTION('ref_axis',(0.,0.,1.));
#3737=DIRECTION('',(0.,1.,0.));
#3738=DIRECTION('',(0.,1.,0.));
#3739=DIRECTION('center_axis',(0.,0.,-1.));
#3740=DIRECTION('ref_axis',(-1.,0.,0.));
#3741=DIRECTION('',(0.,1.,0.));
#3742=DIRECTION('center_axis',(0.,1.,0.));
#3743=DIRECTION('ref_axis',(0.,0.,1.));
#3744=DIRECTION('',(0.,1.,0.));
#3745=DIRECTION('center_axis',(1.,0.,0.));
#3746=DIRECTION('ref_axis',(0.,0.,-1.));
#3747=DIRECTION('',(0.,1.,0.));
#3748=DIRECTION('center_axis',(0.,1.,0.));
#3749=DIRECTION('ref_axis',(0.,0.,1.));
#3750=DIRECTION('',(0.,1.,0.));
#3751=DIRECTION('center_axis',(0.,1.,0.));
#3752=DIRECTION('ref_axis',(0.,0.,1.));
#3753=DIRECTION('',(0.,1.,0.));
#3754=DIRECTION('center_axis',(0.,1.,0.));
#3755=DIRECTION('ref_axis',(0.,0.,1.));
#3756=DIRECTION('',(0.,1.,0.));
#3757=DIRECTION('center_axis',(-1.,0.,0.));
#3758=DIRECTION('ref_axis',(0.,0.,1.));
#3759=DIRECTION('center_axis',(0.,1.,0.));
#3760=DIRECTION('ref_axis',(0.,0.,1.));
#3761=DIRECTION('',(0.,1.,0.));
#3762=DIRECTION('',(0.,1.,0.));
#3763=DIRECTION('center_axis',(0.,0.,-1.));
#3764=DIRECTION('ref_axis',(-1.,0.,0.));
#3765=DIRECTION('',(0.,1.,0.));
#3766=DIRECTION('center_axis',(0.,1.,0.));
#3767=DIRECTION('ref_axis',(0.,0.,1.));
#3768=DIRECTION('',(0.,1.,0.));
#3769=DIRECTION('center_axis',(1.,0.,0.));
#3770=DIRECTION('ref_axis',(0.,0.,-1.));
#3771=DIRECTION('',(0.,1.,0.));
#3772=DIRECTION('center_axis',(0.,1.,0.));
#3773=DIRECTION('ref_axis',(0.,0.,1.));
#3774=DIRECTION('',(0.,1.,0.));
#3775=DIRECTION('center_axis',(0.,1.,0.));
#3776=DIRECTION('ref_axis',(0.,0.,1.));
#3777=DIRECTION('',(0.,1.,0.));
#3778=DIRECTION('center_axis',(0.,1.,0.));
#3779=DIRECTION('ref_axis',(0.,0.,1.));
#3780=DIRECTION('',(0.,1.,0.));
#3781=DIRECTION('center_axis',(-1.,0.,0.));
#3782=DIRECTION('ref_axis',(0.,0.,1.));
#3783=DIRECTION('center_axis',(0.,1.,0.));
#3784=DIRECTION('ref_axis',(0.,0.,1.));
#3785=DIRECTION('',(0.,1.,0.));
#3786=DIRECTION('',(0.,1.,0.));
#3787=DIRECTION('center_axis',(0.,0.,-1.));
#3788=DIRECTION('ref_axis',(-1.,0.,0.));
#3789=DIRECTION('',(0.,1.,0.));
#3790=DIRECTION('center_axis',(0.,1.,0.));
#3791=DIRECTION('ref_axis',(0.,0.,1.));
#3792=DIRECTION('',(0.,1.,0.));
#3793=DIRECTION('center_axis',(1.,0.,0.));
#3794=DIRECTION('ref_axis',(0.,0.,-1.));
#3795=DIRECTION('',(0.,1.,0.));
#3796=DIRECTION('center_axis',(0.,1.,0.));
#3797=DIRECTION('ref_axis',(0.,0.,1.));
#3798=DIRECTION('',(0.,1.,0.));
#3799=DIRECTION('center_axis',(0.,1.,0.));
#3800=DIRECTION('ref_axis',(0.,0.,1.));
#3801=DIRECTION('',(0.,1.,0.));
#3802=DIRECTION('center_axis',(0.,1.,0.));
#3803=DIRECTION('ref_axis',(0.,0.,1.));
#3804=DIRECTION('',(0.,1.,0.));
#3805=DIRECTION('center_axis',(-1.,0.,0.));
#3806=DIRECTION('ref_axis',(0.,0.,1.));
#3807=DIRECTION('center_axis',(0.,1.,0.));
#3808=DIRECTION('ref_axis',(0.,0.,1.));
#3809=DIRECTION('',(0.,1.,0.));
#3810=DIRECTION('',(0.,1.,0.));
#3811=DIRECTION('center_axis',(0.,0.,-1.));
#3812=DIRECTION('ref_axis',(-1.,0.,0.));
#3813=DIRECTION('',(0.,1.,0.));
#3814=DIRECTION('center_axis',(0.,1.,0.));
#3815=DIRECTION('ref_axis',(0.,0.,1.));
#3816=DIRECTION('',(0.,1.,0.));
#3817=DIRECTION('center_axis',(1.,0.,0.));
#3818=DIRECTION('ref_axis',(0.,0.,-1.));
#3819=DIRECTION('',(0.,1.,0.));
#3820=DIRECTION('center_axis',(0.,1.,0.));
#3821=DIRECTION('ref_axis',(0.,0.,1.));
#3822=DIRECTION('',(0.,1.,0.));
#3823=DIRECTION('center_axis',(0.,1.,0.));
#3824=DIRECTION('ref_axis',(0.,0.,1.));
#3825=DIRECTION('',(0.,1.,0.));
#3826=DIRECTION('center_axis',(0.,1.,0.));
#3827=DIRECTION('ref_axis',(0.,0.,1.));
#3828=DIRECTION('',(0.,1.,0.));
#3829=DIRECTION('center_axis',(-1.,0.,0.));
#3830=DIRECTION('ref_axis',(0.,0.,1.));
#3831=DIRECTION('center_axis',(0.,1.,0.));
#3832=DIRECTION('ref_axis',(0.,0.,1.));
#3833=DIRECTION('',(0.,1.,0.));
#3834=DIRECTION('',(0.,1.,0.));
#3835=DIRECTION('center_axis',(0.,0.,-1.));
#3836=DIRECTION('ref_axis',(-1.,0.,0.));
#3837=DIRECTION('',(0.,1.,0.));
#3838=DIRECTION('center_axis',(0.,1.,0.));
#3839=DIRECTION('ref_axis',(0.,0.,1.));
#3840=DIRECTION('',(0.,1.,0.));
#3841=DIRECTION('center_axis',(1.,0.,0.));
#3842=DIRECTION('ref_axis',(0.,0.,-1.));
#3843=DIRECTION('',(0.,1.,0.));
#3844=DIRECTION('center_axis',(0.,1.,0.));
#3845=DIRECTION('ref_axis',(0.,0.,1.));
#3846=DIRECTION('',(0.,1.,0.));
#3847=DIRECTION('center_axis',(0.,1.,0.));
#3848=DIRECTION('ref_axis',(0.,0.,1.));
#3849=DIRECTION('',(0.,1.,0.));
#3850=DIRECTION('center_axis',(0.,1.,0.));
#3851=DIRECTION('ref_axis',(0.,0.,1.));
#3852=DIRECTION('',(0.,1.,0.));
#3853=DIRECTION('center_axis',(-1.,0.,0.));
#3854=DIRECTION('ref_axis',(0.,0.,1.));
#3855=DIRECTION('center_axis',(0.,1.,0.));
#3856=DIRECTION('ref_axis',(0.,0.,1.));
#3857=DIRECTION('',(0.,1.,0.));
#3858=DIRECTION('',(0.,1.,0.));
#3859=DIRECTION('center_axis',(0.,0.,-1.));
#3860=DIRECTION('ref_axis',(-1.,0.,0.));
#3861=DIRECTION('',(0.,1.,0.));
#3862=DIRECTION('center_axis',(0.,1.,0.));
#3863=DIRECTION('ref_axis',(0.,0.,1.));
#3864=DIRECTION('',(0.,1.,0.));
#3865=DIRECTION('center_axis',(1.,0.,0.));
#3866=DIRECTION('ref_axis',(0.,0.,-1.));
#3867=DIRECTION('',(0.,1.,0.));
#3868=DIRECTION('center_axis',(0.,1.,0.));
#3869=DIRECTION('ref_axis',(0.,0.,1.));
#3870=DIRECTION('',(0.,1.,0.));
#3871=DIRECTION('center_axis',(0.,1.,0.));
#3872=DIRECTION('ref_axis',(0.,0.,1.));
#3873=DIRECTION('',(0.,1.,0.));
#3874=DIRECTION('center_axis',(0.,1.,0.));
#3875=DIRECTION('ref_axis',(0.,0.,1.));
#3876=DIRECTION('',(0.,1.,0.));
#3877=DIRECTION('center_axis',(-1.,0.,0.));
#3878=DIRECTION('ref_axis',(0.,0.,1.));
#3879=DIRECTION('center_axis',(0.,1.,0.));
#3880=DIRECTION('ref_axis',(0.,0.,1.));
#3881=DIRECTION('',(0.,1.,0.));
#3882=DIRECTION('',(0.,1.,0.));
#3883=DIRECTION('center_axis',(0.,0.,-1.));
#3884=DIRECTION('ref_axis',(-1.,0.,0.));
#3885=DIRECTION('',(0.,1.,0.));
#3886=DIRECTION('center_axis',(0.,1.,0.));
#3887=DIRECTION('ref_axis',(0.,0.,1.));
#3888=DIRECTION('',(0.,1.,0.));
#3889=DIRECTION('center_axis',(1.,0.,0.));
#3890=DIRECTION('ref_axis',(0.,0.,-1.));
#3891=DIRECTION('',(0.,1.,0.));
#3892=DIRECTION('center_axis',(0.,1.,0.));
#3893=DIRECTION('ref_axis',(0.,0.,1.));
#3894=DIRECTION('',(0.,1.,0.));
#3895=DIRECTION('center_axis',(0.,1.,0.));
#3896=DIRECTION('ref_axis',(0.,0.,1.));
#3897=DIRECTION('',(0.,1.,0.));
#3898=DIRECTION('center_axis',(0.,1.,0.));
#3899=DIRECTION('ref_axis',(0.,0.,1.));
#3900=DIRECTION('',(0.,1.,0.));
#3901=DIRECTION('center_axis',(-1.,0.,0.));
#3902=DIRECTION('ref_axis',(0.,0.,1.));
#3903=DIRECTION('center_axis',(0.,1.,0.));
#3904=DIRECTION('ref_axis',(0.,0.,1.));
#3905=DIRECTION('',(0.,1.,0.));
#3906=DIRECTION('',(0.,1.,0.));
#3907=DIRECTION('center_axis',(0.,0.,-1.));
#3908=DIRECTION('ref_axis',(-1.,0.,0.));
#3909=DIRECTION('',(0.,1.,0.));
#3910=DIRECTION('center_axis',(0.,1.,0.));
#3911=DIRECTION('ref_axis',(0.,0.,1.));
#3912=DIRECTION('',(0.,1.,0.));
#3913=DIRECTION('center_axis',(1.,0.,0.));
#3914=DIRECTION('ref_axis',(0.,0.,-1.));
#3915=DIRECTION('',(0.,1.,0.));
#3916=DIRECTION('center_axis',(0.,1.,0.));
#3917=DIRECTION('ref_axis',(0.,0.,1.));
#3918=DIRECTION('',(0.,1.,0.));
#3919=DIRECTION('center_axis',(0.,1.,0.));
#3920=DIRECTION('ref_axis',(0.,0.,1.));
#3921=DIRECTION('',(0.,1.,0.));
#3922=DIRECTION('center_axis',(0.,1.,0.));
#3923=DIRECTION('ref_axis',(0.,0.,1.));
#3924=DIRECTION('',(0.,1.,0.));
#3925=DIRECTION('center_axis',(-1.,0.,0.));
#3926=DIRECTION('ref_axis',(0.,0.,1.));
#3927=DIRECTION('center_axis',(0.,1.,0.));
#3928=DIRECTION('ref_axis',(0.,0.,1.));
#3929=DIRECTION('',(0.,1.,0.));
#3930=DIRECTION('',(0.,1.,0.));
#3931=DIRECTION('center_axis',(0.,0.,-1.));
#3932=DIRECTION('ref_axis',(-1.,0.,0.));
#3933=DIRECTION('',(0.,1.,0.));
#3934=DIRECTION('center_axis',(0.,1.,0.));
#3935=DIRECTION('ref_axis',(0.,0.,1.));
#3936=DIRECTION('',(0.,1.,0.));
#3937=DIRECTION('center_axis',(1.,0.,0.));
#3938=DIRECTION('ref_axis',(0.,0.,-1.));
#3939=DIRECTION('',(0.,1.,0.));
#3940=DIRECTION('center_axis',(0.,1.,0.));
#3941=DIRECTION('ref_axis',(0.,0.,1.));
#3942=DIRECTION('',(0.,1.,0.));
#3943=DIRECTION('center_axis',(0.,1.,0.));
#3944=DIRECTION('ref_axis',(0.,0.,1.));
#3945=DIRECTION('',(0.,1.,0.));
#3946=DIRECTION('center_axis',(0.,1.,0.));
#3947=DIRECTION('ref_axis',(0.,0.,1.));
#3948=DIRECTION('',(0.,1.,0.));
#3949=DIRECTION('center_axis',(-1.,0.,0.));
#3950=DIRECTION('ref_axis',(0.,0.,1.));
#3951=DIRECTION('center_axis',(0.,1.,0.));
#3952=DIRECTION('ref_axis',(0.,0.,1.));
#3953=DIRECTION('',(0.,1.,0.));
#3954=DIRECTION('',(0.,1.,0.));
#3955=DIRECTION('center_axis',(0.,0.,-1.));
#3956=DIRECTION('ref_axis',(-1.,0.,0.));
#3957=DIRECTION('',(0.,1.,0.));
#3958=DIRECTION('center_axis',(0.,1.,0.));
#3959=DIRECTION('ref_axis',(0.,0.,1.));
#3960=DIRECTION('',(0.,1.,0.));
#3961=DIRECTION('center_axis',(1.,0.,0.));
#3962=DIRECTION('ref_axis',(0.,0.,-1.));
#3963=DIRECTION('',(0.,1.,0.));
#3964=DIRECTION('center_axis',(0.,1.,0.));
#3965=DIRECTION('ref_axis',(0.,0.,1.));
#3966=DIRECTION('',(0.,1.,0.));
#3967=DIRECTION('center_axis',(0.,1.,0.));
#3968=DIRECTION('ref_axis',(0.,0.,1.));
#3969=DIRECTION('',(0.,1.,0.));
#3970=DIRECTION('center_axis',(0.,1.,0.));
#3971=DIRECTION('ref_axis',(0.,0.,1.));
#3972=DIRECTION('',(0.,1.,0.));
#3973=DIRECTION('center_axis',(-1.,0.,0.));
#3974=DIRECTION('ref_axis',(0.,0.,1.));
#3975=DIRECTION('center_axis',(1.,0.,0.));
#3976=DIRECTION('ref_axis',(0.,0.,-1.));
#3977=DIRECTION('',(0.,1.,0.));
#3978=DIRECTION('',(0.,1.,0.));
#3979=DIRECTION('center_axis',(-1.,0.,0.));
#3980=DIRECTION('ref_axis',(0.,0.,1.));
#3981=DIRECTION('',(0.,-1.,0.));
#3982=DIRECTION('',(0.,1.,0.));
#3983=DIRECTION('center_axis',(0.,1.,0.));
#3984=DIRECTION('ref_axis',(0.,0.,1.));
#3985=DIRECTION('',(0.,1.,0.));
#3986=DIRECTION('center_axis',(0.,1.,0.));
#3987=DIRECTION('ref_axis',(0.,0.,1.));
#3988=DIRECTION('',(0.,1.,0.));
#3989=DIRECTION('center_axis',(0.,1.,0.));
#3990=DIRECTION('ref_axis',(0.,0.,1.));
#3991=DIRECTION('center_axis',(1.,0.,0.));
#3992=DIRECTION('ref_axis',(0.,0.,-1.));
#3993=DIRECTION('',(0.,1.,0.));
#3994=DIRECTION('',(0.,1.,0.));
#3995=DIRECTION('center_axis',(-1.,0.,0.));
#3996=DIRECTION('ref_axis',(0.,0.,1.));
#3997=DIRECTION('',(0.,-1.,0.));
#3998=DIRECTION('',(0.,1.,0.));
#3999=DIRECTION('center_axis',(0.,1.,0.));
#4000=DIRECTION('ref_axis',(0.,0.,1.));
#4001=DIRECTION('',(0.,1.,0.));
#4002=DIRECTION('center_axis',(0.,1.,0.));
#4003=DIRECTION('ref_axis',(0.,0.,1.));
#4004=DIRECTION('',(0.,1.,0.));
#4005=DIRECTION('center_axis',(0.,1.,0.));
#4006=DIRECTION('ref_axis',(0.,0.,1.));
#4007=DIRECTION('center_axis',(1.,0.,0.));
#4008=DIRECTION('ref_axis',(0.,0.,-1.));
#4009=DIRECTION('',(0.,1.,0.));
#4010=DIRECTION('',(0.,1.,0.));
#4011=DIRECTION('center_axis',(-1.,0.,0.));
#4012=DIRECTION('ref_axis',(0.,0.,1.));
#4013=DIRECTION('',(0.,-1.,0.));
#4014=DIRECTION('',(0.,1.,0.));
#4015=DIRECTION('center_axis',(0.,1.,0.));
#4016=DIRECTION('ref_axis',(0.,0.,1.));
#4017=DIRECTION('',(0.,1.,0.));
#4018=DIRECTION('center_axis',(0.,1.,0.));
#4019=DIRECTION('ref_axis',(0.,0.,1.));
#4020=DIRECTION('',(0.,1.,0.));
#4021=DIRECTION('center_axis',(0.,1.,0.));
#4022=DIRECTION('ref_axis',(0.,0.,1.));
#4023=DIRECTION('center_axis',(1.,0.,0.));
#4024=DIRECTION('ref_axis',(0.,0.,-1.));
#4025=DIRECTION('',(0.,1.,0.));
#4026=DIRECTION('',(0.,1.,0.));
#4027=DIRECTION('center_axis',(-1.,0.,0.));
#4028=DIRECTION('ref_axis',(0.,0.,1.));
#4029=DIRECTION('',(0.,-1.,0.));
#4030=DIRECTION('',(0.,1.,0.));
#4031=DIRECTION('center_axis',(0.,1.,0.));
#4032=DIRECTION('ref_axis',(0.,0.,1.));
#4033=DIRECTION('',(0.,1.,0.));
#4034=DIRECTION('center_axis',(0.,1.,0.));
#4035=DIRECTION('ref_axis',(0.,0.,1.));
#4036=DIRECTION('',(0.,1.,0.));
#4037=DIRECTION('center_axis',(0.,1.,0.));
#4038=DIRECTION('ref_axis',(0.,0.,1.));
#4039=DIRECTION('center_axis',(0.,1.,0.));
#4040=DIRECTION('ref_axis',(0.,0.,1.));
#4041=DIRECTION('',(0.,1.,0.));
#4042=DIRECTION('center_axis',(0.,1.,0.));
#4043=DIRECTION('ref_axis',(0.,0.,1.));
#4044=DIRECTION('',(0.,1.,0.));
#4045=DIRECTION('center_axis',(0.,1.,0.));
#4046=DIRECTION('ref_axis',(0.,0.,1.));
#4047=DIRECTION('',(0.,1.,0.));
#4048=DIRECTION('center_axis',(0.,1.,0.));
#4049=DIRECTION('ref_axis',(0.,0.,1.));
#4050=DIRECTION('',(0.,1.,0.));
#4051=DIRECTION('center_axis',(0.,1.,0.));
#4052=DIRECTION('ref_axis',(0.,0.,1.));
#4053=DIRECTION('',(0.,1.,0.));
#4054=DIRECTION('center_axis',(0.,1.,0.));
#4055=DIRECTION('ref_axis',(0.,0.,1.));
#4056=DIRECTION('',(0.,1.,0.));
#4057=DIRECTION('center_axis',(0.,1.,0.));
#4058=DIRECTION('ref_axis',(0.,0.,1.));
#4059=DIRECTION('',(0.,1.,0.));
#4060=DIRECTION('center_axis',(0.,1.,0.));
#4061=DIRECTION('ref_axis',(0.,0.,1.));
#4062=DIRECTION('',(0.,1.,0.));
#4063=DIRECTION('center_axis',(0.,1.,0.));
#4064=DIRECTION('ref_axis',(0.,0.,1.));
#4065=DIRECTION('center_axis',(0.,-1.,0.));
#4066=DIRECTION('ref_axis',(0.,0.,-1.));
#4067=DIRECTION('center_axis',(0.,-1.,0.));
#4068=DIRECTION('ref_axis',(0.,0.,-1.));
#4069=DIRECTION('center_axis',(0.,1.,0.));
#4070=DIRECTION('ref_axis',(0.,0.,1.));
#4071=DIRECTION('center_axis',(0.,1.,0.));
#4072=DIRECTION('ref_axis',(0.,0.,1.));
#4073=DIRECTION('center_axis',(0.,-1.,0.));
#4074=DIRECTION('ref_axis',(0.,0.,-1.));
#4075=DIRECTION('center_axis',(0.,-1.,0.));
#4076=DIRECTION('ref_axis',(0.,0.,-1.));
#4077=DIRECTION('center_axis',(0.,1.,0.));
#4078=DIRECTION('ref_axis',(0.,0.,1.));
#4079=DIRECTION('center_axis',(0.,1.,0.));
#4080=DIRECTION('ref_axis',(0.,0.,1.));
#4081=DIRECTION('center_axis',(0.,-1.,0.));
#4082=DIRECTION('ref_axis',(0.,0.,-1.));
#4083=DIRECTION('center_axis',(0.,1.,0.));
#4084=DIRECTION('ref_axis',(0.,0.,1.));
#4085=DIRECTION('',(0.,1.,0.));
#4086=DIRECTION('center_axis',(0.,1.,0.));
#4087=DIRECTION('ref_axis',(0.,0.,1.));
#4088=DIRECTION('',(0.,1.,0.));
#4089=DIRECTION('center_axis',(0.,1.,0.));
#4090=DIRECTION('ref_axis',(0.,0.,1.));
#4091=DIRECTION('',(0.,1.,0.));
#4092=DIRECTION('center_axis',(0.,1.,0.));
#4093=DIRECTION('ref_axis',(0.,0.,1.));
#4094=DIRECTION('',(0.,1.,0.));
#4095=CARTESIAN_POINT('',(0.,0.,0.));
#4096=CARTESIAN_POINT('Origin',(-59.,2.,-37.));
#4097=CARTESIAN_POINT('',(-6.00000000000001,2.,-37.));
#4098=CARTESIAN_POINT('',(-19.,2.,-37.));
#4099=CARTESIAN_POINT('',(-6.00000000000001,2.,-37.));
#4100=CARTESIAN_POINT('',(-6.00000000000001,0.,-37.));
#4101=CARTESIAN_POINT('',(-6.00000000000001,2.,-37.));
#4102=CARTESIAN_POINT('',(-19.,0.,-37.));
#4103=CARTESIAN_POINT('',(-6.00000000000001,0.,-37.));
#4104=CARTESIAN_POINT('',(-19.,0.,-37.));
#4105=CARTESIAN_POINT('Origin',(-59.,2.,-37.));
#4106=CARTESIAN_POINT('',(19.,2.,-37.));
#4107=CARTESIAN_POINT('',(5.99999999999999,2.,-37.));
#4108=CARTESIAN_POINT('',(19.,2.,-37.));
#4109=CARTESIAN_POINT('',(19.,0.,-37.));
#4110=CARTESIAN_POINT('',(19.,2.,-37.));
#4111=CARTESIAN_POINT('',(5.99999999999999,0.,-37.));
#4112=CARTESIAN_POINT('',(19.,0.,-37.));
#4113=CARTESIAN_POINT('',(5.99999999999999,0.,-37.));
#4114=CARTESIAN_POINT('Origin',(-59.,2.,-37.));
#4115=CARTESIAN_POINT('',(44.,2.,-37.));
#4116=CARTESIAN_POINT('',(31.,2.,-37.));
#4117=CARTESIAN_POINT('',(44.,2.,-37.));
#4118=CARTESIAN_POINT('',(44.,0.,-37.));
#4119=CARTESIAN_POINT('',(44.,2.,-37.));
#4120=CARTESIAN_POINT('',(31.,0.,-37.));
#4121=CARTESIAN_POINT('',(44.,0.,-37.));
#4122=CARTESIAN_POINT('',(31.,0.,-37.));
#4123=CARTESIAN_POINT('Origin',(-59.,2.,-37.));
#4124=CARTESIAN_POINT('',(59.,0.,-37.));
#4125=CARTESIAN_POINT('',(56.,0.,-37.));
#4126=CARTESIAN_POINT('',(59.,0.,-37.));
#4127=CARTESIAN_POINT('',(56.,2.,-37.));
#4128=CARTESIAN_POINT('',(56.,0.,-37.));
#4129=CARTESIAN_POINT('',(59.,2.,-37.));
#4130=CARTESIAN_POINT('',(59.,2.,-37.));
#4131=CARTESIAN_POINT('',(59.,2.,-37.));
#4132=CARTESIAN_POINT('Origin',(-59.,2.,-37.));
#4133=CARTESIAN_POINT('',(-31.,2.,-37.));
#4134=CARTESIAN_POINT('',(-44.,2.,-37.));
#4135=CARTESIAN_POINT('',(-31.,2.,-37.));
#4136=CARTESIAN_POINT('',(-31.,0.,-37.));
#4137=CARTESIAN_POINT('',(-31.,2.,-37.));
#4138=CARTESIAN_POINT('',(-44.,0.,-37.));
#4139=CARTESIAN_POINT('',(-31.,0.,-37.));
#4140=CARTESIAN_POINT('',(-44.,0.,-37.));
#4141=CARTESIAN_POINT('Origin',(-59.,2.,36.));
#4142=CARTESIAN_POINT('',(-60.,0.,36.));
#4143=CARTESIAN_POINT('',(-59.,0.,37.));
#4144=CARTESIAN_POINT('Origin',(-59.,0.,36.));
#4145=CARTESIAN_POINT('',(-59.,2.,37.));
#4146=CARTESIAN_POINT('',(-59.,2.,37.));
#4147=CARTESIAN_POINT('',(-60.,2.,36.));
#4148=CARTESIAN_POINT('Origin',(-59.,2.,36.));
#4149=CARTESIAN_POINT('',(-60.,2.,36.));
#4150=CARTESIAN_POINT('Origin',(-59.,2.,37.));
#4151=CARTESIAN_POINT('',(59.,0.,37.));
#4152=CARTESIAN_POINT('',(-59.,0.,37.));
#4153=CARTESIAN_POINT('',(59.,2.,37.));
#4154=CARTESIAN_POINT('',(59.,2.,37.));
#4155=CARTESIAN_POINT('',(-59.,2.,37.));
#4156=CARTESIAN_POINT('Origin',(59.,2.,36.));
#4157=CARTESIAN_POINT('',(60.,0.,36.));
#4158=CARTESIAN_POINT('Origin',(59.,0.,36.));
#4159=CARTESIAN_POINT('',(60.,2.,36.));
#4160=CARTESIAN_POINT('',(60.,2.,36.));
#4161=CARTESIAN_POINT('Origin',(59.,2.,36.));
#4162=CARTESIAN_POINT('Origin',(60.,2.,36.));
#4163=CARTESIAN_POINT('',(60.,0.,-36.));
#4164=CARTESIAN_POINT('',(60.,0.,36.));
#4165=CARTESIAN_POINT('',(60.,2.,-36.));
#4166=CARTESIAN_POINT('',(60.,2.,-36.));
#4167=CARTESIAN_POINT('',(60.,2.,36.));
#4168=CARTESIAN_POINT('Origin',(59.,2.,-36.));
#4169=CARTESIAN_POINT('Origin',(59.,0.,-36.));
#4170=CARTESIAN_POINT('Origin',(59.,2.,-36.));
#4171=CARTESIAN_POINT('Origin',(-59.,2.,-37.));
#4172=CARTESIAN_POINT('',(-56.,2.,-37.));
#4173=CARTESIAN_POINT('',(-59.,2.,-37.));
#4174=CARTESIAN_POINT('',(-56.,2.,-37.));
#4175=CARTESIAN_POINT('',(-56.,0.,-37.));
#4176=CARTESIAN_POINT('',(-56.,2.,-37.));
#4177=CARTESIAN_POINT('',(-59.,0.,-37.));
#4178=CARTESIAN_POINT('',(-56.,0.,-37.));
#4179=CARTESIAN_POINT('',(-59.,2.,-37.));
#4180=CARTESIAN_POINT('Origin',(-59.,2.,-36.));
#4181=CARTESIAN_POINT('',(-60.,0.,-36.));
#4182=CARTESIAN_POINT('Origin',(-59.,0.,-36.));
#4183=CARTESIAN_POINT('',(-60.,2.,-36.));
#4184=CARTESIAN_POINT('',(-60.,2.,-36.));
#4185=CARTESIAN_POINT('Origin',(-59.,2.,-36.));
#4186=CARTESIAN_POINT('Origin',(-60.,2.,36.));
#4187=CARTESIAN_POINT('',(-60.,0.,-36.));
#4188=CARTESIAN_POINT('',(-60.,2.,-36.));
#4189=CARTESIAN_POINT('Origin',(-59.,2.,36.));
#4190=CARTESIAN_POINT('',(55.,2.,-36.));
#4191=CARTESIAN_POINT('Origin',(56.,2.,-36.));
#4192=CARTESIAN_POINT('',(55.,2.,-32.0990195135928));
#4193=CARTESIAN_POINT('',(55.,2.,-32.0990195135928));
#4194=CARTESIAN_POINT('',(55.1333333333333,2.,-31.7590848793533));
#4195=CARTESIAN_POINT('Origin',(55.5,2.,-32.0990195135928));
#4196=CARTESIAN_POINT('',(44.8666666666667,2.,-31.7590848793532));
#4197=CARTESIAN_POINT('Origin',(50.,2.,-27.));
#4198=CARTESIAN_POINT('',(45.,2.,-32.0990195135928));
#4199=CARTESIAN_POINT('Origin',(44.5,2.,-32.0990195135928));
#4200=CARTESIAN_POINT('',(45.,2.,-36.));
#4201=CARTESIAN_POINT('',(45.,2.,-36.));
#4202=CARTESIAN_POINT('Origin',(44.,2.,-36.));
#4203=CARTESIAN_POINT('',(30.,2.,-36.));
#4204=CARTESIAN_POINT('Origin',(31.,2.,-36.));
#4205=CARTESIAN_POINT('',(30.,2.,-32.0990195135928));
#4206=CARTESIAN_POINT('',(30.,2.,-32.0990195135928));
#4207=CARTESIAN_POINT('',(30.1333333333333,2.,-31.7590848793533));
#4208=CARTESIAN_POINT('Origin',(30.5,2.,-32.0990195135928));
#4209=CARTESIAN_POINT('',(19.8666666666667,2.,-31.7590848793533));
#4210=CARTESIAN_POINT('Origin',(25.,2.,-27.));
#4211=CARTESIAN_POINT('',(20.,2.,-32.0990195135928));
#4212=CARTESIAN_POINT('Origin',(19.5,2.,-32.0990195135928));
#4213=CARTESIAN_POINT('',(20.,2.,-36.));
#4214=CARTESIAN_POINT('',(20.,2.,-36.));
#4215=CARTESIAN_POINT('Origin',(19.,2.,-36.));
#4216=CARTESIAN_POINT('',(4.99999999999999,2.,-36.));
#4217=CARTESIAN_POINT('Origin',(5.99999999999999,2.,-36.));
#4218=CARTESIAN_POINT('',(4.99999999999999,2.,-32.0990195135928));
#4219=CARTESIAN_POINT('',(4.99999999999999,2.,-32.0990195135928));
#4220=CARTESIAN_POINT('',(5.13333333333332,2.,-31.7590848793533));
#4221=CARTESIAN_POINT('Origin',(5.49999999999999,2.,-32.0990195135928));
#4222=CARTESIAN_POINT('',(-5.13333333333334,2.,-31.7590848793533));
#4223=CARTESIAN_POINT('Origin',(0.,2.,-27.));
#4224=CARTESIAN_POINT('',(-5.00000000000001,2.,-32.0990195135928));
#4225=CARTESIAN_POINT('Origin',(-5.50000000000001,2.,-32.0990195135928));
#4226=CARTESIAN_POINT('',(-5.,2.,-36.));
#4227=CARTESIAN_POINT('',(-5.,2.,-36.));
#4228=CARTESIAN_POINT('Origin',(-6.00000000000001,2.,-36.));
#4229=CARTESIAN_POINT('',(-20.,2.,-36.));
#4230=CARTESIAN_POINT('Origin',(-19.,2.,-36.));
#4231=CARTESIAN_POINT('',(-20.,2.,-32.0990195135928));
#4232=CARTESIAN_POINT('',(-20.,2.,-32.0990195135928));
#4233=CARTESIAN_POINT('',(-19.8666666666667,2.,-31.7590848793533));
#4234=CARTESIAN_POINT('Origin',(-19.5,2.,-32.0990195135928));
#4235=CARTESIAN_POINT('',(-30.1333333333333,2.,-31.7590848793533));
#4236=CARTESIAN_POINT('Origin',(-25.,2.,-27.));
#4237=CARTESIAN_POINT('',(-30.,2.,-32.0990195135928));
#4238=CARTESIAN_POINT('Origin',(-30.5,2.,-32.0990195135928));
#4239=CARTESIAN_POINT('',(-30.,2.,-36.));
#4240=CARTESIAN_POINT('',(-30.,2.,-36.));
#4241=CARTESIAN_POINT('Origin',(-31.,2.,-36.));
#4242=CARTESIAN_POINT('',(-45.,2.,-36.));
#4243=CARTESIAN_POINT('Origin',(-44.,2.,-36.));
#4244=CARTESIAN_POINT('',(-45.,2.,-32.0990195135928));
#4245=CARTESIAN_POINT('',(-45.,2.,-32.0990195135928));
#4246=CARTESIAN_POINT('',(-44.8666666666667,2.,-31.7590848793533));
#4247=CARTESIAN_POINT('Origin',(-44.5,2.,-32.0990195135928));
#4248=CARTESIAN_POINT('',(-55.1333333333333,2.,-31.7590848793533));
#4249=CARTESIAN_POINT('Origin',(-50.,2.,-27.));
#4250=CARTESIAN_POINT('',(-55.,2.,-32.0990195135928));
#4251=CARTESIAN_POINT('Origin',(-55.5,2.,-32.0990195135928));
#4252=CARTESIAN_POINT('',(-55.,2.,-36.));
#4253=CARTESIAN_POINT('',(-55.,2.,-36.));
#4254=CARTESIAN_POINT('Origin',(-56.,2.,-36.));
#4255=CARTESIAN_POINT('',(-37.5,2.,10.5));
#4256=CARTESIAN_POINT('Origin',(-37.5,2.,13.5));
#4257=CARTESIAN_POINT('',(37.5,2.,-16.5));
#4258=CARTESIAN_POINT('Origin',(37.5,2.,-13.5));
#4259=CARTESIAN_POINT('',(37.5,2.,10.5));
#4260=CARTESIAN_POINT('Origin',(37.5,2.,13.5));
#4261=CARTESIAN_POINT('',(-37.5,2.,-16.5));
#4262=CARTESIAN_POINT('Origin',(-37.5,2.,-13.5));
#4263=CARTESIAN_POINT('',(-55.,2.,8.45));
#4264=CARTESIAN_POINT('Origin',(-55.,2.,10.5));
#4265=CARTESIAN_POINT('',(15.,2.,8.45));
#4266=CARTESIAN_POINT('Origin',(15.,2.,10.5));
#4267=CARTESIAN_POINT('',(15.,2.,-18.55));
#4268=CARTESIAN_POINT('Origin',(15.,2.,-16.5));
#4269=CARTESIAN_POINT('',(55.,2.,-18.55));
#4270=CARTESIAN_POINT('Origin',(55.,2.,-16.5));
#4271=CARTESIAN_POINT('',(55.,2.,8.45));
#4272=CARTESIAN_POINT('Origin',(55.,2.,10.5));
#4273=CARTESIAN_POINT('',(-15.,2.,8.45));
#4274=CARTESIAN_POINT('Origin',(-15.,2.,10.5));
#4275=CARTESIAN_POINT('',(-15.,2.,-18.55));
#4276=CARTESIAN_POINT('Origin',(-15.,2.,-16.5));
#4277=CARTESIAN_POINT('',(-55.,2.,-18.55));
#4278=CARTESIAN_POINT('Origin',(-55.,2.,-16.5));
#4279=CARTESIAN_POINT('',(45.,2.,-12.3));
#4280=CARTESIAN_POINT('',(45.,2.,-5.09901951359277));
#4281=CARTESIAN_POINT('',(45.,2.,-12.3));
#4282=CARTESIAN_POINT('',(45.5,2.,-12.8));
#4283=CARTESIAN_POINT('Origin',(45.5,2.,-12.3));
#4284=CARTESIAN_POINT('',(54.5,2.,-12.8));
#4285=CARTESIAN_POINT('',(54.5,2.,-12.8));
#4286=CARTESIAN_POINT('',(55.,2.,-12.3));
#4287=CARTESIAN_POINT('Origin',(54.5,2.,-12.3));
#4288=CARTESIAN_POINT('',(55.,2.,-5.09901951359277));
#4289=CARTESIAN_POINT('',(55.,2.,-5.09901951359277));
#4290=CARTESIAN_POINT('',(55.1333333333333,2.,-4.75908487935326));
#4291=CARTESIAN_POINT('Origin',(55.5,2.,-5.09901951359277));
#4292=CARTESIAN_POINT('',(44.8666666666667,2.,-4.75908487935325));
#4293=CARTESIAN_POINT('Origin',(50.,2.,1.38777878078145E-14));
#4294=CARTESIAN_POINT('Origin',(44.5,2.,-5.09901951359277));
#4295=CARTESIAN_POINT('',(-55.,2.,-12.3));
#4296=CARTESIAN_POINT('',(-55.,2.,-5.09901951359279));
#4297=CARTESIAN_POINT('',(-55.,2.,-12.3));
#4298=CARTESIAN_POINT('',(-54.5,2.,-12.8));
#4299=CARTESIAN_POINT('Origin',(-54.5,2.,-12.3));
#4300=CARTESIAN_POINT('',(-45.5,2.,-12.8));
#4301=CARTESIAN_POINT('',(-45.5,2.,-12.8));
#4302=CARTESIAN_POINT('',(-45.,2.,-12.3));
#4303=CARTESIAN_POINT('Origin',(-45.5,2.,-12.3));
#4304=CARTESIAN_POINT('',(-45.,2.,-5.09901951359279));
#4305=CARTESIAN_POINT('',(-45.,2.,-5.09901951359279));
#4306=CARTESIAN_POINT('',(-44.8666666666667,2.,-4.75908487935327));
#4307=CARTESIAN_POINT('Origin',(-44.5,2.,-5.09901951359279));
#4308=CARTESIAN_POINT('',(-55.1333333333333,2.,-4.75908487935326));
#4309=CARTESIAN_POINT('Origin',(-50.,2.,0.));
#4310=CARTESIAN_POINT('Origin',(-55.5,2.,-5.09901951359279));
#4311=CARTESIAN_POINT('',(20.,2.,-12.3));
#4312=CARTESIAN_POINT('',(20.,2.,-5.09901951359278));
#4313=CARTESIAN_POINT('',(20.,2.,-12.3));
#4314=CARTESIAN_POINT('',(20.5,2.,-12.8));
#4315=CARTESIAN_POINT('Origin',(20.5,2.,-12.3));
#4316=CARTESIAN_POINT('',(29.5,2.,-12.8));
#4317=CARTESIAN_POINT('',(29.5,2.,-12.8));
#4318=CARTESIAN_POINT('',(30.,2.,-12.3));
#4319=CARTESIAN_POINT('Origin',(29.5,2.,-12.3));
#4320=CARTESIAN_POINT('',(30.,2.,-5.09901951359278));
#4321=CARTESIAN_POINT('',(30.,2.,-5.09901951359278));
#4322=CARTESIAN_POINT('',(30.1333333333333,2.,-4.75908487935326));
#4323=CARTESIAN_POINT('Origin',(30.5,2.,-5.09901951359278));
#4324=CARTESIAN_POINT('',(19.8666666666667,2.,-4.75908487935325));
#4325=CARTESIAN_POINT('Origin',(25.,2.,1.04083408558608E-14));
#4326=CARTESIAN_POINT('Origin',(19.5,2.,-5.09901951359278));
#4327=CARTESIAN_POINT('',(-5.,2.,-12.3));
#4328=CARTESIAN_POINT('',(-5.00000000000001,2.,-5.09901951359278));
#4329=CARTESIAN_POINT('',(-5.,2.,-12.3));
#4330=CARTESIAN_POINT('',(-4.5,2.,-12.8));
#4331=CARTESIAN_POINT('Origin',(-4.5,2.,-12.3));
#4332=CARTESIAN_POINT('',(4.5,2.,-12.8));
#4333=CARTESIAN_POINT('',(4.5,2.,-12.8));
#4334=CARTESIAN_POINT('',(4.99999999999999,2.,-12.3));
#4335=CARTESIAN_POINT('Origin',(4.5,2.,-12.3));
#4336=CARTESIAN_POINT('',(4.99999999999999,2.,-5.09901951359278));
#4337=CARTESIAN_POINT('',(4.99999999999999,2.,-5.09901951359278));
#4338=CARTESIAN_POINT('',(5.13333333333332,2.,-4.75908487935326));
#4339=CARTESIAN_POINT('Origin',(5.49999999999999,2.,-5.09901951359278));
#4340=CARTESIAN_POINT('',(-5.13333333333334,2.,-4.75908487935326));
#4341=CARTESIAN_POINT('Origin',(0.,2.,6.93889390390723E-15));
#4342=CARTESIAN_POINT('Origin',(-5.50000000000001,2.,-5.09901951359278));
#4343=CARTESIAN_POINT('',(-55.,2.,14.7));
#4344=CARTESIAN_POINT('',(-55.,2.,21.9009804864072));
#4345=CARTESIAN_POINT('',(-55.,2.,14.7));
#4346=CARTESIAN_POINT('',(-54.5,2.,14.2));
#4347=CARTESIAN_POINT('Origin',(-54.5,2.,14.7));
#4348=CARTESIAN_POINT('',(-45.5,2.,14.2));
#4349=CARTESIAN_POINT('',(-45.5,2.,14.2));
#4350=CARTESIAN_POINT('',(-45.,2.,14.7));
#4351=CARTESIAN_POINT('Origin',(-45.5,2.,14.7));
#4352=CARTESIAN_POINT('',(-45.,2.,21.9009804864072));
#4353=CARTESIAN_POINT('',(-45.,2.,21.9009804864072));
#4354=CARTESIAN_POINT('',(-44.8666666666667,2.,22.2409151206467));
#4355=CARTESIAN_POINT('Origin',(-44.5,2.,21.9009804864072));
#4356=CARTESIAN_POINT('',(-55.1333333333333,2.,22.2409151206467));
#4357=CARTESIAN_POINT('Origin',(-50.,2.,27.));
#4358=CARTESIAN_POINT('Origin',(-55.5,2.,21.9009804864072));
#4359=CARTESIAN_POINT('',(-30.,2.,14.7));
#4360=CARTESIAN_POINT('',(-30.,2.,21.9009804864072));
#4361=CARTESIAN_POINT('',(-30.,2.,14.7));
#4362=CARTESIAN_POINT('',(-29.5,2.,14.2));
#4363=CARTESIAN_POINT('Origin',(-29.5,2.,14.7));
#4364=CARTESIAN_POINT('',(-20.5,2.,14.2));
#4365=CARTESIAN_POINT('',(-20.5,2.,14.2));
#4366=CARTESIAN_POINT('',(-20.,2.,14.7));
#4367=CARTESIAN_POINT('Origin',(-20.5,2.,14.7));
#4368=CARTESIAN_POINT('',(-20.,2.,21.9009804864072));
#4369=CARTESIAN_POINT('',(-20.,2.,21.9009804864072));
#4370=CARTESIAN_POINT('',(-19.8666666666667,2.,22.2409151206467));
#4371=CARTESIAN_POINT('Origin',(-19.5,2.,21.9009804864072));
#4372=CARTESIAN_POINT('',(-30.1333333333333,2.,22.2409151206467));
#4373=CARTESIAN_POINT('Origin',(-25.,2.,27.));
#4374=CARTESIAN_POINT('Origin',(-30.5,2.,21.9009804864072));
#4375=CARTESIAN_POINT('',(-5.,2.,14.7));
#4376=CARTESIAN_POINT('',(-5.00000000000001,2.,21.9009804864072));
#4377=CARTESIAN_POINT('',(-5.,2.,14.7));
#4378=CARTESIAN_POINT('',(-4.5,2.,14.2));
#4379=CARTESIAN_POINT('Origin',(-4.5,2.,14.7));
#4380=CARTESIAN_POINT('',(4.5,2.,14.2));
#4381=CARTESIAN_POINT('',(4.5,2.,14.2));
#4382=CARTESIAN_POINT('',(4.99999999999999,2.,14.7));
#4383=CARTESIAN_POINT('Origin',(4.5,2.,14.7));
#4384=CARTESIAN_POINT('',(4.99999999999999,2.,21.9009804864072));
#4385=CARTESIAN_POINT('',(4.99999999999999,2.,21.9009804864072));
#4386=CARTESIAN_POINT('',(5.13333333333332,2.,22.2409151206467));
#4387=CARTESIAN_POINT('Origin',(5.49999999999999,2.,21.9009804864072));
#4388=CARTESIAN_POINT('',(-5.13333333333334,2.,22.2409151206467));
#4389=CARTESIAN_POINT('Origin',(0.,2.,27.));
#4390=CARTESIAN_POINT('Origin',(-5.50000000000001,2.,21.9009804864072));
#4391=CARTESIAN_POINT('',(20.,2.,14.7));
#4392=CARTESIAN_POINT('',(20.,2.,21.9009804864072));
#4393=CARTESIAN_POINT('',(20.,2.,14.7));
#4394=CARTESIAN_POINT('',(20.5,2.,14.2));
#4395=CARTESIAN_POINT('Origin',(20.5,2.,14.7));
#4396=CARTESIAN_POINT('',(29.5,2.,14.2));
#4397=CARTESIAN_POINT('',(29.5,2.,14.2));
#4398=CARTESIAN_POINT('',(30.,2.,14.7));
#4399=CARTESIAN_POINT('Origin',(29.5,2.,14.7));
#4400=CARTESIAN_POINT('',(30.,2.,21.9009804864072));
#4401=CARTESIAN_POINT('',(30.,2.,21.9009804864072));
#4402=CARTESIAN_POINT('',(30.1333333333333,2.,22.2409151206467));
#4403=CARTESIAN_POINT('Origin',(30.5,2.,21.9009804864072));
#4404=CARTESIAN_POINT('',(19.8666666666667,2.,22.2409151206467));
#4405=CARTESIAN_POINT('Origin',(25.,2.,27.));
#4406=CARTESIAN_POINT('Origin',(19.5,2.,21.9009804864072));
#4407=CARTESIAN_POINT('',(45.,2.,14.7));
#4408=CARTESIAN_POINT('',(45.,2.,21.9009804864072));
#4409=CARTESIAN_POINT('',(45.,2.,14.7));
#4410=CARTESIAN_POINT('',(45.5,2.,14.2));
#4411=CARTESIAN_POINT('Origin',(45.5,2.,14.7));
#4412=CARTESIAN_POINT('',(54.5,2.,14.2));
#4413=CARTESIAN_POINT('',(54.5,2.,14.2));
#4414=CARTESIAN_POINT('',(55.,2.,14.7));
#4415=CARTESIAN_POINT('Origin',(54.5,2.,14.7));
#4416=CARTESIAN_POINT('',(55.,2.,21.9009804864072));
#4417=CARTESIAN_POINT('',(55.,2.,21.9009804864072));
#4418=CARTESIAN_POINT('',(55.1333333333333,2.,22.2409151206467));
#4419=CARTESIAN_POINT('Origin',(55.5,2.,21.9009804864072));
#4420=CARTESIAN_POINT('',(44.8666666666667,2.,22.2409151206468));
#4421=CARTESIAN_POINT('Origin',(50.,2.,27.));
#4422=CARTESIAN_POINT('Origin',(44.5,2.,21.9009804864072));
#4423=CARTESIAN_POINT('',(-30.,2.,-12.3));
#4424=CARTESIAN_POINT('',(-30.,2.,-5.09901951359278));
#4425=CARTESIAN_POINT('',(-30.,2.,-12.3));
#4426=CARTESIAN_POINT('',(-29.5,2.,-12.8));
#4427=CARTESIAN_POINT('Origin',(-29.5,2.,-12.3));
#4428=CARTESIAN_POINT('',(-20.5,2.,-12.8));
#4429=CARTESIAN_POINT('',(-20.5,2.,-12.8));
#4430=CARTESIAN_POINT('',(-20.,2.,-12.3));
#4431=CARTESIAN_POINT('Origin',(-20.5,2.,-12.3));
#4432=CARTESIAN_POINT('',(-20.,2.,-5.09901951359278));
#4433=CARTESIAN_POINT('',(-20.,2.,-5.09901951359278));
#4434=CARTESIAN_POINT('',(-19.8666666666667,2.,-4.75908487935327));
#4435=CARTESIAN_POINT('Origin',(-19.5,2.,-5.09901951359278));
#4436=CARTESIAN_POINT('',(-30.1333333333333,2.,-4.75908487935326));
#4437=CARTESIAN_POINT('Origin',(-25.,2.,3.46944695195361E-15));
#4438=CARTESIAN_POINT('Origin',(-30.5,2.,-5.09901951359278));
#4439=CARTESIAN_POINT('Origin',(-59.,0.,36.));
#4440=CARTESIAN_POINT('',(55.,0.,-36.));
#4441=CARTESIAN_POINT('',(55.,0.,-32.0990195135928));
#4442=CARTESIAN_POINT('',(55.,0.,-36.));
#4443=CARTESIAN_POINT('Origin',(56.,0.,-36.));
#4444=CARTESIAN_POINT('',(-55.,0.,-36.));
#4445=CARTESIAN_POINT('Origin',(-56.,0.,-36.));
#4446=CARTESIAN_POINT('',(-55.,0.,-32.0990195135928));
#4447=CARTESIAN_POINT('',(-55.,0.,-32.0990195135928));
#4448=CARTESIAN_POINT('',(-55.1333333333333,0.,-31.7590848793533));
#4449=CARTESIAN_POINT('Origin',(-55.5,0.,-32.0990195135928));
#4450=CARTESIAN_POINT('',(-44.8666666666667,0.,-31.7590848793533));
#4451=CARTESIAN_POINT('Origin',(-50.,0.,-27.));
#4452=CARTESIAN_POINT('',(-45.,0.,-32.0990195135928));
#4453=CARTESIAN_POINT('Origin',(-44.5,0.,-32.0990195135928));
#4454=CARTESIAN_POINT('',(-45.,0.,-36.));
#4455=CARTESIAN_POINT('',(-45.,0.,-36.));
#4456=CARTESIAN_POINT('Origin',(-44.,0.,-36.));
#4457=CARTESIAN_POINT('',(-30.,0.,-36.));
#4458=CARTESIAN_POINT('Origin',(-31.,0.,-36.));
#4459=CARTESIAN_POINT('',(-30.,0.,-32.0990195135928));
#4460=CARTESIAN_POINT('',(-30.,0.,-32.0990195135928));
#4461=CARTESIAN_POINT('',(-30.1333333333333,0.,-31.7590848793533));
#4462=CARTESIAN_POINT('Origin',(-30.5,0.,-32.0990195135928));
#4463=CARTESIAN_POINT('',(-19.8666666666667,0.,-31.7590848793533));
#4464=CARTESIAN_POINT('Origin',(-25.,0.,-27.));
#4465=CARTESIAN_POINT('',(-20.,0.,-32.0990195135928));
#4466=CARTESIAN_POINT('Origin',(-19.5,0.,-32.0990195135928));
#4467=CARTESIAN_POINT('',(-20.,0.,-36.));
#4468=CARTESIAN_POINT('',(-20.,0.,-36.));
#4469=CARTESIAN_POINT('Origin',(-19.,0.,-36.));
#4470=CARTESIAN_POINT('',(-5.,0.,-36.));
#4471=CARTESIAN_POINT('Origin',(-6.00000000000001,0.,-36.));
#4472=CARTESIAN_POINT('',(-5.,0.,-32.0990195135928));
#4473=CARTESIAN_POINT('',(-5.,0.,-32.0990195135928));
#4474=CARTESIAN_POINT('',(-5.13333333333334,0.,-31.7590848793533));
#4475=CARTESIAN_POINT('Origin',(-5.50000000000001,0.,-32.0990195135928));
#4476=CARTESIAN_POINT('',(5.13333333333332,0.,-31.7590848793533));
#4477=CARTESIAN_POINT('Origin',(0.,0.,-27.));
#4478=CARTESIAN_POINT('',(4.99999999999999,0.,-32.0990195135928));
#4479=CARTESIAN_POINT('Origin',(5.49999999999999,0.,-32.0990195135928));
#4480=CARTESIAN_POINT('',(4.99999999999999,0.,-36.));
#4481=CARTESIAN_POINT('',(4.99999999999999,0.,-36.));
#4482=CARTESIAN_POINT('Origin',(5.99999999999999,0.,-36.));
#4483=CARTESIAN_POINT('',(20.,0.,-36.));
#4484=CARTESIAN_POINT('Origin',(19.,0.,-36.));
#4485=CARTESIAN_POINT('',(20.,0.,-32.0990195135928));
#4486=CARTESIAN_POINT('',(20.,0.,-32.0990195135928));
#4487=CARTESIAN_POINT('',(19.8666666666667,0.,-31.7590848793533));
#4488=CARTESIAN_POINT('Origin',(19.5,0.,-32.0990195135928));
#4489=CARTESIAN_POINT('',(30.1333333333333,0.,-31.7590848793533));
#4490=CARTESIAN_POINT('Origin',(25.,0.,-27.));
#4491=CARTESIAN_POINT('',(30.,0.,-32.0990195135928));
#4492=CARTESIAN_POINT('Origin',(30.5,0.,-32.0990195135928));
#4493=CARTESIAN_POINT('',(30.,0.,-36.));
#4494=CARTESIAN_POINT('',(30.,0.,-36.));
#4495=CARTESIAN_POINT('Origin',(31.,0.,-36.));
#4496=CARTESIAN_POINT('',(45.,0.,-36.));
#4497=CARTESIAN_POINT('Origin',(44.,0.,-36.));
#4498=CARTESIAN_POINT('',(45.,0.,-32.0990195135928));
#4499=CARTESIAN_POINT('',(45.,0.,-32.0990195135928));
#4500=CARTESIAN_POINT('',(44.8666666666667,0.,-31.7590848793532));
#4501=CARTESIAN_POINT('Origin',(44.5,0.,-32.0990195135928));
#4502=CARTESIAN_POINT('',(55.1333333333333,0.,-31.7590848793533));
#4503=CARTESIAN_POINT('Origin',(50.,0.,-27.));
#4504=CARTESIAN_POINT('Origin',(55.5,0.,-32.0990195135928));
#4505=CARTESIAN_POINT('',(45.,0.,-12.3));
#4506=CARTESIAN_POINT('',(45.5,0.,-12.8));
#4507=CARTESIAN_POINT('Origin',(45.5,0.,-12.3));
#4508=CARTESIAN_POINT('',(45.,0.,-5.09901951359278));
#4509=CARTESIAN_POINT('',(45.,0.,-5.09901951359278));
#4510=CARTESIAN_POINT('',(44.8666666666667,0.,-4.75908487935325));
#4511=CARTESIAN_POINT('Origin',(44.5,0.,-5.09901951359277));
#4512=CARTESIAN_POINT('',(55.1333333333333,0.,-4.75908487935326));
#4513=CARTESIAN_POINT('Origin',(50.,0.,1.38777878078145E-14));
#4514=CARTESIAN_POINT('',(55.,0.,-5.09901951359277));
#4515=CARTESIAN_POINT('Origin',(55.5,0.,-5.09901951359277));
#4516=CARTESIAN_POINT('',(55.,0.,-12.3));
#4517=CARTESIAN_POINT('',(55.,0.,-12.3));
#4518=CARTESIAN_POINT('',(54.5,0.,-12.8));
#4519=CARTESIAN_POINT('Origin',(54.5,0.,-12.3));
#4520=CARTESIAN_POINT('',(45.5,0.,-12.8));
#4521=CARTESIAN_POINT('',(-55.,0.,-12.3));
#4522=CARTESIAN_POINT('',(-54.5,0.,-12.8));
#4523=CARTESIAN_POINT('Origin',(-54.5,0.,-12.3));
#4524=CARTESIAN_POINT('',(-55.,0.,-5.09901951359279));
#4525=CARTESIAN_POINT('',(-55.,0.,-5.09901951359279));
#4526=CARTESIAN_POINT('',(-55.1333333333333,0.,-4.75908487935326));
#4527=CARTESIAN_POINT('Origin',(-55.5,0.,-5.09901951359279));
#4528=CARTESIAN_POINT('',(-44.8666666666667,0.,-4.75908487935327));
#4529=CARTESIAN_POINT('Origin',(-50.,0.,0.));
#4530=CARTESIAN_POINT('',(-45.,0.,-5.09901951359279));
#4531=CARTESIAN_POINT('Origin',(-44.5,0.,-5.09901951359279));
#4532=CARTESIAN_POINT('',(-45.,0.,-12.3));
#4533=CARTESIAN_POINT('',(-45.,0.,-12.3));
#4534=CARTESIAN_POINT('',(-45.5,0.,-12.8));
#4535=CARTESIAN_POINT('Origin',(-45.5,0.,-12.3));
#4536=CARTESIAN_POINT('',(-54.5,0.,-12.8));
#4537=CARTESIAN_POINT('',(20.,0.,-12.3));
#4538=CARTESIAN_POINT('',(20.5,0.,-12.8));
#4539=CARTESIAN_POINT('Origin',(20.5,0.,-12.3));
#4540=CARTESIAN_POINT('',(20.,0.,-5.09901951359278));
#4541=CARTESIAN_POINT('',(20.,0.,-5.09901951359278));
#4542=CARTESIAN_POINT('',(19.8666666666667,0.,-4.75908487935325));
#4543=CARTESIAN_POINT('Origin',(19.5,0.,-5.09901951359278));
#4544=CARTESIAN_POINT('',(30.1333333333333,0.,-4.75908487935326));
#4545=CARTESIAN_POINT('Origin',(25.,0.,1.04083408558608E-14));
#4546=CARTESIAN_POINT('',(30.,0.,-5.09901951359278));
#4547=CARTESIAN_POINT('Origin',(30.5,0.,-5.09901951359278));
#4548=CARTESIAN_POINT('',(30.,0.,-12.3));
#4549=CARTESIAN_POINT('',(30.,0.,-12.3));
#4550=CARTESIAN_POINT('',(29.5,0.,-12.8));
#4551=CARTESIAN_POINT('Origin',(29.5,0.,-12.3));
#4552=CARTESIAN_POINT('',(20.5,0.,-12.8));
#4553=CARTESIAN_POINT('',(-5.,0.,-12.3));
#4554=CARTESIAN_POINT('',(-4.5,0.,-12.8));
#4555=CARTESIAN_POINT('Origin',(-4.5,0.,-12.3));
#4556=CARTESIAN_POINT('',(-5.,0.,-5.09901951359278));
#4557=CARTESIAN_POINT('',(-5.,0.,-5.09901951359278));
#4558=CARTESIAN_POINT('',(-5.13333333333334,0.,-4.75908487935326));
#4559=CARTESIAN_POINT('Origin',(-5.50000000000001,0.,-5.09901951359278));
#4560=CARTESIAN_POINT('',(5.13333333333332,0.,-4.75908487935326));
#4561=CARTESIAN_POINT('Origin',(0.,0.,6.93889390390723E-15));
#4562=CARTESIAN_POINT('',(4.99999999999999,0.,-5.09901951359278));
#4563=CARTESIAN_POINT('Origin',(5.49999999999999,0.,-5.09901951359278));
#4564=CARTESIAN_POINT('',(4.99999999999999,0.,-12.3));
#4565=CARTESIAN_POINT('',(4.99999999999999,0.,-12.3));
#4566=CARTESIAN_POINT('',(4.5,0.,-12.8));
#4567=CARTESIAN_POINT('Origin',(4.5,0.,-12.3));
#4568=CARTESIAN_POINT('',(-4.5,0.,-12.8));
#4569=CARTESIAN_POINT('',(-55.,0.,14.7));
#4570=CARTESIAN_POINT('',(-54.5,0.,14.2));
#4571=CARTESIAN_POINT('Origin',(-54.5,0.,14.7));
#4572=CARTESIAN_POINT('',(-55.,0.,21.9009804864072));
#4573=CARTESIAN_POINT('',(-55.,0.,21.9009804864072));
#4574=CARTESIAN_POINT('',(-55.1333333333333,0.,22.2409151206467));
#4575=CARTESIAN_POINT('Origin',(-55.5,0.,21.9009804864072));
#4576=CARTESIAN_POINT('',(-44.8666666666667,0.,22.2409151206467));
#4577=CARTESIAN_POINT('Origin',(-50.,0.,27.));
#4578=CARTESIAN_POINT('',(-45.,0.,21.9009804864072));
#4579=CARTESIAN_POINT('Origin',(-44.5,0.,21.9009804864072));
#4580=CARTESIAN_POINT('',(-45.,0.,14.7));
#4581=CARTESIAN_POINT('',(-45.,0.,14.7));
#4582=CARTESIAN_POINT('',(-45.5,0.,14.2));
#4583=CARTESIAN_POINT('Origin',(-45.5,0.,14.7));
#4584=CARTESIAN_POINT('',(-54.5,0.,14.2));
#4585=CARTESIAN_POINT('',(-30.,0.,14.7));
#4586=CARTESIAN_POINT('',(-29.5,0.,14.2));
#4587=CARTESIAN_POINT('Origin',(-29.5,0.,14.7));
#4588=CARTESIAN_POINT('',(-30.,0.,21.9009804864072));
#4589=CARTESIAN_POINT('',(-30.,0.,21.9009804864072));
#4590=CARTESIAN_POINT('',(-30.1333333333333,0.,22.2409151206467));
#4591=CARTESIAN_POINT('Origin',(-30.5,0.,21.9009804864072));
#4592=CARTESIAN_POINT('',(-19.8666666666667,0.,22.2409151206467));
#4593=CARTESIAN_POINT('Origin',(-25.,0.,27.));
#4594=CARTESIAN_POINT('',(-20.,0.,21.9009804864072));
#4595=CARTESIAN_POINT('Origin',(-19.5,0.,21.9009804864072));
#4596=CARTESIAN_POINT('',(-20.,0.,14.7));
#4597=CARTESIAN_POINT('',(-20.,0.,14.7));
#4598=CARTESIAN_POINT('',(-20.5,0.,14.2));
#4599=CARTESIAN_POINT('Origin',(-20.5,0.,14.7));
#4600=CARTESIAN_POINT('',(-29.5,0.,14.2));
#4601=CARTESIAN_POINT('',(-5.,0.,14.7));
#4602=CARTESIAN_POINT('',(-4.5,0.,14.2));
#4603=CARTESIAN_POINT('Origin',(-4.5,0.,14.7));
#4604=CARTESIAN_POINT('',(-5.,0.,21.9009804864072));
#4605=CARTESIAN_POINT('',(-5.,0.,21.9009804864072));
#4606=CARTESIAN_POINT('',(-5.13333333333334,0.,22.2409151206467));
#4607=CARTESIAN_POINT('Origin',(-5.50000000000001,0.,21.9009804864072));
#4608=CARTESIAN_POINT('',(5.13333333333332,0.,22.2409151206467));
#4609=CARTESIAN_POINT('Origin',(0.,0.,27.));
#4610=CARTESIAN_POINT('',(4.99999999999999,0.,21.9009804864072));
#4611=CARTESIAN_POINT('Origin',(5.49999999999999,0.,21.9009804864072));
#4612=CARTESIAN_POINT('',(4.99999999999999,0.,14.7));
#4613=CARTESIAN_POINT('',(4.99999999999999,0.,14.7));
#4614=CARTESIAN_POINT('',(4.5,0.,14.2));
#4615=CARTESIAN_POINT('Origin',(4.5,0.,14.7));
#4616=CARTESIAN_POINT('',(-4.5,0.,14.2));
#4617=CARTESIAN_POINT('',(20.,0.,14.7));
#4618=CARTESIAN_POINT('',(20.5,0.,14.2));
#4619=CARTESIAN_POINT('Origin',(20.5,0.,14.7));
#4620=CARTESIAN_POINT('',(20.,0.,21.9009804864072));
#4621=CARTESIAN_POINT('',(20.,0.,21.9009804864072));
#4622=CARTESIAN_POINT('',(19.8666666666667,0.,22.2409151206467));
#4623=CARTESIAN_POINT('Origin',(19.5,0.,21.9009804864072));
#4624=CARTESIAN_POINT('',(30.1333333333333,0.,22.2409151206467));
#4625=CARTESIAN_POINT('Origin',(25.,0.,27.));
#4626=CARTESIAN_POINT('',(30.,0.,21.9009804864072));
#4627=CARTESIAN_POINT('Origin',(30.5,0.,21.9009804864072));
#4628=CARTESIAN_POINT('',(30.,0.,14.7));
#4629=CARTESIAN_POINT('',(30.,0.,14.7));
#4630=CARTESIAN_POINT('',(29.5,0.,14.2));
#4631=CARTESIAN_POINT('Origin',(29.5,0.,14.7));
#4632=CARTESIAN_POINT('',(20.5,0.,14.2));
#4633=CARTESIAN_POINT('',(45.,0.,14.7));
#4634=CARTESIAN_POINT('',(45.5,0.,14.2));
#4635=CARTESIAN_POINT('Origin',(45.5,0.,14.7));
#4636=CARTESIAN_POINT('',(45.,0.,21.9009804864072));
#4637=CARTESIAN_POINT('',(45.,0.,21.9009804864072));
#4638=CARTESIAN_POINT('',(44.8666666666667,0.,22.2409151206468));
#4639=CARTESIAN_POINT('Origin',(44.5,0.,21.9009804864072));
#4640=CARTESIAN_POINT('',(55.1333333333333,0.,22.2409151206467));
#4641=CARTESIAN_POINT('Origin',(50.,0.,27.));
#4642=CARTESIAN_POINT('',(55.,0.,21.9009804864072));
#4643=CARTESIAN_POINT('Origin',(55.5,0.,21.9009804864072));
#4644=CARTESIAN_POINT('',(55.,0.,14.7));
#4645=CARTESIAN_POINT('',(55.,0.,14.7));
#4646=CARTESIAN_POINT('',(54.5,0.,14.2));
#4647=CARTESIAN_POINT('Origin',(54.5,0.,14.7));
#4648=CARTESIAN_POINT('',(45.5,0.,14.2));
#4649=CARTESIAN_POINT('',(-30.,0.,-12.3));
#4650=CARTESIAN_POINT('',(-29.5,0.,-12.8));
#4651=CARTESIAN_POINT('Origin',(-29.5,0.,-12.3));
#4652=CARTESIAN_POINT('',(-30.,0.,-5.09901951359278));
#4653=CARTESIAN_POINT('',(-30.,0.,-5.09901951359278));
#4654=CARTESIAN_POINT('',(-30.1333333333333,0.,-4.75908487935326));
#4655=CARTESIAN_POINT('Origin',(-30.5,0.,-5.09901951359278));
#4656=CARTESIAN_POINT('',(-19.8666666666667,0.,-4.75908487935327));
#4657=CARTESIAN_POINT('Origin',(-25.,0.,3.46944695195361E-15));
#4658=CARTESIAN_POINT('',(-20.,0.,-5.09901951359278));
#4659=CARTESIAN_POINT('Origin',(-19.5,0.,-5.09901951359278));
#4660=CARTESIAN_POINT('',(-20.,0.,-12.3));
#4661=CARTESIAN_POINT('',(-20.,0.,-12.3));
#4662=CARTESIAN_POINT('',(-20.5,0.,-12.8));
#4663=CARTESIAN_POINT('Origin',(-20.5,0.,-12.3));
#4664=CARTESIAN_POINT('',(-29.5,0.,-12.8));
#4665=CARTESIAN_POINT('',(-37.5,0.,10.5));
#4666=CARTESIAN_POINT('Origin',(-37.5,0.,13.5));
#4667=CARTESIAN_POINT('',(37.5,0.,-16.5));
#4668=CARTESIAN_POINT('Origin',(37.5,0.,-13.5));
#4669=CARTESIAN_POINT('',(37.5,0.,10.5));
#4670=CARTESIAN_POINT('Origin',(37.5,0.,13.5));
#4671=CARTESIAN_POINT('',(-37.5,0.,-16.5));
#4672=CARTESIAN_POINT('Origin',(-37.5,0.,-13.5));
#4673=CARTESIAN_POINT('',(-55.,0.,8.45));
#4674=CARTESIAN_POINT('Origin',(-55.,0.,10.5));
#4675=CARTESIAN_POINT('',(15.,0.,8.45));
#4676=CARTESIAN_POINT('Origin',(15.,0.,10.5));
#4677=CARTESIAN_POINT('',(15.,0.,-18.55));
#4678=CARTESIAN_POINT('Origin',(15.,0.,-16.5));
#4679=CARTESIAN_POINT('',(55.,0.,-18.55));
#4680=CARTESIAN_POINT('Origin',(55.,0.,-16.5));
#4681=CARTESIAN_POINT('',(55.,0.,8.45));
#4682=CARTESIAN_POINT('Origin',(55.,0.,10.5));
#4683=CARTESIAN_POINT('',(-15.,0.,8.45));
#4684=CARTESIAN_POINT('Origin',(-15.,0.,10.5));
#4685=CARTESIAN_POINT('',(-15.,0.,-18.55));
#4686=CARTESIAN_POINT('Origin',(-15.,0.,-16.5));
#4687=CARTESIAN_POINT('',(-55.,0.,-18.55));
#4688=CARTESIAN_POINT('Origin',(-55.,0.,-16.5));
#4689=CARTESIAN_POINT('Origin',(-45.,-9.,-32.0990195135928));
#4690=CARTESIAN_POINT('',(-45.,0.,-36.));
#4691=CARTESIAN_POINT('',(-45.,0.,-32.0990195135928));
#4692=CARTESIAN_POINT('Origin',(-55.,-9.,-32.0990195135928));
#4693=CARTESIAN_POINT('',(-55.,2.,-36.));
#4694=CARTESIAN_POINT('',(-55.,0.,-32.0990195135928));
#4695=CARTESIAN_POINT('Origin',(-44.5,-9.,-32.0990195135928));
#4696=CARTESIAN_POINT('',(-44.8666666666667,0.,-31.7590848793533));
#4697=CARTESIAN_POINT('Origin',(-50.,-9.,-27.));
#4698=CARTESIAN_POINT('',(-55.1333333333333,0.,-31.7590848793533));
#4699=CARTESIAN_POINT('Origin',(-55.5,-9.,-32.0990195135928));
#4700=CARTESIAN_POINT('Origin',(-29.5,-9.,-12.3));
#4701=CARTESIAN_POINT('',(-29.5,0.,-12.8));
#4702=CARTESIAN_POINT('',(-30.,0.,-12.3));
#4703=CARTESIAN_POINT('Origin',(-29.5,-9.,-12.8));
#4704=CARTESIAN_POINT('',(-20.5,0.,-12.8));
#4705=CARTESIAN_POINT('Origin',(-20.5,-9.,-12.3));
#4706=CARTESIAN_POINT('',(-20.,0.,-12.3));
#4707=CARTESIAN_POINT('Origin',(-20.,-9.,-5.09901951359278));
#4708=CARTESIAN_POINT('',(-20.,0.,-5.09901951359278));
#4709=CARTESIAN_POINT('Origin',(-19.5,-9.,-5.09901951359278));
#4710=CARTESIAN_POINT('',(-19.8666666666667,0.,-4.75908487935327));
#4711=CARTESIAN_POINT('Origin',(-25.,-9.,3.46944695195361E-15));
#4712=CARTESIAN_POINT('',(-30.1333333333333,0.,-4.75908487935326));
#4713=CARTESIAN_POINT('Origin',(-30.5,-9.,-5.09901951359278));
#4714=CARTESIAN_POINT('',(-30.,0.,-5.09901951359278));
#4715=CARTESIAN_POINT('Origin',(-30.,-9.,-5.09901951359278));
#4716=CARTESIAN_POINT('Origin',(45.5,-9.,14.7));
#4717=CARTESIAN_POINT('',(45.5,0.,14.2));
#4718=CARTESIAN_POINT('',(45.,0.,14.7));
#4719=CARTESIAN_POINT('Origin',(45.5,-9.,14.2));
#4720=CARTESIAN_POINT('',(54.5,0.,14.2));
#4721=CARTESIAN_POINT('Origin',(54.5,-9.,14.7));
#4722=CARTESIAN_POINT('',(55.,0.,14.7));
#4723=CARTESIAN_POINT('Origin',(55.,-9.,21.9009804864072));
#4724=CARTESIAN_POINT('',(55.,0.,21.9009804864072));
#4725=CARTESIAN_POINT('Origin',(55.5,-9.,21.9009804864072));
#4726=CARTESIAN_POINT('',(55.1333333333333,0.,22.2409151206467));
#4727=CARTESIAN_POINT('Origin',(50.,-9.,27.));
#4728=CARTESIAN_POINT('',(44.8666666666667,0.,22.2409151206468));
#4729=CARTESIAN_POINT('Origin',(44.5,-9.,21.9009804864072));
#4730=CARTESIAN_POINT('',(45.,0.,21.9009804864072));
#4731=CARTESIAN_POINT('Origin',(45.,-9.,21.9009804864072));
#4732=CARTESIAN_POINT('Origin',(20.5,-9.,14.7));
#4733=CARTESIAN_POINT('',(20.5,0.,14.2));
#4734=CARTESIAN_POINT('',(20.,0.,14.7));
#4735=CARTESIAN_POINT('Origin',(20.5,-9.,14.2));
#4736=CARTESIAN_POINT('',(29.5,0.,14.2));
#4737=CARTESIAN_POINT('Origin',(29.5,-9.,14.7));
#4738=CARTESIAN_POINT('',(30.,0.,14.7));
#4739=CARTESIAN_POINT('Origin',(30.,-9.,21.9009804864072));
#4740=CARTESIAN_POINT('',(30.,0.,21.9009804864072));
#4741=CARTESIAN_POINT('Origin',(30.5,-9.,21.9009804864072));
#4742=CARTESIAN_POINT('',(30.1333333333333,0.,22.2409151206467));
#4743=CARTESIAN_POINT('Origin',(25.,-9.,27.));
#4744=CARTESIAN_POINT('',(19.8666666666667,0.,22.2409151206467));
#4745=CARTESIAN_POINT('Origin',(19.5,-9.,21.9009804864072));
#4746=CARTESIAN_POINT('',(20.,0.,21.9009804864072));
#4747=CARTESIAN_POINT('Origin',(20.,-9.,21.9009804864072));
#4748=CARTESIAN_POINT('Origin',(-4.5,-9.,14.7));
#4749=CARTESIAN_POINT('',(-4.5,0.,14.2));
#4750=CARTESIAN_POINT('',(-5.,0.,14.7));
#4751=CARTESIAN_POINT('Origin',(-4.5,-9.,14.2));
#4752=CARTESIAN_POINT('',(4.5,0.,14.2));
#4753=CARTESIAN_POINT('Origin',(4.5,-9.,14.7));
#4754=CARTESIAN_POINT('',(4.99999999999999,0.,14.7));
#4755=CARTESIAN_POINT('Origin',(4.99999999999999,-9.,21.9009804864072));
#4756=CARTESIAN_POINT('',(4.99999999999999,0.,21.9009804864072));
#4757=CARTESIAN_POINT('Origin',(5.49999999999999,-9.,21.9009804864072));
#4758=CARTESIAN_POINT('',(5.13333333333332,0.,22.2409151206467));
#4759=CARTESIAN_POINT('Origin',(0.,-9.,27.));
#4760=CARTESIAN_POINT('',(-5.13333333333334,0.,22.2409151206467));
#4761=CARTESIAN_POINT('Origin',(-5.50000000000001,-9.,21.9009804864072));
#4762=CARTESIAN_POINT('',(-5.00000000000001,0.,21.9009804864072));
#4763=CARTESIAN_POINT('Origin',(-5.,-9.,21.9009804864072));
#4764=CARTESIAN_POINT('Origin',(-29.5,-9.,14.7));
#4765=CARTESIAN_POINT('',(-29.5,0.,14.2));
#4766=CARTESIAN_POINT('',(-30.,0.,14.7));
#4767=CARTESIAN_POINT('Origin',(-29.5,-9.,14.2));
#4768=CARTESIAN_POINT('',(-20.5,0.,14.2));
#4769=CARTESIAN_POINT('Origin',(-20.5,-9.,14.7));
#4770=CARTESIAN_POINT('',(-20.,0.,14.7));
#4771=CARTESIAN_POINT('Origin',(-20.,-9.,21.9009804864072));
#4772=CARTESIAN_POINT('',(-20.,0.,21.9009804864072));
#4773=CARTESIAN_POINT('Origin',(-19.5,-9.,21.9009804864072));
#4774=CARTESIAN_POINT('',(-19.8666666666667,0.,22.2409151206467));
#4775=CARTESIAN_POINT('Origin',(-25.,-9.,27.));
#4776=CARTESIAN_POINT('',(-30.1333333333333,0.,22.2409151206467));
#4777=CARTESIAN_POINT('Origin',(-30.5,-9.,21.9009804864072));
#4778=CARTESIAN_POINT('',(-30.,0.,21.9009804864072));
#4779=CARTESIAN_POINT('Origin',(-30.,-9.,21.9009804864072));
#4780=CARTESIAN_POINT('Origin',(-54.5,-9.,14.7));
#4781=CARTESIAN_POINT('',(-54.5,0.,14.2));
#4782=CARTESIAN_POINT('',(-55.,0.,14.7));
#4783=CARTESIAN_POINT('Origin',(-54.5,-9.,14.2));
#4784=CARTESIAN_POINT('',(-45.5,0.,14.2));
#4785=CARTESIAN_POINT('Origin',(-45.5,-9.,14.7));
#4786=CARTESIAN_POINT('',(-45.,0.,14.7));
#4787=CARTESIAN_POINT('Origin',(-45.,-9.,21.9009804864072));
#4788=CARTESIAN_POINT('',(-45.,0.,21.9009804864072));
#4789=CARTESIAN_POINT('Origin',(-44.5,-9.,21.9009804864072));
#4790=CARTESIAN_POINT('',(-44.8666666666667,0.,22.2409151206467));
#4791=CARTESIAN_POINT('Origin',(-50.,-9.,27.));
#4792=CARTESIAN_POINT('',(-55.1333333333333,0.,22.2409151206467));
#4793=CARTESIAN_POINT('Origin',(-55.5,-9.,21.9009804864072));
#4794=CARTESIAN_POINT('',(-55.,0.,21.9009804864072));
#4795=CARTESIAN_POINT('Origin',(-55.,-9.,21.9009804864072));
#4796=CARTESIAN_POINT('Origin',(-4.5,-9.,-12.3));
#4797=CARTESIAN_POINT('',(-4.5,0.,-12.8));
#4798=CARTESIAN_POINT('',(-5.,0.,-12.3));
#4799=CARTESIAN_POINT('Origin',(-4.5,-9.,-12.8));
#4800=CARTESIAN_POINT('',(4.5,0.,-12.8));
#4801=CARTESIAN_POINT('Origin',(4.5,-9.,-12.3));
#4802=CARTESIAN_POINT('',(4.99999999999999,0.,-12.3));
#4803=CARTESIAN_POINT('Origin',(4.99999999999999,-9.,-5.09901951359278));
#4804=CARTESIAN_POINT('',(4.99999999999999,0.,-5.09901951359278));
#4805=CARTESIAN_POINT('Origin',(5.49999999999999,-9.,-5.09901951359278));
#4806=CARTESIAN_POINT('',(5.13333333333332,0.,-4.75908487935326));
#4807=CARTESIAN_POINT('Origin',(0.,-9.,6.93889390390723E-15));
#4808=CARTESIAN_POINT('',(-5.13333333333334,0.,-4.75908487935326));
#4809=CARTESIAN_POINT('Origin',(-5.50000000000001,-9.,-5.09901951359278));
#4810=CARTESIAN_POINT('',(-5.00000000000001,0.,-5.09901951359278));
#4811=CARTESIAN_POINT('Origin',(-5.,-9.,-5.09901951359278));
#4812=CARTESIAN_POINT('Origin',(20.5,-9.,-12.3));
#4813=CARTESIAN_POINT('',(20.5,0.,-12.8));
#4814=CARTESIAN_POINT('',(20.,0.,-12.3));
#4815=CARTESIAN_POINT('Origin',(20.5,-9.,-12.8));
#4816=CARTESIAN_POINT('',(29.5,0.,-12.8));
#4817=CARTESIAN_POINT('Origin',(29.5,-9.,-12.3));
#4818=CARTESIAN_POINT('',(30.,0.,-12.3));
#4819=CARTESIAN_POINT('Origin',(30.,-9.,-5.09901951359278));
#4820=CARTESIAN_POINT('',(30.,0.,-5.09901951359278));
#4821=CARTESIAN_POINT('Origin',(30.5,-9.,-5.09901951359278));
#4822=CARTESIAN_POINT('',(30.1333333333333,0.,-4.75908487935326));
#4823=CARTESIAN_POINT('Origin',(25.,-9.,1.04083408558608E-14));
#4824=CARTESIAN_POINT('',(19.8666666666667,0.,-4.75908487935325));
#4825=CARTESIAN_POINT('Origin',(19.5,-9.,-5.09901951359278));
#4826=CARTESIAN_POINT('',(20.,0.,-5.09901951359278));
#4827=CARTESIAN_POINT('Origin',(20.,-9.,-5.09901951359278));
#4828=CARTESIAN_POINT('Origin',(-54.5,-9.,-12.3));
#4829=CARTESIAN_POINT('',(-54.5,0.,-12.8));
#4830=CARTESIAN_POINT('',(-55.,0.,-12.3));
#4831=CARTESIAN_POINT('Origin',(-54.5,-9.,-12.8));
#4832=CARTESIAN_POINT('',(-45.5,0.,-12.8));
#4833=CARTESIAN_POINT('Origin',(-45.5,-9.,-12.3));
#4834=CARTESIAN_POINT('',(-45.,0.,-12.3));
#4835=CARTESIAN_POINT('Origin',(-45.,-9.,-5.09901951359279));
#4836=CARTESIAN_POINT('',(-45.,0.,-5.09901951359279));
#4837=CARTESIAN_POINT('Origin',(-44.5,-9.,-5.09901951359279));
#4838=CARTESIAN_POINT('',(-44.8666666666667,0.,-4.75908487935327));
#4839=CARTESIAN_POINT('Origin',(-50.,-9.,0.));
#4840=CARTESIAN_POINT('',(-55.1333333333333,0.,-4.75908487935326));
#4841=CARTESIAN_POINT('Origin',(-55.5,-9.,-5.09901951359279));
#4842=CARTESIAN_POINT('',(-55.,0.,-5.09901951359279));
#4843=CARTESIAN_POINT('Origin',(-55.,-9.,-5.09901951359279));
#4844=CARTESIAN_POINT('Origin',(45.5,-9.,-12.3));
#4845=CARTESIAN_POINT('',(45.5,0.,-12.8));
#4846=CARTESIAN_POINT('',(45.,0.,-12.3));
#4847=CARTESIAN_POINT('Origin',(45.5,-9.,-12.8));
#4848=CARTESIAN_POINT('',(54.5,0.,-12.8));
#4849=CARTESIAN_POINT('Origin',(54.5,-9.,-12.3));
#4850=CARTESIAN_POINT('',(55.,0.,-12.3));
#4851=CARTESIAN_POINT('Origin',(55.,-9.,-5.09901951359277));
#4852=CARTESIAN_POINT('',(55.,0.,-5.09901951359277));
#4853=CARTESIAN_POINT('Origin',(55.5,-9.,-5.09901951359277));
#4854=CARTESIAN_POINT('',(55.1333333333333,0.,-4.75908487935326));
#4855=CARTESIAN_POINT('Origin',(50.,-9.,1.38777878078145E-14));
#4856=CARTESIAN_POINT('',(44.8666666666667,0.,-4.75908487935325));
#4857=CARTESIAN_POINT('Origin',(44.5,-9.,-5.09901951359277));
#4858=CARTESIAN_POINT('',(45.,0.,-5.09901951359277));
#4859=CARTESIAN_POINT('Origin',(45.,-9.,-5.09901951359277));
#4860=CARTESIAN_POINT('Origin',(55.,-9.,-32.0990195135928));
#4861=CARTESIAN_POINT('',(55.,0.,-36.));
#4862=CARTESIAN_POINT('',(55.,0.,-32.0990195135928));
#4863=CARTESIAN_POINT('Origin',(45.,-9.,-32.0990195135928));
#4864=CARTESIAN_POINT('',(45.,2.,-36.));
#4865=CARTESIAN_POINT('',(45.,0.,-32.0990195135928));
#4866=CARTESIAN_POINT('Origin',(55.5,-9.,-32.0990195135928));
#4867=CARTESIAN_POINT('',(55.1333333333333,0.,-31.7590848793533));
#4868=CARTESIAN_POINT('Origin',(50.,-9.,-27.));
#4869=CARTESIAN_POINT('',(44.8666666666667,0.,-31.7590848793532));
#4870=CARTESIAN_POINT('Origin',(44.5,-9.,-32.0990195135928));
#4871=CARTESIAN_POINT('Origin',(30.,-9.,-32.0990195135928));
#4872=CARTESIAN_POINT('',(30.,0.,-36.));
#4873=CARTESIAN_POINT('',(30.,0.,-32.0990195135928));
#4874=CARTESIAN_POINT('Origin',(20.,-9.,-32.0990195135928));
#4875=CARTESIAN_POINT('',(20.,2.,-36.));
#4876=CARTESIAN_POINT('',(20.,0.,-32.0990195135928));
#4877=CARTESIAN_POINT('Origin',(30.5,-9.,-32.0990195135928));
#4878=CARTESIAN_POINT('',(30.1333333333333,0.,-31.7590848793533));
#4879=CARTESIAN_POINT('Origin',(25.,-9.,-27.));
#4880=CARTESIAN_POINT('',(19.8666666666667,0.,-31.7590848793533));
#4881=CARTESIAN_POINT('Origin',(19.5,-9.,-32.0990195135928));
#4882=CARTESIAN_POINT('Origin',(4.99999999999999,-9.,-32.0990195135928));
#4883=CARTESIAN_POINT('',(4.99999999999999,0.,-36.));
#4884=CARTESIAN_POINT('',(4.99999999999999,0.,-32.0990195135928));
#4885=CARTESIAN_POINT('Origin',(-5.,-9.,-32.0990195135928));
#4886=CARTESIAN_POINT('',(-5.,2.,-36.));
#4887=CARTESIAN_POINT('',(-5.00000000000001,0.,-32.0990195135928));
#4888=CARTESIAN_POINT('Origin',(5.49999999999999,-9.,-32.0990195135928));
#4889=CARTESIAN_POINT('',(5.13333333333332,0.,-31.7590848793533));
#4890=CARTESIAN_POINT('Origin',(0.,-9.,-27.));
#4891=CARTESIAN_POINT('',(-5.13333333333334,0.,-31.7590848793533));
#4892=CARTESIAN_POINT('Origin',(-5.50000000000001,-9.,-32.0990195135928));
#4893=CARTESIAN_POINT('Origin',(-20.,-9.,-32.0990195135928));
#4894=CARTESIAN_POINT('',(-20.,0.,-36.));
#4895=CARTESIAN_POINT('',(-20.,0.,-32.0990195135928));
#4896=CARTESIAN_POINT('Origin',(-30.,-9.,-32.0990195135928));
#4897=CARTESIAN_POINT('',(-30.,2.,-36.));
#4898=CARTESIAN_POINT('',(-30.,0.,-32.0990195135928));
#4899=CARTESIAN_POINT('Origin',(-19.5,-9.,-32.0990195135928));
#4900=CARTESIAN_POINT('',(-19.8666666666667,0.,-31.7590848793533));
#4901=CARTESIAN_POINT('Origin',(-25.,-9.,-27.));
#4902=CARTESIAN_POINT('',(-30.1333333333333,0.,-31.7590848793533));
#4903=CARTESIAN_POINT('Origin',(-30.5,-9.,-32.0990195135928));
#4904=CARTESIAN_POINT('Origin',(-55.,-16.,-16.5));
#4905=CARTESIAN_POINT('',(-55.,-16.,-18.55));
#4906=CARTESIAN_POINT('Origin',(-15.,-16.,-16.5));
#4907=CARTESIAN_POINT('',(-15.,-16.,-18.55));
#4908=CARTESIAN_POINT('Origin',(-15.,-16.,10.5));
#4909=CARTESIAN_POINT('',(-15.,-16.,8.45));
#4910=CARTESIAN_POINT('Origin',(55.,-16.,10.5));
#4911=CARTESIAN_POINT('',(55.,-16.,8.45));
#4912=CARTESIAN_POINT('Origin',(55.,-16.,-16.5));
#4913=CARTESIAN_POINT('',(55.,-16.,-18.55));
#4914=CARTESIAN_POINT('Origin',(15.,-16.,-16.5));
#4915=CARTESIAN_POINT('',(15.,-16.,-18.55));
#4916=CARTESIAN_POINT('Origin',(15.,-16.,10.5));
#4917=CARTESIAN_POINT('',(15.,-16.,8.45));
#4918=CARTESIAN_POINT('Origin',(-55.,-16.,10.5));
#4919=CARTESIAN_POINT('',(-55.,-16.,8.45));
#4920=CARTESIAN_POINT('Origin',(56.,2.,-36.));
#4921=CARTESIAN_POINT('Origin',(44.,2.,-36.));
#4922=CARTESIAN_POINT('Origin',(19.,2.,-36.));
#4923=CARTESIAN_POINT('Origin',(31.,2.,-36.));
#4924=CARTESIAN_POINT('Origin',(5.99999999999999,2.,-36.));
#4925=CARTESIAN_POINT('Origin',(-6.00000000000001,2.,-36.));
#4926=CARTESIAN_POINT('Origin',(-31.,2.,-36.));
#4927=CARTESIAN_POINT('Origin',(-19.,2.,-36.));
#4928=CARTESIAN_POINT('Origin',(-44.,2.,-36.));
#4929=CARTESIAN_POINT('Origin',(-56.,2.,-36.));
#4930=CARTESIAN_POINT('Origin',(-37.5,-8.,-13.5));
#4931=CARTESIAN_POINT('',(-37.5,-8.,-16.5));
#4932=CARTESIAN_POINT('Origin',(37.5,-8.,13.5));
#4933=CARTESIAN_POINT('',(37.5,-8.,10.5));
#4934=CARTESIAN_POINT('Origin',(37.5,-8.,-13.5));
#4935=CARTESIAN_POINT('',(37.5,-8.,-16.5));
#4936=CARTESIAN_POINT('Origin',(-37.5,-8.,13.5));
#4937=CARTESIAN_POINT('',(-37.5,-8.,10.5));
#4938=UNCERTAINTY_MEASURE_WITH_UNIT(LENGTH_MEASURE(0.01),#4942,
'DISTANCE_ACCURACY_VALUE',
'Maximum model space distance between geometric entities at asserted c
onnectivities');
#4939=UNCERTAINTY_MEASURE_WITH_UNIT(LENGTH_MEASURE(0.01),#4942,
'DISTANCE_ACCURACY_VALUE',
'Maximum model space distance between geometric entities at asserted c
onnectivities');
#4940=(
GEOMETRIC_REPRESENTATION_CONTEXT(3)
GLOBAL_UNCERTAINTY_ASSIGNED_CONTEXT((#4938))
GLOBAL_UNIT_ASSIGNED_CONTEXT((#4942,#4944,#4945))
REPRESENTATION_CONTEXT('','3D')
);
#4941=(
GEOMETRIC_REPRESENTATION_CONTEXT(3)
GLOBAL_UNCERTAINTY_ASSIGNED_CONTEXT((#4939))
GLOBAL_UNIT_ASSIGNED_CONTEXT((#4942,#4944,#4945))
REPRESENTATION_CONTEXT('','3D')
);
#4942=(
LENGTH_UNIT()
NAMED_UNIT(*)
SI_UNIT(.MILLI.,.METRE.)
);
#4943=(
LENGTH_UNIT()
NAMED_UNIT(*)
SI_UNIT($,.METRE.)
);
#4944=(
NAMED_UNIT(*)
PLANE_ANGLE_UNIT()
SI_UNIT($,.RADIAN.)
);
#4945=(
NAMED_UNIT(*)
SI_UNIT($,.STERADIAN.)
SOLID_ANGLE_UNIT()
);
#4946=SHAPE_DEFINITION_REPRESENTATION(#4947,#4948);
#4947=PRODUCT_DEFINITION_SHAPE('',$,#4950);
#4948=SHAPE_REPRESENTATION('',(#2882),#4940);
#4949=PRODUCT_DEFINITION_CONTEXT('part definition',#4954,'design');
#4950=PRODUCT_DEFINITION('Top Perspex Sheet','Top Perspex Sheet',#4951,
#4949);
#4951=PRODUCT_DEFINITION_FORMATION('',$,#4956);
#4952=PRODUCT_RELATED_PRODUCT_CATEGORY('Top Perspex Sheet',
'Top Perspex Sheet',(#4956));
#4953=APPLICATION_PROTOCOL_DEFINITION('international standard',
'automotive_design',2009,#4954);
#4954=APPLICATION_CONTEXT(
'Core Data for Automotive Mechanical Design Process');
#4955=PRODUCT_CONTEXT('part definition',#4954,'mechanical');
#4956=PRODUCT('Top Perspex Sheet','Top Perspex Sheet',$,(#4955));
#4957=PRESENTATION_STYLE_ASSIGNMENT((#4959));
#4958=PRESENTATION_STYLE_ASSIGNMENT((#4960));
#4959=SURFACE_STYLE_USAGE(.BOTH.,#4961);
#4960=SURFACE_STYLE_USAGE(.BOTH.,#4962);
#4961=SURFACE_SIDE_STYLE('',(#4963));
#4962=SURFACE_SIDE_STYLE('',(#4964));
#4963=SURFACE_STYLE_FILL_AREA(#4965);
#4964=SURFACE_STYLE_FILL_AREA(#4966);
#4965=FILL_AREA_STYLE('Steel - Satin',(#4967));
#4966=FILL_AREA_STYLE('ABS (White)',(#4968));
#4967=FILL_AREA_STYLE_COLOUR('Steel - Satin',#4969);
#4968=FILL_AREA_STYLE_COLOUR('ABS (White)',#4970);
#4969=COLOUR_RGB('Steel - Satin',0.627450980392157,0.627450980392157,0.627450980392157);
#4970=COLOUR_RGB('ABS (White)',0.964705882352941,0.964705882352941,0.952941176470588);
ENDSEC;
END-ISO-10303-21;
