ISO-10303-21;
HEADER;
/* Generated by software containing ST-Developer
 * from STEP Tools, Inc. (www.steptools.com) 
 */

FILE_DESCRIPTION(
/* description */ (''),
/* implementation_level */ '2;1');

FILE_NAME(
/* name */ 'TopMount_AllParts.step',
/* time_stamp */ '2026-08-06T10:25:47+01:00',
/* author */ (''),
/* organization */ (''),
/* preprocessor_version */ 'ST-DEVELOPER v20.1',
/* originating_system */ 'Autodesk Translation Framework v15.8.0.0',
/* authorisation */ '');

FILE_SCHEMA (('AUTOMOTIVE_DESIGN { 1 0 10303 214 3 1 1 }'));
ENDSEC;

DATA;
#10=MECHANICAL_DESIGN_GEOMETRIC_PRESENTATION_REPRESENTATION('',(#19,#20,
#21,#22,#23),#13509);
#11=ITEM_DEFINED_TRANSFORMATION($,$,#8488,#8984);
#12=(
REPRESENTATION_RELATIONSHIP($,$,#13520,#13519)
REPRESENTATION_RELATIONSHIP_WITH_TRANSFORMATION(#11)
SHAPE_REPRESENTATION_RELATIONSHIP()
);
#13=CONTEXT_DEPENDENT_SHAPE_REPRESENTATION(#12,#13518);
#14=NEXT_ASSEMBLY_USAGE_OCCURRENCE('Servo_Dual_PinchValve_Triplex:1',
'Servo_Dual_PinchValve_Triplex:1','Servo_Dual_PinchValve_Triplex:1',#13522,
#13523,'Servo_Dual_PinchValve_Triplex:1');
#15=SHAPE_REPRESENTATION_RELATIONSHIP('SRR','None',#13520,#17);
#16=SHAPE_REPRESENTATION_RELATIONSHIP('SRR','None',#13519,#18);
#17=ADVANCED_BREP_SHAPE_REPRESENTATION('',(#24),#13508);
#18=ADVANCED_BREP_SHAPE_REPRESENTATION('',(#25,#26,#27,#28),#13507);
#19=STYLED_ITEM('',(#13533),#24);
#20=STYLED_ITEM('',(#13533),#25);
#21=STYLED_ITEM('',(#13533),#26);
#22=STYLED_ITEM('',(#13533),#27);
#23=STYLED_ITEM('',(#13533),#28);
#24=MANIFOLD_SOLID_BREP('Body1',#8470);
#25=MANIFOLD_SOLID_BREP('Body37',#8471);
#26=MANIFOLD_SOLID_BREP('Body51',#8472);
#27=MANIFOLD_SOLID_BREP('Body130',#8473);
#28=MANIFOLD_SOLID_BREP('Body132',#8474);
#29=FACE_BOUND('',#617,.T.);
#30=FACE_BOUND('',#618,.T.);
#31=FACE_BOUND('',#645,.T.);
#32=FACE_BOUND('',#651,.T.);
#33=FACE_BOUND('',#664,.T.);
#34=FACE_BOUND('',#665,.T.);
#35=FACE_BOUND('',#697,.T.);
#36=FACE_BOUND('',#703,.T.);
#37=FACE_BOUND('',#716,.T.);
#38=FACE_BOUND('',#717,.T.);
#39=FACE_BOUND('',#751,.T.);
#40=FACE_BOUND('',#757,.T.);
#41=FACE_BOUND('',#773,.T.);
#42=FACE_BOUND('',#774,.T.);
#43=FACE_BOUND('',#775,.T.);
#44=FACE_BOUND('',#776,.T.);
#45=FACE_BOUND('',#826,.T.);
#46=FACE_BOUND('',#828,.T.);
#47=FACE_BOUND('',#830,.T.);
#48=FACE_BOUND('',#832,.T.);
#49=FACE_BOUND('',#850,.T.);
#50=FACE_BOUND('',#851,.T.);
#51=FACE_BOUND('',#852,.T.);
#52=FACE_BOUND('',#853,.T.);
#53=FACE_BOUND('',#918,.T.);
#54=FACE_BOUND('',#921,.T.);
#55=FACE_BOUND('',#922,.T.);
#56=FACE_BOUND('',#923,.T.);
#57=FACE_BOUND('',#974,.T.);
#58=FACE_BOUND('',#979,.T.);
#59=FACE_BOUND('',#980,.T.);
#60=FACE_BOUND('',#981,.T.);
#61=FACE_BOUND('',#997,.T.);
#62=FACE_BOUND('',#1001,.T.);
#63=FACE_BOUND('',#1002,.T.);
#64=FACE_BOUND('',#1003,.T.);
#65=FACE_BOUND('',#1040,.T.);
#66=FACE_BOUND('',#1047,.T.);
#67=CYLINDRICAL_SURFACE('',#8513,1.25);
#68=CYLINDRICAL_SURFACE('',#8542,1.1);
#69=CYLINDRICAL_SURFACE('',#8548,1.1);
#70=CYLINDRICAL_SURFACE('',#8569,1.25);
#71=CYLINDRICAL_SURFACE('',#8595,1.1);
#72=CYLINDRICAL_SURFACE('',#8601,1.1);
#73=CYLINDRICAL_SURFACE('',#8622,1.25);
#74=CYLINDRICAL_SURFACE('',#8650,1.1);
#75=CYLINDRICAL_SURFACE('',#8656,1.1);
#76=CYLINDRICAL_SURFACE('',#8721,2.5);
#77=CYLINDRICAL_SURFACE('',#8723,2.5);
#78=CYLINDRICAL_SURFACE('',#8725,2.5);
#79=CYLINDRICAL_SURFACE('',#8727,5.);
#80=CYLINDRICAL_SURFACE('',#8730,5.);
#81=CYLINDRICAL_SURFACE('',#8733,2.5);
#82=CYLINDRICAL_SURFACE('',#8756,5.);
#83=CYLINDRICAL_SURFACE('',#8760,5.);
#84=CYLINDRICAL_SURFACE('',#8821,1.143);
#85=CYLINDRICAL_SURFACE('',#8826,5.);
#86=CYLINDRICAL_SURFACE('',#8837,15.);
#87=CYLINDRICAL_SURFACE('',#8868,6.35);
#88=CYLINDRICAL_SURFACE('',#8873,6.35);
#89=CYLINDRICAL_SURFACE('',#8882,1.5);
#90=CYLINDRICAL_SURFACE('',#8892,6.35);
#91=CYLINDRICAL_SURFACE('',#8896,6.35);
#92=CYLINDRICAL_SURFACE('',#8901,15.);
#93=CYLINDRICAL_SURFACE('',#8906,1.5);
#94=CYLINDRICAL_SURFACE('',#8918,1.);
#95=CYLINDRICAL_SURFACE('',#8933,1.);
#96=CYLINDRICAL_SURFACE('',#8966,1.);
#97=CYLINDRICAL_SURFACE('',#8972,0.507000000000002);
#98=CIRCLE('',#8494,1.25);
#99=CIRCLE('',#8500,1.25);
#100=CIRCLE('',#8507,1.25);
#101=CIRCLE('',#8514,1.25);
#102=CIRCLE('',#8517,1.1);
#103=CIRCLE('',#8536,1.1);
#104=CIRCLE('',#8543,1.1);
#105=CIRCLE('',#8549,1.1);
#106=CIRCLE('',#8564,1.25);
#107=CIRCLE('',#8565,1.1);
#108=CIRCLE('',#8589,1.1);
#109=CIRCLE('',#8596,1.1);
#110=CIRCLE('',#8602,1.1);
#111=CIRCLE('',#8617,1.25);
#112=CIRCLE('',#8618,1.1);
#113=CIRCLE('',#8643,1.1);
#114=CIRCLE('',#8651,1.1);
#115=CIRCLE('',#8657,1.1);
#116=CIRCLE('',#8675,2.5);
#117=CIRCLE('',#8676,2.5);
#118=CIRCLE('',#8677,2.5);
#119=CIRCLE('',#8678,2.5);
#120=CIRCLE('',#8722,2.5);
#121=CIRCLE('',#8724,2.5);
#122=CIRCLE('',#8726,2.5);
#123=CIRCLE('',#8728,5.);
#124=CIRCLE('',#8729,5.);
#125=CIRCLE('',#8731,5.);
#126=CIRCLE('',#8732,5.);
#127=CIRCLE('',#8734,2.5);
#128=CIRCLE('',#8737,5.);
#129=CIRCLE('',#8740,5.);
#130=CIRCLE('',#8757,5.);
#131=CIRCLE('',#8759,5.);
#132=CIRCLE('',#8822,1.143);
#133=CIRCLE('',#8823,1.143);
#134=CIRCLE('',#8827,5.);
#135=CIRCLE('',#8828,5.);
#136=CIRCLE('',#8830,1.);
#137=CIRCLE('',#8831,1.);
#138=CIRCLE('',#8838,15.);
#139=CIRCLE('',#8839,15.);
#140=CIRCLE('',#8859,6.35);
#141=CIRCLE('',#8861,6.35);
#142=CIRCLE('',#8863,6.35);
#143=CIRCLE('',#8865,6.35);
#144=CIRCLE('',#8867,6.35);
#145=CIRCLE('',#8869,6.35);
#146=CIRCLE('',#8870,6.35);
#147=CIRCLE('',#8874,6.35);
#148=CIRCLE('',#8875,6.35);
#149=CIRCLE('',#8876,6.35);
#150=CIRCLE('',#8877,6.35);
#151=CIRCLE('',#8881,1.5);
#152=CIRCLE('',#8883,1.5);
#153=CIRCLE('',#8885,6.35);
#154=CIRCLE('',#8887,6.35);
#155=CIRCLE('',#8888,6.35);
#156=CIRCLE('',#8890,6.35);
#157=CIRCLE('',#8893,6.35);
#158=CIRCLE('',#8897,6.35);
#159=CIRCLE('',#8898,6.35);
#160=CIRCLE('',#8902,15.);
#161=CIRCLE('',#8903,15.);
#162=CIRCLE('',#8907,1.5);
#163=CIRCLE('',#8908,1.5);
#164=CIRCLE('',#8919,1.);
#165=CIRCLE('',#8931,1.);
#166=CIRCLE('',#8967,1.);
#167=CIRCLE('',#8968,1.);
#168=CIRCLE('',#8970,0.507000000000002);
#169=CIRCLE('',#8973,0.507000000000002);
#170=FACE_OUTER_BOUND('',#593,.T.);
#171=FACE_OUTER_BOUND('',#594,.T.);
#172=FACE_OUTER_BOUND('',#595,.T.);
#173=FACE_OUTER_BOUND('',#596,.T.);
#174=FACE_OUTER_BOUND('',#597,.T.);
#175=FACE_OUTER_BOUND('',#598,.T.);
#176=FACE_OUTER_BOUND('',#599,.T.);
#177=FACE_OUTER_BOUND('',#600,.T.);
#178=FACE_OUTER_BOUND('',#601,.T.);
#179=FACE_OUTER_BOUND('',#602,.T.);
#180=FACE_OUTER_BOUND('',#603,.T.);
#181=FACE_OUTER_BOUND('',#604,.T.);
#182=FACE_OUTER_BOUND('',#605,.T.);
#183=FACE_OUTER_BOUND('',#606,.T.);
#184=FACE_OUTER_BOUND('',#607,.T.);
#185=FACE_OUTER_BOUND('',#608,.T.);
#186=FACE_OUTER_BOUND('',#609,.T.);
#187=FACE_OUTER_BOUND('',#610,.T.);
#188=FACE_OUTER_BOUND('',#611,.T.);
#189=FACE_OUTER_BOUND('',#612,.T.);
#190=FACE_OUTER_BOUND('',#613,.T.);
#191=FACE_OUTER_BOUND('',#614,.T.);
#192=FACE_OUTER_BOUND('',#615,.T.);
#193=FACE_OUTER_BOUND('',#616,.T.);
#194=FACE_OUTER_BOUND('',#619,.T.);
#195=FACE_OUTER_BOUND('',#620,.T.);
#196=FACE_OUTER_BOUND('',#621,.T.);
#197=FACE_OUTER_BOUND('',#622,.T.);
#198=FACE_OUTER_BOUND('',#623,.T.);
#199=FACE_OUTER_BOUND('',#624,.T.);
#200=FACE_OUTER_BOUND('',#625,.T.);
#201=FACE_OUTER_BOUND('',#626,.T.);
#202=FACE_OUTER_BOUND('',#627,.T.);
#203=FACE_OUTER_BOUND('',#628,.T.);
#204=FACE_OUTER_BOUND('',#629,.T.);
#205=FACE_OUTER_BOUND('',#630,.T.);
#206=FACE_OUTER_BOUND('',#631,.T.);
#207=FACE_OUTER_BOUND('',#632,.T.);
#208=FACE_OUTER_BOUND('',#633,.T.);
#209=FACE_OUTER_BOUND('',#634,.T.);
#210=FACE_OUTER_BOUND('',#635,.T.);
#211=FACE_OUTER_BOUND('',#636,.T.);
#212=FACE_OUTER_BOUND('',#637,.T.);
#213=FACE_OUTER_BOUND('',#638,.T.);
#214=FACE_OUTER_BOUND('',#639,.T.);
#215=FACE_OUTER_BOUND('',#640,.T.);
#216=FACE_OUTER_BOUND('',#641,.T.);
#217=FACE_OUTER_BOUND('',#642,.T.);
#218=FACE_OUTER_BOUND('',#643,.T.);
#219=FACE_OUTER_BOUND('',#644,.T.);
#220=FACE_OUTER_BOUND('',#646,.T.);
#221=FACE_OUTER_BOUND('',#647,.T.);
#222=FACE_OUTER_BOUND('',#648,.T.);
#223=FACE_OUTER_BOUND('',#649,.T.);
#224=FACE_OUTER_BOUND('',#650,.T.);
#225=FACE_OUTER_BOUND('',#652,.T.);
#226=FACE_OUTER_BOUND('',#653,.T.);
#227=FACE_OUTER_BOUND('',#654,.T.);
#228=FACE_OUTER_BOUND('',#655,.T.);
#229=FACE_OUTER_BOUND('',#656,.T.);
#230=FACE_OUTER_BOUND('',#657,.T.);
#231=FACE_OUTER_BOUND('',#658,.T.);
#232=FACE_OUTER_BOUND('',#659,.T.);
#233=FACE_OUTER_BOUND('',#660,.T.);
#234=FACE_OUTER_BOUND('',#661,.T.);
#235=FACE_OUTER_BOUND('',#662,.T.);
#236=FACE_OUTER_BOUND('',#663,.T.);
#237=FACE_OUTER_BOUND('',#666,.T.);
#238=FACE_OUTER_BOUND('',#667,.T.);
#239=FACE_OUTER_BOUND('',#668,.T.);
#240=FACE_OUTER_BOUND('',#669,.T.);
#241=FACE_OUTER_BOUND('',#670,.T.);
#242=FACE_OUTER_BOUND('',#671,.T.);
#243=FACE_OUTER_BOUND('',#672,.T.);
#244=FACE_OUTER_BOUND('',#673,.T.);
#245=FACE_OUTER_BOUND('',#674,.T.);
#246=FACE_OUTER_BOUND('',#675,.T.);
#247=FACE_OUTER_BOUND('',#676,.T.);
#248=FACE_OUTER_BOUND('',#677,.T.);
#249=FACE_OUTER_BOUND('',#678,.T.);
#250=FACE_OUTER_BOUND('',#679,.T.);
#251=FACE_OUTER_BOUND('',#680,.T.);
#252=FACE_OUTER_BOUND('',#681,.T.);
#253=FACE_OUTER_BOUND('',#682,.T.);
#254=FACE_OUTER_BOUND('',#683,.T.);
#255=FACE_OUTER_BOUND('',#684,.T.);
#256=FACE_OUTER_BOUND('',#685,.T.);
#257=FACE_OUTER_BOUND('',#686,.T.);
#258=FACE_OUTER_BOUND('',#687,.T.);
#259=FACE_OUTER_BOUND('',#688,.T.);
#260=FACE_OUTER_BOUND('',#689,.T.);
#261=FACE_OUTER_BOUND('',#690,.T.);
#262=FACE_OUTER_BOUND('',#691,.T.);
#263=FACE_OUTER_BOUND('',#692,.T.);
#264=FACE_OUTER_BOUND('',#693,.T.);
#265=FACE_OUTER_BOUND('',#694,.T.);
#266=FACE_OUTER_BOUND('',#695,.T.);
#267=FACE_OUTER_BOUND('',#696,.T.);
#268=FACE_OUTER_BOUND('',#698,.T.);
#269=FACE_OUTER_BOUND('',#699,.T.);
#270=FACE_OUTER_BOUND('',#700,.T.);
#271=FACE_OUTER_BOUND('',#701,.T.);
#272=FACE_OUTER_BOUND('',#702,.T.);
#273=FACE_OUTER_BOUND('',#704,.T.);
#274=FACE_OUTER_BOUND('',#705,.T.);
#275=FACE_OUTER_BOUND('',#706,.T.);
#276=FACE_OUTER_BOUND('',#707,.T.);
#277=FACE_OUTER_BOUND('',#708,.T.);
#278=FACE_OUTER_BOUND('',#709,.T.);
#279=FACE_OUTER_BOUND('',#710,.T.);
#280=FACE_OUTER_BOUND('',#711,.T.);
#281=FACE_OUTER_BOUND('',#712,.T.);
#282=FACE_OUTER_BOUND('',#713,.T.);
#283=FACE_OUTER_BOUND('',#714,.T.);
#284=FACE_OUTER_BOUND('',#715,.T.);
#285=FACE_OUTER_BOUND('',#718,.T.);
#286=FACE_OUTER_BOUND('',#719,.T.);
#287=FACE_OUTER_BOUND('',#720,.T.);
#288=FACE_OUTER_BOUND('',#721,.T.);
#289=FACE_OUTER_BOUND('',#722,.T.);
#290=FACE_OUTER_BOUND('',#723,.T.);
#291=FACE_OUTER_BOUND('',#724,.T.);
#292=FACE_OUTER_BOUND('',#725,.T.);
#293=FACE_OUTER_BOUND('',#726,.T.);
#294=FACE_OUTER_BOUND('',#727,.T.);
#295=FACE_OUTER_BOUND('',#728,.T.);
#296=FACE_OUTER_BOUND('',#729,.T.);
#297=FACE_OUTER_BOUND('',#730,.T.);
#298=FACE_OUTER_BOUND('',#731,.T.);
#299=FACE_OUTER_BOUND('',#732,.T.);
#300=FACE_OUTER_BOUND('',#733,.T.);
#301=FACE_OUTER_BOUND('',#734,.T.);
#302=FACE_OUTER_BOUND('',#735,.T.);
#303=FACE_OUTER_BOUND('',#736,.T.);
#304=FACE_OUTER_BOUND('',#737,.T.);
#305=FACE_OUTER_BOUND('',#738,.T.);
#306=FACE_OUTER_BOUND('',#739,.T.);
#307=FACE_OUTER_BOUND('',#740,.T.);
#308=FACE_OUTER_BOUND('',#741,.T.);
#309=FACE_OUTER_BOUND('',#742,.T.);
#310=FACE_OUTER_BOUND('',#743,.T.);
#311=FACE_OUTER_BOUND('',#744,.T.);
#312=FACE_OUTER_BOUND('',#745,.T.);
#313=FACE_OUTER_BOUND('',#746,.T.);
#314=FACE_OUTER_BOUND('',#747,.T.);
#315=FACE_OUTER_BOUND('',#748,.T.);
#316=FACE_OUTER_BOUND('',#749,.T.);
#317=FACE_OUTER_BOUND('',#750,.T.);
#318=FACE_OUTER_BOUND('',#752,.T.);
#319=FACE_OUTER_BOUND('',#753,.T.);
#320=FACE_OUTER_BOUND('',#754,.T.);
#321=FACE_OUTER_BOUND('',#755,.T.);
#322=FACE_OUTER_BOUND('',#756,.T.);
#323=FACE_OUTER_BOUND('',#758,.T.);
#324=FACE_OUTER_BOUND('',#759,.T.);
#325=FACE_OUTER_BOUND('',#760,.T.);
#326=FACE_OUTER_BOUND('',#761,.T.);
#327=FACE_OUTER_BOUND('',#762,.T.);
#328=FACE_OUTER_BOUND('',#763,.T.);
#329=FACE_OUTER_BOUND('',#764,.T.);
#330=FACE_OUTER_BOUND('',#765,.T.);
#331=FACE_OUTER_BOUND('',#766,.T.);
#332=FACE_OUTER_BOUND('',#767,.T.);
#333=FACE_OUTER_BOUND('',#768,.T.);
#334=FACE_OUTER_BOUND('',#769,.T.);
#335=FACE_OUTER_BOUND('',#770,.T.);
#336=FACE_OUTER_BOUND('',#771,.T.);
#337=FACE_OUTER_BOUND('',#772,.T.);
#338=FACE_OUTER_BOUND('',#777,.T.);
#339=FACE_OUTER_BOUND('',#778,.T.);
#340=FACE_OUTER_BOUND('',#779,.T.);
#341=FACE_OUTER_BOUND('',#780,.T.);
#342=FACE_OUTER_BOUND('',#781,.T.);
#343=FACE_OUTER_BOUND('',#782,.T.);
#344=FACE_OUTER_BOUND('',#783,.T.);
#345=FACE_OUTER_BOUND('',#784,.T.);
#346=FACE_OUTER_BOUND('',#785,.T.);
#347=FACE_OUTER_BOUND('',#786,.T.);
#348=FACE_OUTER_BOUND('',#787,.T.);
#349=FACE_OUTER_BOUND('',#788,.T.);
#350=FACE_OUTER_BOUND('',#789,.T.);
#351=FACE_OUTER_BOUND('',#790,.T.);
#352=FACE_OUTER_BOUND('',#791,.T.);
#353=FACE_OUTER_BOUND('',#792,.T.);
#354=FACE_OUTER_BOUND('',#793,.T.);
#355=FACE_OUTER_BOUND('',#794,.T.);
#356=FACE_OUTER_BOUND('',#795,.T.);
#357=FACE_OUTER_BOUND('',#796,.T.);
#358=FACE_OUTER_BOUND('',#797,.T.);
#359=FACE_OUTER_BOUND('',#798,.T.);
#360=FACE_OUTER_BOUND('',#799,.T.);
#361=FACE_OUTER_BOUND('',#800,.T.);
#362=FACE_OUTER_BOUND('',#801,.T.);
#363=FACE_OUTER_BOUND('',#802,.T.);
#364=FACE_OUTER_BOUND('',#803,.T.);
#365=FACE_OUTER_BOUND('',#804,.T.);
#366=FACE_OUTER_BOUND('',#805,.T.);
#367=FACE_OUTER_BOUND('',#806,.T.);
#368=FACE_OUTER_BOUND('',#807,.T.);
#369=FACE_OUTER_BOUND('',#808,.T.);
#370=FACE_OUTER_BOUND('',#809,.T.);
#371=FACE_OUTER_BOUND('',#810,.T.);
#372=FACE_OUTER_BOUND('',#811,.T.);
#373=FACE_OUTER_BOUND('',#812,.T.);
#374=FACE_OUTER_BOUND('',#813,.T.);
#375=FACE_OUTER_BOUND('',#814,.T.);
#376=FACE_OUTER_BOUND('',#815,.T.);
#377=FACE_OUTER_BOUND('',#816,.T.);
#378=FACE_OUTER_BOUND('',#817,.T.);
#379=FACE_OUTER_BOUND('',#818,.T.);
#380=FACE_OUTER_BOUND('',#819,.T.);
#381=FACE_OUTER_BOUND('',#820,.T.);
#382=FACE_OUTER_BOUND('',#821,.T.);
#383=FACE_OUTER_BOUND('',#822,.T.);
#384=FACE_OUTER_BOUND('',#823,.T.);
#385=FACE_OUTER_BOUND('',#824,.T.);
#386=FACE_OUTER_BOUND('',#825,.T.);
#387=FACE_OUTER_BOUND('',#827,.T.);
#388=FACE_OUTER_BOUND('',#829,.T.);
#389=FACE_OUTER_BOUND('',#831,.T.);
#390=FACE_OUTER_BOUND('',#833,.T.);
#391=FACE_OUTER_BOUND('',#834,.T.);
#392=FACE_OUTER_BOUND('',#835,.T.);
#393=FACE_OUTER_BOUND('',#836,.T.);
#394=FACE_OUTER_BOUND('',#837,.T.);
#395=FACE_OUTER_BOUND('',#838,.T.);
#396=FACE_OUTER_BOUND('',#839,.T.);
#397=FACE_OUTER_BOUND('',#840,.T.);
#398=FACE_OUTER_BOUND('',#841,.T.);
#399=FACE_OUTER_BOUND('',#842,.T.);
#400=FACE_OUTER_BOUND('',#843,.T.);
#401=FACE_OUTER_BOUND('',#844,.T.);
#402=FACE_OUTER_BOUND('',#845,.T.);
#403=FACE_OUTER_BOUND('',#846,.T.);
#404=FACE_OUTER_BOUND('',#847,.T.);
#405=FACE_OUTER_BOUND('',#848,.T.);
#406=FACE_OUTER_BOUND('',#849,.T.);
#407=FACE_OUTER_BOUND('',#854,.T.);
#408=FACE_OUTER_BOUND('',#855,.T.);
#409=FACE_OUTER_BOUND('',#856,.T.);
#410=FACE_OUTER_BOUND('',#857,.T.);
#411=FACE_OUTER_BOUND('',#858,.T.);
#412=FACE_OUTER_BOUND('',#859,.T.);
#413=FACE_OUTER_BOUND('',#860,.T.);
#414=FACE_OUTER_BOUND('',#861,.T.);
#415=FACE_OUTER_BOUND('',#862,.T.);
#416=FACE_OUTER_BOUND('',#863,.T.);
#417=FACE_OUTER_BOUND('',#864,.T.);
#418=FACE_OUTER_BOUND('',#865,.T.);
#419=FACE_OUTER_BOUND('',#866,.T.);
#420=FACE_OUTER_BOUND('',#867,.T.);
#421=FACE_OUTER_BOUND('',#868,.T.);
#422=FACE_OUTER_BOUND('',#869,.T.);
#423=FACE_OUTER_BOUND('',#870,.T.);
#424=FACE_OUTER_BOUND('',#871,.T.);
#425=FACE_OUTER_BOUND('',#872,.T.);
#426=FACE_OUTER_BOUND('',#873,.T.);
#427=FACE_OUTER_BOUND('',#874,.T.);
#428=FACE_OUTER_BOUND('',#875,.T.);
#429=FACE_OUTER_BOUND('',#876,.T.);
#430=FACE_OUTER_BOUND('',#877,.T.);
#431=FACE_OUTER_BOUND('',#878,.T.);
#432=FACE_OUTER_BOUND('',#879,.T.);
#433=FACE_OUTER_BOUND('',#880,.T.);
#434=FACE_OUTER_BOUND('',#881,.T.);
#435=FACE_OUTER_BOUND('',#882,.T.);
#436=FACE_OUTER_BOUND('',#883,.T.);
#437=FACE_OUTER_BOUND('',#884,.T.);
#438=FACE_OUTER_BOUND('',#885,.T.);
#439=FACE_OUTER_BOUND('',#886,.T.);
#440=FACE_OUTER_BOUND('',#887,.T.);
#441=FACE_OUTER_BOUND('',#888,.T.);
#442=FACE_OUTER_BOUND('',#889,.T.);
#443=FACE_OUTER_BOUND('',#890,.T.);
#444=FACE_OUTER_BOUND('',#891,.T.);
#445=FACE_OUTER_BOUND('',#892,.T.);
#446=FACE_OUTER_BOUND('',#893,.T.);
#447=FACE_OUTER_BOUND('',#894,.T.);
#448=FACE_OUTER_BOUND('',#895,.T.);
#449=FACE_OUTER_BOUND('',#896,.T.);
#450=FACE_OUTER_BOUND('',#897,.T.);
#451=FACE_OUTER_BOUND('',#898,.T.);
#452=FACE_OUTER_BOUND('',#899,.T.);
#453=FACE_OUTER_BOUND('',#900,.T.);
#454=FACE_OUTER_BOUND('',#901,.T.);
#455=FACE_OUTER_BOUND('',#902,.T.);
#456=FACE_OUTER_BOUND('',#903,.T.);
#457=FACE_OUTER_BOUND('',#904,.T.);
#458=FACE_OUTER_BOUND('',#905,.T.);
#459=FACE_OUTER_BOUND('',#906,.T.);
#460=FACE_OUTER_BOUND('',#907,.T.);
#461=FACE_OUTER_BOUND('',#908,.T.);
#462=FACE_OUTER_BOUND('',#909,.T.);
#463=FACE_OUTER_BOUND('',#910,.T.);
#464=FACE_OUTER_BOUND('',#911,.T.);
#465=FACE_OUTER_BOUND('',#912,.T.);
#466=FACE_OUTER_BOUND('',#913,.T.);
#467=FACE_OUTER_BOUND('',#914,.T.);
#468=FACE_OUTER_BOUND('',#915,.T.);
#469=FACE_OUTER_BOUND('',#916,.T.);
#470=FACE_OUTER_BOUND('',#917,.T.);
#471=FACE_OUTER_BOUND('',#919,.T.);
#472=FACE_OUTER_BOUND('',#920,.T.);
#473=FACE_OUTER_BOUND('',#924,.T.);
#474=FACE_OUTER_BOUND('',#925,.T.);
#475=FACE_OUTER_BOUND('',#926,.T.);
#476=FACE_OUTER_BOUND('',#927,.T.);
#477=FACE_OUTER_BOUND('',#928,.T.);
#478=FACE_OUTER_BOUND('',#929,.T.);
#479=FACE_OUTER_BOUND('',#930,.T.);
#480=FACE_OUTER_BOUND('',#931,.T.);
#481=FACE_OUTER_BOUND('',#932,.T.);
#482=FACE_OUTER_BOUND('',#933,.T.);
#483=FACE_OUTER_BOUND('',#934,.T.);
#484=FACE_OUTER_BOUND('',#935,.T.);
#485=FACE_OUTER_BOUND('',#936,.T.);
#486=FACE_OUTER_BOUND('',#937,.T.);
#487=FACE_OUTER_BOUND('',#938,.T.);
#488=FACE_OUTER_BOUND('',#939,.T.);
#489=FACE_OUTER_BOUND('',#940,.T.);
#490=FACE_OUTER_BOUND('',#941,.T.);
#491=FACE_OUTER_BOUND('',#942,.T.);
#492=FACE_OUTER_BOUND('',#943,.T.);
#493=FACE_OUTER_BOUND('',#944,.T.);
#494=FACE_OUTER_BOUND('',#945,.T.);
#495=FACE_OUTER_BOUND('',#946,.T.);
#496=FACE_OUTER_BOUND('',#947,.T.);
#497=FACE_OUTER_BOUND('',#948,.T.);
#498=FACE_OUTER_BOUND('',#949,.T.);
#499=FACE_OUTER_BOUND('',#950,.T.);
#500=FACE_OUTER_BOUND('',#951,.T.);
#501=FACE_OUTER_BOUND('',#952,.T.);
#502=FACE_OUTER_BOUND('',#953,.T.);
#503=FACE_OUTER_BOUND('',#954,.T.);
#504=FACE_OUTER_BOUND('',#955,.T.);
#505=FACE_OUTER_BOUND('',#956,.T.);
#506=FACE_OUTER_BOUND('',#957,.T.);
#507=FACE_OUTER_BOUND('',#958,.T.);
#508=FACE_OUTER_BOUND('',#959,.T.);
#509=FACE_OUTER_BOUND('',#960,.T.);
#510=FACE_OUTER_BOUND('',#961,.T.);
#511=FACE_OUTER_BOUND('',#962,.T.);
#512=FACE_OUTER_BOUND('',#963,.T.);
#513=FACE_OUTER_BOUND('',#964,.T.);
#514=FACE_OUTER_BOUND('',#965,.T.);
#515=FACE_OUTER_BOUND('',#966,.T.);
#516=FACE_OUTER_BOUND('',#967,.T.);
#517=FACE_OUTER_BOUND('',#968,.T.);
#518=FACE_OUTER_BOUND('',#969,.T.);
#519=FACE_OUTER_BOUND('',#970,.T.);
#520=FACE_OUTER_BOUND('',#971,.T.);
#521=FACE_OUTER_BOUND('',#972,.T.);
#522=FACE_OUTER_BOUND('',#973,.T.);
#523=FACE_OUTER_BOUND('',#975,.T.);
#524=FACE_OUTER_BOUND('',#976,.T.);
#525=FACE_OUTER_BOUND('',#977,.T.);
#526=FACE_OUTER_BOUND('',#978,.T.);
#527=FACE_OUTER_BOUND('',#982,.T.);
#528=FACE_OUTER_BOUND('',#983,.T.);
#529=FACE_OUTER_BOUND('',#984,.T.);
#530=FACE_OUTER_BOUND('',#985,.T.);
#531=FACE_OUTER_BOUND('',#986,.T.);
#532=FACE_OUTER_BOUND('',#987,.T.);
#533=FACE_OUTER_BOUND('',#988,.T.);
#534=FACE_OUTER_BOUND('',#989,.T.);
#535=FACE_OUTER_BOUND('',#990,.T.);
#536=FACE_OUTER_BOUND('',#991,.T.);
#537=FACE_OUTER_BOUND('',#992,.T.);
#538=FACE_OUTER_BOUND('',#993,.T.);
#539=FACE_OUTER_BOUND('',#994,.T.);
#540=FACE_OUTER_BOUND('',#995,.T.);
#541=FACE_OUTER_BOUND('',#996,.T.);
#542=FACE_OUTER_BOUND('',#998,.T.);
#543=FACE_OUTER_BOUND('',#999,.T.);
#544=FACE_OUTER_BOUND('',#1000,.T.);
#545=FACE_OUTER_BOUND('',#1004,.T.);
#546=FACE_OUTER_BOUND('',#1005,.T.);
#547=FACE_OUTER_BOUND('',#1006,.T.);
#548=FACE_OUTER_BOUND('',#1007,.T.);
#549=FACE_OUTER_BOUND('',#1008,.T.);
#550=FACE_OUTER_BOUND('',#1009,.T.);
#551=FACE_OUTER_BOUND('',#1010,.T.);
#552=FACE_OUTER_BOUND('',#1011,.T.);
#553=FACE_OUTER_BOUND('',#1012,.T.);
#554=FACE_OUTER_BOUND('',#1013,.T.);
#555=FACE_OUTER_BOUND('',#1014,.T.);
#556=FACE_OUTER_BOUND('',#1015,.T.);
#557=FACE_OUTER_BOUND('',#1016,.T.);
#558=FACE_OUTER_BOUND('',#1017,.T.);
#559=FACE_OUTER_BOUND('',#1018,.T.);
#560=FACE_OUTER_BOUND('',#1019,.T.);
#561=FACE_OUTER_BOUND('',#1020,.T.);
#562=FACE_OUTER_BOUND('',#1021,.T.);
#563=FACE_OUTER_BOUND('',#1022,.T.);
#564=FACE_OUTER_BOUND('',#1023,.T.);
#565=FACE_OUTER_BOUND('',#1024,.T.);
#566=FACE_OUTER_BOUND('',#1025,.T.);
#567=FACE_OUTER_BOUND('',#1026,.T.);
#568=FACE_OUTER_BOUND('',#1027,.T.);
#569=FACE_OUTER_BOUND('',#1028,.T.);
#570=FACE_OUTER_BOUND('',#1029,.T.);
#571=FACE_OUTER_BOUND('',#1030,.T.);
#572=FACE_OUTER_BOUND('',#1031,.T.);
#573=FACE_OUTER_BOUND('',#1032,.T.);
#574=FACE_OUTER_BOUND('',#1033,.T.);
#575=FACE_OUTER_BOUND('',#1034,.T.);
#576=FACE_OUTER_BOUND('',#1035,.T.);
#577=FACE_OUTER_BOUND('',#1036,.T.);
#578=FACE_OUTER_BOUND('',#1037,.T.);
#579=FACE_OUTER_BOUND('',#1038,.T.);
#580=FACE_OUTER_BOUND('',#1039,.T.);
#581=FACE_OUTER_BOUND('',#1041,.T.);
#582=FACE_OUTER_BOUND('',#1042,.T.);
#583=FACE_OUTER_BOUND('',#1043,.T.);
#584=FACE_OUTER_BOUND('',#1044,.T.);
#585=FACE_OUTER_BOUND('',#1045,.T.);
#586=FACE_OUTER_BOUND('',#1046,.T.);
#587=FACE_OUTER_BOUND('',#1048,.T.);
#588=FACE_OUTER_BOUND('',#1049,.T.);
#589=FACE_OUTER_BOUND('',#1050,.T.);
#590=FACE_OUTER_BOUND('',#1051,.T.);
#591=FACE_OUTER_BOUND('',#1052,.T.);
#592=FACE_OUTER_BOUND('',#1053,.T.);
#593=EDGE_LOOP('',(#5271,#5272,#5273,#5274));
#594=EDGE_LOOP('',(#5275,#5276,#5277,#5278));
#595=EDGE_LOOP('',(#5279,#5280,#5281,#5282,#5283,#5284));
#596=EDGE_LOOP('',(#5285,#5286,#5287,#5288));
#597=EDGE_LOOP('',(#5289,#5290,#5291,#5292,#5293,#5294,#5295,#5296,#5297,
#5298,#5299));
#598=EDGE_LOOP('',(#5300,#5301,#5302,#5303));
#599=EDGE_LOOP('',(#5304,#5305,#5306,#5307));
#600=EDGE_LOOP('',(#5308,#5309,#5310,#5311,#5312,#5313));
#601=EDGE_LOOP('',(#5314,#5315,#5316,#5317));
#602=EDGE_LOOP('',(#5318,#5319,#5320,#5321,#5322));
#603=EDGE_LOOP('',(#5323,#5324,#5325,#5326));
#604=EDGE_LOOP('',(#5327,#5328,#5329,#5330));
#605=EDGE_LOOP('',(#5331,#5332,#5333,#5334,#5335,#5336,#5337,#5338,#5339,
#5340,#5341,#5342,#5343,#5344));
#606=EDGE_LOOP('',(#5345,#5346,#5347,#5348));
#607=EDGE_LOOP('',(#5349,#5350,#5351,#5352));
#608=EDGE_LOOP('',(#5353,#5354,#5355,#5356,#5357));
#609=EDGE_LOOP('',(#5358,#5359,#5360,#5361));
#610=EDGE_LOOP('',(#5362,#5363,#5364,#5365,#5366,#5367,#5368,#5369,#5370,
#5371,#5372,#5373,#5374,#5375));
#611=EDGE_LOOP('',(#5376,#5377,#5378,#5379));
#612=EDGE_LOOP('',(#5380,#5381,#5382,#5383,#5384));
#613=EDGE_LOOP('',(#5385,#5386,#5387,#5388,#5389,#5390,#5391,#5392,#5393));
#614=EDGE_LOOP('',(#5394,#5395,#5396,#5397,#5398));
#615=EDGE_LOOP('',(#5399,#5400,#5401,#5402));
#616=EDGE_LOOP('',(#5403,#5404,#5405,#5406,#5407,#5408,#5409,#5410,#5411,
#5412,#5413,#5414,#5415));
#617=EDGE_LOOP('',(#5416));
#618=EDGE_LOOP('',(#5417,#5418,#5419,#5420));
#619=EDGE_LOOP('',(#5421,#5422,#5423,#5424,#5425));
#620=EDGE_LOOP('',(#5426,#5427,#5428,#5429,#5430));
#621=EDGE_LOOP('',(#5431,#5432,#5433,#5434));
#622=EDGE_LOOP('',(#5435,#5436,#5437,#5438,#5439,#5440,#5441,#5442,#5443,
#5444,#5445,#5446));
#623=EDGE_LOOP('',(#5447,#5448,#5449,#5450,#5451));
#624=EDGE_LOOP('',(#5452,#5453,#5454,#5455));
#625=EDGE_LOOP('',(#5456,#5457,#5458,#5459,#5460,#5461));
#626=EDGE_LOOP('',(#5462,#5463,#5464,#5465,#5466,#5467,#5468,#5469));
#627=EDGE_LOOP('',(#5470,#5471,#5472,#5473,#5474,#5475));
#628=EDGE_LOOP('',(#5476,#5477,#5478,#5479));
#629=EDGE_LOOP('',(#5480,#5481,#5482,#5483));
#630=EDGE_LOOP('',(#5484,#5485,#5486,#5487));
#631=EDGE_LOOP('',(#5488,#5489,#5490,#5491));
#632=EDGE_LOOP('',(#5492,#5493,#5494,#5495));
#633=EDGE_LOOP('',(#5496,#5497,#5498,#5499));
#634=EDGE_LOOP('',(#5500,#5501,#5502,#5503));
#635=EDGE_LOOP('',(#5504,#5505,#5506,#5507));
#636=EDGE_LOOP('',(#5508));
#637=EDGE_LOOP('',(#5509,#5510,#5511,#5512));
#638=EDGE_LOOP('',(#5513,#5514,#5515,#5516));
#639=EDGE_LOOP('',(#5517,#5518,#5519,#5520,#5521,#5522,#5523,#5524,#5525,
#5526,#5527,#5528));
#640=EDGE_LOOP('',(#5529,#5530,#5531,#5532,#5533,#5534,#5535,#5536,#5537,
#5538));
#641=EDGE_LOOP('',(#5539,#5540,#5541,#5542,#5543,#5544,#5545,#5546,#5547,
#5548));
#642=EDGE_LOOP('',(#5549,#5550,#5551,#5552));
#643=EDGE_LOOP('',(#5553,#5554,#5555,#5556));
#644=EDGE_LOOP('',(#5557,#5558,#5559,#5560));
#645=EDGE_LOOP('',(#5561));
#646=EDGE_LOOP('',(#5562,#5563,#5564,#5565));
#647=EDGE_LOOP('',(#5566,#5567,#5568,#5569));
#648=EDGE_LOOP('',(#5570,#5571,#5572,#5573));
#649=EDGE_LOOP('',(#5574,#5575,#5576,#5577));
#650=EDGE_LOOP('',(#5578,#5579,#5580,#5581));
#651=EDGE_LOOP('',(#5582));
#652=EDGE_LOOP('',(#5583,#5584,#5585,#5586,#5587,#5588));
#653=EDGE_LOOP('',(#5589,#5590,#5591,#5592));
#654=EDGE_LOOP('',(#5593,#5594,#5595,#5596,#5597,#5598));
#655=EDGE_LOOP('',(#5599,#5600,#5601,#5602));
#656=EDGE_LOOP('',(#5603,#5604,#5605,#5606,#5607));
#657=EDGE_LOOP('',(#5608,#5609,#5610,#5611));
#658=EDGE_LOOP('',(#5612,#5613,#5614,#5615));
#659=EDGE_LOOP('',(#5616,#5617,#5618,#5619,#5620,#5621,#5622,#5623));
#660=EDGE_LOOP('',(#5624,#5625,#5626,#5627,#5628));
#661=EDGE_LOOP('',(#5629,#5630,#5631,#5632));
#662=EDGE_LOOP('',(#5633,#5634,#5635,#5636));
#663=EDGE_LOOP('',(#5637,#5638,#5639,#5640,#5641,#5642,#5643,#5644,#5645,
#5646,#5647,#5648,#5649,#5650,#5651,#5652,#5653));
#664=EDGE_LOOP('',(#5654,#5655,#5656,#5657));
#665=EDGE_LOOP('',(#5658));
#666=EDGE_LOOP('',(#5659,#5660,#5661,#5662,#5663,#5664));
#667=EDGE_LOOP('',(#5665,#5666,#5667,#5668,#5669));
#668=EDGE_LOOP('',(#5670,#5671,#5672,#5673,#5674,#5675,#5676,#5677,#5678));
#669=EDGE_LOOP('',(#5679,#5680,#5681,#5682,#5683));
#670=EDGE_LOOP('',(#5684,#5685,#5686,#5687));
#671=EDGE_LOOP('',(#5688,#5689,#5690,#5691,#5692));
#672=EDGE_LOOP('',(#5693,#5694,#5695,#5696,#5697));
#673=EDGE_LOOP('',(#5698,#5699,#5700,#5701));
#674=EDGE_LOOP('',(#5702,#5703,#5704,#5705,#5706,#5707,#5708,#5709,#5710,
#5711,#5712,#5713));
#675=EDGE_LOOP('',(#5714,#5715,#5716,#5717,#5718));
#676=EDGE_LOOP('',(#5719,#5720,#5721,#5722));
#677=EDGE_LOOP('',(#5723,#5724,#5725,#5726,#5727,#5728));
#678=EDGE_LOOP('',(#5729,#5730,#5731,#5732,#5733,#5734,#5735,#5736));
#679=EDGE_LOOP('',(#5737,#5738,#5739,#5740,#5741,#5742));
#680=EDGE_LOOP('',(#5743,#5744,#5745,#5746));
#681=EDGE_LOOP('',(#5747,#5748,#5749,#5750));
#682=EDGE_LOOP('',(#5751,#5752,#5753,#5754));
#683=EDGE_LOOP('',(#5755,#5756,#5757,#5758));
#684=EDGE_LOOP('',(#5759,#5760,#5761,#5762));
#685=EDGE_LOOP('',(#5763,#5764,#5765,#5766));
#686=EDGE_LOOP('',(#5767,#5768,#5769,#5770));
#687=EDGE_LOOP('',(#5771,#5772,#5773,#5774));
#688=EDGE_LOOP('',(#5775));
#689=EDGE_LOOP('',(#5776,#5777,#5778,#5779));
#690=EDGE_LOOP('',(#5780,#5781,#5782,#5783));
#691=EDGE_LOOP('',(#5784,#5785,#5786,#5787,#5788,#5789,#5790,#5791,#5792,
#5793,#5794,#5795));
#692=EDGE_LOOP('',(#5796,#5797,#5798,#5799,#5800,#5801,#5802,#5803,#5804,
#5805));
#693=EDGE_LOOP('',(#5806,#5807,#5808,#5809,#5810,#5811,#5812,#5813,#5814,
#5815));
#694=EDGE_LOOP('',(#5816,#5817,#5818,#5819));
#695=EDGE_LOOP('',(#5820,#5821,#5822,#5823));
#696=EDGE_LOOP('',(#5824,#5825,#5826,#5827));
#697=EDGE_LOOP('',(#5828));
#698=EDGE_LOOP('',(#5829,#5830,#5831,#5832));
#699=EDGE_LOOP('',(#5833,#5834,#5835,#5836));
#700=EDGE_LOOP('',(#5837,#5838,#5839,#5840));
#701=EDGE_LOOP('',(#5841,#5842,#5843,#5844));
#702=EDGE_LOOP('',(#5845,#5846,#5847,#5848));
#703=EDGE_LOOP('',(#5849));
#704=EDGE_LOOP('',(#5850,#5851,#5852,#5853,#5854,#5855));
#705=EDGE_LOOP('',(#5856,#5857,#5858,#5859));
#706=EDGE_LOOP('',(#5860,#5861,#5862,#5863,#5864,#5865));
#707=EDGE_LOOP('',(#5866,#5867,#5868,#5869));
#708=EDGE_LOOP('',(#5870,#5871,#5872,#5873,#5874));
#709=EDGE_LOOP('',(#5875,#5876,#5877,#5878));
#710=EDGE_LOOP('',(#5879,#5880,#5881,#5882));
#711=EDGE_LOOP('',(#5883,#5884,#5885,#5886,#5887,#5888,#5889,#5890));
#712=EDGE_LOOP('',(#5891,#5892,#5893,#5894,#5895));
#713=EDGE_LOOP('',(#5896,#5897,#5898,#5899));
#714=EDGE_LOOP('',(#5900,#5901,#5902,#5903));
#715=EDGE_LOOP('',(#5904,#5905,#5906,#5907,#5908,#5909,#5910,#5911,#5912,
#5913,#5914,#5915,#5916,#5917,#5918,#5919,#5920));
#716=EDGE_LOOP('',(#5921,#5922,#5923,#5924));
#717=EDGE_LOOP('',(#5925));
#718=EDGE_LOOP('',(#5926,#5927,#5928,#5929,#5930,#5931));
#719=EDGE_LOOP('',(#5932,#5933,#5934,#5935));
#720=EDGE_LOOP('',(#5936,#5937,#5938,#5939,#5940,#5941,#5942,#5943,#5944));
#721=EDGE_LOOP('',(#5945,#5946,#5947,#5948));
#722=EDGE_LOOP('',(#5949,#5950,#5951,#5952,#5953,#5954));
#723=EDGE_LOOP('',(#5955,#5956,#5957,#5958,#5959));
#724=EDGE_LOOP('',(#5960,#5961,#5962,#5963,#5964));
#725=EDGE_LOOP('',(#5965,#5966,#5967,#5968));
#726=EDGE_LOOP('',(#5969,#5970,#5971,#5972,#5973,#5974,#5975,#5976,#5977,
#5978));
#727=EDGE_LOOP('',(#5979,#5980,#5981,#5982,#5983));
#728=EDGE_LOOP('',(#5984,#5985,#5986,#5987));
#729=EDGE_LOOP('',(#5988,#5989,#5990,#5991,#5992,#5993));
#730=EDGE_LOOP('',(#5994,#5995,#5996,#5997,#5998,#5999,#6000,#6001));
#731=EDGE_LOOP('',(#6002,#6003,#6004,#6005,#6006,#6007));
#732=EDGE_LOOP('',(#6008,#6009,#6010,#6011));
#733=EDGE_LOOP('',(#6012,#6013,#6014,#6015));
#734=EDGE_LOOP('',(#6016,#6017,#6018,#6019));
#735=EDGE_LOOP('',(#6020,#6021,#6022,#6023));
#736=EDGE_LOOP('',(#6024,#6025,#6026,#6027));
#737=EDGE_LOOP('',(#6028,#6029,#6030,#6031));
#738=EDGE_LOOP('',(#6032,#6033,#6034,#6035));
#739=EDGE_LOOP('',(#6036,#6037,#6038,#6039));
#740=EDGE_LOOP('',(#6040,#6041,#6042,#6043,#6044,#6045,#6046,#6047,#6048,
#6049,#6050,#6051,#6052,#6053,#6054,#6055,#6056,#6057,#6058,#6059,#6060,
#6061,#6062,#6063,#6064,#6065));
#741=EDGE_LOOP('',(#6066));
#742=EDGE_LOOP('',(#6067,#6068,#6069,#6070));
#743=EDGE_LOOP('',(#6071,#6072,#6073,#6074));
#744=EDGE_LOOP('',(#6075,#6076,#6077,#6078,#6079,#6080,#6081,#6082,#6083,
#6084,#6085,#6086,#6087,#6088,#6089,#6090,#6091,#6092,#6093,#6094,#6095,
#6096,#6097,#6098,#6099,#6100,#6101,#6102,#6103,#6104,#6105,#6106));
#745=EDGE_LOOP('',(#6107,#6108,#6109,#6110,#6111,#6112,#6113,#6114,#6115,
#6116,#6117,#6118));
#746=EDGE_LOOP('',(#6119,#6120,#6121,#6122,#6123,#6124,#6125,#6126,#6127,
#6128));
#747=EDGE_LOOP('',(#6129,#6130,#6131,#6132,#6133,#6134,#6135,#6136,#6137,
#6138));
#748=EDGE_LOOP('',(#6139,#6140,#6141,#6142));
#749=EDGE_LOOP('',(#6143,#6144,#6145,#6146));
#750=EDGE_LOOP('',(#6147,#6148,#6149,#6150));
#751=EDGE_LOOP('',(#6151));
#752=EDGE_LOOP('',(#6152,#6153,#6154,#6155));
#753=EDGE_LOOP('',(#6156,#6157,#6158,#6159));
#754=EDGE_LOOP('',(#6160,#6161,#6162,#6163));
#755=EDGE_LOOP('',(#6164,#6165,#6166,#6167));
#756=EDGE_LOOP('',(#6168,#6169,#6170,#6171));
#757=EDGE_LOOP('',(#6172));
#758=EDGE_LOOP('',(#6173,#6174,#6175,#6176,#6177,#6178));
#759=EDGE_LOOP('',(#6179,#6180,#6181,#6182,#6183,#6184,#6185,#6186,#6187,
#6188,#6189,#6190));
#760=EDGE_LOOP('',(#6191,#6192,#6193,#6194));
#761=EDGE_LOOP('',(#6195,#6196,#6197,#6198,#6199,#6200));
#762=EDGE_LOOP('',(#6201,#6202,#6203,#6204));
#763=EDGE_LOOP('',(#6205,#6206,#6207,#6208,#6209));
#764=EDGE_LOOP('',(#6210,#6211,#6212,#6213));
#765=EDGE_LOOP('',(#6214,#6215,#6216,#6217));
#766=EDGE_LOOP('',(#6218,#6219,#6220,#6221,#6222,#6223,#6224,#6225));
#767=EDGE_LOOP('',(#6226,#6227,#6228,#6229,#6230));
#768=EDGE_LOOP('',(#6231,#6232,#6233,#6234));
#769=EDGE_LOOP('',(#6235,#6236,#6237,#6238));
#770=EDGE_LOOP('',(#6239,#6240,#6241,#6242));
#771=EDGE_LOOP('',(#6243,#6244,#6245,#6246,#6247,#6248,#6249,#6250,#6251,
#6252,#6253,#6254,#6255,#6256,#6257,#6258,#6259,#6260,#6261,#6262,#6263,
#6264,#6265));
#772=EDGE_LOOP('',(#6266,#6267,#6268,#6269,#6270,#6271,#6272,#6273));
#773=EDGE_LOOP('',(#6274));
#774=EDGE_LOOP('',(#6275));
#775=EDGE_LOOP('',(#6276));
#776=EDGE_LOOP('',(#6277));
#777=EDGE_LOOP('',(#6278,#6279,#6280,#6281,#6282,#6283));
#778=EDGE_LOOP('',(#6284,#6285,#6286,#6287));
#779=EDGE_LOOP('',(#6288,#6289,#6290,#6291,#6292,#6293));
#780=EDGE_LOOP('',(#6294,#6295,#6296,#6297,#6298,#6299));
#781=EDGE_LOOP('',(#6300,#6301,#6302,#6303,#6304,#6305));
#782=EDGE_LOOP('',(#6306,#6307,#6308,#6309));
#783=EDGE_LOOP('',(#6310,#6311,#6312,#6313));
#784=EDGE_LOOP('',(#6314,#6315,#6316,#6317));
#785=EDGE_LOOP('',(#6318,#6319,#6320,#6321));
#786=EDGE_LOOP('',(#6322,#6323,#6324,#6325));
#787=EDGE_LOOP('',(#6326,#6327,#6328,#6329,#6330,#6331));
#788=EDGE_LOOP('',(#6332,#6333,#6334,#6335));
#789=EDGE_LOOP('',(#6336,#6337,#6338,#6339,#6340,#6341));
#790=EDGE_LOOP('',(#6342,#6343,#6344,#6345,#6346,#6347,#6348,#6349));
#791=EDGE_LOOP('',(#6350,#6351,#6352,#6353,#6354,#6355,#6356,#6357,#6358,
#6359,#6360));
#792=EDGE_LOOP('',(#6361,#6362,#6363,#6364));
#793=EDGE_LOOP('',(#6365,#6366,#6367,#6368));
#794=EDGE_LOOP('',(#6369,#6370,#6371,#6372));
#795=EDGE_LOOP('',(#6373,#6374,#6375,#6376));
#796=EDGE_LOOP('',(#6377,#6378,#6379,#6380));
#797=EDGE_LOOP('',(#6381,#6382,#6383,#6384));
#798=EDGE_LOOP('',(#6385,#6386,#6387,#6388));
#799=EDGE_LOOP('',(#6389,#6390,#6391,#6392));
#800=EDGE_LOOP('',(#6393,#6394,#6395,#6396));
#801=EDGE_LOOP('',(#6397,#6398,#6399,#6400));
#802=EDGE_LOOP('',(#6401,#6402,#6403,#6404));
#803=EDGE_LOOP('',(#6405,#6406,#6407,#6408));
#804=EDGE_LOOP('',(#6409,#6410,#6411,#6412));
#805=EDGE_LOOP('',(#6413,#6414,#6415,#6416));
#806=EDGE_LOOP('',(#6417,#6418,#6419,#6420));
#807=EDGE_LOOP('',(#6421,#6422,#6423,#6424));
#808=EDGE_LOOP('',(#6425,#6426,#6427,#6428));
#809=EDGE_LOOP('',(#6429,#6430,#6431,#6432));
#810=EDGE_LOOP('',(#6433,#6434,#6435,#6436));
#811=EDGE_LOOP('',(#6437,#6438,#6439,#6440));
#812=EDGE_LOOP('',(#6441,#6442,#6443,#6444));
#813=EDGE_LOOP('',(#6445,#6446,#6447,#6448));
#814=EDGE_LOOP('',(#6449,#6450,#6451,#6452));
#815=EDGE_LOOP('',(#6453,#6454,#6455,#6456));
#816=EDGE_LOOP('',(#6457,#6458,#6459,#6460));
#817=EDGE_LOOP('',(#6461,#6462,#6463,#6464));
#818=EDGE_LOOP('',(#6465,#6466,#6467,#6468));
#819=EDGE_LOOP('',(#6469,#6470,#6471,#6472));
#820=EDGE_LOOP('',(#6473,#6474,#6475,#6476));
#821=EDGE_LOOP('',(#6477,#6478,#6479,#6480));
#822=EDGE_LOOP('',(#6481,#6482,#6483,#6484));
#823=EDGE_LOOP('',(#6485,#6486,#6487,#6488));
#824=EDGE_LOOP('',(#6489,#6490,#6491,#6492));
#825=EDGE_LOOP('',(#6493));
#826=EDGE_LOOP('',(#6494));
#827=EDGE_LOOP('',(#6495));
#828=EDGE_LOOP('',(#6496));
#829=EDGE_LOOP('',(#6497));
#830=EDGE_LOOP('',(#6498));
#831=EDGE_LOOP('',(#6499));
#832=EDGE_LOOP('',(#6500));
#833=EDGE_LOOP('',(#6501,#6502,#6503,#6504));
#834=EDGE_LOOP('',(#6505,#6506,#6507,#6508));
#835=EDGE_LOOP('',(#6509,#6510,#6511,#6512));
#836=EDGE_LOOP('',(#6513,#6514,#6515,#6516));
#837=EDGE_LOOP('',(#6517,#6518,#6519,#6520,#6521,#6522,#6523,#6524,#6525,
#6526,#6527,#6528,#6529,#6530,#6531,#6532));
#838=EDGE_LOOP('',(#6533,#6534,#6535,#6536,#6537,#6538));
#839=EDGE_LOOP('',(#6539,#6540,#6541,#6542));
#840=EDGE_LOOP('',(#6543,#6544,#6545,#6546,#6547,#6548,#6549,#6550,#6551,
#6552,#6553,#6554,#6555,#6556));
#841=EDGE_LOOP('',(#6557,#6558,#6559,#6560,#6561,#6562));
#842=EDGE_LOOP('',(#6563,#6564,#6565,#6566));
#843=EDGE_LOOP('',(#6567,#6568,#6569,#6570));
#844=EDGE_LOOP('',(#6571,#6572,#6573,#6574));
#845=EDGE_LOOP('',(#6575,#6576,#6577,#6578));
#846=EDGE_LOOP('',(#6579,#6580,#6581,#6582));
#847=EDGE_LOOP('',(#6583,#6584,#6585,#6586,#6587,#6588,#6589,#6590,#6591,
#6592,#6593,#6594,#6595,#6596,#6597,#6598,#6599,#6600,#6601,#6602,#6603,
#6604));
#848=EDGE_LOOP('',(#6605,#6606,#6607,#6608));
#849=EDGE_LOOP('',(#6609,#6610,#6611,#6612,#6613,#6614,#6615,#6616,#6617,
#6618,#6619,#6620,#6621,#6622,#6623,#6624,#6625,#6626,#6627,#6628));
#850=EDGE_LOOP('',(#6629));
#851=EDGE_LOOP('',(#6630));
#852=EDGE_LOOP('',(#6631));
#853=EDGE_LOOP('',(#6632));
#854=EDGE_LOOP('',(#6633,#6634,#6635,#6636));
#855=EDGE_LOOP('',(#6637,#6638,#6639,#6640,#6641,#6642,#6643,#6644,#6645,
#6646,#6647,#6648,#6649,#6650,#6651,#6652,#6653,#6654,#6655,#6656,#6657,
#6658,#6659,#6660,#6661,#6662,#6663,#6664));
#856=EDGE_LOOP('',(#6665,#6666,#6667,#6668));
#857=EDGE_LOOP('',(#6669,#6670,#6671,#6672,#6673,#6674,#6675,#6676));
#858=EDGE_LOOP('',(#6677,#6678,#6679,#6680));
#859=EDGE_LOOP('',(#6681,#6682,#6683,#6684));
#860=EDGE_LOOP('',(#6685,#6686,#6687,#6688));
#861=EDGE_LOOP('',(#6689,#6690,#6691,#6692));
#862=EDGE_LOOP('',(#6693,#6694,#6695,#6696));
#863=EDGE_LOOP('',(#6697,#6698,#6699,#6700));
#864=EDGE_LOOP('',(#6701,#6702,#6703,#6704));
#865=EDGE_LOOP('',(#6705,#6706,#6707,#6708));
#866=EDGE_LOOP('',(#6709,#6710,#6711,#6712));
#867=EDGE_LOOP('',(#6713,#6714,#6715,#6716));
#868=EDGE_LOOP('',(#6717,#6718,#6719,#6720));
#869=EDGE_LOOP('',(#6721,#6722,#6723,#6724));
#870=EDGE_LOOP('',(#6725,#6726,#6727,#6728,#6729));
#871=EDGE_LOOP('',(#6730,#6731,#6732,#6733,#6734));
#872=EDGE_LOOP('',(#6735,#6736,#6737,#6738,#6739,#6740,#6741,#6742));
#873=EDGE_LOOP('',(#6743,#6744,#6745,#6746,#6747));
#874=EDGE_LOOP('',(#6748,#6749,#6750,#6751,#6752,#6753,#6754,#6755));
#875=EDGE_LOOP('',(#6756,#6757,#6758,#6759,#6760));
#876=EDGE_LOOP('',(#6761,#6762,#6763,#6764,#6765));
#877=EDGE_LOOP('',(#6766,#6767,#6768,#6769));
#878=EDGE_LOOP('',(#6770,#6771,#6772,#6773));
#879=EDGE_LOOP('',(#6774,#6775,#6776,#6777));
#880=EDGE_LOOP('',(#6778,#6779,#6780,#6781));
#881=EDGE_LOOP('',(#6782,#6783,#6784,#6785));
#882=EDGE_LOOP('',(#6786,#6787,#6788,#6789));
#883=EDGE_LOOP('',(#6790,#6791,#6792,#6793,#6794,#6795,#6796));
#884=EDGE_LOOP('',(#6797,#6798,#6799,#6800));
#885=EDGE_LOOP('',(#6801,#6802,#6803,#6804,#6805,#6806,#6807,#6808,#6809,
#6810,#6811,#6812));
#886=EDGE_LOOP('',(#6813,#6814,#6815,#6816));
#887=EDGE_LOOP('',(#6817,#6818,#6819,#6820));
#888=EDGE_LOOP('',(#6821,#6822,#6823,#6824));
#889=EDGE_LOOP('',(#6825,#6826,#6827,#6828));
#890=EDGE_LOOP('',(#6829,#6830,#6831,#6832));
#891=EDGE_LOOP('',(#6833,#6834,#6835,#6836));
#892=EDGE_LOOP('',(#6837,#6838,#6839,#6840,#6841,#6842));
#893=EDGE_LOOP('',(#6843,#6844,#6845,#6846,#6847,#6848));
#894=EDGE_LOOP('',(#6849,#6850,#6851,#6852,#6853,#6854));
#895=EDGE_LOOP('',(#6855,#6856,#6857,#6858,#6859,#6860));
#896=EDGE_LOOP('',(#6861,#6862,#6863,#6864));
#897=EDGE_LOOP('',(#6865,#6866,#6867,#6868));
#898=EDGE_LOOP('',(#6869,#6870,#6871,#6872));
#899=EDGE_LOOP('',(#6873,#6874,#6875,#6876));
#900=EDGE_LOOP('',(#6877,#6878,#6879,#6880));
#901=EDGE_LOOP('',(#6881,#6882,#6883,#6884,#6885));
#902=EDGE_LOOP('',(#6886,#6887,#6888,#6889,#6890));
#903=EDGE_LOOP('',(#6891,#6892,#6893,#6894,#6895));
#904=EDGE_LOOP('',(#6896,#6897,#6898,#6899,#6900,#6901,#6902,#6903,#6904,
#6905,#6906));
#905=EDGE_LOOP('',(#6907,#6908,#6909));
#906=EDGE_LOOP('',(#6910,#6911,#6912));
#907=EDGE_LOOP('',(#6913,#6914,#6915));
#908=EDGE_LOOP('',(#6916,#6917,#6918,#6919,#6920,#6921,#6922,#6923,#6924,
#6925,#6926,#6927,#6928,#6929,#6930,#6931));
#909=EDGE_LOOP('',(#6932,#6933,#6934));
#910=EDGE_LOOP('',(#6935,#6936,#6937));
#911=EDGE_LOOP('',(#6938,#6939,#6940,#6941,#6942,#6943,#6944,#6945,#6946,
#6947,#6948,#6949,#6950,#6951,#6952,#6953));
#912=EDGE_LOOP('',(#6954,#6955,#6956));
#913=EDGE_LOOP('',(#6957,#6958,#6959));
#914=EDGE_LOOP('',(#6960,#6961,#6962));
#915=EDGE_LOOP('',(#6963,#6964,#6965,#6966));
#916=EDGE_LOOP('',(#6967));
#917=EDGE_LOOP('',(#6968,#6969,#6970,#6971,#6972,#6973,#6974,#6975,#6976,
#6977,#6978,#6979));
#918=EDGE_LOOP('',(#6980));
#919=EDGE_LOOP('',(#6981,#6982,#6983,#6984));
#920=EDGE_LOOP('',(#6985,#6986,#6987,#6988,#6989,#6990,#6991,#6992,#6993,
#6994));
#921=EDGE_LOOP('',(#6995,#6996,#6997,#6998));
#922=EDGE_LOOP('',(#6999));
#923=EDGE_LOOP('',(#7000));
#924=EDGE_LOOP('',(#7001,#7002,#7003,#7004));
#925=EDGE_LOOP('',(#7005,#7006,#7007,#7008));
#926=EDGE_LOOP('',(#7009,#7010,#7011,#7012));
#927=EDGE_LOOP('',(#7013,#7014,#7015,#7016,#7017,#7018,#7019,#7020,#7021,
#7022));
#928=EDGE_LOOP('',(#7023,#7024,#7025,#7026,#7027,#7028,#7029,#7030));
#929=EDGE_LOOP('',(#7031,#7032,#7033,#7034));
#930=EDGE_LOOP('',(#7035,#7036,#7037,#7038,#7039,#7040,#7041,#7042,#7043,
#7044,#7045,#7046,#7047,#7048,#7049,#7050));
#931=EDGE_LOOP('',(#7051,#7052,#7053,#7054));
#932=EDGE_LOOP('',(#7055,#7056,#7057,#7058));
#933=EDGE_LOOP('',(#7059,#7060,#7061,#7062));
#934=EDGE_LOOP('',(#7063,#7064,#7065,#7066,#7067,#7068));
#935=EDGE_LOOP('',(#7069,#7070,#7071,#7072,#7073));
#936=EDGE_LOOP('',(#7074,#7075,#7076,#7077,#7078));
#937=EDGE_LOOP('',(#7079,#7080,#7081,#7082));
#938=EDGE_LOOP('',(#7083,#7084,#7085,#7086,#7087));
#939=EDGE_LOOP('',(#7088,#7089,#7090,#7091,#7092));
#940=EDGE_LOOP('',(#7093,#7094,#7095,#7096,#7097,#7098));
#941=EDGE_LOOP('',(#7099,#7100,#7101,#7102,#7103,#7104,#7105,#7106));
#942=EDGE_LOOP('',(#7107,#7108,#7109,#7110,#7111));
#943=EDGE_LOOP('',(#7112,#7113,#7114,#7115,#7116));
#944=EDGE_LOOP('',(#7117,#7118,#7119,#7120));
#945=EDGE_LOOP('',(#7121,#7122,#7123,#7124,#7125));
#946=EDGE_LOOP('',(#7126,#7127,#7128,#7129,#7130));
#947=EDGE_LOOP('',(#7131,#7132,#7133,#7134,#7135,#7136));
#948=EDGE_LOOP('',(#7137,#7138,#7139));
#949=EDGE_LOOP('',(#7140,#7141,#7142));
#950=EDGE_LOOP('',(#7143,#7144,#7145));
#951=EDGE_LOOP('',(#7146,#7147));
#952=EDGE_LOOP('',(#7148,#7149,#7150));
#953=EDGE_LOOP('',(#7151,#7152,#7153,#7154));
#954=EDGE_LOOP('',(#7155,#7156,#7157,#7158));
#955=EDGE_LOOP('',(#7159,#7160,#7161,#7162));
#956=EDGE_LOOP('',(#7163,#7164,#7165,#7166,#7167,#7168,#7169,#7170));
#957=EDGE_LOOP('',(#7171,#7172,#7173,#7174));
#958=EDGE_LOOP('',(#7175,#7176,#7177,#7178));
#959=EDGE_LOOP('',(#7179));
#960=EDGE_LOOP('',(#7180,#7181,#7182,#7183));
#961=EDGE_LOOP('',(#7184,#7185,#7186,#7187));
#962=EDGE_LOOP('',(#7188,#7189,#7190,#7191,#7192,#7193));
#963=EDGE_LOOP('',(#7194,#7195,#7196,#7197,#7198,#7199));
#964=EDGE_LOOP('',(#7200,#7201,#7202,#7203));
#965=EDGE_LOOP('',(#7204,#7205,#7206,#7207,#7208,#7209));
#966=EDGE_LOOP('',(#7210,#7211,#7212,#7213));
#967=EDGE_LOOP('',(#7214,#7215,#7216,#7217));
#968=EDGE_LOOP('',(#7218,#7219,#7220,#7221,#7222,#7223,#7224,#7225));
#969=EDGE_LOOP('',(#7226,#7227,#7228,#7229));
#970=EDGE_LOOP('',(#7230,#7231,#7232,#7233));
#971=EDGE_LOOP('',(#7234,#7235,#7236,#7237));
#972=EDGE_LOOP('',(#7238,#7239,#7240,#7241));
#973=EDGE_LOOP('',(#7242,#7243,#7244,#7245,#7246,#7247,#7248,#7249));
#974=EDGE_LOOP('',(#7250,#7251,#7252,#7253,#7254,#7255,#7256,#7257,#7258,
#7259,#7260,#7261,#7262,#7263));
#975=EDGE_LOOP('',(#7264,#7265,#7266,#7267));
#976=EDGE_LOOP('',(#7268));
#977=EDGE_LOOP('',(#7269,#7270,#7271,#7272));
#978=EDGE_LOOP('',(#7273,#7274,#7275,#7276,#7277,#7278,#7279,#7280));
#979=EDGE_LOOP('',(#7281));
#980=EDGE_LOOP('',(#7282,#7283,#7284,#7285,#7286,#7287,#7288,#7289,#7290,
#7291,#7292,#7293));
#981=EDGE_LOOP('',(#7294));
#982=EDGE_LOOP('',(#7295,#7296,#7297,#7298,#7299,#7300,#7301,#7302));
#983=EDGE_LOOP('',(#7303,#7304,#7305,#7306,#7307,#7308,#7309,#7310,#7311,
#7312,#7313,#7314,#7315,#7316,#7317,#7318,#7319,#7320,#7321,#7322,#7323,
#7324));
#984=EDGE_LOOP('',(#7325,#7326,#7327,#7328));
#985=EDGE_LOOP('',(#7329,#7330,#7331,#7332,#7333,#7334));
#986=EDGE_LOOP('',(#7335,#7336,#7337,#7338));
#987=EDGE_LOOP('',(#7339,#7340,#7341,#7342));
#988=EDGE_LOOP('',(#7343,#7344,#7345,#7346));
#989=EDGE_LOOP('',(#7347,#7348,#7349,#7350));
#990=EDGE_LOOP('',(#7351,#7352,#7353,#7354));
#991=EDGE_LOOP('',(#7355,#7356,#7357,#7358));
#992=EDGE_LOOP('',(#7359,#7360,#7361,#7362,#7363,#7364,#7365,#7366));
#993=EDGE_LOOP('',(#7367,#7368,#7369,#7370));
#994=EDGE_LOOP('',(#7371,#7372,#7373,#7374));
#995=EDGE_LOOP('',(#7375,#7376,#7377,#7378));
#996=EDGE_LOOP('',(#7379,#7380,#7381,#7382,#7383,#7384,#7385,#7386));
#997=EDGE_LOOP('',(#7387,#7388,#7389,#7390));
#998=EDGE_LOOP('',(#7391,#7392,#7393,#7394));
#999=EDGE_LOOP('',(#7395,#7396,#7397,#7398));
#1000=EDGE_LOOP('',(#7399,#7400,#7401,#7402,#7403,#7404,#7405,#7406,#7407,
#7408,#7409,#7410,#7411,#7412,#7413,#7414,#7415,#7416,#7417,#7418,#7419,
#7420,#7421));
#1001=EDGE_LOOP('',(#7422));
#1002=EDGE_LOOP('',(#7423,#7424,#7425,#7426));
#1003=EDGE_LOOP('',(#7427));
#1004=EDGE_LOOP('',(#7428,#7429,#7430,#7431));
#1005=EDGE_LOOP('',(#7432,#7433,#7434,#7435));
#1006=EDGE_LOOP('',(#7436,#7437,#7438,#7439));
#1007=EDGE_LOOP('',(#7440,#7441,#7442,#7443));
#1008=EDGE_LOOP('',(#7444,#7445,#7446,#7447));
#1009=EDGE_LOOP('',(#7448,#7449,#7450,#7451));
#1010=EDGE_LOOP('',(#7452,#7453,#7454,#7455));
#1011=EDGE_LOOP('',(#7456,#7457,#7458,#7459));
#1012=EDGE_LOOP('',(#7460,#7461,#7462,#7463,#7464,#7465));
#1013=EDGE_LOOP('',(#7466,#7467,#7468,#7469));
#1014=EDGE_LOOP('',(#7470,#7471,#7472,#7473,#7474,#7475));
#1015=EDGE_LOOP('',(#7476,#7477,#7478,#7479));
#1016=EDGE_LOOP('',(#7480,#7481,#7482,#7483,#7484,#7485));
#1017=EDGE_LOOP('',(#7486,#7487,#7488,#7489));
#1018=EDGE_LOOP('',(#7490,#7491,#7492,#7493,#7494,#7495));
#1019=EDGE_LOOP('',(#7496,#7497,#7498,#7499));
#1020=EDGE_LOOP('',(#7500,#7501,#7502,#7503,#7504,#7505));
#1021=EDGE_LOOP('',(#7506,#7507,#7508,#7509));
#1022=EDGE_LOOP('',(#7510,#7511,#7512,#7513,#7514,#7515));
#1023=EDGE_LOOP('',(#7516,#7517,#7518,#7519,#7520,#7521,#7522,#7523));
#1024=EDGE_LOOP('',(#7524,#7525,#7526,#7527,#7528,#7529));
#1025=EDGE_LOOP('',(#7530,#7531,#7532,#7533,#7534,#7535));
#1026=EDGE_LOOP('',(#7536,#7537,#7538,#7539,#7540,#7541));
#1027=EDGE_LOOP('',(#7542,#7543,#7544,#7545));
#1028=EDGE_LOOP('',(#7546,#7547,#7548,#7549));
#1029=EDGE_LOOP('',(#7550,#7551,#7552,#7553,#7554,#7555));
#1030=EDGE_LOOP('',(#7556,#7557,#7558,#7559));
#1031=EDGE_LOOP('',(#7560,#7561,#7562,#7563,#7564,#7565));
#1032=EDGE_LOOP('',(#7566,#7567,#7568));
#1033=EDGE_LOOP('',(#7569,#7570,#7571,#7572));
#1034=EDGE_LOOP('',(#7573,#7574,#7575,#7576));
#1035=EDGE_LOOP('',(#7577,#7578,#7579,#7580,#7581,#7582));
#1036=EDGE_LOOP('',(#7583,#7584,#7585,#7586));
#1037=EDGE_LOOP('',(#7587,#7588,#7589,#7590));
#1038=EDGE_LOOP('',(#7591,#7592,#7593,#7594));
#1039=EDGE_LOOP('',(#7595,#7596,#7597,#7598));
#1040=EDGE_LOOP('',(#7599));
#1041=EDGE_LOOP('',(#7600,#7601,#7602,#7603));
#1042=EDGE_LOOP('',(#7604,#7605,#7606,#7607));
#1043=EDGE_LOOP('',(#7608,#7609,#7610,#7611,#7612,#7613));
#1044=EDGE_LOOP('',(#7614,#7615,#7616,#7617));
#1045=EDGE_LOOP('',(#7618,#7619,#7620,#7621,#7622,#7623));
#1046=EDGE_LOOP('',(#7624,#7625,#7626,#7627));
#1047=EDGE_LOOP('',(#7628));
#1048=EDGE_LOOP('',(#7629,#7630,#7631,#7632));
#1049=EDGE_LOOP('',(#7633,#7634,#7635,#7636));
#1050=EDGE_LOOP('',(#7637,#7638,#7639,#7640,#7641));
#1051=EDGE_LOOP('',(#7642,#7643,#7644,#7645,#7646));
#1052=EDGE_LOOP('',(#7647,#7648,#7649,#7650));
#1053=EDGE_LOOP('',(#7651,#7652,#7653,#7654));
#1054=LINE('',#11106,#2174);
#1055=LINE('',#11108,#2175);
#1056=LINE('',#11110,#2176);
#1057=LINE('',#11111,#2177);
#1058=LINE('',#11115,#2178);
#1059=LINE('',#11117,#2179);
#1060=LINE('',#11119,#2180);
#1061=LINE('',#11120,#2181);
#1062=LINE('',#11124,#2182);
#1063=LINE('',#11126,#2183);
#1064=LINE('',#11128,#2184);
#1065=LINE('',#11130,#2185);
#1066=LINE('',#11132,#2186);
#1067=LINE('',#11133,#2187);
#1068=LINE('',#11137,#2188);
#1069=LINE('',#11139,#2189);
#1070=LINE('',#11141,#2190);
#1071=LINE('',#11142,#2191);
#1072=LINE('',#11146,#2192);
#1073=LINE('',#11148,#2193);
#1074=LINE('',#11150,#2194);
#1075=LINE('',#11152,#2195);
#1076=LINE('',#11154,#2196);
#1077=LINE('',#11158,#2197);
#1078=LINE('',#11160,#2198);
#1079=LINE('',#11162,#2199);
#1080=LINE('',#11164,#2200);
#1081=LINE('',#11165,#2201);
#1082=LINE('',#11167,#2202);
#1083=LINE('',#11168,#2203);
#1084=LINE('',#11170,#2204);
#1085=LINE('',#11173,#2205);
#1086=LINE('',#11175,#2206);
#1087=LINE('',#11176,#2207);
#1088=LINE('',#11180,#2208);
#1089=LINE('',#11182,#2209);
#1090=LINE('',#11184,#2210);
#1091=LINE('',#11185,#2211);
#1092=LINE('',#11189,#2212);
#1093=LINE('',#11191,#2213);
#1094=LINE('',#11195,#2214);
#1095=LINE('',#11196,#2215);
#1096=LINE('',#11199,#2216);
#1097=LINE('',#11201,#2217);
#1098=LINE('',#11202,#2218);
#1099=LINE('',#11205,#2219);
#1100=LINE('',#11207,#2220);
#1101=LINE('',#11208,#2221);
#1102=LINE('',#11211,#2222);
#1103=LINE('',#11213,#2223);
#1104=LINE('',#11215,#2224);
#1105=LINE('',#11217,#2225);
#1106=LINE('',#11219,#2226);
#1107=LINE('',#11221,#2227);
#1108=LINE('',#11223,#2228);
#1109=LINE('',#11225,#2229);
#1110=LINE('',#11227,#2230);
#1111=LINE('',#11229,#2231);
#1112=LINE('',#11231,#2232);
#1113=LINE('',#11232,#2233);
#1114=LINE('',#11236,#2234);
#1115=LINE('',#11238,#2235);
#1116=LINE('',#11240,#2236);
#1117=LINE('',#11241,#2237);
#1118=LINE('',#11245,#2238);
#1119=LINE('',#11247,#2239);
#1120=LINE('',#11249,#2240);
#1121=LINE('',#11250,#2241);
#1122=LINE('',#11255,#2242);
#1123=LINE('',#11257,#2243);
#1124=LINE('',#11258,#2244);
#1125=LINE('',#11261,#2245);
#1126=LINE('',#11263,#2246);
#1127=LINE('',#11264,#2247);
#1128=LINE('',#11267,#2248);
#1129=LINE('',#11269,#2249);
#1130=LINE('',#11271,#2250);
#1131=LINE('',#11273,#2251);
#1132=LINE('',#11275,#2252);
#1133=LINE('',#11277,#2253);
#1134=LINE('',#11279,#2254);
#1135=LINE('',#11281,#2255);
#1136=LINE('',#11283,#2256);
#1137=LINE('',#11285,#2257);
#1138=LINE('',#11287,#2258);
#1139=LINE('',#11288,#2259);
#1140=LINE('',#11291,#2260);
#1141=LINE('',#11293,#2261);
#1142=LINE('',#11294,#2262);
#1143=LINE('',#11297,#2263);
#1144=LINE('',#11299,#2264);
#1145=LINE('',#11301,#2265);
#1146=LINE('',#11302,#2266);
#1147=LINE('',#11305,#2267);
#1148=LINE('',#11307,#2268);
#1149=LINE('',#11309,#2269);
#1150=LINE('',#11311,#2270);
#1151=LINE('',#11313,#2271);
#1152=LINE('',#11315,#2272);
#1153=LINE('',#11317,#2273);
#1154=LINE('',#11318,#2274);
#1155=LINE('',#11321,#2275);
#1156=LINE('',#11324,#2276);
#1157=LINE('',#11326,#2277);
#1158=LINE('',#11329,#2278);
#1159=LINE('',#11331,#2279);
#1160=LINE('',#11333,#2280);
#1161=LINE('',#11334,#2281);
#1162=LINE('',#11336,#2282);
#1163=LINE('',#11337,#2283);
#1164=LINE('',#11339,#2284);
#1165=LINE('',#11341,#2285);
#1166=LINE('',#11342,#2286);
#1167=LINE('',#11347,#2287);
#1168=LINE('',#11349,#2288);
#1169=LINE('',#11351,#2289);
#1170=LINE('',#11352,#2290);
#1171=LINE('',#11356,#2291);
#1172=LINE('',#11358,#2292);
#1173=LINE('',#11360,#2293);
#1174=LINE('',#11362,#2294);
#1175=LINE('',#11363,#2295);
#1176=LINE('',#11367,#2296);
#1177=LINE('',#11368,#2297);
#1178=LINE('',#11370,#2298);
#1179=LINE('',#11371,#2299);
#1180=LINE('',#11373,#2300);
#1181=LINE('',#11377,#2301);
#1182=LINE('',#11378,#2302);
#1183=LINE('',#11380,#2303);
#1184=LINE('',#11382,#2304);
#1185=LINE('',#11383,#2305);
#1186=LINE('',#11384,#2306);
#1187=LINE('',#11385,#2307);
#1188=LINE('',#11388,#2308);
#1189=LINE('',#11390,#2309);
#1190=LINE('',#11392,#2310);
#1191=LINE('',#11393,#2311);
#1192=LINE('',#11395,#2312);
#1193=LINE('',#11398,#2313);
#1194=LINE('',#11400,#2314);
#1195=LINE('',#11402,#2315);
#1196=LINE('',#11404,#2316);
#1197=LINE('',#11405,#2317);
#1198=LINE('',#11408,#2318);
#1199=LINE('',#11410,#2319);
#1200=LINE('',#11412,#2320);
#1201=LINE('',#11414,#2321);
#1202=LINE('',#11416,#2322);
#1203=LINE('',#11417,#2323);
#1204=LINE('',#11420,#2324);
#1205=LINE('',#11422,#2325);
#1206=LINE('',#11424,#2326);
#1207=LINE('',#11425,#2327);
#1208=LINE('',#11428,#2328);
#1209=LINE('',#11430,#2329);
#1210=LINE('',#11431,#2330);
#1211=LINE('',#11434,#2331);
#1212=LINE('',#11436,#2332);
#1213=LINE('',#11437,#2333);
#1214=LINE('',#11439,#2334);
#1215=LINE('',#11440,#2335);
#1216=LINE('',#11443,#2336);
#1217=LINE('',#11444,#2337);
#1218=LINE('',#11447,#2338);
#1219=LINE('',#11449,#2339);
#1220=LINE('',#11455,#2340);
#1221=LINE('',#11456,#2341);
#1222=LINE('',#11459,#2342);
#1223=LINE('',#11460,#2343);
#1224=LINE('',#11462,#2344);
#1225=LINE('',#11465,#2345);
#1226=LINE('',#11467,#2346);
#1227=LINE('',#11469,#2347);
#1228=LINE('',#11471,#2348);
#1229=LINE('',#11473,#2349);
#1230=LINE('',#11474,#2350);
#1231=LINE('',#11476,#2351);
#1232=LINE('',#11477,#2352);
#1233=LINE('',#11480,#2353);
#1234=LINE('',#11482,#2354);
#1235=LINE('',#11483,#2355);
#1236=LINE('',#11485,#2356);
#1237=LINE('',#11487,#2357);
#1238=LINE('',#11489,#2358);
#1239=LINE('',#11491,#2359);
#1240=LINE('',#11492,#2360);
#1241=LINE('',#11496,#2361);
#1242=LINE('',#11498,#2362);
#1243=LINE('',#11500,#2363);
#1244=LINE('',#11502,#2364);
#1245=LINE('',#11503,#2365);
#1246=LINE('',#11508,#2366);
#1247=LINE('',#11510,#2367);
#1248=LINE('',#11512,#2368);
#1249=LINE('',#11514,#2369);
#1250=LINE('',#11516,#2370);
#1251=LINE('',#11517,#2371);
#1252=LINE('',#11521,#2372);
#1253=LINE('',#11522,#2373);
#1254=LINE('',#11523,#2374);
#1255=LINE('',#11527,#2375);
#1256=LINE('',#11529,#2376);
#1257=LINE('',#11530,#2377);
#1258=LINE('',#11532,#2378);
#1259=LINE('',#11534,#2379);
#1260=LINE('',#11537,#2380);
#1261=LINE('',#11538,#2381);
#1262=LINE('',#11541,#2382);
#1263=LINE('',#11542,#2383);
#1264=LINE('',#11544,#2384);
#1265=LINE('',#11548,#2385);
#1266=LINE('',#11550,#2386);
#1267=LINE('',#11552,#2387);
#1268=LINE('',#11554,#2388);
#1269=LINE('',#11556,#2389);
#1270=LINE('',#11560,#2390);
#1271=LINE('',#11562,#2391);
#1272=LINE('',#11564,#2392);
#1273=LINE('',#11565,#2393);
#1274=LINE('',#11567,#2394);
#1275=LINE('',#11568,#2395);
#1276=LINE('',#11571,#2396);
#1277=LINE('',#11573,#2397);
#1278=LINE('',#11575,#2398);
#1279=LINE('',#11576,#2399);
#1280=LINE('',#11580,#2400);
#1281=LINE('',#11583,#2401);
#1282=LINE('',#11585,#2402);
#1283=LINE('',#11587,#2403);
#1284=LINE('',#11588,#2404);
#1285=LINE('',#11590,#2405);
#1286=LINE('',#11592,#2406);
#1287=LINE('',#11594,#2407);
#1288=LINE('',#11596,#2408);
#1289=LINE('',#11598,#2409);
#1290=LINE('',#11600,#2410);
#1291=LINE('',#11602,#2411);
#1292=LINE('',#11603,#2412);
#1293=LINE('',#11605,#2413);
#1294=LINE('',#11606,#2414);
#1295=LINE('',#11611,#2415);
#1296=LINE('',#11613,#2416);
#1297=LINE('',#11615,#2417);
#1298=LINE('',#11617,#2418);
#1299=LINE('',#11618,#2419);
#1300=LINE('',#11622,#2420);
#1301=LINE('',#11623,#2421);
#1302=LINE('',#11625,#2422);
#1303=LINE('',#11626,#2423);
#1304=LINE('',#11628,#2424);
#1305=LINE('',#11632,#2425);
#1306=LINE('',#11633,#2426);
#1307=LINE('',#11635,#2427);
#1308=LINE('',#11637,#2428);
#1309=LINE('',#11638,#2429);
#1310=LINE('',#11639,#2430);
#1311=LINE('',#11640,#2431);
#1312=LINE('',#11643,#2432);
#1313=LINE('',#11645,#2433);
#1314=LINE('',#11647,#2434);
#1315=LINE('',#11648,#2435);
#1316=LINE('',#11650,#2436);
#1317=LINE('',#11653,#2437);
#1318=LINE('',#11655,#2438);
#1319=LINE('',#11657,#2439);
#1320=LINE('',#11659,#2440);
#1321=LINE('',#11660,#2441);
#1322=LINE('',#11663,#2442);
#1323=LINE('',#11665,#2443);
#1324=LINE('',#11667,#2444);
#1325=LINE('',#11669,#2445);
#1326=LINE('',#11671,#2446);
#1327=LINE('',#11672,#2447);
#1328=LINE('',#11675,#2448);
#1329=LINE('',#11677,#2449);
#1330=LINE('',#11679,#2450);
#1331=LINE('',#11680,#2451);
#1332=LINE('',#11683,#2452);
#1333=LINE('',#11685,#2453);
#1334=LINE('',#11686,#2454);
#1335=LINE('',#11689,#2455);
#1336=LINE('',#11691,#2456);
#1337=LINE('',#11692,#2457);
#1338=LINE('',#11694,#2458);
#1339=LINE('',#11695,#2459);
#1340=LINE('',#11698,#2460);
#1341=LINE('',#11699,#2461);
#1342=LINE('',#11702,#2462);
#1343=LINE('',#11704,#2463);
#1344=LINE('',#11710,#2464);
#1345=LINE('',#11711,#2465);
#1346=LINE('',#11714,#2466);
#1347=LINE('',#11715,#2467);
#1348=LINE('',#11717,#2468);
#1349=LINE('',#11720,#2469);
#1350=LINE('',#11722,#2470);
#1351=LINE('',#11724,#2471);
#1352=LINE('',#11726,#2472);
#1353=LINE('',#11728,#2473);
#1354=LINE('',#11729,#2474);
#1355=LINE('',#11731,#2475);
#1356=LINE('',#11732,#2476);
#1357=LINE('',#11735,#2477);
#1358=LINE('',#11737,#2478);
#1359=LINE('',#11738,#2479);
#1360=LINE('',#11740,#2480);
#1361=LINE('',#11742,#2481);
#1362=LINE('',#11744,#2482);
#1363=LINE('',#11746,#2483);
#1364=LINE('',#11747,#2484);
#1365=LINE('',#11751,#2485);
#1366=LINE('',#11753,#2486);
#1367=LINE('',#11755,#2487);
#1368=LINE('',#11757,#2488);
#1369=LINE('',#11758,#2489);
#1370=LINE('',#11763,#2490);
#1371=LINE('',#11765,#2491);
#1372=LINE('',#11767,#2492);
#1373=LINE('',#11769,#2493);
#1374=LINE('',#11771,#2494);
#1375=LINE('',#11772,#2495);
#1376=LINE('',#11776,#2496);
#1377=LINE('',#11777,#2497);
#1378=LINE('',#11778,#2498);
#1379=LINE('',#11782,#2499);
#1380=LINE('',#11784,#2500);
#1381=LINE('',#11785,#2501);
#1382=LINE('',#11787,#2502);
#1383=LINE('',#11789,#2503);
#1384=LINE('',#11792,#2504);
#1385=LINE('',#11793,#2505);
#1386=LINE('',#11796,#2506);
#1387=LINE('',#11797,#2507);
#1388=LINE('',#11799,#2508);
#1389=LINE('',#11803,#2509);
#1390=LINE('',#11805,#2510);
#1391=LINE('',#11807,#2511);
#1392=LINE('',#11809,#2512);
#1393=LINE('',#11811,#2513);
#1394=LINE('',#11815,#2514);
#1395=LINE('',#11817,#2515);
#1396=LINE('',#11819,#2516);
#1397=LINE('',#11821,#2517);
#1398=LINE('',#11823,#2518);
#1399=LINE('',#11825,#2519);
#1400=LINE('',#11826,#2520);
#1401=LINE('',#11829,#2521);
#1402=LINE('',#11831,#2522);
#1403=LINE('',#11833,#2523);
#1404=LINE('',#11834,#2524);
#1405=LINE('',#11838,#2525);
#1406=LINE('',#11841,#2526);
#1407=LINE('',#11843,#2527);
#1408=LINE('',#11844,#2528);
#1409=LINE('',#11846,#2529);
#1410=LINE('',#11848,#2530);
#1411=LINE('',#11850,#2531);
#1412=LINE('',#11852,#2532);
#1413=LINE('',#11854,#2533);
#1414=LINE('',#11856,#2534);
#1415=LINE('',#11858,#2535);
#1416=LINE('',#11859,#2536);
#1417=LINE('',#11861,#2537);
#1418=LINE('',#11862,#2538);
#1419=LINE('',#11867,#2539);
#1420=LINE('',#11869,#2540);
#1421=LINE('',#11871,#2541);
#1422=LINE('',#11873,#2542);
#1423=LINE('',#11874,#2543);
#1424=LINE('',#11878,#2544);
#1425=LINE('',#11880,#2545);
#1426=LINE('',#11882,#2546);
#1427=LINE('',#11884,#2547);
#1428=LINE('',#11885,#2548);
#1429=LINE('',#11887,#2549);
#1430=LINE('',#11891,#2550);
#1431=LINE('',#11892,#2551);
#1432=LINE('',#11893,#2552);
#1433=LINE('',#11894,#2553);
#1434=LINE('',#11895,#2554);
#1435=LINE('',#11898,#2555);
#1436=LINE('',#11900,#2556);
#1437=LINE('',#11902,#2557);
#1438=LINE('',#11903,#2558);
#1439=LINE('',#11905,#2559);
#1440=LINE('',#11908,#2560);
#1441=LINE('',#11910,#2561);
#1442=LINE('',#11912,#2562);
#1443=LINE('',#11914,#2563);
#1444=LINE('',#11915,#2564);
#1445=LINE('',#11918,#2565);
#1446=LINE('',#11920,#2566);
#1447=LINE('',#11922,#2567);
#1448=LINE('',#11924,#2568);
#1449=LINE('',#11926,#2569);
#1450=LINE('',#11927,#2570);
#1451=LINE('',#11930,#2571);
#1452=LINE('',#11932,#2572);
#1453=LINE('',#11934,#2573);
#1454=LINE('',#11935,#2574);
#1455=LINE('',#11938,#2575);
#1456=LINE('',#11940,#2576);
#1457=LINE('',#11941,#2577);
#1458=LINE('',#11944,#2578);
#1459=LINE('',#11946,#2579);
#1460=LINE('',#11947,#2580);
#1461=LINE('',#11949,#2581);
#1462=LINE('',#11950,#2582);
#1463=LINE('',#11953,#2583);
#1464=LINE('',#11954,#2584);
#1465=LINE('',#11957,#2585);
#1466=LINE('',#11959,#2586);
#1467=LINE('',#11960,#2587);
#1468=LINE('',#11963,#2588);
#1469=LINE('',#11965,#2589);
#1470=LINE('',#11966,#2590);
#1471=LINE('',#11972,#2591);
#1472=LINE('',#11973,#2592);
#1473=LINE('',#11976,#2593);
#1474=LINE('',#11977,#2594);
#1475=LINE('',#11979,#2595);
#1476=LINE('',#11981,#2596);
#1477=LINE('',#11983,#2597);
#1478=LINE('',#11984,#2598);
#1479=LINE('',#11988,#2599);
#1480=LINE('',#11990,#2600);
#1481=LINE('',#11992,#2601);
#1482=LINE('',#11994,#2602);
#1483=LINE('',#11995,#2603);
#1484=LINE('',#11996,#2604);
#1485=LINE('',#11999,#2605);
#1486=LINE('',#12000,#2606);
#1487=LINE('',#12002,#2607);
#1488=LINE('',#12004,#2608);
#1489=LINE('',#12006,#2609);
#1490=LINE('',#12007,#2610);
#1491=LINE('',#12011,#2611);
#1492=LINE('',#12013,#2612);
#1493=LINE('',#12016,#2613);
#1494=LINE('',#12017,#2614);
#1495=LINE('',#12022,#2615);
#1496=LINE('',#12024,#2616);
#1497=LINE('',#12027,#2617);
#1498=LINE('',#12029,#2618);
#1499=LINE('',#12031,#2619);
#1500=LINE('',#12032,#2620);
#1501=LINE('',#12035,#2621);
#1502=LINE('',#12037,#2622);
#1503=LINE('',#12039,#2623);
#1504=LINE('',#12041,#2624);
#1505=LINE('',#12043,#2625);
#1506=LINE('',#12044,#2626);
#1507=LINE('',#12048,#2627);
#1508=LINE('',#12049,#2628);
#1509=LINE('',#12050,#2629);
#1510=LINE('',#12054,#2630);
#1511=LINE('',#12056,#2631);
#1512=LINE('',#12057,#2632);
#1513=LINE('',#12059,#2633);
#1514=LINE('',#12061,#2634);
#1515=LINE('',#12064,#2635);
#1516=LINE('',#12065,#2636);
#1517=LINE('',#12068,#2637);
#1518=LINE('',#12069,#2638);
#1519=LINE('',#12071,#2639);
#1520=LINE('',#12076,#2640);
#1521=LINE('',#12078,#2641);
#1522=LINE('',#12080,#2642);
#1523=LINE('',#12081,#2643);
#1524=LINE('',#12084,#2644);
#1525=LINE('',#12086,#2645);
#1526=LINE('',#12088,#2646);
#1527=LINE('',#12090,#2647);
#1528=LINE('',#12092,#2648);
#1529=LINE('',#12094,#2649);
#1530=LINE('',#12096,#2650);
#1531=LINE('',#12098,#2651);
#1532=LINE('',#12100,#2652);
#1533=LINE('',#12102,#2653);
#1534=LINE('',#12104,#2654);
#1535=LINE('',#12106,#2655);
#1536=LINE('',#12108,#2656);
#1537=LINE('',#12110,#2657);
#1538=LINE('',#12112,#2658);
#1539=LINE('',#12114,#2659);
#1540=LINE('',#12116,#2660);
#1541=LINE('',#12118,#2661);
#1542=LINE('',#12120,#2662);
#1543=LINE('',#12122,#2663);
#1544=LINE('',#12124,#2664);
#1545=LINE('',#12125,#2665);
#1546=LINE('',#12128,#2666);
#1547=LINE('',#12129,#2667);
#1548=LINE('',#12131,#2668);
#1549=LINE('',#12133,#2669);
#1550=LINE('',#12134,#2670);
#1551=LINE('',#12146,#2671);
#1552=LINE('',#12148,#2672);
#1553=LINE('',#12150,#2673);
#1554=LINE('',#12152,#2674);
#1555=LINE('',#12154,#2675);
#1556=LINE('',#12155,#2676);
#1557=LINE('',#12158,#2677);
#1558=LINE('',#12160,#2678);
#1559=LINE('',#12161,#2679);
#1560=LINE('',#12164,#2680);
#1561=LINE('',#12166,#2681);
#1562=LINE('',#12168,#2682);
#1563=LINE('',#12170,#2683);
#1564=LINE('',#12171,#2684);
#1565=LINE('',#12175,#2685);
#1566=LINE('',#12177,#2686);
#1567=LINE('',#12179,#2687);
#1568=LINE('',#12181,#2688);
#1569=LINE('',#12183,#2689);
#1570=LINE('',#12184,#2690);
#1571=LINE('',#12188,#2691);
#1572=LINE('',#12190,#2692);
#1573=LINE('',#12192,#2693);
#1574=LINE('',#12194,#2694);
#1575=LINE('',#12196,#2695);
#1576=LINE('',#12197,#2696);
#1577=LINE('',#12200,#2697);
#1578=LINE('',#12201,#2698);
#1579=LINE('',#12205,#2699);
#1580=LINE('',#12207,#2700);
#1581=LINE('',#12209,#2701);
#1582=LINE('',#12210,#2702);
#1583=LINE('',#12212,#2703);
#1584=LINE('',#12216,#2704);
#1585=LINE('',#12217,#2705);
#1586=LINE('',#12218,#2706);
#1587=LINE('',#12221,#2707);
#1588=LINE('',#12223,#2708);
#1589=LINE('',#12224,#2709);
#1590=LINE('',#12227,#2710);
#1591=LINE('',#12229,#2711);
#1592=LINE('',#12231,#2712);
#1593=LINE('',#12233,#2713);
#1594=LINE('',#12234,#2714);
#1595=LINE('',#12237,#2715);
#1596=LINE('',#12238,#2716);
#1597=LINE('',#12241,#2717);
#1598=LINE('',#12243,#2718);
#1599=LINE('',#12245,#2719);
#1600=LINE('',#12246,#2720);
#1601=LINE('',#12250,#2721);
#1602=LINE('',#12252,#2722);
#1603=LINE('',#12253,#2723);
#1604=LINE('',#12255,#2724);
#1605=LINE('',#12257,#2725);
#1606=LINE('',#12259,#2726);
#1607=LINE('',#12260,#2727);
#1608=LINE('',#12263,#2728);
#1609=LINE('',#12265,#2729);
#1610=LINE('',#12267,#2730);
#1611=LINE('',#12269,#2731);
#1612=LINE('',#12271,#2732);
#1613=LINE('',#12273,#2733);
#1614=LINE('',#12275,#2734);
#1615=LINE('',#12277,#2735);
#1616=LINE('',#12279,#2736);
#1617=LINE('',#12280,#2737);
#1618=LINE('',#12283,#2738);
#1619=LINE('',#12284,#2739);
#1620=LINE('',#12287,#2740);
#1621=LINE('',#12288,#2741);
#1622=LINE('',#12290,#2742);
#1623=LINE('',#12291,#2743);
#1624=LINE('',#12293,#2744);
#1625=LINE('',#12294,#2745);
#1626=LINE('',#12296,#2746);
#1627=LINE('',#12297,#2747);
#1628=LINE('',#12301,#2748);
#1629=LINE('',#12303,#2749);
#1630=LINE('',#12305,#2750);
#1631=LINE('',#12306,#2751);
#1632=LINE('',#12309,#2752);
#1633=LINE('',#12311,#2753);
#1634=LINE('',#12312,#2754);
#1635=LINE('',#12315,#2755);
#1636=LINE('',#12316,#2756);
#1637=LINE('',#12318,#2757);
#1638=LINE('',#12323,#2758);
#1639=LINE('',#12324,#2759);
#1640=LINE('',#12325,#2760);
#1641=LINE('',#12328,#2761);
#1642=LINE('',#12329,#2762);
#1643=LINE('',#12333,#2763);
#1644=LINE('',#12334,#2764);
#1645=LINE('',#12335,#2765);
#1646=LINE('',#12338,#2766);
#1647=LINE('',#12340,#2767);
#1648=LINE('',#12341,#2768);
#1649=LINE('',#12344,#2769);
#1650=LINE('',#12345,#2770);
#1651=LINE('',#12348,#2771);
#1652=LINE('',#12349,#2772);
#1653=LINE('',#12352,#2773);
#1654=LINE('',#12353,#2774);
#1655=LINE('',#12356,#2775);
#1656=LINE('',#12357,#2776);
#1657=LINE('',#12360,#2777);
#1658=LINE('',#12361,#2778);
#1659=LINE('',#12364,#2779);
#1660=LINE('',#12366,#2780);
#1661=LINE('',#12367,#2781);
#1662=LINE('',#12370,#2782);
#1663=LINE('',#12371,#2783);
#1664=LINE('',#12373,#2784);
#1665=LINE('',#12376,#2785);
#1666=LINE('',#12377,#2786);
#1667=LINE('',#12379,#2787);
#1668=LINE('',#12382,#2788);
#1669=LINE('',#12384,#2789);
#1670=LINE('',#12385,#2790);
#1671=LINE('',#12387,#2791);
#1672=LINE('',#12389,#2792);
#1673=LINE('',#12393,#2793);
#1674=LINE('',#12397,#2794);
#1675=LINE('',#12401,#2795);
#1676=LINE('',#12406,#2796);
#1677=LINE('',#12412,#2797);
#1678=LINE('',#12417,#2798);
#1679=LINE('',#12428,#2799);
#1680=LINE('',#12429,#2800);
#1681=LINE('',#12431,#2801);
#1682=LINE('',#12433,#2802);
#1683=LINE('',#12436,#2803);
#1684=LINE('',#12437,#2804);
#1685=LINE('',#12439,#2805);
#1686=LINE('',#12440,#2806);
#1687=LINE('',#12442,#2807);
#1688=LINE('',#12444,#2808);
#1689=LINE('',#12445,#2809);
#1690=LINE('',#12448,#2810);
#1691=LINE('',#12449,#2811);
#1692=LINE('',#12451,#2812);
#1693=LINE('',#12453,#2813);
#1694=LINE('',#12455,#2814);
#1695=LINE('',#12456,#2815);
#1696=LINE('',#12458,#2816);
#1697=LINE('',#12460,#2817);
#1698=LINE('',#12462,#2818);
#1699=LINE('',#12464,#2819);
#1700=LINE('',#12466,#2820);
#1701=LINE('',#12470,#2821);
#1702=LINE('',#12476,#2822);
#1703=LINE('',#12480,#2823);
#1704=LINE('',#12482,#2824);
#1705=LINE('',#12484,#2825);
#1706=LINE('',#12486,#2826);
#1707=LINE('',#12488,#2827);
#1708=LINE('',#12490,#2828);
#1709=LINE('',#12492,#2829);
#1710=LINE('',#12494,#2830);
#1711=LINE('',#12496,#2831);
#1712=LINE('',#12498,#2832);
#1713=LINE('',#12500,#2833);
#1714=LINE('',#12502,#2834);
#1715=LINE('',#12504,#2835);
#1716=LINE('',#12506,#2836);
#1717=LINE('',#12508,#2837);
#1718=LINE('',#12510,#2838);
#1719=LINE('',#12512,#2839);
#1720=LINE('',#12514,#2840);
#1721=LINE('',#12516,#2841);
#1722=LINE('',#12518,#2842);
#1723=LINE('',#12520,#2843);
#1724=LINE('',#12522,#2844);
#1725=LINE('',#12524,#2845);
#1726=LINE('',#12526,#2846);
#1727=LINE('',#12528,#2847);
#1728=LINE('',#12530,#2848);
#1729=LINE('',#12532,#2849);
#1730=LINE('',#12533,#2850);
#1731=LINE('',#12536,#2851);
#1732=LINE('',#12538,#2852);
#1733=LINE('',#12539,#2853);
#1734=LINE('',#12542,#2854);
#1735=LINE('',#12544,#2855);
#1736=LINE('',#12545,#2856);
#1737=LINE('',#12547,#2857);
#1738=LINE('',#12548,#2858);
#1739=LINE('',#12551,#2859);
#1740=LINE('',#12552,#2860);
#1741=LINE('',#12555,#2861);
#1742=LINE('',#12556,#2862);
#1743=LINE('',#12559,#2863);
#1744=LINE('',#12560,#2864);
#1745=LINE('',#12563,#2865);
#1746=LINE('',#12564,#2866);
#1747=LINE('',#12567,#2867);
#1748=LINE('',#12568,#2868);
#1749=LINE('',#12571,#2869);
#1750=LINE('',#12572,#2870);
#1751=LINE('',#12575,#2871);
#1752=LINE('',#12576,#2872);
#1753=LINE('',#12579,#2873);
#1754=LINE('',#12580,#2874);
#1755=LINE('',#12583,#2875);
#1756=LINE('',#12584,#2876);
#1757=LINE('',#12586,#2877);
#1758=LINE('',#12589,#2878);
#1759=LINE('',#12591,#2879);
#1760=LINE('',#12592,#2880);
#1761=LINE('',#12595,#2881);
#1762=LINE('',#12596,#2882);
#1763=LINE('',#12599,#2883);
#1764=LINE('',#12601,#2884);
#1765=LINE('',#12602,#2885);
#1766=LINE('',#12605,#2886);
#1767=LINE('',#12607,#2887);
#1768=LINE('',#12608,#2888);
#1769=LINE('',#12611,#2889);
#1770=LINE('',#12613,#2890);
#1771=LINE('',#12615,#2891);
#1772=LINE('',#12617,#2892);
#1773=LINE('',#12619,#2893);
#1774=LINE('',#12621,#2894);
#1775=LINE('',#12622,#2895);
#1776=LINE('',#12625,#2896);
#1777=LINE('',#12627,#2897);
#1778=LINE('',#12628,#2898);
#1779=LINE('',#12631,#2899);
#1780=LINE('',#12633,#2900);
#1781=LINE('',#12635,#2901);
#1782=LINE('',#12637,#2902);
#1783=LINE('',#12638,#2903);
#1784=LINE('',#12641,#2904);
#1785=LINE('',#12643,#2905);
#1786=LINE('',#12644,#2906);
#1787=LINE('',#12647,#2907);
#1788=LINE('',#12649,#2908);
#1789=LINE('',#12650,#2909);
#1790=LINE('',#12653,#2910);
#1791=LINE('',#12655,#2911);
#1792=LINE('',#12656,#2912);
#1793=LINE('',#12659,#2913);
#1794=LINE('',#12660,#2914);
#1795=LINE('',#12663,#2915);
#1796=LINE('',#12664,#2916);
#1797=LINE('',#12666,#2917);
#1798=LINE('',#12669,#2918);
#1799=LINE('',#12670,#2919);
#1800=LINE('',#12674,#2920);
#1801=LINE('',#12676,#2921);
#1802=LINE('',#12678,#2922);
#1803=LINE('',#12679,#2923);
#1804=LINE('',#12682,#2924);
#1805=LINE('',#12684,#2925);
#1806=LINE('',#12685,#2926);
#1807=LINE('',#12686,#2927);
#1808=LINE('',#12689,#2928);
#1809=LINE('',#12690,#2929);
#1810=LINE('',#12693,#2930);
#1811=LINE('',#12694,#2931);
#1812=LINE('',#12698,#2932);
#1813=LINE('',#12700,#2933);
#1814=LINE('',#12702,#2934);
#1815=LINE('',#12703,#2935);
#1816=LINE('',#12706,#2936);
#1817=LINE('',#12708,#2937);
#1818=LINE('',#12709,#2938);
#1819=LINE('',#12713,#2939);
#1820=LINE('',#12715,#2940);
#1821=LINE('',#12717,#2941);
#1822=LINE('',#12718,#2942);
#1823=LINE('',#12722,#2943);
#1824=LINE('',#12724,#2944);
#1825=LINE('',#12726,#2945);
#1826=LINE('',#12727,#2946);
#1827=LINE('',#12731,#2947);
#1828=LINE('',#12732,#2948);
#1829=LINE('',#12733,#2949);
#1830=LINE('',#12736,#2950);
#1831=LINE('',#12738,#2951);
#1832=LINE('',#12739,#2952);
#1833=LINE('',#12741,#2953);
#1834=LINE('',#12742,#2954);
#1835=LINE('',#12744,#2955);
#1836=LINE('',#12746,#2956);
#1837=LINE('',#12747,#2957);
#1838=LINE('',#12750,#2958);
#1839=LINE('',#12752,#2959);
#1840=LINE('',#12754,#2960);
#1841=LINE('',#12755,#2961);
#1842=LINE('',#12758,#2962);
#1843=LINE('',#12760,#2963);
#1844=LINE('',#12762,#2964);
#1845=LINE('',#12763,#2965);
#1846=LINE('',#12766,#2966);
#1847=LINE('',#12767,#2967);
#1848=LINE('',#12770,#2968);
#1849=LINE('',#12771,#2969);
#1850=LINE('',#12774,#2970);
#1851=LINE('',#12775,#2971);
#1852=LINE('',#12778,#2972);
#1853=LINE('',#12780,#2973);
#1854=LINE('',#12781,#2974);
#1855=LINE('',#12784,#2975);
#1856=LINE('',#12785,#2976);
#1857=LINE('',#12787,#2977);
#1858=LINE('',#12788,#2978);
#1859=LINE('',#12791,#2979);
#1860=LINE('',#12792,#2980);
#1861=LINE('',#12794,#2981);
#1862=LINE('',#12796,#2982);
#1863=LINE('',#12797,#2983);
#1864=LINE('',#12799,#2984);
#1865=LINE('',#12801,#2985);
#1866=LINE('',#12803,#2986);
#1867=LINE('',#12805,#2987);
#1868=LINE('',#12806,#2988);
#1869=LINE('',#12809,#2989);
#1870=LINE('',#12811,#2990);
#1871=LINE('',#12812,#2991);
#1872=LINE('',#12820,#2992);
#1873=LINE('',#12829,#2993);
#1874=LINE('',#12832,#2994);
#1875=LINE('',#12835,#2995);
#1876=LINE('',#12837,#2996);
#1877=LINE('',#12839,#2997);
#1878=LINE('',#12841,#2998);
#1879=LINE('',#12843,#2999);
#1880=LINE('',#12845,#3000);
#1881=LINE('',#12847,#3001);
#1882=LINE('',#12849,#3002);
#1883=LINE('',#12850,#3003);
#1884=LINE('',#12853,#3004);
#1885=LINE('',#12855,#3005);
#1886=LINE('',#12857,#3006);
#1887=LINE('',#12858,#3007);
#1888=LINE('',#12865,#3008);
#1889=LINE('',#12866,#3009);
#1890=LINE('',#12870,#3010);
#1891=LINE('',#12872,#3011);
#1892=LINE('',#12874,#3012);
#1893=LINE('',#12875,#3013);
#1894=LINE('',#12879,#3014);
#1895=LINE('',#12881,#3015);
#1896=LINE('',#12883,#3016);
#1897=LINE('',#12884,#3017);
#1898=LINE('',#12887,#3018);
#1899=LINE('',#12889,#3019);
#1900=LINE('',#12890,#3020);
#1901=LINE('',#12892,#3021);
#1902=LINE('',#12894,#3022);
#1903=LINE('',#12896,#3023);
#1904=LINE('',#12898,#3024);
#1905=LINE('',#12899,#3025);
#1906=LINE('',#12903,#3026);
#1907=LINE('',#12904,#3027);
#1908=LINE('',#12906,#3028);
#1909=LINE('',#12908,#3029);
#1910=LINE('',#12910,#3030);
#1911=LINE('',#12912,#3031);
#1912=LINE('',#12913,#3032);
#1913=LINE('',#12918,#3033);
#1914=LINE('',#12923,#3034);
#1915=LINE('',#12925,#3035);
#1916=LINE('',#12926,#3036);
#1917=LINE('',#12928,#3037);
#1918=LINE('',#12930,#3038);
#1919=LINE('',#12932,#3039);
#1920=LINE('',#12934,#3040);
#1921=LINE('',#12936,#3041);
#1922=LINE('',#12938,#3042);
#1923=LINE('',#12940,#3043);
#1924=LINE('',#12942,#3044);
#1925=LINE('',#12944,#3045);
#1926=LINE('',#12946,#3046);
#1927=LINE('',#12948,#3047);
#1928=LINE('',#12949,#3048);
#1929=LINE('',#12953,#3049);
#1930=LINE('',#12955,#3050);
#1931=LINE('',#12957,#3051);
#1932=LINE('',#12958,#3052);
#1933=LINE('',#12960,#3053);
#1934=LINE('',#12961,#3054);
#1935=LINE('',#12964,#3055);
#1936=LINE('',#12966,#3056);
#1937=LINE('',#12967,#3057);
#1938=LINE('',#12970,#3058);
#1939=LINE('',#12972,#3059);
#1940=LINE('',#12974,#3060);
#1941=LINE('',#12976,#3061);
#1942=LINE('',#12977,#3062);
#1943=LINE('',#12980,#3063);
#1944=LINE('',#12982,#3064);
#1945=LINE('',#12983,#3065);
#1946=LINE('',#12986,#3066);
#1947=LINE('',#12988,#3067);
#1948=LINE('',#12989,#3068);
#1949=LINE('',#12992,#3069);
#1950=LINE('',#12993,#3070);
#1951=LINE('',#12996,#3071);
#1952=LINE('',#12998,#3072);
#1953=LINE('',#12999,#3073);
#1954=LINE('',#13002,#3074);
#1955=LINE('',#13004,#3075);
#1956=LINE('',#13005,#3076);
#1957=LINE('',#13007,#3077);
#1958=LINE('',#13009,#3078);
#1959=LINE('',#13011,#3079);
#1960=LINE('',#13012,#3080);
#1961=LINE('',#13015,#3081);
#1962=LINE('',#13017,#3082);
#1963=LINE('',#13018,#3083);
#1964=LINE('',#13021,#3084);
#1965=LINE('',#13023,#3085);
#1966=LINE('',#13024,#3086);
#1967=LINE('',#13027,#3087);
#1968=LINE('',#13028,#3088);
#1969=LINE('',#13031,#3089);
#1970=LINE('',#13033,#3090);
#1971=LINE('',#13034,#3091);
#1972=LINE('',#13037,#3092);
#1973=LINE('',#13038,#3093);
#1974=LINE('',#13040,#3094);
#1975=LINE('',#13056,#3095);
#1976=LINE('',#13059,#3096);
#1977=LINE('',#13062,#3097);
#1978=LINE('',#13064,#3098);
#1979=LINE('',#13065,#3099);
#1980=LINE('',#13068,#3100);
#1981=LINE('',#13070,#3101);
#1982=LINE('',#13071,#3102);
#1983=LINE('',#13079,#3103);
#1984=LINE('',#13082,#3104);
#1985=LINE('',#13084,#3105);
#1986=LINE('',#13085,#3106);
#1987=LINE('',#13088,#3107);
#1988=LINE('',#13090,#3108);
#1989=LINE('',#13091,#3109);
#1990=LINE('',#13098,#3110);
#1991=LINE('',#13105,#3111);
#1992=LINE('',#13107,#3112);
#1993=LINE('',#13115,#3113);
#1994=LINE('',#13118,#3114);
#1995=LINE('',#13119,#3115);
#1996=LINE('',#13122,#3116);
#1997=LINE('',#13123,#3117);
#1998=LINE('',#13129,#3118);
#1999=LINE('',#13132,#3119);
#2000=LINE('',#13134,#3120);
#2001=LINE('',#13135,#3121);
#2002=LINE('',#13137,#3122);
#2003=LINE('',#13138,#3123);
#2004=LINE('',#13144,#3124);
#2005=LINE('',#13147,#3125);
#2006=LINE('',#13149,#3126);
#2007=LINE('',#13150,#3127);
#2008=LINE('',#13152,#3128);
#2009=LINE('',#13153,#3129);
#2010=LINE('',#13158,#3130);
#2011=LINE('',#13162,#3131);
#2012=LINE('',#13164,#3132);
#2013=LINE('',#13167,#3133);
#2014=LINE('',#13168,#3134);
#2015=LINE('',#13171,#3135);
#2016=LINE('',#13173,#3136);
#2017=LINE('',#13175,#3137);
#2018=LINE('',#13177,#3138);
#2019=LINE('',#13179,#3139);
#2020=LINE('',#13181,#3140);
#2021=LINE('',#13183,#3141);
#2022=LINE('',#13185,#3142);
#2023=LINE('',#13187,#3143);
#2024=LINE('',#13189,#3144);
#2025=LINE('',#13191,#3145);
#2026=LINE('',#13193,#3146);
#2027=LINE('',#13195,#3147);
#2028=LINE('',#13197,#3148);
#2029=LINE('',#13199,#3149);
#2030=LINE('',#13201,#3150);
#2031=LINE('',#13203,#3151);
#2032=LINE('',#13205,#3152);
#2033=LINE('',#13207,#3153);
#2034=LINE('',#13208,#3154);
#2035=LINE('',#13212,#3155);
#2036=LINE('',#13214,#3156);
#2037=LINE('',#13216,#3157);
#2038=LINE('',#13217,#3158);
#2039=LINE('',#13220,#3159);
#2040=LINE('',#13222,#3160);
#2041=LINE('',#13224,#3161);
#2042=LINE('',#13226,#3162);
#2043=LINE('',#13227,#3163);
#2044=LINE('',#13230,#3164);
#2045=LINE('',#13231,#3165);
#2046=LINE('',#13234,#3166);
#2047=LINE('',#13235,#3167);
#2048=LINE('',#13238,#3168);
#2049=LINE('',#13242,#3169);
#2050=LINE('',#13244,#3170);
#2051=LINE('',#13245,#3171);
#2052=LINE('',#13249,#3172);
#2053=LINE('',#13251,#3173);
#2054=LINE('',#13253,#3174);
#2055=LINE('',#13254,#3175);
#2056=LINE('',#13257,#3176);
#2057=LINE('',#13258,#3177);
#2058=LINE('',#13260,#3178);
#2059=LINE('',#13261,#3179);
#2060=LINE('',#13264,#3180);
#2061=LINE('',#13266,#3181);
#2062=LINE('',#13267,#3182);
#2063=LINE('',#13270,#3183);
#2064=LINE('',#13271,#3184);
#2065=LINE('',#13274,#3185);
#2066=LINE('',#13275,#3186);
#2067=LINE('',#13278,#3187);
#2068=LINE('',#13280,#3188);
#2069=LINE('',#13282,#3189);
#2070=LINE('',#13284,#3190);
#2071=LINE('',#13285,#3191);
#2072=LINE('',#13286,#3192);
#2073=LINE('',#13289,#3193);
#2074=LINE('',#13290,#3194);
#2075=LINE('',#13293,#3195);
#2076=LINE('',#13294,#3196);
#2077=LINE('',#13297,#3197);
#2078=LINE('',#13299,#3198);
#2079=LINE('',#13301,#3199);
#2080=LINE('',#13303,#3200);
#2081=LINE('',#13305,#3201);
#2082=LINE('',#13307,#3202);
#2083=LINE('',#13309,#3203);
#2084=LINE('',#13311,#3204);
#2085=LINE('',#13313,#3205);
#2086=LINE('',#13315,#3206);
#2087=LINE('',#13317,#3207);
#2088=LINE('',#13319,#3208);
#2089=LINE('',#13320,#3209);
#2090=LINE('',#13322,#3210);
#2091=LINE('',#13323,#3211);
#2092=LINE('',#13327,#3212);
#2093=LINE('',#13329,#3213);
#2094=LINE('',#13333,#3214);
#2095=LINE('',#13334,#3215);
#2096=LINE('',#13335,#3216);
#2097=LINE('',#13338,#3217);
#2098=LINE('',#13339,#3218);
#2099=LINE('',#13343,#3219);
#2100=LINE('',#13344,#3220);
#2101=LINE('',#13345,#3221);
#2102=LINE('',#13348,#3222);
#2103=LINE('',#13349,#3223);
#2104=LINE('',#13352,#3224);
#2105=LINE('',#13353,#3225);
#2106=LINE('',#13355,#3226);
#2107=LINE('',#13356,#3227);
#2108=LINE('',#13360,#3228);
#2109=LINE('',#13361,#3229);
#2110=LINE('',#13362,#3230);
#2111=LINE('',#13365,#3231);
#2112=LINE('',#13366,#3232);
#2113=LINE('',#13369,#3233);
#2114=LINE('',#13370,#3234);
#2115=LINE('',#13371,#3235);
#2116=LINE('',#13373,#3236);
#2117=LINE('',#13377,#3237);
#2118=LINE('',#13378,#3238);
#2119=LINE('',#13379,#3239);
#2120=LINE('',#13382,#3240);
#2121=LINE('',#13383,#3241);
#2122=LINE('',#13386,#3242);
#2123=LINE('',#13387,#3243);
#2124=LINE('',#13388,#3244);
#2125=LINE('',#13390,#3245);
#2126=LINE('',#13394,#3246);
#2127=LINE('',#13395,#3247);
#2128=LINE('',#13396,#3248);
#2129=LINE('',#13398,#3249);
#2130=LINE('',#13401,#3250);
#2131=LINE('',#13402,#3251);
#2132=LINE('',#13405,#3252);
#2133=LINE('',#13407,#3253);
#2134=LINE('',#13408,#3254);
#2135=LINE('',#13410,#3255);
#2136=LINE('',#13411,#3256);
#2137=LINE('',#13414,#3257);
#2138=LINE('',#13415,#3258);
#2139=LINE('',#13417,#3259);
#2140=LINE('',#13420,#3260);
#2141=LINE('',#13422,#3261);
#2142=LINE('',#13424,#3262);
#2143=LINE('',#13428,#3263);
#2144=LINE('',#13429,#3264);
#2145=LINE('',#13431,#3265);
#2146=LINE('',#13442,#3266);
#2147=LINE('',#13445,#3267);
#2148=LINE('',#13448,#3268);
#2149=LINE('',#13450,#3269);
#2150=LINE('',#13451,#3270);
#2151=LINE('',#13457,#3271);
#2152=LINE('',#13459,#3272);
#2153=LINE('',#13461,#3273);
#2154=LINE('',#13462,#3274);
#2155=LINE('',#13466,#3275);
#2156=LINE('',#13468,#3276);
#2157=LINE('',#13470,#3277);
#2158=LINE('',#13471,#3278);
#2159=LINE('',#13474,#3279);
#2160=LINE('',#13475,#3280);
#2161=LINE('',#13477,#3281);
#2162=LINE('',#13478,#3282);
#2163=LINE('',#13482,#3283);
#2164=LINE('',#13484,#3284);
#2165=LINE('',#13485,#3285);
#2166=LINE('',#13489,#3286);
#2167=LINE('',#13491,#3287);
#2168=LINE('',#13493,#3288);
#2169=LINE('',#13494,#3289);
#2170=LINE('',#13496,#3290);
#2171=LINE('',#13497,#3291);
#2172=LINE('',#13499,#3292);
#2173=LINE('',#13500,#3293);
#2174=VECTOR('',#8991,10.);
#2175=VECTOR('',#8992,10.);
#2176=VECTOR('',#8993,10.);
#2177=VECTOR('',#8994,10.);
#2178=VECTOR('',#8997,10.);
#2179=VECTOR('',#8998,10.);
#2180=VECTOR('',#8999,10.);
#2181=VECTOR('',#9000,10.);
#2182=VECTOR('',#9003,10.);
#2183=VECTOR('',#9004,10.);
#2184=VECTOR('',#9005,10.);
#2185=VECTOR('',#9006,10.);
#2186=VECTOR('',#9007,10.);
#2187=VECTOR('',#9008,10.);
#2188=VECTOR('',#9011,10.);
#2189=VECTOR('',#9012,10.);
#2190=VECTOR('',#9013,10.);
#2191=VECTOR('',#9014,10.);
#2192=VECTOR('',#9017,10.);
#2193=VECTOR('',#9018,10.);
#2194=VECTOR('',#9019,10.);
#2195=VECTOR('',#9020,10.);
#2196=VECTOR('',#9021,10.);
#2197=VECTOR('',#9024,10.);
#2198=VECTOR('',#9025,10.);
#2199=VECTOR('',#9026,10.);
#2200=VECTOR('',#9027,10.);
#2201=VECTOR('',#9028,10.);
#2202=VECTOR('',#9031,10.);
#2203=VECTOR('',#9032,10.);
#2204=VECTOR('',#9035,10.);
#2205=VECTOR('',#9038,10.);
#2206=VECTOR('',#9039,10.);
#2207=VECTOR('',#9040,10.);
#2208=VECTOR('',#9043,10.);
#2209=VECTOR('',#9044,10.);
#2210=VECTOR('',#9045,10.);
#2211=VECTOR('',#9046,10.);
#2212=VECTOR('',#9049,10.);
#2213=VECTOR('',#9050,10.);
#2214=VECTOR('',#9053,10.);
#2215=VECTOR('',#9054,10.);
#2216=VECTOR('',#9057,10.);
#2217=VECTOR('',#9058,10.);
#2218=VECTOR('',#9059,10.);
#2219=VECTOR('',#9062,10.);
#2220=VECTOR('',#9063,10.);
#2221=VECTOR('',#9064,10.);
#2222=VECTOR('',#9067,10.);
#2223=VECTOR('',#9068,10.);
#2224=VECTOR('',#9069,10.);
#2225=VECTOR('',#9070,10.);
#2226=VECTOR('',#9071,10.);
#2227=VECTOR('',#9072,10.);
#2228=VECTOR('',#9073,10.);
#2229=VECTOR('',#9074,10.);
#2230=VECTOR('',#9075,10.);
#2231=VECTOR('',#9076,10.);
#2232=VECTOR('',#9077,10.);
#2233=VECTOR('',#9078,10.);
#2234=VECTOR('',#9081,10.);
#2235=VECTOR('',#9082,10.);
#2236=VECTOR('',#9083,10.);
#2237=VECTOR('',#9084,10.);
#2238=VECTOR('',#9087,10.);
#2239=VECTOR('',#9088,10.);
#2240=VECTOR('',#9089,10.);
#2241=VECTOR('',#9090,10.);
#2242=VECTOR('',#9095,10.);
#2243=VECTOR('',#9096,10.);
#2244=VECTOR('',#9097,10.);
#2245=VECTOR('',#9100,10.);
#2246=VECTOR('',#9101,10.);
#2247=VECTOR('',#9102,10.);
#2248=VECTOR('',#9105,10.);
#2249=VECTOR('',#9106,10.);
#2250=VECTOR('',#9107,10.);
#2251=VECTOR('',#9108,10.);
#2252=VECTOR('',#9109,10.);
#2253=VECTOR('',#9110,10.);
#2254=VECTOR('',#9111,10.);
#2255=VECTOR('',#9112,10.);
#2256=VECTOR('',#9113,10.);
#2257=VECTOR('',#9114,10.);
#2258=VECTOR('',#9115,10.);
#2259=VECTOR('',#9116,10.);
#2260=VECTOR('',#9119,10.);
#2261=VECTOR('',#9120,10.);
#2262=VECTOR('',#9121,10.);
#2263=VECTOR('',#9124,10.);
#2264=VECTOR('',#9125,10.);
#2265=VECTOR('',#9126,10.);
#2266=VECTOR('',#9127,10.);
#2267=VECTOR('',#9130,10.);
#2268=VECTOR('',#9131,10.);
#2269=VECTOR('',#9132,10.);
#2270=VECTOR('',#9133,10.);
#2271=VECTOR('',#9134,10.);
#2272=VECTOR('',#9135,10.);
#2273=VECTOR('',#9136,10.);
#2274=VECTOR('',#9137,10.);
#2275=VECTOR('',#9140,10.);
#2276=VECTOR('',#9143,10.);
#2277=VECTOR('',#9146,10.);
#2278=VECTOR('',#9149,10.);
#2279=VECTOR('',#9150,10.);
#2280=VECTOR('',#9151,10.);
#2281=VECTOR('',#9152,10.);
#2282=VECTOR('',#9153,10.);
#2283=VECTOR('',#9154,10.);
#2284=VECTOR('',#9155,10.);
#2285=VECTOR('',#9156,10.);
#2286=VECTOR('',#9157,10.);
#2287=VECTOR('',#9160,10.);
#2288=VECTOR('',#9161,10.);
#2289=VECTOR('',#9162,10.);
#2290=VECTOR('',#9163,10.);
#2291=VECTOR('',#9166,10.);
#2292=VECTOR('',#9167,10.);
#2293=VECTOR('',#9168,10.);
#2294=VECTOR('',#9169,10.);
#2295=VECTOR('',#9170,10.);
#2296=VECTOR('',#9173,10.);
#2297=VECTOR('',#9174,10.);
#2298=VECTOR('',#9175,10.);
#2299=VECTOR('',#9176,10.);
#2300=VECTOR('',#9179,10.);
#2301=VECTOR('',#9182,10.);
#2302=VECTOR('',#9183,10.);
#2303=VECTOR('',#9184,10.);
#2304=VECTOR('',#9185,10.);
#2305=VECTOR('',#9186,10.);
#2306=VECTOR('',#9187,10.);
#2307=VECTOR('',#9188,10.);
#2308=VECTOR('',#9191,10.);
#2309=VECTOR('',#9192,10.);
#2310=VECTOR('',#9193,10.);
#2311=VECTOR('',#9194,10.);
#2312=VECTOR('',#9197,10.);
#2313=VECTOR('',#9200,10.);
#2314=VECTOR('',#9201,10.);
#2315=VECTOR('',#9202,10.);
#2316=VECTOR('',#9203,10.);
#2317=VECTOR('',#9204,10.);
#2318=VECTOR('',#9207,10.);
#2319=VECTOR('',#9208,10.);
#2320=VECTOR('',#9209,10.);
#2321=VECTOR('',#9210,10.);
#2322=VECTOR('',#9211,10.);
#2323=VECTOR('',#9212,10.);
#2324=VECTOR('',#9215,10.);
#2325=VECTOR('',#9216,10.);
#2326=VECTOR('',#9217,10.);
#2327=VECTOR('',#9218,10.);
#2328=VECTOR('',#9221,10.);
#2329=VECTOR('',#9222,10.);
#2330=VECTOR('',#9223,10.);
#2331=VECTOR('',#9226,10.);
#2332=VECTOR('',#9227,10.);
#2333=VECTOR('',#9228,10.);
#2334=VECTOR('',#9231,10.);
#2335=VECTOR('',#9232,10.);
#2336=VECTOR('',#9237,10.);
#2337=VECTOR('',#9238,10.);
#2338=VECTOR('',#9243,10.);
#2339=VECTOR('',#9246,10.);
#2340=VECTOR('',#9253,10.);
#2341=VECTOR('',#9254,10.);
#2342=VECTOR('',#9257,10.);
#2343=VECTOR('',#9258,10.);
#2344=VECTOR('',#9261,10.);
#2345=VECTOR('',#9264,10.);
#2346=VECTOR('',#9265,10.);
#2347=VECTOR('',#9266,10.);
#2348=VECTOR('',#9267,10.);
#2349=VECTOR('',#9268,10.);
#2350=VECTOR('',#9269,10.);
#2351=VECTOR('',#9270,10.);
#2352=VECTOR('',#9271,10.);
#2353=VECTOR('',#9274,10.);
#2354=VECTOR('',#9275,10.);
#2355=VECTOR('',#9276,10.);
#2356=VECTOR('',#9277,10.);
#2357=VECTOR('',#9278,10.);
#2358=VECTOR('',#9279,10.);
#2359=VECTOR('',#9280,10.);
#2360=VECTOR('',#9281,10.);
#2361=VECTOR('',#9286,1.1);
#2362=VECTOR('',#9289,10.);
#2363=VECTOR('',#9292,10.);
#2364=VECTOR('',#9295,10.);
#2365=VECTOR('',#9296,10.);
#2366=VECTOR('',#9303,1.1);
#2367=VECTOR('',#9306,10.);
#2368=VECTOR('',#9309,10.);
#2369=VECTOR('',#9312,10.);
#2370=VECTOR('',#9313,10.);
#2371=VECTOR('',#9314,10.);
#2372=VECTOR('',#9319,10.);
#2373=VECTOR('',#9320,10.);
#2374=VECTOR('',#9321,10.);
#2375=VECTOR('',#9326,10.);
#2376=VECTOR('',#9327,10.);
#2377=VECTOR('',#9328,10.);
#2378=VECTOR('',#9331,10.);
#2379=VECTOR('',#9334,10.);
#2380=VECTOR('',#9337,10.);
#2381=VECTOR('',#9338,10.);
#2382=VECTOR('',#9341,10.);
#2383=VECTOR('',#9342,10.);
#2384=VECTOR('',#9345,10.);
#2385=VECTOR('',#9350,10.);
#2386=VECTOR('',#9351,10.);
#2387=VECTOR('',#9352,10.);
#2388=VECTOR('',#9353,10.);
#2389=VECTOR('',#9354,10.);
#2390=VECTOR('',#9357,10.);
#2391=VECTOR('',#9358,10.);
#2392=VECTOR('',#9359,10.);
#2393=VECTOR('',#9360,10.);
#2394=VECTOR('',#9361,10.);
#2395=VECTOR('',#9362,10.);
#2396=VECTOR('',#9363,10.);
#2397=VECTOR('',#9364,10.);
#2398=VECTOR('',#9365,10.);
#2399=VECTOR('',#9366,10.);
#2400=VECTOR('',#9371,10.);
#2401=VECTOR('',#9374,10.);
#2402=VECTOR('',#9375,10.);
#2403=VECTOR('',#9376,10.);
#2404=VECTOR('',#9377,10.);
#2405=VECTOR('',#9380,10.);
#2406=VECTOR('',#9381,10.);
#2407=VECTOR('',#9382,10.);
#2408=VECTOR('',#9383,10.);
#2409=VECTOR('',#9384,10.);
#2410=VECTOR('',#9385,10.);
#2411=VECTOR('',#9386,10.);
#2412=VECTOR('',#9387,10.);
#2413=VECTOR('',#9390,10.);
#2414=VECTOR('',#9391,10.);
#2415=VECTOR('',#9396,10.);
#2416=VECTOR('',#9397,10.);
#2417=VECTOR('',#9398,10.);
#2418=VECTOR('',#9399,10.);
#2419=VECTOR('',#9400,10.);
#2420=VECTOR('',#9403,10.);
#2421=VECTOR('',#9404,10.);
#2422=VECTOR('',#9405,10.);
#2423=VECTOR('',#9406,10.);
#2424=VECTOR('',#9409,10.);
#2425=VECTOR('',#9412,10.);
#2426=VECTOR('',#9413,10.);
#2427=VECTOR('',#9414,10.);
#2428=VECTOR('',#9415,10.);
#2429=VECTOR('',#9416,10.);
#2430=VECTOR('',#9417,10.);
#2431=VECTOR('',#9418,10.);
#2432=VECTOR('',#9421,10.);
#2433=VECTOR('',#9422,10.);
#2434=VECTOR('',#9423,10.);
#2435=VECTOR('',#9424,10.);
#2436=VECTOR('',#9427,10.);
#2437=VECTOR('',#9430,10.);
#2438=VECTOR('',#9431,10.);
#2439=VECTOR('',#9432,10.);
#2440=VECTOR('',#9433,10.);
#2441=VECTOR('',#9434,10.);
#2442=VECTOR('',#9437,10.);
#2443=VECTOR('',#9438,10.);
#2444=VECTOR('',#9439,10.);
#2445=VECTOR('',#9440,10.);
#2446=VECTOR('',#9441,10.);
#2447=VECTOR('',#9442,10.);
#2448=VECTOR('',#9445,10.);
#2449=VECTOR('',#9446,10.);
#2450=VECTOR('',#9447,10.);
#2451=VECTOR('',#9448,10.);
#2452=VECTOR('',#9451,10.);
#2453=VECTOR('',#9452,10.);
#2454=VECTOR('',#9453,10.);
#2455=VECTOR('',#9456,10.);
#2456=VECTOR('',#9457,10.);
#2457=VECTOR('',#9458,10.);
#2458=VECTOR('',#9461,10.);
#2459=VECTOR('',#9462,10.);
#2460=VECTOR('',#9467,10.);
#2461=VECTOR('',#9468,10.);
#2462=VECTOR('',#9473,10.);
#2463=VECTOR('',#9476,10.);
#2464=VECTOR('',#9483,10.);
#2465=VECTOR('',#9484,10.);
#2466=VECTOR('',#9487,10.);
#2467=VECTOR('',#9488,10.);
#2468=VECTOR('',#9491,10.);
#2469=VECTOR('',#9494,10.);
#2470=VECTOR('',#9495,10.);
#2471=VECTOR('',#9496,10.);
#2472=VECTOR('',#9497,10.);
#2473=VECTOR('',#9498,10.);
#2474=VECTOR('',#9499,10.);
#2475=VECTOR('',#9500,10.);
#2476=VECTOR('',#9501,10.);
#2477=VECTOR('',#9504,10.);
#2478=VECTOR('',#9505,10.);
#2479=VECTOR('',#9506,10.);
#2480=VECTOR('',#9507,10.);
#2481=VECTOR('',#9508,10.);
#2482=VECTOR('',#9509,10.);
#2483=VECTOR('',#9510,10.);
#2484=VECTOR('',#9511,10.);
#2485=VECTOR('',#9516,1.1);
#2486=VECTOR('',#9519,10.);
#2487=VECTOR('',#9522,10.);
#2488=VECTOR('',#9525,10.);
#2489=VECTOR('',#9526,10.);
#2490=VECTOR('',#9533,1.1);
#2491=VECTOR('',#9536,10.);
#2492=VECTOR('',#9539,10.);
#2493=VECTOR('',#9542,10.);
#2494=VECTOR('',#9543,10.);
#2495=VECTOR('',#9544,10.);
#2496=VECTOR('',#9549,10.);
#2497=VECTOR('',#9550,10.);
#2498=VECTOR('',#9551,10.);
#2499=VECTOR('',#9556,10.);
#2500=VECTOR('',#9557,10.);
#2501=VECTOR('',#9558,10.);
#2502=VECTOR('',#9561,10.);
#2503=VECTOR('',#9564,10.);
#2504=VECTOR('',#9567,10.);
#2505=VECTOR('',#9568,10.);
#2506=VECTOR('',#9571,10.);
#2507=VECTOR('',#9572,10.);
#2508=VECTOR('',#9575,10.);
#2509=VECTOR('',#9580,10.);
#2510=VECTOR('',#9581,10.);
#2511=VECTOR('',#9582,10.);
#2512=VECTOR('',#9583,10.);
#2513=VECTOR('',#9584,10.);
#2514=VECTOR('',#9587,10.);
#2515=VECTOR('',#9588,10.);
#2516=VECTOR('',#9589,10.);
#2517=VECTOR('',#9590,10.);
#2518=VECTOR('',#9591,10.);
#2519=VECTOR('',#9592,10.);
#2520=VECTOR('',#9593,10.);
#2521=VECTOR('',#9594,10.);
#2522=VECTOR('',#9595,10.);
#2523=VECTOR('',#9596,10.);
#2524=VECTOR('',#9597,10.);
#2525=VECTOR('',#9602,10.);
#2526=VECTOR('',#9605,10.);
#2527=VECTOR('',#9606,10.);
#2528=VECTOR('',#9607,10.);
#2529=VECTOR('',#9610,10.);
#2530=VECTOR('',#9611,10.);
#2531=VECTOR('',#9612,10.);
#2532=VECTOR('',#9613,10.);
#2533=VECTOR('',#9614,10.);
#2534=VECTOR('',#9615,10.);
#2535=VECTOR('',#9616,10.);
#2536=VECTOR('',#9617,10.);
#2537=VECTOR('',#9620,10.);
#2538=VECTOR('',#9621,10.);
#2539=VECTOR('',#9626,10.);
#2540=VECTOR('',#9627,10.);
#2541=VECTOR('',#9628,10.);
#2542=VECTOR('',#9629,10.);
#2543=VECTOR('',#9630,10.);
#2544=VECTOR('',#9633,10.);
#2545=VECTOR('',#9634,10.);
#2546=VECTOR('',#9635,10.);
#2547=VECTOR('',#9636,10.);
#2548=VECTOR('',#9637,10.);
#2549=VECTOR('',#9640,10.);
#2550=VECTOR('',#9643,10.);
#2551=VECTOR('',#9644,10.);
#2552=VECTOR('',#9645,10.);
#2553=VECTOR('',#9646,10.);
#2554=VECTOR('',#9647,10.);
#2555=VECTOR('',#9650,10.);
#2556=VECTOR('',#9651,10.);
#2557=VECTOR('',#9652,10.);
#2558=VECTOR('',#9653,10.);
#2559=VECTOR('',#9656,10.);
#2560=VECTOR('',#9659,10.);
#2561=VECTOR('',#9660,10.);
#2562=VECTOR('',#9661,10.);
#2563=VECTOR('',#9662,10.);
#2564=VECTOR('',#9663,10.);
#2565=VECTOR('',#9666,10.);
#2566=VECTOR('',#9667,10.);
#2567=VECTOR('',#9668,10.);
#2568=VECTOR('',#9669,10.);
#2569=VECTOR('',#9670,10.);
#2570=VECTOR('',#9671,10.);
#2571=VECTOR('',#9674,10.);
#2572=VECTOR('',#9675,10.);
#2573=VECTOR('',#9676,10.);
#2574=VECTOR('',#9677,10.);
#2575=VECTOR('',#9680,10.);
#2576=VECTOR('',#9681,10.);
#2577=VECTOR('',#9682,10.);
#2578=VECTOR('',#9685,10.);
#2579=VECTOR('',#9686,10.);
#2580=VECTOR('',#9687,10.);
#2581=VECTOR('',#9690,10.);
#2582=VECTOR('',#9691,10.);
#2583=VECTOR('',#9696,10.);
#2584=VECTOR('',#9697,10.);
#2585=VECTOR('',#9702,10.);
#2586=VECTOR('',#9705,10.);
#2587=VECTOR('',#9706,10.);
#2588=VECTOR('',#9709,10.);
#2589=VECTOR('',#9710,10.);
#2590=VECTOR('',#9711,10.);
#2591=VECTOR('',#9718,10.);
#2592=VECTOR('',#9719,10.);
#2593=VECTOR('',#9722,10.);
#2594=VECTOR('',#9723,10.);
#2595=VECTOR('',#9726,10.);
#2596=VECTOR('',#9727,10.);
#2597=VECTOR('',#9728,10.);
#2598=VECTOR('',#9729,10.);
#2599=VECTOR('',#9734,10.);
#2600=VECTOR('',#9735,10.);
#2601=VECTOR('',#9736,10.);
#2602=VECTOR('',#9737,10.);
#2603=VECTOR('',#9738,10.);
#2604=VECTOR('',#9739,10.);
#2605=VECTOR('',#9742,10.);
#2606=VECTOR('',#9743,10.);
#2607=VECTOR('',#9744,10.);
#2608=VECTOR('',#9745,10.);
#2609=VECTOR('',#9746,10.);
#2610=VECTOR('',#9747,10.);
#2611=VECTOR('',#9752,1.1);
#2612=VECTOR('',#9755,10.);
#2613=VECTOR('',#9760,10.);
#2614=VECTOR('',#9761,10.);
#2615=VECTOR('',#9768,1.1);
#2616=VECTOR('',#9771,10.);
#2617=VECTOR('',#9776,10.);
#2618=VECTOR('',#9777,10.);
#2619=VECTOR('',#9778,10.);
#2620=VECTOR('',#9779,10.);
#2621=VECTOR('',#9782,10.);
#2622=VECTOR('',#9783,10.);
#2623=VECTOR('',#9784,10.);
#2624=VECTOR('',#9785,10.);
#2625=VECTOR('',#9786,10.);
#2626=VECTOR('',#9787,10.);
#2627=VECTOR('',#9792,10.);
#2628=VECTOR('',#9793,10.);
#2629=VECTOR('',#9794,10.);
#2630=VECTOR('',#9799,10.);
#2631=VECTOR('',#9800,10.);
#2632=VECTOR('',#9801,10.);
#2633=VECTOR('',#9804,10.);
#2634=VECTOR('',#9807,10.);
#2635=VECTOR('',#9810,10.);
#2636=VECTOR('',#9811,10.);
#2637=VECTOR('',#9814,10.);
#2638=VECTOR('',#9815,10.);
#2639=VECTOR('',#9818,10.);
#2640=VECTOR('',#9823,10.);
#2641=VECTOR('',#9824,10.);
#2642=VECTOR('',#9825,10.);
#2643=VECTOR('',#9826,10.);
#2644=VECTOR('',#9829,10.);
#2645=VECTOR('',#9830,10.);
#2646=VECTOR('',#9831,10.);
#2647=VECTOR('',#9832,10.);
#2648=VECTOR('',#9833,10.);
#2649=VECTOR('',#9834,10.);
#2650=VECTOR('',#9835,10.);
#2651=VECTOR('',#9836,10.);
#2652=VECTOR('',#9837,10.);
#2653=VECTOR('',#9838,10.);
#2654=VECTOR('',#9839,10.);
#2655=VECTOR('',#9840,10.);
#2656=VECTOR('',#9841,10.);
#2657=VECTOR('',#9842,10.);
#2658=VECTOR('',#9843,10.);
#2659=VECTOR('',#9844,10.);
#2660=VECTOR('',#9845,10.);
#2661=VECTOR('',#9846,10.);
#2662=VECTOR('',#9847,10.);
#2663=VECTOR('',#9848,10.);
#2664=VECTOR('',#9849,10.);
#2665=VECTOR('',#9850,10.);
#2666=VECTOR('',#9853,10.);
#2667=VECTOR('',#9854,10.);
#2668=VECTOR('',#9855,10.);
#2669=VECTOR('',#9856,10.);
#2670=VECTOR('',#9857,10.);
#2671=VECTOR('',#9868,10.);
#2672=VECTOR('',#9869,10.);
#2673=VECTOR('',#9870,10.);
#2674=VECTOR('',#9871,10.);
#2675=VECTOR('',#9872,10.);
#2676=VECTOR('',#9873,10.);
#2677=VECTOR('',#9876,10.);
#2678=VECTOR('',#9877,10.);
#2679=VECTOR('',#9878,10.);
#2680=VECTOR('',#9881,10.);
#2681=VECTOR('',#9882,10.);
#2682=VECTOR('',#9883,10.);
#2683=VECTOR('',#9884,10.);
#2684=VECTOR('',#9885,10.);
#2685=VECTOR('',#9888,10.);
#2686=VECTOR('',#9889,10.);
#2687=VECTOR('',#9890,10.);
#2688=VECTOR('',#9891,10.);
#2689=VECTOR('',#9892,10.);
#2690=VECTOR('',#9893,10.);
#2691=VECTOR('',#9896,10.);
#2692=VECTOR('',#9897,10.);
#2693=VECTOR('',#9898,10.);
#2694=VECTOR('',#9899,10.);
#2695=VECTOR('',#9900,10.);
#2696=VECTOR('',#9901,10.);
#2697=VECTOR('',#9904,10.);
#2698=VECTOR('',#9905,10.);
#2699=VECTOR('',#9908,10.);
#2700=VECTOR('',#9909,10.);
#2701=VECTOR('',#9910,10.);
#2702=VECTOR('',#9911,10.);
#2703=VECTOR('',#9914,10.);
#2704=VECTOR('',#9917,10.);
#2705=VECTOR('',#9918,10.);
#2706=VECTOR('',#9919,10.);
#2707=VECTOR('',#9922,10.);
#2708=VECTOR('',#9923,10.);
#2709=VECTOR('',#9924,10.);
#2710=VECTOR('',#9927,10.);
#2711=VECTOR('',#9928,10.);
#2712=VECTOR('',#9929,10.);
#2713=VECTOR('',#9930,10.);
#2714=VECTOR('',#9931,10.);
#2715=VECTOR('',#9934,10.);
#2716=VECTOR('',#9935,10.);
#2717=VECTOR('',#9938,10.);
#2718=VECTOR('',#9939,10.);
#2719=VECTOR('',#9940,10.);
#2720=VECTOR('',#9941,10.);
#2721=VECTOR('',#9944,10.);
#2722=VECTOR('',#9945,10.);
#2723=VECTOR('',#9946,10.);
#2724=VECTOR('',#9947,10.);
#2725=VECTOR('',#9948,10.);
#2726=VECTOR('',#9949,10.);
#2727=VECTOR('',#9950,10.);
#2728=VECTOR('',#9953,10.);
#2729=VECTOR('',#9954,10.);
#2730=VECTOR('',#9955,10.);
#2731=VECTOR('',#9956,10.);
#2732=VECTOR('',#9957,10.);
#2733=VECTOR('',#9958,10.);
#2734=VECTOR('',#9959,10.);
#2735=VECTOR('',#9960,10.);
#2736=VECTOR('',#9961,10.);
#2737=VECTOR('',#9962,10.);
#2738=VECTOR('',#9965,10.);
#2739=VECTOR('',#9966,10.);
#2740=VECTOR('',#9969,10.);
#2741=VECTOR('',#9970,10.);
#2742=VECTOR('',#9973,10.);
#2743=VECTOR('',#9974,10.);
#2744=VECTOR('',#9977,10.);
#2745=VECTOR('',#9978,10.);
#2746=VECTOR('',#9981,10.);
#2747=VECTOR('',#9982,10.);
#2748=VECTOR('',#9985,10.);
#2749=VECTOR('',#9986,10.);
#2750=VECTOR('',#9987,10.);
#2751=VECTOR('',#9988,10.);
#2752=VECTOR('',#9991,10.);
#2753=VECTOR('',#9992,10.);
#2754=VECTOR('',#9993,10.);
#2755=VECTOR('',#9996,10.);
#2756=VECTOR('',#9997,10.);
#2757=VECTOR('',#10000,10.);
#2758=VECTOR('',#10005,10.);
#2759=VECTOR('',#10006,10.);
#2760=VECTOR('',#10007,10.);
#2761=VECTOR('',#10010,10.);
#2762=VECTOR('',#10011,10.);
#2763=VECTOR('',#10014,10.);
#2764=VECTOR('',#10015,10.);
#2765=VECTOR('',#10016,10.);
#2766=VECTOR('',#10019,10.);
#2767=VECTOR('',#10020,10.);
#2768=VECTOR('',#10021,10.);
#2769=VECTOR('',#10024,10.);
#2770=VECTOR('',#10025,10.);
#2771=VECTOR('',#10028,10.);
#2772=VECTOR('',#10029,10.);
#2773=VECTOR('',#10032,10.);
#2774=VECTOR('',#10033,10.);
#2775=VECTOR('',#10036,10.);
#2776=VECTOR('',#10037,10.);
#2777=VECTOR('',#10040,10.);
#2778=VECTOR('',#10041,10.);
#2779=VECTOR('',#10044,10.);
#2780=VECTOR('',#10045,10.);
#2781=VECTOR('',#10046,10.);
#2782=VECTOR('',#10049,10.);
#2783=VECTOR('',#10050,10.);
#2784=VECTOR('',#10053,10.);
#2785=VECTOR('',#10056,10.);
#2786=VECTOR('',#10057,10.);
#2787=VECTOR('',#10060,10.);
#2788=VECTOR('',#10063,10.);
#2789=VECTOR('',#10064,10.);
#2790=VECTOR('',#10065,10.);
#2791=VECTOR('',#10068,10.);
#2792=VECTOR('',#10071,10.);
#2793=VECTOR('',#10076,2.5);
#2794=VECTOR('',#10081,2.5);
#2795=VECTOR('',#10086,2.5);
#2796=VECTOR('',#10091,5.);
#2797=VECTOR('',#10098,5.);
#2798=VECTOR('',#10105,2.5);
#2799=VECTOR('',#10120,10.);
#2800=VECTOR('',#10121,10.);
#2801=VECTOR('',#10124,10.);
#2802=VECTOR('',#10127,10.);
#2803=VECTOR('',#10130,10.);
#2804=VECTOR('',#10131,10.);
#2805=VECTOR('',#10134,10.);
#2806=VECTOR('',#10135,10.);
#2807=VECTOR('',#10138,10.);
#2808=VECTOR('',#10139,10.);
#2809=VECTOR('',#10140,10.);
#2810=VECTOR('',#10143,10.);
#2811=VECTOR('',#10144,10.);
#2812=VECTOR('',#10147,10.);
#2813=VECTOR('',#10150,10.);
#2814=VECTOR('',#10151,10.);
#2815=VECTOR('',#10152,10.);
#2816=VECTOR('',#10155,10.);
#2817=VECTOR('',#10158,10.);
#2818=VECTOR('',#10161,10.);
#2819=VECTOR('',#10164,10.);
#2820=VECTOR('',#10167,10.);
#2821=VECTOR('',#10172,5.);
#2822=VECTOR('',#10181,5.);
#2823=VECTOR('',#10184,10.);
#2824=VECTOR('',#10185,10.);
#2825=VECTOR('',#10186,10.);
#2826=VECTOR('',#10187,10.);
#2827=VECTOR('',#10188,10.);
#2828=VECTOR('',#10189,10.);
#2829=VECTOR('',#10190,10.);
#2830=VECTOR('',#10191,10.);
#2831=VECTOR('',#10192,10.);
#2832=VECTOR('',#10193,10.);
#2833=VECTOR('',#10194,10.);
#2834=VECTOR('',#10195,10.);
#2835=VECTOR('',#10196,10.);
#2836=VECTOR('',#10197,10.);
#2837=VECTOR('',#10198,10.);
#2838=VECTOR('',#10199,10.);
#2839=VECTOR('',#10200,10.);
#2840=VECTOR('',#10201,10.);
#2841=VECTOR('',#10202,10.);
#2842=VECTOR('',#10203,10.);
#2843=VECTOR('',#10204,10.);
#2844=VECTOR('',#10205,10.);
#2845=VECTOR('',#10206,10.);
#2846=VECTOR('',#10207,10.);
#2847=VECTOR('',#10208,10.);
#2848=VECTOR('',#10209,10.);
#2849=VECTOR('',#10210,10.);
#2850=VECTOR('',#10211,10.);
#2851=VECTOR('',#10214,10.);
#2852=VECTOR('',#10215,10.);
#2853=VECTOR('',#10216,10.);
#2854=VECTOR('',#10219,10.);
#2855=VECTOR('',#10220,10.);
#2856=VECTOR('',#10221,10.);
#2857=VECTOR('',#10222,10.);
#2858=VECTOR('',#10223,10.);
#2859=VECTOR('',#10226,10.);
#2860=VECTOR('',#10227,10.);
#2861=VECTOR('',#10230,10.);
#2862=VECTOR('',#10231,10.);
#2863=VECTOR('',#10234,10.);
#2864=VECTOR('',#10235,10.);
#2865=VECTOR('',#10238,10.);
#2866=VECTOR('',#10239,10.);
#2867=VECTOR('',#10242,10.);
#2868=VECTOR('',#10243,10.);
#2869=VECTOR('',#10246,10.);
#2870=VECTOR('',#10247,10.);
#2871=VECTOR('',#10250,10.);
#2872=VECTOR('',#10251,10.);
#2873=VECTOR('',#10254,10.);
#2874=VECTOR('',#10255,10.);
#2875=VECTOR('',#10258,10.);
#2876=VECTOR('',#10259,10.);
#2877=VECTOR('',#10262,10.);
#2878=VECTOR('',#10265,10.);
#2879=VECTOR('',#10266,10.);
#2880=VECTOR('',#10267,10.);
#2881=VECTOR('',#10270,10.);
#2882=VECTOR('',#10271,10.);
#2883=VECTOR('',#10274,10.);
#2884=VECTOR('',#10275,10.);
#2885=VECTOR('',#10276,10.);
#2886=VECTOR('',#10279,10.);
#2887=VECTOR('',#10280,10.);
#2888=VECTOR('',#10281,10.);
#2889=VECTOR('',#10284,10.);
#2890=VECTOR('',#10285,10.);
#2891=VECTOR('',#10286,10.);
#2892=VECTOR('',#10287,10.);
#2893=VECTOR('',#10288,10.);
#2894=VECTOR('',#10289,10.);
#2895=VECTOR('',#10290,10.);
#2896=VECTOR('',#10293,10.);
#2897=VECTOR('',#10294,10.);
#2898=VECTOR('',#10295,10.);
#2899=VECTOR('',#10298,10.);
#2900=VECTOR('',#10299,10.);
#2901=VECTOR('',#10300,10.);
#2902=VECTOR('',#10301,10.);
#2903=VECTOR('',#10302,10.);
#2904=VECTOR('',#10305,10.);
#2905=VECTOR('',#10306,10.);
#2906=VECTOR('',#10307,10.);
#2907=VECTOR('',#10310,10.);
#2908=VECTOR('',#10311,10.);
#2909=VECTOR('',#10312,10.);
#2910=VECTOR('',#10315,10.);
#2911=VECTOR('',#10316,10.);
#2912=VECTOR('',#10317,10.);
#2913=VECTOR('',#10320,10.);
#2914=VECTOR('',#10321,10.);
#2915=VECTOR('',#10324,10.);
#2916=VECTOR('',#10325,10.);
#2917=VECTOR('',#10328,10.);
#2918=VECTOR('',#10331,10.);
#2919=VECTOR('',#10332,10.);
#2920=VECTOR('',#10335,10.);
#2921=VECTOR('',#10336,10.);
#2922=VECTOR('',#10337,10.);
#2923=VECTOR('',#10338,10.);
#2924=VECTOR('',#10341,10.);
#2925=VECTOR('',#10342,10.);
#2926=VECTOR('',#10343,10.);
#2927=VECTOR('',#10344,10.);
#2928=VECTOR('',#10347,10.);
#2929=VECTOR('',#10348,10.);
#2930=VECTOR('',#10351,10.);
#2931=VECTOR('',#10352,10.);
#2932=VECTOR('',#10355,10.);
#2933=VECTOR('',#10356,10.);
#2934=VECTOR('',#10357,10.);
#2935=VECTOR('',#10358,10.);
#2936=VECTOR('',#10361,10.);
#2937=VECTOR('',#10362,10.);
#2938=VECTOR('',#10363,10.);
#2939=VECTOR('',#10366,10.);
#2940=VECTOR('',#10367,10.);
#2941=VECTOR('',#10368,10.);
#2942=VECTOR('',#10369,10.);
#2943=VECTOR('',#10372,10.);
#2944=VECTOR('',#10373,10.);
#2945=VECTOR('',#10374,10.);
#2946=VECTOR('',#10375,10.);
#2947=VECTOR('',#10378,10.);
#2948=VECTOR('',#10379,10.);
#2949=VECTOR('',#10380,10.);
#2950=VECTOR('',#10383,10.);
#2951=VECTOR('',#10384,10.);
#2952=VECTOR('',#10385,10.);
#2953=VECTOR('',#10388,10.);
#2954=VECTOR('',#10389,10.);
#2955=VECTOR('',#10392,10.);
#2956=VECTOR('',#10393,10.);
#2957=VECTOR('',#10394,10.);
#2958=VECTOR('',#10397,10.);
#2959=VECTOR('',#10398,10.);
#2960=VECTOR('',#10399,10.);
#2961=VECTOR('',#10400,10.);
#2962=VECTOR('',#10403,10.);
#2963=VECTOR('',#10404,10.);
#2964=VECTOR('',#10405,10.);
#2965=VECTOR('',#10406,10.);
#2966=VECTOR('',#10409,10.);
#2967=VECTOR('',#10410,10.);
#2968=VECTOR('',#10413,10.);
#2969=VECTOR('',#10414,10.);
#2970=VECTOR('',#10417,10.);
#2971=VECTOR('',#10418,10.);
#2972=VECTOR('',#10421,10.);
#2973=VECTOR('',#10422,10.);
#2974=VECTOR('',#10423,10.);
#2975=VECTOR('',#10426,10.);
#2976=VECTOR('',#10427,10.);
#2977=VECTOR('',#10430,10.);
#2978=VECTOR('',#10431,10.);
#2979=VECTOR('',#10434,10.);
#2980=VECTOR('',#10435,10.);
#2981=VECTOR('',#10438,10.);
#2982=VECTOR('',#10441,10.);
#2983=VECTOR('',#10442,10.);
#2984=VECTOR('',#10445,10.);
#2985=VECTOR('',#10448,10.);
#2986=VECTOR('',#10451,10.);
#2987=VECTOR('',#10454,10.);
#2988=VECTOR('',#10455,10.);
#2989=VECTOR('',#10460,10.);
#2990=VECTOR('',#10463,10.);
#2991=VECTOR('',#10464,10.);
#2992=VECTOR('',#10475,1.143);
#2993=VECTOR('',#10486,10.);
#2994=VECTOR('',#10489,10.);
#2995=VECTOR('',#10492,10.);
#2996=VECTOR('',#10493,10.);
#2997=VECTOR('',#10494,10.);
#2998=VECTOR('',#10495,10.);
#2999=VECTOR('',#10496,10.);
#3000=VECTOR('',#10497,10.);
#3001=VECTOR('',#10498,10.);
#3002=VECTOR('',#10499,10.);
#3003=VECTOR('',#10500,10.);
#3004=VECTOR('',#10501,10.);
#3005=VECTOR('',#10502,10.);
#3006=VECTOR('',#10503,10.);
#3007=VECTOR('',#10504,10.);
#3008=VECTOR('',#10511,10.);
#3009=VECTOR('',#10512,10.);
#3010=VECTOR('',#10515,10.);
#3011=VECTOR('',#10516,10.);
#3012=VECTOR('',#10517,10.);
#3013=VECTOR('',#10518,10.);
#3014=VECTOR('',#10521,10.);
#3015=VECTOR('',#10522,10.);
#3016=VECTOR('',#10523,10.);
#3017=VECTOR('',#10524,10.);
#3018=VECTOR('',#10527,10.);
#3019=VECTOR('',#10528,10.);
#3020=VECTOR('',#10529,10.);
#3021=VECTOR('',#10530,10.);
#3022=VECTOR('',#10531,10.);
#3023=VECTOR('',#10532,10.);
#3024=VECTOR('',#10533,10.);
#3025=VECTOR('',#10534,10.);
#3026=VECTOR('',#10537,10.);
#3027=VECTOR('',#10538,10.);
#3028=VECTOR('',#10539,10.);
#3029=VECTOR('',#10540,10.);
#3030=VECTOR('',#10541,10.);
#3031=VECTOR('',#10542,10.);
#3032=VECTOR('',#10543,10.);
#3033=VECTOR('',#10548,10.);
#3034=VECTOR('',#10553,10.);
#3035=VECTOR('',#10554,10.);
#3036=VECTOR('',#10555,10.);
#3037=VECTOR('',#10556,10.);
#3038=VECTOR('',#10557,10.);
#3039=VECTOR('',#10558,10.);
#3040=VECTOR('',#10559,10.);
#3041=VECTOR('',#10560,10.);
#3042=VECTOR('',#10561,10.);
#3043=VECTOR('',#10562,10.);
#3044=VECTOR('',#10563,10.);
#3045=VECTOR('',#10564,10.);
#3046=VECTOR('',#10565,10.);
#3047=VECTOR('',#10566,10.);
#3048=VECTOR('',#10567,10.);
#3049=VECTOR('',#10570,10.);
#3050=VECTOR('',#10571,10.);
#3051=VECTOR('',#10572,10.);
#3052=VECTOR('',#10573,10.);
#3053=VECTOR('',#10576,10.);
#3054=VECTOR('',#10577,10.);
#3055=VECTOR('',#10580,10.);
#3056=VECTOR('',#10581,10.);
#3057=VECTOR('',#10582,10.);
#3058=VECTOR('',#10585,10.);
#3059=VECTOR('',#10586,10.);
#3060=VECTOR('',#10587,10.);
#3061=VECTOR('',#10588,10.);
#3062=VECTOR('',#10589,10.);
#3063=VECTOR('',#10592,10.);
#3064=VECTOR('',#10593,10.);
#3065=VECTOR('',#10594,10.);
#3066=VECTOR('',#10597,10.);
#3067=VECTOR('',#10598,10.);
#3068=VECTOR('',#10599,10.);
#3069=VECTOR('',#10602,10.);
#3070=VECTOR('',#10603,10.);
#3071=VECTOR('',#10606,10.);
#3072=VECTOR('',#10607,10.);
#3073=VECTOR('',#10608,10.);
#3074=VECTOR('',#10611,10.);
#3075=VECTOR('',#10612,10.);
#3076=VECTOR('',#10613,10.);
#3077=VECTOR('',#10616,10.);
#3078=VECTOR('',#10619,10.);
#3079=VECTOR('',#10620,10.);
#3080=VECTOR('',#10621,10.);
#3081=VECTOR('',#10624,10.);
#3082=VECTOR('',#10625,10.);
#3083=VECTOR('',#10626,10.);
#3084=VECTOR('',#10629,10.);
#3085=VECTOR('',#10630,10.);
#3086=VECTOR('',#10631,10.);
#3087=VECTOR('',#10634,10.);
#3088=VECTOR('',#10635,10.);
#3089=VECTOR('',#10638,10.);
#3090=VECTOR('',#10639,10.);
#3091=VECTOR('',#10640,10.);
#3092=VECTOR('',#10643,10.);
#3093=VECTOR('',#10644,10.);
#3094=VECTOR('',#10647,10.);
#3095=VECTOR('',#10672,10.);
#3096=VECTOR('',#10675,10.);
#3097=VECTOR('',#10678,10.);
#3098=VECTOR('',#10679,10.);
#3099=VECTOR('',#10680,10.);
#3100=VECTOR('',#10683,10.);
#3101=VECTOR('',#10684,10.);
#3102=VECTOR('',#10685,10.);
#3103=VECTOR('',#10696,10.);
#3104=VECTOR('',#10699,10.);
#3105=VECTOR('',#10700,10.);
#3106=VECTOR('',#10701,10.);
#3107=VECTOR('',#10704,10.);
#3108=VECTOR('',#10705,10.);
#3109=VECTOR('',#10706,10.);
#3110=VECTOR('',#10715,1.5);
#3111=VECTOR('',#10724,10.);
#3112=VECTOR('',#10725,10.);
#3113=VECTOR('',#10738,10.);
#3114=VECTOR('',#10741,10.);
#3115=VECTOR('',#10742,10.);
#3116=VECTOR('',#10745,10.);
#3117=VECTOR('',#10746,10.);
#3118=VECTOR('',#10753,10.);
#3119=VECTOR('',#10756,10.);
#3120=VECTOR('',#10757,10.);
#3121=VECTOR('',#10758,10.);
#3122=VECTOR('',#10761,10.);
#3123=VECTOR('',#10762,10.);
#3124=VECTOR('',#10767,10.);
#3125=VECTOR('',#10770,10.);
#3126=VECTOR('',#10773,10.);
#3127=VECTOR('',#10774,10.);
#3128=VECTOR('',#10777,10.);
#3129=VECTOR('',#10778,10.);
#3130=VECTOR('',#10783,1.5);
#3131=VECTOR('',#10790,10.);
#3132=VECTOR('',#10793,10.);
#3133=VECTOR('',#10796,10.);
#3134=VECTOR('',#10797,10.);
#3135=VECTOR('',#10800,10.);
#3136=VECTOR('',#10801,10.);
#3137=VECTOR('',#10802,10.);
#3138=VECTOR('',#10803,10.);
#3139=VECTOR('',#10804,10.);
#3140=VECTOR('',#10805,10.);
#3141=VECTOR('',#10806,10.);
#3142=VECTOR('',#10807,10.);
#3143=VECTOR('',#10808,10.);
#3144=VECTOR('',#10809,10.);
#3145=VECTOR('',#10810,10.);
#3146=VECTOR('',#10811,10.);
#3147=VECTOR('',#10812,10.);
#3148=VECTOR('',#10813,10.);
#3149=VECTOR('',#10814,10.);
#3150=VECTOR('',#10815,10.);
#3151=VECTOR('',#10816,10.);
#3152=VECTOR('',#10817,10.);
#3153=VECTOR('',#10818,10.);
#3154=VECTOR('',#10819,10.);
#3155=VECTOR('',#10822,10.);
#3156=VECTOR('',#10823,10.);
#3157=VECTOR('',#10824,10.);
#3158=VECTOR('',#10825,10.);
#3159=VECTOR('',#10828,10.);
#3160=VECTOR('',#10829,10.);
#3161=VECTOR('',#10830,10.);
#3162=VECTOR('',#10831,10.);
#3163=VECTOR('',#10832,10.);
#3164=VECTOR('',#10835,10.);
#3165=VECTOR('',#10836,10.);
#3166=VECTOR('',#10839,10.);
#3167=VECTOR('',#10840,10.);
#3168=VECTOR('',#10843,1.);
#3169=VECTOR('',#10848,10.);
#3170=VECTOR('',#10849,10.);
#3171=VECTOR('',#10850,10.);
#3172=VECTOR('',#10853,10.);
#3173=VECTOR('',#10854,10.);
#3174=VECTOR('',#10855,10.);
#3175=VECTOR('',#10856,10.);
#3176=VECTOR('',#10859,10.);
#3177=VECTOR('',#10860,10.);
#3178=VECTOR('',#10863,10.);
#3179=VECTOR('',#10864,10.);
#3180=VECTOR('',#10867,10.);
#3181=VECTOR('',#10868,10.);
#3182=VECTOR('',#10869,10.);
#3183=VECTOR('',#10872,10.);
#3184=VECTOR('',#10873,10.);
#3185=VECTOR('',#10876,10.);
#3186=VECTOR('',#10877,10.);
#3187=VECTOR('',#10880,10.);
#3188=VECTOR('',#10881,10.);
#3189=VECTOR('',#10882,10.);
#3190=VECTOR('',#10883,10.);
#3191=VECTOR('',#10884,10.);
#3192=VECTOR('',#10885,10.);
#3193=VECTOR('',#10888,10.);
#3194=VECTOR('',#10889,10.);
#3195=VECTOR('',#10892,10.);
#3196=VECTOR('',#10893,10.);
#3197=VECTOR('',#10896,10.);
#3198=VECTOR('',#10897,10.);
#3199=VECTOR('',#10898,10.);
#3200=VECTOR('',#10899,10.);
#3201=VECTOR('',#10900,10.);
#3202=VECTOR('',#10901,10.);
#3203=VECTOR('',#10902,10.);
#3204=VECTOR('',#10903,10.);
#3205=VECTOR('',#10904,10.);
#3206=VECTOR('',#10905,10.);
#3207=VECTOR('',#10906,10.);
#3208=VECTOR('',#10907,10.);
#3209=VECTOR('',#10908,10.);
#3210=VECTOR('',#10909,10.);
#3211=VECTOR('',#10910,10.);
#3212=VECTOR('',#10915,10.);
#3213=VECTOR('',#10918,1.);
#3214=VECTOR('',#10921,10.);
#3215=VECTOR('',#10922,10.);
#3216=VECTOR('',#10923,10.);
#3217=VECTOR('',#10926,10.);
#3218=VECTOR('',#10927,10.);
#3219=VECTOR('',#10930,10.);
#3220=VECTOR('',#10931,10.);
#3221=VECTOR('',#10932,10.);
#3222=VECTOR('',#10935,10.);
#3223=VECTOR('',#10936,10.);
#3224=VECTOR('',#10939,10.);
#3225=VECTOR('',#10940,10.);
#3226=VECTOR('',#10943,10.);
#3227=VECTOR('',#10944,10.);
#3228=VECTOR('',#10947,10.);
#3229=VECTOR('',#10948,10.);
#3230=VECTOR('',#10949,10.);
#3231=VECTOR('',#10952,10.);
#3232=VECTOR('',#10953,10.);
#3233=VECTOR('',#10956,10.);
#3234=VECTOR('',#10957,10.);
#3235=VECTOR('',#10958,10.);
#3236=VECTOR('',#10961,10.);
#3237=VECTOR('',#10964,10.);
#3238=VECTOR('',#10965,10.);
#3239=VECTOR('',#10966,10.);
#3240=VECTOR('',#10969,10.);
#3241=VECTOR('',#10970,10.);
#3242=VECTOR('',#10973,10.);
#3243=VECTOR('',#10974,10.);
#3244=VECTOR('',#10975,10.);
#3245=VECTOR('',#10978,10.);
#3246=VECTOR('',#10981,10.);
#3247=VECTOR('',#10982,10.);
#3248=VECTOR('',#10983,10.);
#3249=VECTOR('',#10986,10.);
#3250=VECTOR('',#10989,10.);
#3251=VECTOR('',#10990,10.);
#3252=VECTOR('',#10993,10.);
#3253=VECTOR('',#10994,10.);
#3254=VECTOR('',#10995,10.);
#3255=VECTOR('',#10996,10.);
#3256=VECTOR('',#10997,10.);
#3257=VECTOR('',#11000,10.);
#3258=VECTOR('',#11001,10.);
#3259=VECTOR('',#11004,10.);
#3260=VECTOR('',#11009,10.);
#3261=VECTOR('',#11012,10.);
#3262=VECTOR('',#11015,10.);
#3263=VECTOR('',#11020,10.);
#3264=VECTOR('',#11021,10.);
#3265=VECTOR('',#11024,10.);
#3266=VECTOR('',#11039,10.);
#3267=VECTOR('',#11042,10.);
#3268=VECTOR('',#11045,10.);
#3269=VECTOR('',#11046,10.);
#3270=VECTOR('',#11047,10.);
#3271=VECTOR('',#11052,10.);
#3272=VECTOR('',#11053,10.);
#3273=VECTOR('',#11054,10.);
#3274=VECTOR('',#11055,10.);
#3275=VECTOR('',#11060,0.507000000000002);
#3276=VECTOR('',#11063,10.);
#3277=VECTOR('',#11064,10.);
#3278=VECTOR('',#11065,10.);
#3279=VECTOR('',#11068,10.);
#3280=VECTOR('',#11069,10.);
#3281=VECTOR('',#11072,10.);
#3282=VECTOR('',#11073,10.);
#3283=VECTOR('',#11078,10.);
#3284=VECTOR('',#11079,10.);
#3285=VECTOR('',#11080,10.);
#3286=VECTOR('',#11083,10.);
#3287=VECTOR('',#11084,10.);
#3288=VECTOR('',#11085,10.);
#3289=VECTOR('',#11086,10.);
#3290=VECTOR('',#11089,10.);
#3291=VECTOR('',#11090,10.);
#3292=VECTOR('',#11093,10.);
#3293=VECTOR('',#11094,10.);
#3294=VERTEX_POINT('',#11104);
#3295=VERTEX_POINT('',#11105);
#3296=VERTEX_POINT('',#11107);
#3297=VERTEX_POINT('',#11109);
#3298=VERTEX_POINT('',#11113);
#3299=VERTEX_POINT('',#11114);
#3300=VERTEX_POINT('',#11116);
#3301=VERTEX_POINT('',#11118);
#3302=VERTEX_POINT('',#11122);
#3303=VERTEX_POINT('',#11123);
#3304=VERTEX_POINT('',#11125);
#3305=VERTEX_POINT('',#11127);
#3306=VERTEX_POINT('',#11129);
#3307=VERTEX_POINT('',#11131);
#3308=VERTEX_POINT('',#11135);
#3309=VERTEX_POINT('',#11136);
#3310=VERTEX_POINT('',#11138);
#3311=VERTEX_POINT('',#11140);
#3312=VERTEX_POINT('',#11144);
#3313=VERTEX_POINT('',#11145);
#3314=VERTEX_POINT('',#11147);
#3315=VERTEX_POINT('',#11149);
#3316=VERTEX_POINT('',#11151);
#3317=VERTEX_POINT('',#11153);
#3318=VERTEX_POINT('',#11155);
#3319=VERTEX_POINT('',#11157);
#3320=VERTEX_POINT('',#11159);
#3321=VERTEX_POINT('',#11161);
#3322=VERTEX_POINT('',#11163);
#3323=VERTEX_POINT('',#11172);
#3324=VERTEX_POINT('',#11174);
#3325=VERTEX_POINT('',#11178);
#3326=VERTEX_POINT('',#11179);
#3327=VERTEX_POINT('',#11181);
#3328=VERTEX_POINT('',#11183);
#3329=VERTEX_POINT('',#11187);
#3330=VERTEX_POINT('',#11188);
#3331=VERTEX_POINT('',#11190);
#3332=VERTEX_POINT('',#11192);
#3333=VERTEX_POINT('',#11194);
#3334=VERTEX_POINT('',#11198);
#3335=VERTEX_POINT('',#11200);
#3336=VERTEX_POINT('',#11204);
#3337=VERTEX_POINT('',#11206);
#3338=VERTEX_POINT('',#11210);
#3339=VERTEX_POINT('',#11212);
#3340=VERTEX_POINT('',#11214);
#3341=VERTEX_POINT('',#11216);
#3342=VERTEX_POINT('',#11218);
#3343=VERTEX_POINT('',#11220);
#3344=VERTEX_POINT('',#11222);
#3345=VERTEX_POINT('',#11224);
#3346=VERTEX_POINT('',#11226);
#3347=VERTEX_POINT('',#11228);
#3348=VERTEX_POINT('',#11230);
#3349=VERTEX_POINT('',#11234);
#3350=VERTEX_POINT('',#11235);
#3351=VERTEX_POINT('',#11237);
#3352=VERTEX_POINT('',#11239);
#3353=VERTEX_POINT('',#11243);
#3354=VERTEX_POINT('',#11244);
#3355=VERTEX_POINT('',#11246);
#3356=VERTEX_POINT('',#11248);
#3357=VERTEX_POINT('',#11252);
#3358=VERTEX_POINT('',#11254);
#3359=VERTEX_POINT('',#11256);
#3360=VERTEX_POINT('',#11260);
#3361=VERTEX_POINT('',#11262);
#3362=VERTEX_POINT('',#11266);
#3363=VERTEX_POINT('',#11268);
#3364=VERTEX_POINT('',#11270);
#3365=VERTEX_POINT('',#11272);
#3366=VERTEX_POINT('',#11274);
#3367=VERTEX_POINT('',#11276);
#3368=VERTEX_POINT('',#11278);
#3369=VERTEX_POINT('',#11280);
#3370=VERTEX_POINT('',#11282);
#3371=VERTEX_POINT('',#11284);
#3372=VERTEX_POINT('',#11286);
#3373=VERTEX_POINT('',#11290);
#3374=VERTEX_POINT('',#11292);
#3375=VERTEX_POINT('',#11296);
#3376=VERTEX_POINT('',#11298);
#3377=VERTEX_POINT('',#11300);
#3378=VERTEX_POINT('',#11304);
#3379=VERTEX_POINT('',#11306);
#3380=VERTEX_POINT('',#11308);
#3381=VERTEX_POINT('',#11310);
#3382=VERTEX_POINT('',#11312);
#3383=VERTEX_POINT('',#11314);
#3384=VERTEX_POINT('',#11316);
#3385=VERTEX_POINT('',#11320);
#3386=VERTEX_POINT('',#11322);
#3387=VERTEX_POINT('',#11328);
#3388=VERTEX_POINT('',#11330);
#3389=VERTEX_POINT('',#11332);
#3390=VERTEX_POINT('',#11335);
#3391=VERTEX_POINT('',#11338);
#3392=VERTEX_POINT('',#11340);
#3393=VERTEX_POINT('',#11343);
#3394=VERTEX_POINT('',#11345);
#3395=VERTEX_POINT('',#11346);
#3396=VERTEX_POINT('',#11348);
#3397=VERTEX_POINT('',#11350);
#3398=VERTEX_POINT('',#11354);
#3399=VERTEX_POINT('',#11355);
#3400=VERTEX_POINT('',#11357);
#3401=VERTEX_POINT('',#11359);
#3402=VERTEX_POINT('',#11361);
#3403=VERTEX_POINT('',#11365);
#3404=VERTEX_POINT('',#11366);
#3405=VERTEX_POINT('',#11369);
#3406=VERTEX_POINT('',#11375);
#3407=VERTEX_POINT('',#11376);
#3408=VERTEX_POINT('',#11379);
#3409=VERTEX_POINT('',#11381);
#3410=VERTEX_POINT('',#11387);
#3411=VERTEX_POINT('',#11389);
#3412=VERTEX_POINT('',#11391);
#3413=VERTEX_POINT('',#11397);
#3414=VERTEX_POINT('',#11399);
#3415=VERTEX_POINT('',#11401);
#3416=VERTEX_POINT('',#11403);
#3417=VERTEX_POINT('',#11407);
#3418=VERTEX_POINT('',#11409);
#3419=VERTEX_POINT('',#11411);
#3420=VERTEX_POINT('',#11413);
#3421=VERTEX_POINT('',#11415);
#3422=VERTEX_POINT('',#11419);
#3423=VERTEX_POINT('',#11421);
#3424=VERTEX_POINT('',#11423);
#3425=VERTEX_POINT('',#11427);
#3426=VERTEX_POINT('',#11429);
#3427=VERTEX_POINT('',#11433);
#3428=VERTEX_POINT('',#11435);
#3429=VERTEX_POINT('',#11451);
#3430=VERTEX_POINT('',#11454);
#3431=VERTEX_POINT('',#11458);
#3432=VERTEX_POINT('',#11464);
#3433=VERTEX_POINT('',#11466);
#3434=VERTEX_POINT('',#11468);
#3435=VERTEX_POINT('',#11470);
#3436=VERTEX_POINT('',#11472);
#3437=VERTEX_POINT('',#11475);
#3438=VERTEX_POINT('',#11479);
#3439=VERTEX_POINT('',#11481);
#3440=VERTEX_POINT('',#11484);
#3441=VERTEX_POINT('',#11486);
#3442=VERTEX_POINT('',#11488);
#3443=VERTEX_POINT('',#11490);
#3444=VERTEX_POINT('',#11494);
#3445=VERTEX_POINT('',#11506);
#3446=VERTEX_POINT('',#11515);
#3447=VERTEX_POINT('',#11520);
#3448=VERTEX_POINT('',#11526);
#3449=VERTEX_POINT('',#11528);
#3450=VERTEX_POINT('',#11536);
#3451=VERTEX_POINT('',#11540);
#3452=VERTEX_POINT('',#11547);
#3453=VERTEX_POINT('',#11549);
#3454=VERTEX_POINT('',#11551);
#3455=VERTEX_POINT('',#11553);
#3456=VERTEX_POINT('',#11555);
#3457=VERTEX_POINT('',#11557);
#3458=VERTEX_POINT('',#11559);
#3459=VERTEX_POINT('',#11561);
#3460=VERTEX_POINT('',#11563);
#3461=VERTEX_POINT('',#11566);
#3462=VERTEX_POINT('',#11569);
#3463=VERTEX_POINT('',#11570);
#3464=VERTEX_POINT('',#11572);
#3465=VERTEX_POINT('',#11574);
#3466=VERTEX_POINT('',#11577);
#3467=VERTEX_POINT('',#11582);
#3468=VERTEX_POINT('',#11584);
#3469=VERTEX_POINT('',#11586);
#3470=VERTEX_POINT('',#11591);
#3471=VERTEX_POINT('',#11593);
#3472=VERTEX_POINT('',#11595);
#3473=VERTEX_POINT('',#11597);
#3474=VERTEX_POINT('',#11599);
#3475=VERTEX_POINT('',#11601);
#3476=VERTEX_POINT('',#11609);
#3477=VERTEX_POINT('',#11610);
#3478=VERTEX_POINT('',#11612);
#3479=VERTEX_POINT('',#11614);
#3480=VERTEX_POINT('',#11616);
#3481=VERTEX_POINT('',#11620);
#3482=VERTEX_POINT('',#11621);
#3483=VERTEX_POINT('',#11624);
#3484=VERTEX_POINT('',#11630);
#3485=VERTEX_POINT('',#11631);
#3486=VERTEX_POINT('',#11634);
#3487=VERTEX_POINT('',#11636);
#3488=VERTEX_POINT('',#11642);
#3489=VERTEX_POINT('',#11644);
#3490=VERTEX_POINT('',#11646);
#3491=VERTEX_POINT('',#11652);
#3492=VERTEX_POINT('',#11654);
#3493=VERTEX_POINT('',#11656);
#3494=VERTEX_POINT('',#11658);
#3495=VERTEX_POINT('',#11662);
#3496=VERTEX_POINT('',#11664);
#3497=VERTEX_POINT('',#11666);
#3498=VERTEX_POINT('',#11668);
#3499=VERTEX_POINT('',#11670);
#3500=VERTEX_POINT('',#11674);
#3501=VERTEX_POINT('',#11676);
#3502=VERTEX_POINT('',#11678);
#3503=VERTEX_POINT('',#11682);
#3504=VERTEX_POINT('',#11684);
#3505=VERTEX_POINT('',#11688);
#3506=VERTEX_POINT('',#11690);
#3507=VERTEX_POINT('',#11706);
#3508=VERTEX_POINT('',#11709);
#3509=VERTEX_POINT('',#11713);
#3510=VERTEX_POINT('',#11719);
#3511=VERTEX_POINT('',#11721);
#3512=VERTEX_POINT('',#11723);
#3513=VERTEX_POINT('',#11725);
#3514=VERTEX_POINT('',#11727);
#3515=VERTEX_POINT('',#11730);
#3516=VERTEX_POINT('',#11734);
#3517=VERTEX_POINT('',#11736);
#3518=VERTEX_POINT('',#11739);
#3519=VERTEX_POINT('',#11741);
#3520=VERTEX_POINT('',#11743);
#3521=VERTEX_POINT('',#11745);
#3522=VERTEX_POINT('',#11749);
#3523=VERTEX_POINT('',#11761);
#3524=VERTEX_POINT('',#11770);
#3525=VERTEX_POINT('',#11775);
#3526=VERTEX_POINT('',#11781);
#3527=VERTEX_POINT('',#11783);
#3528=VERTEX_POINT('',#11791);
#3529=VERTEX_POINT('',#11795);
#3530=VERTEX_POINT('',#11802);
#3531=VERTEX_POINT('',#11804);
#3532=VERTEX_POINT('',#11806);
#3533=VERTEX_POINT('',#11808);
#3534=VERTEX_POINT('',#11810);
#3535=VERTEX_POINT('',#11812);
#3536=VERTEX_POINT('',#11814);
#3537=VERTEX_POINT('',#11816);
#3538=VERTEX_POINT('',#11818);
#3539=VERTEX_POINT('',#11820);
#3540=VERTEX_POINT('',#11822);
#3541=VERTEX_POINT('',#11824);
#3542=VERTEX_POINT('',#11827);
#3543=VERTEX_POINT('',#11828);
#3544=VERTEX_POINT('',#11830);
#3545=VERTEX_POINT('',#11832);
#3546=VERTEX_POINT('',#11835);
#3547=VERTEX_POINT('',#11840);
#3548=VERTEX_POINT('',#11842);
#3549=VERTEX_POINT('',#11847);
#3550=VERTEX_POINT('',#11849);
#3551=VERTEX_POINT('',#11851);
#3552=VERTEX_POINT('',#11853);
#3553=VERTEX_POINT('',#11855);
#3554=VERTEX_POINT('',#11857);
#3555=VERTEX_POINT('',#11865);
#3556=VERTEX_POINT('',#11866);
#3557=VERTEX_POINT('',#11868);
#3558=VERTEX_POINT('',#11870);
#3559=VERTEX_POINT('',#11872);
#3560=VERTEX_POINT('',#11876);
#3561=VERTEX_POINT('',#11877);
#3562=VERTEX_POINT('',#11879);
#3563=VERTEX_POINT('',#11881);
#3564=VERTEX_POINT('',#11883);
#3565=VERTEX_POINT('',#11889);
#3566=VERTEX_POINT('',#11890);
#3567=VERTEX_POINT('',#11897);
#3568=VERTEX_POINT('',#11899);
#3569=VERTEX_POINT('',#11901);
#3570=VERTEX_POINT('',#11907);
#3571=VERTEX_POINT('',#11909);
#3572=VERTEX_POINT('',#11911);
#3573=VERTEX_POINT('',#11913);
#3574=VERTEX_POINT('',#11917);
#3575=VERTEX_POINT('',#11919);
#3576=VERTEX_POINT('',#11921);
#3577=VERTEX_POINT('',#11923);
#3578=VERTEX_POINT('',#11925);
#3579=VERTEX_POINT('',#11929);
#3580=VERTEX_POINT('',#11931);
#3581=VERTEX_POINT('',#11933);
#3582=VERTEX_POINT('',#11937);
#3583=VERTEX_POINT('',#11939);
#3584=VERTEX_POINT('',#11943);
#3585=VERTEX_POINT('',#11945);
#3586=VERTEX_POINT('',#11962);
#3587=VERTEX_POINT('',#11964);
#3588=VERTEX_POINT('',#11968);
#3589=VERTEX_POINT('',#11971);
#3590=VERTEX_POINT('',#11975);
#3591=VERTEX_POINT('',#11980);
#3592=VERTEX_POINT('',#11982);
#3593=VERTEX_POINT('',#11987);
#3594=VERTEX_POINT('',#11989);
#3595=VERTEX_POINT('',#11991);
#3596=VERTEX_POINT('',#11993);
#3597=VERTEX_POINT('',#11998);
#3598=VERTEX_POINT('',#12001);
#3599=VERTEX_POINT('',#12003);
#3600=VERTEX_POINT('',#12005);
#3601=VERTEX_POINT('',#12009);
#3602=VERTEX_POINT('',#12020);
#3603=VERTEX_POINT('',#12028);
#3604=VERTEX_POINT('',#12030);
#3605=VERTEX_POINT('',#12034);
#3606=VERTEX_POINT('',#12036);
#3607=VERTEX_POINT('',#12038);
#3608=VERTEX_POINT('',#12040);
#3609=VERTEX_POINT('',#12042);
#3610=VERTEX_POINT('',#12047);
#3611=VERTEX_POINT('',#12053);
#3612=VERTEX_POINT('',#12055);
#3613=VERTEX_POINT('',#12063);
#3614=VERTEX_POINT('',#12067);
#3615=VERTEX_POINT('',#12074);
#3616=VERTEX_POINT('',#12075);
#3617=VERTEX_POINT('',#12077);
#3618=VERTEX_POINT('',#12079);
#3619=VERTEX_POINT('',#12083);
#3620=VERTEX_POINT('',#12085);
#3621=VERTEX_POINT('',#12087);
#3622=VERTEX_POINT('',#12089);
#3623=VERTEX_POINT('',#12091);
#3624=VERTEX_POINT('',#12093);
#3625=VERTEX_POINT('',#12095);
#3626=VERTEX_POINT('',#12097);
#3627=VERTEX_POINT('',#12099);
#3628=VERTEX_POINT('',#12101);
#3629=VERTEX_POINT('',#12103);
#3630=VERTEX_POINT('',#12105);
#3631=VERTEX_POINT('',#12107);
#3632=VERTEX_POINT('',#12109);
#3633=VERTEX_POINT('',#12111);
#3634=VERTEX_POINT('',#12113);
#3635=VERTEX_POINT('',#12115);
#3636=VERTEX_POINT('',#12117);
#3637=VERTEX_POINT('',#12119);
#3638=VERTEX_POINT('',#12121);
#3639=VERTEX_POINT('',#12123);
#3640=VERTEX_POINT('',#12127);
#3641=VERTEX_POINT('',#12130);
#3642=VERTEX_POINT('',#12132);
#3643=VERTEX_POINT('',#12135);
#3644=VERTEX_POINT('',#12137);
#3645=VERTEX_POINT('',#12139);
#3646=VERTEX_POINT('',#12141);
#3647=VERTEX_POINT('',#12144);
#3648=VERTEX_POINT('',#12145);
#3649=VERTEX_POINT('',#12147);
#3650=VERTEX_POINT('',#12149);
#3651=VERTEX_POINT('',#12151);
#3652=VERTEX_POINT('',#12153);
#3653=VERTEX_POINT('',#12157);
#3654=VERTEX_POINT('',#12159);
#3655=VERTEX_POINT('',#12163);
#3656=VERTEX_POINT('',#12165);
#3657=VERTEX_POINT('',#12167);
#3658=VERTEX_POINT('',#12169);
#3659=VERTEX_POINT('',#12173);
#3660=VERTEX_POINT('',#12174);
#3661=VERTEX_POINT('',#12176);
#3662=VERTEX_POINT('',#12178);
#3663=VERTEX_POINT('',#12180);
#3664=VERTEX_POINT('',#12182);
#3665=VERTEX_POINT('',#12186);
#3666=VERTEX_POINT('',#12187);
#3667=VERTEX_POINT('',#12189);
#3668=VERTEX_POINT('',#12191);
#3669=VERTEX_POINT('',#12193);
#3670=VERTEX_POINT('',#12195);
#3671=VERTEX_POINT('',#12199);
#3672=VERTEX_POINT('',#12203);
#3673=VERTEX_POINT('',#12204);
#3674=VERTEX_POINT('',#12206);
#3675=VERTEX_POINT('',#12208);
#3676=VERTEX_POINT('',#12214);
#3677=VERTEX_POINT('',#12215);
#3678=VERTEX_POINT('',#12220);
#3679=VERTEX_POINT('',#12222);
#3680=VERTEX_POINT('',#12226);
#3681=VERTEX_POINT('',#12228);
#3682=VERTEX_POINT('',#12230);
#3683=VERTEX_POINT('',#12232);
#3684=VERTEX_POINT('',#12236);
#3685=VERTEX_POINT('',#12240);
#3686=VERTEX_POINT('',#12242);
#3687=VERTEX_POINT('',#12244);
#3688=VERTEX_POINT('',#12248);
#3689=VERTEX_POINT('',#12249);
#3690=VERTEX_POINT('',#12251);
#3691=VERTEX_POINT('',#12254);
#3692=VERTEX_POINT('',#12256);
#3693=VERTEX_POINT('',#12258);
#3694=VERTEX_POINT('',#12262);
#3695=VERTEX_POINT('',#12264);
#3696=VERTEX_POINT('',#12266);
#3697=VERTEX_POINT('',#12268);
#3698=VERTEX_POINT('',#12270);
#3699=VERTEX_POINT('',#12272);
#3700=VERTEX_POINT('',#12274);
#3701=VERTEX_POINT('',#12276);
#3702=VERTEX_POINT('',#12278);
#3703=VERTEX_POINT('',#12282);
#3704=VERTEX_POINT('',#12286);
#3705=VERTEX_POINT('',#12299);
#3706=VERTEX_POINT('',#12300);
#3707=VERTEX_POINT('',#12302);
#3708=VERTEX_POINT('',#12304);
#3709=VERTEX_POINT('',#12308);
#3710=VERTEX_POINT('',#12310);
#3711=VERTEX_POINT('',#12314);
#3712=VERTEX_POINT('',#12321);
#3713=VERTEX_POINT('',#12322);
#3714=VERTEX_POINT('',#12327);
#3715=VERTEX_POINT('',#12331);
#3716=VERTEX_POINT('',#12332);
#3717=VERTEX_POINT('',#12337);
#3718=VERTEX_POINT('',#12339);
#3719=VERTEX_POINT('',#12343);
#3720=VERTEX_POINT('',#12347);
#3721=VERTEX_POINT('',#12351);
#3722=VERTEX_POINT('',#12355);
#3723=VERTEX_POINT('',#12359);
#3724=VERTEX_POINT('',#12363);
#3725=VERTEX_POINT('',#12365);
#3726=VERTEX_POINT('',#12369);
#3727=VERTEX_POINT('',#12375);
#3728=VERTEX_POINT('',#12381);
#3729=VERTEX_POINT('',#12383);
#3730=VERTEX_POINT('',#12391);
#3731=VERTEX_POINT('',#12395);
#3732=VERTEX_POINT('',#12399);
#3733=VERTEX_POINT('',#12403);
#3734=VERTEX_POINT('',#12405);
#3735=VERTEX_POINT('',#12409);
#3736=VERTEX_POINT('',#12411);
#3737=VERTEX_POINT('',#12415);
#3738=VERTEX_POINT('',#12420);
#3739=VERTEX_POINT('',#12424);
#3740=VERTEX_POINT('',#12427);
#3741=VERTEX_POINT('',#12435);
#3742=VERTEX_POINT('',#12443);
#3743=VERTEX_POINT('',#12447);
#3744=VERTEX_POINT('',#12454);
#3745=VERTEX_POINT('',#12469);
#3746=VERTEX_POINT('',#12473);
#3747=VERTEX_POINT('',#12478);
#3748=VERTEX_POINT('',#12479);
#3749=VERTEX_POINT('',#12481);
#3750=VERTEX_POINT('',#12483);
#3751=VERTEX_POINT('',#12485);
#3752=VERTEX_POINT('',#12487);
#3753=VERTEX_POINT('',#12489);
#3754=VERTEX_POINT('',#12491);
#3755=VERTEX_POINT('',#12493);
#3756=VERTEX_POINT('',#12495);
#3757=VERTEX_POINT('',#12497);
#3758=VERTEX_POINT('',#12499);
#3759=VERTEX_POINT('',#12501);
#3760=VERTEX_POINT('',#12503);
#3761=VERTEX_POINT('',#12505);
#3762=VERTEX_POINT('',#12507);
#3763=VERTEX_POINT('',#12509);
#3764=VERTEX_POINT('',#12511);
#3765=VERTEX_POINT('',#12513);
#3766=VERTEX_POINT('',#12515);
#3767=VERTEX_POINT('',#12517);
#3768=VERTEX_POINT('',#12519);
#3769=VERTEX_POINT('',#12521);
#3770=VERTEX_POINT('',#12523);
#3771=VERTEX_POINT('',#12525);
#3772=VERTEX_POINT('',#12527);
#3773=VERTEX_POINT('',#12529);
#3774=VERTEX_POINT('',#12531);
#3775=VERTEX_POINT('',#12535);
#3776=VERTEX_POINT('',#12537);
#3777=VERTEX_POINT('',#12541);
#3778=VERTEX_POINT('',#12543);
#3779=VERTEX_POINT('',#12546);
#3780=VERTEX_POINT('',#12550);
#3781=VERTEX_POINT('',#12554);
#3782=VERTEX_POINT('',#12558);
#3783=VERTEX_POINT('',#12562);
#3784=VERTEX_POINT('',#12566);
#3785=VERTEX_POINT('',#12570);
#3786=VERTEX_POINT('',#12574);
#3787=VERTEX_POINT('',#12578);
#3788=VERTEX_POINT('',#12582);
#3789=VERTEX_POINT('',#12588);
#3790=VERTEX_POINT('',#12590);
#3791=VERTEX_POINT('',#12594);
#3792=VERTEX_POINT('',#12598);
#3793=VERTEX_POINT('',#12600);
#3794=VERTEX_POINT('',#12604);
#3795=VERTEX_POINT('',#12606);
#3796=VERTEX_POINT('',#12610);
#3797=VERTEX_POINT('',#12612);
#3798=VERTEX_POINT('',#12614);
#3799=VERTEX_POINT('',#12616);
#3800=VERTEX_POINT('',#12618);
#3801=VERTEX_POINT('',#12620);
#3802=VERTEX_POINT('',#12624);
#3803=VERTEX_POINT('',#12626);
#3804=VERTEX_POINT('',#12630);
#3805=VERTEX_POINT('',#12632);
#3806=VERTEX_POINT('',#12634);
#3807=VERTEX_POINT('',#12636);
#3808=VERTEX_POINT('',#12640);
#3809=VERTEX_POINT('',#12642);
#3810=VERTEX_POINT('',#12646);
#3811=VERTEX_POINT('',#12648);
#3812=VERTEX_POINT('',#12652);
#3813=VERTEX_POINT('',#12654);
#3814=VERTEX_POINT('',#12658);
#3815=VERTEX_POINT('',#12662);
#3816=VERTEX_POINT('',#12668);
#3817=VERTEX_POINT('',#12672);
#3818=VERTEX_POINT('',#12673);
#3819=VERTEX_POINT('',#12675);
#3820=VERTEX_POINT('',#12677);
#3821=VERTEX_POINT('',#12681);
#3822=VERTEX_POINT('',#12683);
#3823=VERTEX_POINT('',#12688);
#3824=VERTEX_POINT('',#12692);
#3825=VERTEX_POINT('',#12696);
#3826=VERTEX_POINT('',#12697);
#3827=VERTEX_POINT('',#12699);
#3828=VERTEX_POINT('',#12701);
#3829=VERTEX_POINT('',#12705);
#3830=VERTEX_POINT('',#12707);
#3831=VERTEX_POINT('',#12711);
#3832=VERTEX_POINT('',#12712);
#3833=VERTEX_POINT('',#12714);
#3834=VERTEX_POINT('',#12716);
#3835=VERTEX_POINT('',#12720);
#3836=VERTEX_POINT('',#12721);
#3837=VERTEX_POINT('',#12723);
#3838=VERTEX_POINT('',#12725);
#3839=VERTEX_POINT('',#12729);
#3840=VERTEX_POINT('',#12730);
#3841=VERTEX_POINT('',#12735);
#3842=VERTEX_POINT('',#12737);
#3843=VERTEX_POINT('',#12745);
#3844=VERTEX_POINT('',#12749);
#3845=VERTEX_POINT('',#12751);
#3846=VERTEX_POINT('',#12753);
#3847=VERTEX_POINT('',#12757);
#3848=VERTEX_POINT('',#12759);
#3849=VERTEX_POINT('',#12761);
#3850=VERTEX_POINT('',#12765);
#3851=VERTEX_POINT('',#12769);
#3852=VERTEX_POINT('',#12773);
#3853=VERTEX_POINT('',#12777);
#3854=VERTEX_POINT('',#12779);
#3855=VERTEX_POINT('',#12783);
#3856=VERTEX_POINT('',#12790);
#3857=VERTEX_POINT('',#12817);
#3858=VERTEX_POINT('',#12819);
#3859=VERTEX_POINT('',#12825);
#3860=VERTEX_POINT('',#12826);
#3861=VERTEX_POINT('',#12828);
#3862=VERTEX_POINT('',#12830);
#3863=VERTEX_POINT('',#12834);
#3864=VERTEX_POINT('',#12836);
#3865=VERTEX_POINT('',#12838);
#3866=VERTEX_POINT('',#12840);
#3867=VERTEX_POINT('',#12842);
#3868=VERTEX_POINT('',#12844);
#3869=VERTEX_POINT('',#12846);
#3870=VERTEX_POINT('',#12848);
#3871=VERTEX_POINT('',#12851);
#3872=VERTEX_POINT('',#12852);
#3873=VERTEX_POINT('',#12854);
#3874=VERTEX_POINT('',#12856);
#3875=VERTEX_POINT('',#12859);
#3876=VERTEX_POINT('',#12861);
#3877=VERTEX_POINT('',#12864);
#3878=VERTEX_POINT('',#12868);
#3879=VERTEX_POINT('',#12869);
#3880=VERTEX_POINT('',#12871);
#3881=VERTEX_POINT('',#12873);
#3882=VERTEX_POINT('',#12877);
#3883=VERTEX_POINT('',#12878);
#3884=VERTEX_POINT('',#12880);
#3885=VERTEX_POINT('',#12882);
#3886=VERTEX_POINT('',#12886);
#3887=VERTEX_POINT('',#12888);
#3888=VERTEX_POINT('',#12891);
#3889=VERTEX_POINT('',#12893);
#3890=VERTEX_POINT('',#12895);
#3891=VERTEX_POINT('',#12897);
#3892=VERTEX_POINT('',#12901);
#3893=VERTEX_POINT('',#12902);
#3894=VERTEX_POINT('',#12905);
#3895=VERTEX_POINT('',#12907);
#3896=VERTEX_POINT('',#12909);
#3897=VERTEX_POINT('',#12911);
#3898=VERTEX_POINT('',#12915);
#3899=VERTEX_POINT('',#12917);
#3900=VERTEX_POINT('',#12921);
#3901=VERTEX_POINT('',#12922);
#3902=VERTEX_POINT('',#12924);
#3903=VERTEX_POINT('',#12927);
#3904=VERTEX_POINT('',#12929);
#3905=VERTEX_POINT('',#12931);
#3906=VERTEX_POINT('',#12933);
#3907=VERTEX_POINT('',#12935);
#3908=VERTEX_POINT('',#12937);
#3909=VERTEX_POINT('',#12939);
#3910=VERTEX_POINT('',#12941);
#3911=VERTEX_POINT('',#12943);
#3912=VERTEX_POINT('',#12945);
#3913=VERTEX_POINT('',#12947);
#3914=VERTEX_POINT('',#12951);
#3915=VERTEX_POINT('',#12952);
#3916=VERTEX_POINT('',#12954);
#3917=VERTEX_POINT('',#12956);
#3918=VERTEX_POINT('',#12963);
#3919=VERTEX_POINT('',#12965);
#3920=VERTEX_POINT('',#12969);
#3921=VERTEX_POINT('',#12971);
#3922=VERTEX_POINT('',#12973);
#3923=VERTEX_POINT('',#12975);
#3924=VERTEX_POINT('',#12979);
#3925=VERTEX_POINT('',#12981);
#3926=VERTEX_POINT('',#12985);
#3927=VERTEX_POINT('',#12987);
#3928=VERTEX_POINT('',#12991);
#3929=VERTEX_POINT('',#12995);
#3930=VERTEX_POINT('',#12997);
#3931=VERTEX_POINT('',#13001);
#3932=VERTEX_POINT('',#13003);
#3933=VERTEX_POINT('',#13010);
#3934=VERTEX_POINT('',#13014);
#3935=VERTEX_POINT('',#13016);
#3936=VERTEX_POINT('',#13020);
#3937=VERTEX_POINT('',#13022);
#3938=VERTEX_POINT('',#13026);
#3939=VERTEX_POINT('',#13030);
#3940=VERTEX_POINT('',#13032);
#3941=VERTEX_POINT('',#13036);
#3942=VERTEX_POINT('',#13052);
#3943=VERTEX_POINT('',#13053);
#3944=VERTEX_POINT('',#13055);
#3945=VERTEX_POINT('',#13057);
#3946=VERTEX_POINT('',#13061);
#3947=VERTEX_POINT('',#13063);
#3948=VERTEX_POINT('',#13067);
#3949=VERTEX_POINT('',#13069);
#3950=VERTEX_POINT('',#13073);
#3951=VERTEX_POINT('',#13077);
#3952=VERTEX_POINT('',#13081);
#3953=VERTEX_POINT('',#13083);
#3954=VERTEX_POINT('',#13087);
#3955=VERTEX_POINT('',#13089);
#3956=VERTEX_POINT('',#13093);
#3957=VERTEX_POINT('',#13096);
#3958=VERTEX_POINT('',#13102);
#3959=VERTEX_POINT('',#13104);
#3960=VERTEX_POINT('',#13106);
#3961=VERTEX_POINT('',#13113);
#3962=VERTEX_POINT('',#13117);
#3963=VERTEX_POINT('',#13121);
#3964=VERTEX_POINT('',#13125);
#3965=VERTEX_POINT('',#13127);
#3966=VERTEX_POINT('',#13131);
#3967=VERTEX_POINT('',#13133);
#3968=VERTEX_POINT('',#13140);
#3969=VERTEX_POINT('',#13141);
#3970=VERTEX_POINT('',#13143);
#3971=VERTEX_POINT('',#13145);
#3972=VERTEX_POINT('',#13155);
#3973=VERTEX_POINT('',#13157);
#3974=VERTEX_POINT('',#13166);
#3975=VERTEX_POINT('',#13170);
#3976=VERTEX_POINT('',#13172);
#3977=VERTEX_POINT('',#13174);
#3978=VERTEX_POINT('',#13176);
#3979=VERTEX_POINT('',#13178);
#3980=VERTEX_POINT('',#13180);
#3981=VERTEX_POINT('',#13182);
#3982=VERTEX_POINT('',#13184);
#3983=VERTEX_POINT('',#13186);
#3984=VERTEX_POINT('',#13188);
#3985=VERTEX_POINT('',#13190);
#3986=VERTEX_POINT('',#13192);
#3987=VERTEX_POINT('',#13194);
#3988=VERTEX_POINT('',#13196);
#3989=VERTEX_POINT('',#13198);
#3990=VERTEX_POINT('',#13200);
#3991=VERTEX_POINT('',#13202);
#3992=VERTEX_POINT('',#13204);
#3993=VERTEX_POINT('',#13206);
#3994=VERTEX_POINT('',#13210);
#3995=VERTEX_POINT('',#13211);
#3996=VERTEX_POINT('',#13213);
#3997=VERTEX_POINT('',#13215);
#3998=VERTEX_POINT('',#13219);
#3999=VERTEX_POINT('',#13221);
#4000=VERTEX_POINT('',#13223);
#4001=VERTEX_POINT('',#13225);
#4002=VERTEX_POINT('',#13229);
#4003=VERTEX_POINT('',#13233);
#4004=VERTEX_POINT('',#13237);
#4005=VERTEX_POINT('',#13241);
#4006=VERTEX_POINT('',#13243);
#4007=VERTEX_POINT('',#13247);
#4008=VERTEX_POINT('',#13248);
#4009=VERTEX_POINT('',#13250);
#4010=VERTEX_POINT('',#13252);
#4011=VERTEX_POINT('',#13256);
#4012=VERTEX_POINT('',#13263);
#4013=VERTEX_POINT('',#13265);
#4014=VERTEX_POINT('',#13269);
#4015=VERTEX_POINT('',#13273);
#4016=VERTEX_POINT('',#13277);
#4017=VERTEX_POINT('',#13279);
#4018=VERTEX_POINT('',#13281);
#4019=VERTEX_POINT('',#13283);
#4020=VERTEX_POINT('',#13288);
#4021=VERTEX_POINT('',#13292);
#4022=VERTEX_POINT('',#13296);
#4023=VERTEX_POINT('',#13298);
#4024=VERTEX_POINT('',#13300);
#4025=VERTEX_POINT('',#13302);
#4026=VERTEX_POINT('',#13304);
#4027=VERTEX_POINT('',#13306);
#4028=VERTEX_POINT('',#13308);
#4029=VERTEX_POINT('',#13310);
#4030=VERTEX_POINT('',#13312);
#4031=VERTEX_POINT('',#13314);
#4032=VERTEX_POINT('',#13316);
#4033=VERTEX_POINT('',#13318);
#4034=VERTEX_POINT('',#13321);
#4035=VERTEX_POINT('',#13324);
#4036=VERTEX_POINT('',#13331);
#4037=VERTEX_POINT('',#13332);
#4038=VERTEX_POINT('',#13337);
#4039=VERTEX_POINT('',#13341);
#4040=VERTEX_POINT('',#13342);
#4041=VERTEX_POINT('',#13347);
#4042=VERTEX_POINT('',#13351);
#4043=VERTEX_POINT('',#13358);
#4044=VERTEX_POINT('',#13359);
#4045=VERTEX_POINT('',#13364);
#4046=VERTEX_POINT('',#13368);
#4047=VERTEX_POINT('',#13375);
#4048=VERTEX_POINT('',#13376);
#4049=VERTEX_POINT('',#13381);
#4050=VERTEX_POINT('',#13385);
#4051=VERTEX_POINT('',#13392);
#4052=VERTEX_POINT('',#13393);
#4053=VERTEX_POINT('',#13400);
#4054=VERTEX_POINT('',#13404);
#4055=VERTEX_POINT('',#13406);
#4056=VERTEX_POINT('',#13409);
#4057=VERTEX_POINT('',#13413);
#4058=VERTEX_POINT('',#13427);
#4059=VERTEX_POINT('',#13438);
#4060=VERTEX_POINT('',#13439);
#4061=VERTEX_POINT('',#13441);
#4062=VERTEX_POINT('',#13443);
#4063=VERTEX_POINT('',#13447);
#4064=VERTEX_POINT('',#13449);
#4065=VERTEX_POINT('',#13452);
#4066=VERTEX_POINT('',#13455);
#4067=VERTEX_POINT('',#13456);
#4068=VERTEX_POINT('',#13458);
#4069=VERTEX_POINT('',#13460);
#4070=VERTEX_POINT('',#13464);
#4071=VERTEX_POINT('',#13469);
#4072=VERTEX_POINT('',#13473);
#4073=VERTEX_POINT('',#13481);
#4074=VERTEX_POINT('',#13483);
#4075=VERTEX_POINT('',#13487);
#4076=VERTEX_POINT('',#13488);
#4077=VERTEX_POINT('',#13490);
#4078=VERTEX_POINT('',#13492);
#4079=EDGE_CURVE('',#3294,#3295,#1054,.T.);
#4080=EDGE_CURVE('',#3295,#3296,#1055,.T.);
#4081=EDGE_CURVE('',#3296,#3297,#1056,.T.);
#4082=EDGE_CURVE('',#3297,#3294,#1057,.T.);
#4083=EDGE_CURVE('',#3298,#3299,#1058,.T.);
#4084=EDGE_CURVE('',#3299,#3300,#1059,.T.);
#4085=EDGE_CURVE('',#3300,#3301,#1060,.T.);
#4086=EDGE_CURVE('',#3301,#3298,#1061,.T.);
#4087=EDGE_CURVE('',#3302,#3303,#1062,.T.);
#4088=EDGE_CURVE('',#3303,#3304,#1063,.T.);
#4089=EDGE_CURVE('',#3304,#3305,#1064,.T.);
#4090=EDGE_CURVE('',#3305,#3306,#1065,.T.);
#4091=EDGE_CURVE('',#3306,#3307,#1066,.T.);
#4092=EDGE_CURVE('',#3307,#3302,#1067,.T.);
#4093=EDGE_CURVE('',#3308,#3309,#1068,.T.);
#4094=EDGE_CURVE('',#3309,#3310,#1069,.T.);
#4095=EDGE_CURVE('',#3310,#3311,#1070,.T.);
#4096=EDGE_CURVE('',#3311,#3308,#1071,.T.);
#4097=EDGE_CURVE('',#3312,#3313,#1072,.T.);
#4098=EDGE_CURVE('',#3314,#3313,#1073,.T.);
#4099=EDGE_CURVE('',#3315,#3314,#1074,.T.);
#4100=EDGE_CURVE('',#3315,#3316,#1075,.T.);
#4101=EDGE_CURVE('',#3316,#3317,#1076,.T.);
#4102=EDGE_CURVE('',#3318,#3317,#98,.T.);
#4103=EDGE_CURVE('',#3319,#3318,#1077,.T.);
#4104=EDGE_CURVE('',#3320,#3319,#1078,.T.);
#4105=EDGE_CURVE('',#3320,#3321,#1079,.T.);
#4106=EDGE_CURVE('',#3321,#3322,#1080,.T.);
#4107=EDGE_CURVE('',#3322,#3312,#1081,.T.);
#4108=EDGE_CURVE('',#3321,#3305,#1082,.T.);
#4109=EDGE_CURVE('',#3306,#3320,#1083,.T.);
#4110=EDGE_CURVE('',#3322,#3304,#1084,.T.);
#4111=EDGE_CURVE('',#3323,#3319,#1085,.T.);
#4112=EDGE_CURVE('',#3324,#3323,#1086,.T.);
#4113=EDGE_CURVE('',#3307,#3324,#1087,.T.);
#4114=EDGE_CURVE('',#3325,#3326,#1088,.T.);
#4115=EDGE_CURVE('',#3327,#3325,#1089,.T.);
#4116=EDGE_CURVE('',#3328,#3327,#1090,.T.);
#4117=EDGE_CURVE('',#3328,#3326,#1091,.T.);
#4118=EDGE_CURVE('',#3329,#3330,#1092,.T.);
#4119=EDGE_CURVE('',#3330,#3331,#1093,.T.);
#4120=EDGE_CURVE('',#3332,#3331,#99,.T.);
#4121=EDGE_CURVE('',#3332,#3333,#1094,.T.);
#4122=EDGE_CURVE('',#3329,#3333,#1095,.T.);
#4123=EDGE_CURVE('',#3334,#3332,#1096,.T.);
#4124=EDGE_CURVE('',#3334,#3335,#1097,.T.);
#4125=EDGE_CURVE('',#3333,#3335,#1098,.T.);
#4126=EDGE_CURVE('',#3325,#3336,#1099,.T.);
#4127=EDGE_CURVE('',#3336,#3337,#1100,.T.);
#4128=EDGE_CURVE('',#3337,#3327,#1101,.T.);
#4129=EDGE_CURVE('',#3336,#3338,#1102,.T.);
#4130=EDGE_CURVE('',#3326,#3339,#1103,.T.);
#4131=EDGE_CURVE('',#3339,#3340,#1104,.T.);
#4132=EDGE_CURVE('',#3341,#3340,#1105,.T.);
#4133=EDGE_CURVE('',#3341,#3342,#1106,.T.);
#4134=EDGE_CURVE('',#3342,#3343,#1107,.T.);
#4135=EDGE_CURVE('',#3343,#3344,#1108,.T.);
#4136=EDGE_CURVE('',#3344,#3345,#1109,.T.);
#4137=EDGE_CURVE('',#3346,#3345,#1110,.T.);
#4138=EDGE_CURVE('',#3346,#3347,#1111,.T.);
#4139=EDGE_CURVE('',#3348,#3347,#1112,.T.);
#4140=EDGE_CURVE('',#3338,#3348,#1113,.T.);
#4141=EDGE_CURVE('',#3349,#3350,#1114,.T.);
#4142=EDGE_CURVE('',#3351,#3350,#1115,.T.);
#4143=EDGE_CURVE('',#3352,#3351,#1116,.T.);
#4144=EDGE_CURVE('',#3349,#3352,#1117,.T.);
#4145=EDGE_CURVE('',#3353,#3354,#1118,.T.);
#4146=EDGE_CURVE('',#3353,#3355,#1119,.T.);
#4147=EDGE_CURVE('',#3356,#3355,#1120,.T.);
#4148=EDGE_CURVE('',#3354,#3356,#1121,.T.);
#4149=EDGE_CURVE('',#3354,#3357,#100,.T.);
#4150=EDGE_CURVE('',#3358,#3356,#1122,.T.);
#4151=EDGE_CURVE('',#3358,#3359,#1123,.T.);
#4152=EDGE_CURVE('',#3359,#3357,#1124,.T.);
#4153=EDGE_CURVE('',#3351,#3360,#1125,.T.);
#4154=EDGE_CURVE('',#3360,#3361,#1126,.T.);
#4155=EDGE_CURVE('',#3361,#3352,#1127,.T.);
#4156=EDGE_CURVE('',#3360,#3362,#1128,.T.);
#4157=EDGE_CURVE('',#3350,#3363,#1129,.T.);
#4158=EDGE_CURVE('',#3363,#3364,#1130,.T.);
#4159=EDGE_CURVE('',#3365,#3364,#1131,.T.);
#4160=EDGE_CURVE('',#3365,#3366,#1132,.T.);
#4161=EDGE_CURVE('',#3366,#3367,#1133,.T.);
#4162=EDGE_CURVE('',#3367,#3368,#1134,.T.);
#4163=EDGE_CURVE('',#3368,#3369,#1135,.T.);
#4164=EDGE_CURVE('',#3370,#3369,#1136,.T.);
#4165=EDGE_CURVE('',#3370,#3371,#1137,.T.);
#4166=EDGE_CURVE('',#3372,#3371,#1138,.T.);
#4167=EDGE_CURVE('',#3362,#3372,#1139,.T.);
#4168=EDGE_CURVE('',#3373,#3296,#1140,.T.);
#4169=EDGE_CURVE('',#3373,#3374,#1141,.T.);
#4170=EDGE_CURVE('',#3374,#3297,#1142,.T.);
#4171=EDGE_CURVE('',#3375,#3353,#1143,.T.);
#4172=EDGE_CURVE('',#3376,#3375,#1144,.T.);
#4173=EDGE_CURVE('',#3376,#3377,#1145,.T.);
#4174=EDGE_CURVE('',#3355,#3377,#1146,.T.);
#4175=EDGE_CURVE('',#3378,#3375,#1147,.T.);
#4176=EDGE_CURVE('',#3379,#3378,#1148,.T.);
#4177=EDGE_CURVE('',#3380,#3379,#1149,.T.);
#4178=EDGE_CURVE('',#3381,#3380,#1150,.T.);
#4179=EDGE_CURVE('',#3382,#3381,#1151,.T.);
#4180=EDGE_CURVE('',#3383,#3382,#1152,.T.);
#4181=EDGE_CURVE('',#3384,#3383,#1153,.T.);
#4182=EDGE_CURVE('',#3376,#3384,#1154,.T.);
#4183=EDGE_CURVE('',#3357,#3385,#1155,.T.);
#4184=EDGE_CURVE('',#3385,#3386,#101,.T.);
#4185=EDGE_CURVE('',#3386,#3353,#1156,.T.);
#4186=EDGE_CURVE('',#3378,#3386,#1157,.T.);
#4187=EDGE_CURVE('',#3385,#3387,#1158,.T.);
#4188=EDGE_CURVE('',#3387,#3388,#1159,.T.);
#4189=EDGE_CURVE('',#3388,#3389,#1160,.T.);
#4190=EDGE_CURVE('',#3364,#3389,#1161,.T.);
#4191=EDGE_CURVE('',#3363,#3390,#1162,.T.);
#4192=EDGE_CURVE('',#3374,#3390,#1163,.T.);
#4193=EDGE_CURVE('',#3391,#3373,#1164,.T.);
#4194=EDGE_CURVE('',#3392,#3391,#1165,.T.);
#4195=EDGE_CURVE('',#3392,#3378,#1166,.T.);
#4196=EDGE_CURVE('',#3393,#3393,#102,.T.);
#4197=EDGE_CURVE('',#3394,#3395,#1167,.T.);
#4198=EDGE_CURVE('',#3394,#3396,#1168,.T.);
#4199=EDGE_CURVE('',#3396,#3397,#1169,.T.);
#4200=EDGE_CURVE('',#3397,#3395,#1170,.T.);
#4201=EDGE_CURVE('',#3398,#3399,#1171,.T.);
#4202=EDGE_CURVE('',#3399,#3400,#1172,.T.);
#4203=EDGE_CURVE('',#3400,#3401,#1173,.T.);
#4204=EDGE_CURVE('',#3401,#3402,#1174,.T.);
#4205=EDGE_CURVE('',#3402,#3398,#1175,.T.);
#4206=EDGE_CURVE('',#3403,#3404,#1176,.T.);
#4207=EDGE_CURVE('',#3404,#3372,#1177,.T.);
#4208=EDGE_CURVE('',#3405,#3371,#1178,.T.);
#4209=EDGE_CURVE('',#3403,#3405,#1179,.T.);
#4210=EDGE_CURVE('',#3359,#3387,#1180,.T.);
#4211=EDGE_CURVE('',#3406,#3407,#1181,.T.);
#4212=EDGE_CURVE('',#3404,#3406,#1182,.T.);
#4213=EDGE_CURVE('',#3408,#3403,#1183,.T.);
#4214=EDGE_CURVE('',#3409,#3408,#1184,.T.);
#4215=EDGE_CURVE('',#3399,#3409,#1185,.T.);
#4216=EDGE_CURVE('',#3388,#3398,#1186,.T.);
#4217=EDGE_CURVE('',#3407,#3358,#1187,.T.);
#4218=EDGE_CURVE('',#3410,#3408,#1188,.T.);
#4219=EDGE_CURVE('',#3411,#3410,#1189,.T.);
#4220=EDGE_CURVE('',#3411,#3412,#1190,.T.);
#4221=EDGE_CURVE('',#3409,#3412,#1191,.T.);
#4222=EDGE_CURVE('',#3362,#3406,#1192,.T.);
#4223=EDGE_CURVE('',#3413,#3381,#1193,.T.);
#4224=EDGE_CURVE('',#3413,#3414,#1194,.T.);
#4225=EDGE_CURVE('',#3414,#3415,#1195,.T.);
#4226=EDGE_CURVE('',#3416,#3415,#1196,.T.);
#4227=EDGE_CURVE('',#3382,#3416,#1197,.T.);
#4228=EDGE_CURVE('',#3380,#3417,#1198,.T.);
#4229=EDGE_CURVE('',#3417,#3418,#1199,.T.);
#4230=EDGE_CURVE('',#3418,#3419,#1200,.T.);
#4231=EDGE_CURVE('',#3419,#3420,#1201,.T.);
#4232=EDGE_CURVE('',#3421,#3420,#1202,.T.);
#4233=EDGE_CURVE('',#3421,#3413,#1203,.T.);
#4234=EDGE_CURVE('',#3422,#3379,#1204,.T.);
#4235=EDGE_CURVE('',#3423,#3422,#1205,.T.);
#4236=EDGE_CURVE('',#3423,#3424,#1206,.T.);
#4237=EDGE_CURVE('',#3417,#3424,#1207,.T.);
#4238=EDGE_CURVE('',#3425,#3420,#1208,.T.);
#4239=EDGE_CURVE('',#3425,#3426,#1209,.T.);
#4240=EDGE_CURVE('',#3421,#3426,#1210,.T.);
#4241=EDGE_CURVE('',#3427,#3419,#1211,.T.);
#4242=EDGE_CURVE('',#3428,#3418,#1212,.T.);
#4243=EDGE_CURVE('',#3427,#3428,#1213,.T.);
#4244=EDGE_CURVE('',#3426,#3414,#1214,.T.);
#4245=EDGE_CURVE('',#3415,#3425,#1215,.T.);
#4246=EDGE_CURVE('',#3424,#3428,#1216,.T.);
#4247=EDGE_CURVE('',#3427,#3423,#1217,.T.);
#4248=EDGE_CURVE('',#3392,#3422,#1218,.T.);
#4249=EDGE_CURVE('',#3390,#3349,#1219,.T.);
#4250=EDGE_CURVE('',#3429,#3429,#103,.T.);
#4251=EDGE_CURVE('',#3416,#3430,#1220,.T.);
#4252=EDGE_CURVE('',#3383,#3430,#1221,.T.);
#4253=EDGE_CURVE('',#3430,#3431,#1222,.T.);
#4254=EDGE_CURVE('',#3384,#3431,#1223,.T.);
#4255=EDGE_CURVE('',#3391,#3431,#1224,.T.);
#4256=EDGE_CURVE('',#3432,#3397,#1225,.T.);
#4257=EDGE_CURVE('',#3433,#3396,#1226,.T.);
#4258=EDGE_CURVE('',#3434,#3433,#1227,.T.);
#4259=EDGE_CURVE('',#3434,#3435,#1228,.T.);
#4260=EDGE_CURVE('',#3436,#3435,#1229,.T.);
#4261=EDGE_CURVE('',#3436,#3295,#1230,.T.);
#4262=EDGE_CURVE('',#3437,#3294,#1231,.T.);
#4263=EDGE_CURVE('',#3432,#3437,#1232,.T.);
#4264=EDGE_CURVE('',#3438,#3395,#1233,.T.);
#4265=EDGE_CURVE('',#3439,#3438,#1234,.T.);
#4266=EDGE_CURVE('',#3439,#3309,#1235,.T.);
#4267=EDGE_CURVE('',#3308,#3440,#1236,.T.);
#4268=EDGE_CURVE('',#3441,#3440,#1237,.T.);
#4269=EDGE_CURVE('',#3442,#3441,#1238,.T.);
#4270=EDGE_CURVE('',#3443,#3442,#1239,.T.);
#4271=EDGE_CURVE('',#3443,#3394,#1240,.T.);
#4272=EDGE_CURVE('',#3444,#3444,#104,.T.);
#4273=EDGE_CURVE('',#3444,#3393,#1241,.T.);
#4274=EDGE_CURVE('',#3438,#3432,#1242,.T.);
#4275=EDGE_CURVE('',#3437,#3439,#1243,.T.);
#4276=EDGE_CURVE('',#3434,#3442,#1244,.T.);
#4277=EDGE_CURVE('',#3443,#3433,#1245,.T.);
#4278=EDGE_CURVE('',#3445,#3445,#105,.T.);
#4279=EDGE_CURVE('',#3445,#3429,#1246,.T.);
#4280=EDGE_CURVE('',#3435,#3441,#1247,.T.);
#4281=EDGE_CURVE('',#3440,#3436,#1248,.T.);
#4282=EDGE_CURVE('',#3389,#3402,#1249,.T.);
#4283=EDGE_CURVE('',#3446,#3401,#1250,.T.);
#4284=EDGE_CURVE('',#3365,#3446,#1251,.T.);
#4285=EDGE_CURVE('',#3370,#3447,#1252,.T.);
#4286=EDGE_CURVE('',#3411,#3447,#1253,.T.);
#4287=EDGE_CURVE('',#3410,#3405,#1254,.T.);
#4288=EDGE_CURVE('',#3447,#3448,#1255,.T.);
#4289=EDGE_CURVE('',#3448,#3449,#1256,.T.);
#4290=EDGE_CURVE('',#3412,#3449,#1257,.T.);
#4291=EDGE_CURVE('',#3369,#3448,#1258,.T.);
#4292=EDGE_CURVE('',#3449,#3368,#1259,.T.);
#4293=EDGE_CURVE('',#3367,#3450,#1260,.T.);
#4294=EDGE_CURVE('',#3450,#3400,#1261,.T.);
#4295=EDGE_CURVE('',#3450,#3451,#1262,.T.);
#4296=EDGE_CURVE('',#3451,#3446,#1263,.T.);
#4297=EDGE_CURVE('',#3366,#3451,#1264,.T.);
#4298=EDGE_CURVE('',#3452,#3407,#1265,.T.);
#4299=EDGE_CURVE('',#3453,#3452,#1266,.T.);
#4300=EDGE_CURVE('',#3454,#3453,#1267,.T.);
#4301=EDGE_CURVE('',#3454,#3455,#1268,.T.);
#4302=EDGE_CURVE('',#3455,#3456,#1269,.T.);
#4303=EDGE_CURVE('',#3457,#3456,#106,.T.);
#4304=EDGE_CURVE('',#3457,#3458,#1270,.T.);
#4305=EDGE_CURVE('',#3458,#3459,#1271,.T.);
#4306=EDGE_CURVE('',#3459,#3460,#1272,.T.);
#4307=EDGE_CURVE('',#3340,#3460,#1273,.T.);
#4308=EDGE_CURVE('',#3339,#3461,#1274,.T.);
#4309=EDGE_CURVE('',#3361,#3461,#1275,.T.);
#4310=EDGE_CURVE('',#3462,#3463,#1276,.T.);
#4311=EDGE_CURVE('',#3462,#3464,#1277,.T.);
#4312=EDGE_CURVE('',#3464,#3465,#1278,.T.);
#4313=EDGE_CURVE('',#3465,#3463,#1279,.T.);
#4314=EDGE_CURVE('',#3466,#3466,#107,.T.);
#4315=EDGE_CURVE('',#3377,#3452,#1280,.T.);
#4316=EDGE_CURVE('',#3467,#3334,#1281,.T.);
#4317=EDGE_CURVE('',#3468,#3467,#1282,.T.);
#4318=EDGE_CURVE('',#3468,#3469,#1283,.T.);
#4319=EDGE_CURVE('',#3335,#3469,#1284,.T.);
#4320=EDGE_CURVE('',#3455,#3467,#1285,.T.);
#4321=EDGE_CURVE('',#3470,#3455,#1286,.T.);
#4322=EDGE_CURVE('',#3471,#3470,#1287,.T.);
#4323=EDGE_CURVE('',#3472,#3471,#1288,.T.);
#4324=EDGE_CURVE('',#3473,#3472,#1289,.T.);
#4325=EDGE_CURVE('',#3474,#3473,#1290,.T.);
#4326=EDGE_CURVE('',#3475,#3474,#1291,.T.);
#4327=EDGE_CURVE('',#3468,#3475,#1292,.T.);
#4328=EDGE_CURVE('',#3331,#3457,#1293,.T.);
#4329=EDGE_CURVE('',#3456,#3334,#1294,.T.);
#4330=EDGE_CURVE('',#3476,#3477,#1295,.T.);
#4331=EDGE_CURVE('',#3477,#3478,#1296,.T.);
#4332=EDGE_CURVE('',#3478,#3479,#1297,.T.);
#4333=EDGE_CURVE('',#3479,#3480,#1298,.T.);
#4334=EDGE_CURVE('',#3480,#3476,#1299,.T.);
#4335=EDGE_CURVE('',#3481,#3482,#1300,.T.);
#4336=EDGE_CURVE('',#3482,#3348,#1301,.T.);
#4337=EDGE_CURVE('',#3483,#3347,#1302,.T.);
#4338=EDGE_CURVE('',#3481,#3483,#1303,.T.);
#4339=EDGE_CURVE('',#3330,#3458,#1304,.T.);
#4340=EDGE_CURVE('',#3484,#3485,#1305,.T.);
#4341=EDGE_CURVE('',#3482,#3484,#1306,.T.);
#4342=EDGE_CURVE('',#3486,#3481,#1307,.T.);
#4343=EDGE_CURVE('',#3487,#3486,#1308,.T.);
#4344=EDGE_CURVE('',#3477,#3487,#1309,.T.);
#4345=EDGE_CURVE('',#3459,#3476,#1310,.T.);
#4346=EDGE_CURVE('',#3485,#3329,#1311,.T.);
#4347=EDGE_CURVE('',#3488,#3486,#1312,.T.);
#4348=EDGE_CURVE('',#3489,#3488,#1313,.T.);
#4349=EDGE_CURVE('',#3489,#3490,#1314,.T.);
#4350=EDGE_CURVE('',#3487,#3490,#1315,.T.);
#4351=EDGE_CURVE('',#3338,#3484,#1316,.T.);
#4352=EDGE_CURVE('',#3491,#3472,#1317,.T.);
#4353=EDGE_CURVE('',#3491,#3492,#1318,.T.);
#4354=EDGE_CURVE('',#3492,#3493,#1319,.T.);
#4355=EDGE_CURVE('',#3494,#3493,#1320,.T.);
#4356=EDGE_CURVE('',#3473,#3494,#1321,.T.);
#4357=EDGE_CURVE('',#3471,#3495,#1322,.T.);
#4358=EDGE_CURVE('',#3495,#3496,#1323,.T.);
#4359=EDGE_CURVE('',#3496,#3497,#1324,.T.);
#4360=EDGE_CURVE('',#3497,#3498,#1325,.T.);
#4361=EDGE_CURVE('',#3499,#3498,#1326,.T.);
#4362=EDGE_CURVE('',#3499,#3491,#1327,.T.);
#4363=EDGE_CURVE('',#3500,#3470,#1328,.T.);
#4364=EDGE_CURVE('',#3501,#3500,#1329,.T.);
#4365=EDGE_CURVE('',#3501,#3502,#1330,.T.);
#4366=EDGE_CURVE('',#3495,#3502,#1331,.T.);
#4367=EDGE_CURVE('',#3503,#3498,#1332,.T.);
#4368=EDGE_CURVE('',#3503,#3504,#1333,.T.);
#4369=EDGE_CURVE('',#3499,#3504,#1334,.T.);
#4370=EDGE_CURVE('',#3505,#3497,#1335,.T.);
#4371=EDGE_CURVE('',#3506,#3496,#1336,.T.);
#4372=EDGE_CURVE('',#3505,#3506,#1337,.T.);
#4373=EDGE_CURVE('',#3504,#3492,#1338,.T.);
#4374=EDGE_CURVE('',#3493,#3503,#1339,.T.);
#4375=EDGE_CURVE('',#3502,#3506,#1340,.T.);
#4376=EDGE_CURVE('',#3505,#3501,#1341,.T.);
#4377=EDGE_CURVE('',#3454,#3500,#1342,.T.);
#4378=EDGE_CURVE('',#3461,#3328,#1343,.T.);
#4379=EDGE_CURVE('',#3507,#3507,#108,.T.);
#4380=EDGE_CURVE('',#3494,#3508,#1344,.T.);
#4381=EDGE_CURVE('',#3474,#3508,#1345,.T.);
#4382=EDGE_CURVE('',#3508,#3509,#1346,.T.);
#4383=EDGE_CURVE('',#3475,#3509,#1347,.T.);
#4384=EDGE_CURVE('',#3453,#3509,#1348,.T.);
#4385=EDGE_CURVE('',#3510,#3465,#1349,.T.);
#4386=EDGE_CURVE('',#3511,#3464,#1350,.T.);
#4387=EDGE_CURVE('',#3512,#3511,#1351,.T.);
#4388=EDGE_CURVE('',#3512,#3513,#1352,.T.);
#4389=EDGE_CURVE('',#3514,#3513,#1353,.T.);
#4390=EDGE_CURVE('',#3514,#3311,#1354,.T.);
#4391=EDGE_CURVE('',#3515,#3310,#1355,.T.);
#4392=EDGE_CURVE('',#3510,#3515,#1356,.T.);
#4393=EDGE_CURVE('',#3516,#3463,#1357,.T.);
#4394=EDGE_CURVE('',#3517,#3516,#1358,.T.);
#4395=EDGE_CURVE('',#3517,#3301,#1359,.T.);
#4396=EDGE_CURVE('',#3300,#3518,#1360,.T.);
#4397=EDGE_CURVE('',#3519,#3518,#1361,.T.);
#4398=EDGE_CURVE('',#3520,#3519,#1362,.T.);
#4399=EDGE_CURVE('',#3521,#3520,#1363,.T.);
#4400=EDGE_CURVE('',#3521,#3462,#1364,.T.);
#4401=EDGE_CURVE('',#3522,#3522,#109,.T.);
#4402=EDGE_CURVE('',#3522,#3466,#1365,.T.);
#4403=EDGE_CURVE('',#3516,#3510,#1366,.T.);
#4404=EDGE_CURVE('',#3515,#3517,#1367,.T.);
#4405=EDGE_CURVE('',#3512,#3520,#1368,.T.);
#4406=EDGE_CURVE('',#3521,#3511,#1369,.T.);
#4407=EDGE_CURVE('',#3523,#3523,#110,.T.);
#4408=EDGE_CURVE('',#3523,#3507,#1370,.T.);
#4409=EDGE_CURVE('',#3513,#3519,#1371,.T.);
#4410=EDGE_CURVE('',#3518,#3514,#1372,.T.);
#4411=EDGE_CURVE('',#3460,#3480,#1373,.T.);
#4412=EDGE_CURVE('',#3524,#3479,#1374,.T.);
#4413=EDGE_CURVE('',#3341,#3524,#1375,.T.);
#4414=EDGE_CURVE('',#3346,#3525,#1376,.T.);
#4415=EDGE_CURVE('',#3489,#3525,#1377,.T.);
#4416=EDGE_CURVE('',#3488,#3483,#1378,.T.);
#4417=EDGE_CURVE('',#3525,#3526,#1379,.T.);
#4418=EDGE_CURVE('',#3526,#3527,#1380,.T.);
#4419=EDGE_CURVE('',#3490,#3527,#1381,.T.);
#4420=EDGE_CURVE('',#3345,#3526,#1382,.T.);
#4421=EDGE_CURVE('',#3527,#3344,#1383,.T.);
#4422=EDGE_CURVE('',#3343,#3528,#1384,.T.);
#4423=EDGE_CURVE('',#3528,#3478,#1385,.T.);
#4424=EDGE_CURVE('',#3528,#3529,#1386,.T.);
#4425=EDGE_CURVE('',#3529,#3524,#1387,.T.);
#4426=EDGE_CURVE('',#3342,#3529,#1388,.T.);
#4427=EDGE_CURVE('',#3530,#3485,#1389,.T.);
#4428=EDGE_CURVE('',#3531,#3530,#1390,.T.);
#4429=EDGE_CURVE('',#3532,#3531,#1391,.T.);
#4430=EDGE_CURVE('',#3532,#3533,#1392,.T.);
#4431=EDGE_CURVE('',#3533,#3534,#1393,.T.);
#4432=EDGE_CURVE('',#3535,#3534,#111,.T.);
#4433=EDGE_CURVE('',#3535,#3536,#1394,.T.);
#4434=EDGE_CURVE('',#3536,#3537,#1395,.T.);
#4435=EDGE_CURVE('',#3537,#3538,#1396,.T.);
#4436=EDGE_CURVE('',#3539,#3538,#1397,.T.);
#4437=EDGE_CURVE('',#3540,#3539,#1398,.T.);
#4438=EDGE_CURVE('',#3540,#3541,#1399,.T.);
#4439=EDGE_CURVE('',#3337,#3541,#1400,.T.);
#4440=EDGE_CURVE('',#3542,#3543,#1401,.T.);
#4441=EDGE_CURVE('',#3542,#3544,#1402,.T.);
#4442=EDGE_CURVE('',#3544,#3545,#1403,.T.);
#4443=EDGE_CURVE('',#3545,#3543,#1404,.T.);
#4444=EDGE_CURVE('',#3546,#3546,#112,.T.);
#4445=EDGE_CURVE('',#3469,#3530,#1405,.T.);
#4446=EDGE_CURVE('',#3547,#3323,#1406,.T.);
#4447=EDGE_CURVE('',#3548,#3547,#1407,.T.);
#4448=EDGE_CURVE('',#3548,#3324,#1408,.T.);
#4449=EDGE_CURVE('',#3533,#3547,#1409,.T.);
#4450=EDGE_CURVE('',#3549,#3533,#1410,.T.);
#4451=EDGE_CURVE('',#3550,#3549,#1411,.T.);
#4452=EDGE_CURVE('',#3551,#3550,#1412,.T.);
#4453=EDGE_CURVE('',#3552,#3551,#1413,.T.);
#4454=EDGE_CURVE('',#3553,#3552,#1414,.T.);
#4455=EDGE_CURVE('',#3554,#3553,#1415,.T.);
#4456=EDGE_CURVE('',#3548,#3554,#1416,.T.);
#4457=EDGE_CURVE('',#3317,#3535,#1417,.T.);
#4458=EDGE_CURVE('',#3534,#3318,#1418,.T.);
#4459=EDGE_CURVE('',#3555,#3556,#1419,.T.);
#4460=EDGE_CURVE('',#3556,#3557,#1420,.T.);
#4461=EDGE_CURVE('',#3557,#3558,#1421,.T.);
#4462=EDGE_CURVE('',#3558,#3559,#1422,.T.);
#4463=EDGE_CURVE('',#3559,#3555,#1423,.T.);
#4464=EDGE_CURVE('',#3560,#3561,#1424,.T.);
#4465=EDGE_CURVE('',#3561,#3562,#1425,.T.);
#4466=EDGE_CURVE('',#3562,#3563,#1426,.T.);
#4467=EDGE_CURVE('',#3564,#3563,#1427,.T.);
#4468=EDGE_CURVE('',#3560,#3564,#1428,.T.);
#4469=EDGE_CURVE('',#3316,#3536,#1429,.T.);
#4470=EDGE_CURVE('',#3565,#3566,#1430,.T.);
#4471=EDGE_CURVE('',#3556,#3565,#1431,.T.);
#4472=EDGE_CURVE('',#3537,#3555,#1432,.T.);
#4473=EDGE_CURVE('',#3561,#3315,#1433,.T.);
#4474=EDGE_CURVE('',#3566,#3560,#1434,.T.);
#4475=EDGE_CURVE('',#3567,#3566,#1435,.T.);
#4476=EDGE_CURVE('',#3568,#3567,#1436,.T.);
#4477=EDGE_CURVE('',#3568,#3569,#1437,.T.);
#4478=EDGE_CURVE('',#3565,#3569,#1438,.T.);
#4479=EDGE_CURVE('',#3314,#3562,#1439,.T.);
#4480=EDGE_CURVE('',#3570,#3551,#1440,.T.);
#4481=EDGE_CURVE('',#3570,#3571,#1441,.T.);
#4482=EDGE_CURVE('',#3571,#3572,#1442,.T.);
#4483=EDGE_CURVE('',#3573,#3572,#1443,.T.);
#4484=EDGE_CURVE('',#3552,#3573,#1444,.T.);
#4485=EDGE_CURVE('',#3550,#3574,#1445,.T.);
#4486=EDGE_CURVE('',#3574,#3575,#1446,.T.);
#4487=EDGE_CURVE('',#3575,#3576,#1447,.T.);
#4488=EDGE_CURVE('',#3576,#3577,#1448,.T.);
#4489=EDGE_CURVE('',#3578,#3577,#1449,.T.);
#4490=EDGE_CURVE('',#3578,#3570,#1450,.T.);
#4491=EDGE_CURVE('',#3579,#3549,#1451,.T.);
#4492=EDGE_CURVE('',#3580,#3579,#1452,.T.);
#4493=EDGE_CURVE('',#3580,#3581,#1453,.T.);
#4494=EDGE_CURVE('',#3574,#3581,#1454,.T.);
#4495=EDGE_CURVE('',#3582,#3577,#1455,.T.);
#4496=EDGE_CURVE('',#3582,#3583,#1456,.T.);
#4497=EDGE_CURVE('',#3578,#3583,#1457,.T.);
#4498=EDGE_CURVE('',#3584,#3576,#1458,.T.);
#4499=EDGE_CURVE('',#3585,#3575,#1459,.T.);
#4500=EDGE_CURVE('',#3584,#3585,#1460,.T.);
#4501=EDGE_CURVE('',#3583,#3571,#1461,.T.);
#4502=EDGE_CURVE('',#3572,#3582,#1462,.T.);
#4503=EDGE_CURVE('',#3581,#3585,#1463,.T.);
#4504=EDGE_CURVE('',#3584,#3580,#1464,.T.);
#4505=EDGE_CURVE('',#3532,#3579,#1465,.T.);
#4506=EDGE_CURVE('',#3313,#3540,#1466,.T.);
#4507=EDGE_CURVE('',#3541,#3312,#1467,.T.);
#4508=EDGE_CURVE('',#3586,#3303,#1468,.T.);
#4509=EDGE_CURVE('',#3587,#3586,#1469,.T.);
#4510=EDGE_CURVE('',#3587,#3298,#1470,.T.);
#4511=EDGE_CURVE('',#3588,#3588,#113,.T.);
#4512=EDGE_CURVE('',#3573,#3589,#1471,.T.);
#4513=EDGE_CURVE('',#3553,#3589,#1472,.T.);
#4514=EDGE_CURVE('',#3589,#3590,#1473,.T.);
#4515=EDGE_CURVE('',#3554,#3590,#1474,.T.);
#4516=EDGE_CURVE('',#3531,#3590,#1475,.T.);
#4517=EDGE_CURVE('',#3591,#3299,#1476,.T.);
#4518=EDGE_CURVE('',#3592,#3591,#1477,.T.);
#4519=EDGE_CURVE('',#3302,#3592,#1478,.T.);
#4520=EDGE_CURVE('',#3593,#3545,#1479,.T.);
#4521=EDGE_CURVE('',#3594,#3544,#1480,.T.);
#4522=EDGE_CURVE('',#3595,#3594,#1481,.T.);
#4523=EDGE_CURVE('',#3595,#3596,#1482,.T.);
#4524=EDGE_CURVE('',#3591,#3596,#1483,.T.);
#4525=EDGE_CURVE('',#3593,#3587,#1484,.T.);
#4526=EDGE_CURVE('',#3597,#3543,#1485,.T.);
#4527=EDGE_CURVE('',#3586,#3597,#1486,.T.);
#4528=EDGE_CURVE('',#3598,#3592,#1487,.T.);
#4529=EDGE_CURVE('',#3599,#3598,#1488,.T.);
#4530=EDGE_CURVE('',#3600,#3599,#1489,.T.);
#4531=EDGE_CURVE('',#3600,#3542,#1490,.T.);
#4532=EDGE_CURVE('',#3601,#3601,#114,.T.);
#4533=EDGE_CURVE('',#3601,#3546,#1491,.T.);
#4534=EDGE_CURVE('',#3597,#3593,#1492,.T.);
#4535=EDGE_CURVE('',#3595,#3599,#1493,.T.);
#4536=EDGE_CURVE('',#3600,#3594,#1494,.T.);
#4537=EDGE_CURVE('',#3602,#3602,#115,.T.);
#4538=EDGE_CURVE('',#3602,#3588,#1495,.T.);
#4539=EDGE_CURVE('',#3596,#3598,#1496,.T.);
#4540=EDGE_CURVE('',#3538,#3559,#1497,.T.);
#4541=EDGE_CURVE('',#3603,#3558,#1498,.T.);
#4542=EDGE_CURVE('',#3604,#3603,#1499,.T.);
#4543=EDGE_CURVE('',#3604,#3539,#1500,.T.);
#4544=EDGE_CURVE('',#3604,#3605,#1501,.T.);
#4545=EDGE_CURVE('',#3605,#3606,#1502,.T.);
#4546=EDGE_CURVE('',#3606,#3607,#1503,.T.);
#4547=EDGE_CURVE('',#3607,#3608,#1504,.T.);
#4548=EDGE_CURVE('',#3609,#3608,#1505,.T.);
#4549=EDGE_CURVE('',#3609,#3563,#1506,.T.);
#4550=EDGE_CURVE('',#3609,#3610,#1507,.T.);
#4551=EDGE_CURVE('',#3568,#3610,#1508,.T.);
#4552=EDGE_CURVE('',#3567,#3564,#1509,.T.);
#4553=EDGE_CURVE('',#3610,#3611,#1510,.T.);
#4554=EDGE_CURVE('',#3611,#3612,#1511,.T.);
#4555=EDGE_CURVE('',#3569,#3612,#1512,.T.);
#4556=EDGE_CURVE('',#3608,#3611,#1513,.T.);
#4557=EDGE_CURVE('',#3612,#3607,#1514,.T.);
#4558=EDGE_CURVE('',#3606,#3613,#1515,.T.);
#4559=EDGE_CURVE('',#3613,#3557,#1516,.T.);
#4560=EDGE_CURVE('',#3613,#3614,#1517,.T.);
#4561=EDGE_CURVE('',#3614,#3603,#1518,.T.);
#4562=EDGE_CURVE('',#3605,#3614,#1519,.T.);
#4563=EDGE_CURVE('',#3615,#3616,#1520,.T.);
#4564=EDGE_CURVE('',#3617,#3615,#1521,.T.);
#4565=EDGE_CURVE('',#3618,#3617,#1522,.T.);
#4566=EDGE_CURVE('',#3616,#3618,#1523,.T.);
#4567=EDGE_CURVE('',#3618,#3619,#1524,.T.);
#4568=EDGE_CURVE('',#3620,#3619,#1525,.T.);
#4569=EDGE_CURVE('',#3621,#3620,#1526,.T.);
#4570=EDGE_CURVE('',#3621,#3622,#1527,.T.);
#4571=EDGE_CURVE('',#3622,#3623,#1528,.T.);
#4572=EDGE_CURVE('',#3623,#3624,#1529,.T.);
#4573=EDGE_CURVE('',#3625,#3624,#1530,.T.);
#4574=EDGE_CURVE('',#3626,#3625,#1531,.T.);
#4575=EDGE_CURVE('',#3627,#3626,#1532,.T.);
#4576=EDGE_CURVE('',#3627,#3628,#1533,.T.);
#4577=EDGE_CURVE('',#3628,#3629,#1534,.T.);
#4578=EDGE_CURVE('',#3630,#3629,#1535,.T.);
#4579=EDGE_CURVE('',#3631,#3630,#1536,.T.);
#4580=EDGE_CURVE('',#3631,#3632,#1537,.T.);
#4581=EDGE_CURVE('',#3633,#3632,#1538,.T.);
#4582=EDGE_CURVE('',#3634,#3633,#1539,.T.);
#4583=EDGE_CURVE('',#3635,#3634,#1540,.T.);
#4584=EDGE_CURVE('',#3636,#3635,#1541,.T.);
#4585=EDGE_CURVE('',#3636,#3637,#1542,.T.);
#4586=EDGE_CURVE('',#3637,#3638,#1543,.T.);
#4587=EDGE_CURVE('',#3639,#3638,#1544,.T.);
#4588=EDGE_CURVE('',#3616,#3639,#1545,.T.);
#4589=EDGE_CURVE('',#3617,#3640,#1546,.T.);
#4590=EDGE_CURVE('',#3640,#3623,#1547,.T.);
#4591=EDGE_CURVE('',#3622,#3641,#1548,.T.);
#4592=EDGE_CURVE('',#3641,#3642,#1549,.T.);
#4593=EDGE_CURVE('',#3642,#3619,#1550,.T.);
#4594=EDGE_CURVE('',#3643,#3643,#116,.T.);
#4595=EDGE_CURVE('',#3644,#3644,#117,.T.);
#4596=EDGE_CURVE('',#3645,#3645,#118,.T.);
#4597=EDGE_CURVE('',#3646,#3646,#119,.T.);
#4598=EDGE_CURVE('',#3647,#3648,#1551,.T.);
#4599=EDGE_CURVE('',#3647,#3649,#1552,.T.);
#4600=EDGE_CURVE('',#3649,#3650,#1553,.T.);
#4601=EDGE_CURVE('',#3650,#3651,#1554,.T.);
#4602=EDGE_CURVE('',#3651,#3652,#1555,.T.);
#4603=EDGE_CURVE('',#3648,#3652,#1556,.T.);
#4604=EDGE_CURVE('',#3653,#3647,#1557,.T.);
#4605=EDGE_CURVE('',#3654,#3653,#1558,.T.);
#4606=EDGE_CURVE('',#3654,#3649,#1559,.T.);
#4607=EDGE_CURVE('',#3655,#3653,#1560,.T.);
#4608=EDGE_CURVE('',#3656,#3655,#1561,.T.);
#4609=EDGE_CURVE('',#3656,#3657,#1562,.T.);
#4610=EDGE_CURVE('',#3657,#3658,#1563,.T.);
#4611=EDGE_CURVE('',#3658,#3654,#1564,.T.);
#4612=EDGE_CURVE('',#3659,#3660,#1565,.T.);
#4613=EDGE_CURVE('',#3661,#3659,#1566,.T.);
#4614=EDGE_CURVE('',#3661,#3662,#1567,.T.);
#4615=EDGE_CURVE('',#3662,#3663,#1568,.T.);
#4616=EDGE_CURVE('',#3663,#3664,#1569,.T.);
#4617=EDGE_CURVE('',#3664,#3660,#1570,.T.);
#4618=EDGE_CURVE('',#3665,#3666,#1571,.T.);
#4619=EDGE_CURVE('',#3667,#3665,#1572,.T.);
#4620=EDGE_CURVE('',#3667,#3668,#1573,.T.);
#4621=EDGE_CURVE('',#3668,#3669,#1574,.T.);
#4622=EDGE_CURVE('',#3669,#3670,#1575,.T.);
#4623=EDGE_CURVE('',#3666,#3670,#1576,.T.);
#4624=EDGE_CURVE('',#3642,#3671,#1577,.T.);
#4625=EDGE_CURVE('',#3671,#3620,#1578,.T.);
#4626=EDGE_CURVE('',#3672,#3673,#1579,.T.);
#4627=EDGE_CURVE('',#3674,#3672,#1580,.T.);
#4628=EDGE_CURVE('',#3675,#3674,#1581,.T.);
#4629=EDGE_CURVE('',#3675,#3673,#1582,.T.);
#4630=EDGE_CURVE('',#3658,#3650,#1583,.T.);
#4631=EDGE_CURVE('',#3676,#3677,#1584,.T.);
#4632=EDGE_CURVE('',#3664,#3676,#1585,.T.);
#4633=EDGE_CURVE('',#3663,#3677,#1586,.T.);
#4634=EDGE_CURVE('',#3669,#3678,#1587,.T.);
#4635=EDGE_CURVE('',#3679,#3678,#1588,.T.);
#4636=EDGE_CURVE('',#3670,#3679,#1589,.T.);
#4637=EDGE_CURVE('',#3680,#3674,#1590,.T.);
#4638=EDGE_CURVE('',#3681,#3680,#1591,.T.);
#4639=EDGE_CURVE('',#3682,#3681,#1592,.T.);
#4640=EDGE_CURVE('',#3682,#3683,#1593,.T.);
#4641=EDGE_CURVE('',#3683,#3675,#1594,.T.);
#4642=EDGE_CURVE('',#3684,#3672,#1595,.T.);
#4643=EDGE_CURVE('',#3680,#3684,#1596,.T.);
#4644=EDGE_CURVE('',#3673,#3685,#1597,.T.);
#4645=EDGE_CURVE('',#3685,#3686,#1598,.T.);
#4646=EDGE_CURVE('',#3687,#3686,#1599,.T.);
#4647=EDGE_CURVE('',#3684,#3687,#1600,.T.);
#4648=EDGE_CURVE('',#3688,#3689,#1601,.T.);
#4649=EDGE_CURVE('',#3690,#3688,#1602,.T.);
#4650=EDGE_CURVE('',#3690,#3625,#1603,.T.);
#4651=EDGE_CURVE('',#3624,#3691,#1604,.T.);
#4652=EDGE_CURVE('',#3691,#3692,#1605,.T.);
#4653=EDGE_CURVE('',#3692,#3693,#1606,.T.);
#4654=EDGE_CURVE('',#3689,#3693,#1607,.T.);
#4655=EDGE_CURVE('',#3694,#3689,#1608,.T.);
#4656=EDGE_CURVE('',#3695,#3693,#1609,.T.);
#4657=EDGE_CURVE('',#3695,#3696,#1610,.T.);
#4658=EDGE_CURVE('',#3696,#3697,#1611,.T.);
#4659=EDGE_CURVE('',#3697,#3698,#1612,.T.);
#4660=EDGE_CURVE('',#3698,#3699,#1613,.T.);
#4661=EDGE_CURVE('',#3699,#3700,#1614,.T.);
#4662=EDGE_CURVE('',#3700,#3701,#1615,.T.);
#4663=EDGE_CURVE('',#3701,#3702,#1616,.T.);
#4664=EDGE_CURVE('',#3702,#3694,#1617,.T.);
#4665=EDGE_CURVE('',#3666,#3703,#1618,.T.);
#4666=EDGE_CURVE('',#3703,#3679,#1619,.T.);
#4667=EDGE_CURVE('',#3660,#3704,#1620,.T.);
#4668=EDGE_CURVE('',#3704,#3676,#1621,.T.);
#4669=EDGE_CURVE('',#3659,#3648,#1622,.T.);
#4670=EDGE_CURVE('',#3652,#3661,#1623,.T.);
#4671=EDGE_CURVE('',#3686,#3656,#1624,.T.);
#4672=EDGE_CURVE('',#3655,#3687,#1625,.T.);
#4673=EDGE_CURVE('',#3681,#3639,#1626,.T.);
#4674=EDGE_CURVE('',#3638,#3682,#1627,.T.);
#4675=EDGE_CURVE('',#3705,#3706,#1628,.T.);
#4676=EDGE_CURVE('',#3706,#3707,#1629,.T.);
#4677=EDGE_CURVE('',#3707,#3708,#1630,.T.);
#4678=EDGE_CURVE('',#3708,#3705,#1631,.T.);
#4679=EDGE_CURVE('',#3665,#3709,#1632,.T.);
#4680=EDGE_CURVE('',#3709,#3710,#1633,.T.);
#4681=EDGE_CURVE('',#3710,#3667,#1634,.T.);
#4682=EDGE_CURVE('',#3711,#3621,#1635,.T.);
#4683=EDGE_CURVE('',#3641,#3711,#1636,.T.);
#4684=EDGE_CURVE('',#3671,#3711,#1637,.T.);
#4685=EDGE_CURVE('',#3712,#3713,#1638,.T.);
#4686=EDGE_CURVE('',#3696,#3712,#1639,.T.);
#4687=EDGE_CURVE('',#3713,#3695,#1640,.T.);
#4688=EDGE_CURVE('',#3712,#3714,#1641,.T.);
#4689=EDGE_CURVE('',#3714,#3697,#1642,.T.);
#4690=EDGE_CURVE('',#3715,#3716,#1643,.T.);
#4691=EDGE_CURVE('',#3699,#3716,#1644,.T.);
#4692=EDGE_CURVE('',#3715,#3698,#1645,.T.);
#4693=EDGE_CURVE('',#3632,#3717,#1646,.T.);
#4694=EDGE_CURVE('',#3718,#3717,#1647,.T.);
#4695=EDGE_CURVE('',#3633,#3718,#1648,.T.);
#4696=EDGE_CURVE('',#3716,#3719,#1649,.T.);
#4697=EDGE_CURVE('',#3700,#3719,#1650,.T.);
#4698=EDGE_CURVE('',#3720,#3718,#1651,.T.);
#4699=EDGE_CURVE('',#3634,#3720,#1652,.T.);
#4700=EDGE_CURVE('',#3719,#3721,#1653,.T.);
#4701=EDGE_CURVE('',#3701,#3721,#1654,.T.);
#4702=EDGE_CURVE('',#3721,#3722,#1655,.T.);
#4703=EDGE_CURVE('',#3702,#3722,#1656,.T.);
#4704=EDGE_CURVE('',#3631,#3723,#1657,.T.);
#4705=EDGE_CURVE('',#3717,#3723,#1658,.T.);
#4706=EDGE_CURVE('',#3628,#3724,#1659,.T.);
#4707=EDGE_CURVE('',#3725,#3724,#1660,.T.);
#4708=EDGE_CURVE('',#3629,#3725,#1661,.T.);
#4709=EDGE_CURVE('',#3627,#3726,#1662,.T.);
#4710=EDGE_CURVE('',#3724,#3726,#1663,.T.);
#4711=EDGE_CURVE('',#3715,#3714,#1664,.T.);
#4712=EDGE_CURVE('',#3630,#3727,#1665,.T.);
#4713=EDGE_CURVE('',#3723,#3727,#1666,.T.);
#4714=EDGE_CURVE('',#3727,#3725,#1667,.T.);
#4715=EDGE_CURVE('',#3635,#3728,#1668,.T.);
#4716=EDGE_CURVE('',#3729,#3728,#1669,.T.);
#4717=EDGE_CURVE('',#3636,#3729,#1670,.T.);
#4718=EDGE_CURVE('',#3728,#3720,#1671,.T.);
#4719=EDGE_CURVE('',#3640,#3691,#1672,.T.);
#4720=EDGE_CURVE('',#3730,#3730,#120,.T.);
#4721=EDGE_CURVE('',#3730,#3643,#1673,.T.);
#4722=EDGE_CURVE('',#3731,#3731,#121,.T.);
#4723=EDGE_CURVE('',#3731,#3645,#1674,.T.);
#4724=EDGE_CURVE('',#3732,#3732,#122,.T.);
#4725=EDGE_CURVE('',#3732,#3646,#1675,.T.);
#4726=EDGE_CURVE('',#3733,#3733,#123,.T.);
#4727=EDGE_CURVE('',#3733,#3734,#1676,.T.);
#4728=EDGE_CURVE('',#3734,#3734,#124,.T.);
#4729=EDGE_CURVE('',#3735,#3735,#125,.T.);
#4730=EDGE_CURVE('',#3735,#3736,#1677,.T.);
#4731=EDGE_CURVE('',#3736,#3736,#126,.T.);
#4732=EDGE_CURVE('',#3737,#3737,#127,.T.);
#4733=EDGE_CURVE('',#3737,#3644,#1678,.T.);
#4734=EDGE_CURVE('',#3738,#3738,#128,.T.);
#4735=EDGE_CURVE('',#3739,#3739,#129,.T.);
#4736=EDGE_CURVE('',#3626,#3740,#1679,.T.);
#4737=EDGE_CURVE('',#3740,#3726,#1680,.T.);
#4738=EDGE_CURVE('',#3740,#3690,#1681,.T.);
#4739=EDGE_CURVE('',#3713,#3692,#1682,.T.);
#4740=EDGE_CURVE('',#3741,#3694,#1683,.T.);
#4741=EDGE_CURVE('',#3722,#3741,#1684,.T.);
#4742=EDGE_CURVE('',#3708,#3615,#1685,.T.);
#4743=EDGE_CURVE('',#3741,#3707,#1686,.T.);
#4744=EDGE_CURVE('',#3704,#3709,#1687,.T.);
#4745=EDGE_CURVE('',#3677,#3742,#1688,.T.);
#4746=EDGE_CURVE('',#3742,#3710,#1689,.T.);
#4747=EDGE_CURVE('',#3743,#3637,#1690,.T.);
#4748=EDGE_CURVE('',#3743,#3729,#1691,.T.);
#4749=EDGE_CURVE('',#3688,#3743,#1692,.T.);
#4750=EDGE_CURVE('',#3703,#3705,#1693,.T.);
#4751=EDGE_CURVE('',#3678,#3744,#1694,.T.);
#4752=EDGE_CURVE('',#3744,#3706,#1695,.T.);
#4753=EDGE_CURVE('',#3744,#3741,#1696,.T.);
#4754=EDGE_CURVE('',#3637,#3683,#1697,.T.);
#4755=EDGE_CURVE('',#3742,#3668,#1698,.T.);
#4756=EDGE_CURVE('',#3685,#3657,#1699,.T.);
#4757=EDGE_CURVE('',#3651,#3662,#1700,.T.);
#4758=EDGE_CURVE('',#3738,#3745,#1701,.T.);
#4759=EDGE_CURVE('',#3745,#3745,#130,.T.);
#4760=EDGE_CURVE('',#3746,#3746,#131,.T.);
#4761=EDGE_CURVE('',#3739,#3746,#1702,.T.);
#4762=EDGE_CURVE('',#3747,#3748,#1703,.T.);
#4763=EDGE_CURVE('',#3749,#3747,#1704,.T.);
#4764=EDGE_CURVE('',#3750,#3749,#1705,.T.);
#4765=EDGE_CURVE('',#3751,#3750,#1706,.T.);
#4766=EDGE_CURVE('',#3752,#3751,#1707,.T.);
#4767=EDGE_CURVE('',#3753,#3752,#1708,.T.);
#4768=EDGE_CURVE('',#3754,#3753,#1709,.T.);
#4769=EDGE_CURVE('',#3755,#3754,#1710,.T.);
#4770=EDGE_CURVE('',#3756,#3755,#1711,.T.);
#4771=EDGE_CURVE('',#3757,#3756,#1712,.T.);
#4772=EDGE_CURVE('',#3758,#3757,#1713,.T.);
#4773=EDGE_CURVE('',#3759,#3758,#1714,.T.);
#4774=EDGE_CURVE('',#3760,#3759,#1715,.T.);
#4775=EDGE_CURVE('',#3761,#3760,#1716,.T.);
#4776=EDGE_CURVE('',#3762,#3761,#1717,.T.);
#4777=EDGE_CURVE('',#3763,#3762,#1718,.T.);
#4778=EDGE_CURVE('',#3764,#3763,#1719,.T.);
#4779=EDGE_CURVE('',#3765,#3764,#1720,.T.);
#4780=EDGE_CURVE('',#3766,#3765,#1721,.T.);
#4781=EDGE_CURVE('',#3767,#3766,#1722,.T.);
#4782=EDGE_CURVE('',#3768,#3767,#1723,.T.);
#4783=EDGE_CURVE('',#3769,#3768,#1724,.T.);
#4784=EDGE_CURVE('',#3770,#3769,#1725,.T.);
#4785=EDGE_CURVE('',#3771,#3770,#1726,.T.);
#4786=EDGE_CURVE('',#3772,#3771,#1727,.T.);
#4787=EDGE_CURVE('',#3773,#3772,#1728,.T.);
#4788=EDGE_CURVE('',#3774,#3773,#1729,.T.);
#4789=EDGE_CURVE('',#3748,#3774,#1730,.T.);
#4790=EDGE_CURVE('',#3775,#3763,#1731,.T.);
#4791=EDGE_CURVE('',#3776,#3775,#1732,.T.);
#4792=EDGE_CURVE('',#3776,#3764,#1733,.T.);
#4793=EDGE_CURVE('',#3748,#3777,#1734,.T.);
#4794=EDGE_CURVE('',#3778,#3774,#1735,.T.);
#4795=EDGE_CURVE('',#3775,#3778,#1736,.T.);
#4796=EDGE_CURVE('',#3779,#3762,#1737,.T.);
#4797=EDGE_CURVE('',#3777,#3779,#1738,.T.);
#4798=EDGE_CURVE('',#3780,#3773,#1739,.T.);
#4799=EDGE_CURVE('',#3778,#3780,#1740,.T.);
#4800=EDGE_CURVE('',#3781,#3772,#1741,.T.);
#4801=EDGE_CURVE('',#3780,#3781,#1742,.T.);
#4802=EDGE_CURVE('',#3782,#3771,#1743,.T.);
#4803=EDGE_CURVE('',#3781,#3782,#1744,.T.);
#4804=EDGE_CURVE('',#3783,#3770,#1745,.T.);
#4805=EDGE_CURVE('',#3782,#3783,#1746,.T.);
#4806=EDGE_CURVE('',#3784,#3769,#1747,.T.);
#4807=EDGE_CURVE('',#3783,#3784,#1748,.T.);
#4808=EDGE_CURVE('',#3785,#3768,#1749,.T.);
#4809=EDGE_CURVE('',#3784,#3785,#1750,.T.);
#4810=EDGE_CURVE('',#3786,#3767,#1751,.T.);
#4811=EDGE_CURVE('',#3785,#3786,#1752,.T.);
#4812=EDGE_CURVE('',#3787,#3766,#1753,.T.);
#4813=EDGE_CURVE('',#3786,#3787,#1754,.T.);
#4814=EDGE_CURVE('',#3788,#3765,#1755,.T.);
#4815=EDGE_CURVE('',#3787,#3788,#1756,.T.);
#4816=EDGE_CURVE('',#3788,#3776,#1757,.T.);
#4817=EDGE_CURVE('',#3753,#3789,#1758,.T.);
#4818=EDGE_CURVE('',#3790,#3789,#1759,.T.);
#4819=EDGE_CURVE('',#3754,#3790,#1760,.T.);
#4820=EDGE_CURVE('',#3752,#3791,#1761,.T.);
#4821=EDGE_CURVE('',#3789,#3791,#1762,.T.);
#4822=EDGE_CURVE('',#3751,#3792,#1763,.T.);
#4823=EDGE_CURVE('',#3793,#3792,#1764,.T.);
#4824=EDGE_CURVE('',#3791,#3793,#1765,.T.);
#4825=EDGE_CURVE('',#3750,#3794,#1766,.T.);
#4826=EDGE_CURVE('',#3795,#3794,#1767,.T.);
#4827=EDGE_CURVE('',#3792,#3795,#1768,.T.);
#4828=EDGE_CURVE('',#3779,#3796,#1769,.T.);
#4829=EDGE_CURVE('',#3796,#3797,#1770,.T.);
#4830=EDGE_CURVE('',#3797,#3798,#1771,.T.);
#4831=EDGE_CURVE('',#3798,#3799,#1772,.T.);
#4832=EDGE_CURVE('',#3799,#3800,#1773,.T.);
#4833=EDGE_CURVE('',#3800,#3801,#1774,.T.);
#4834=EDGE_CURVE('',#3801,#3777,#1775,.T.);
#4835=EDGE_CURVE('',#3749,#3802,#1776,.T.);
#4836=EDGE_CURVE('',#3803,#3802,#1777,.T.);
#4837=EDGE_CURVE('',#3794,#3803,#1778,.T.);
#4838=EDGE_CURVE('',#3761,#3804,#1779,.T.);
#4839=EDGE_CURVE('',#3804,#3805,#1780,.T.);
#4840=EDGE_CURVE('',#3805,#3806,#1781,.T.);
#4841=EDGE_CURVE('',#3807,#3806,#1782,.T.);
#4842=EDGE_CURVE('',#3807,#3796,#1783,.T.);
#4843=EDGE_CURVE('',#3760,#3808,#1784,.T.);
#4844=EDGE_CURVE('',#3809,#3808,#1785,.T.);
#4845=EDGE_CURVE('',#3804,#3809,#1786,.T.);
#4846=EDGE_CURVE('',#3810,#3747,#1787,.T.);
#4847=EDGE_CURVE('',#3811,#3810,#1788,.T.);
#4848=EDGE_CURVE('',#3802,#3811,#1789,.T.);
#4849=EDGE_CURVE('',#3800,#3812,#1790,.T.);
#4850=EDGE_CURVE('',#3812,#3813,#1791,.T.);
#4851=EDGE_CURVE('',#3801,#3813,#1792,.T.);
#4852=EDGE_CURVE('',#3799,#3814,#1793,.T.);
#4853=EDGE_CURVE('',#3814,#3812,#1794,.T.);
#4854=EDGE_CURVE('',#3815,#3798,#1795,.T.);
#4855=EDGE_CURVE('',#3815,#3814,#1796,.T.);
#4856=EDGE_CURVE('',#3813,#3815,#1797,.T.);
#4857=EDGE_CURVE('',#3807,#3816,#1798,.T.);
#4858=EDGE_CURVE('',#3816,#3797,#1799,.T.);
#4859=EDGE_CURVE('',#3817,#3818,#1800,.T.);
#4860=EDGE_CURVE('',#3819,#3817,#1801,.T.);
#4861=EDGE_CURVE('',#3820,#3819,#1802,.T.);
#4862=EDGE_CURVE('',#3818,#3820,#1803,.T.);
#4863=EDGE_CURVE('',#3821,#3819,#1804,.T.);
#4864=EDGE_CURVE('',#3821,#3822,#1805,.T.);
#4865=EDGE_CURVE('',#3816,#3822,#1806,.T.);
#4866=EDGE_CURVE('',#3806,#3820,#1807,.T.);
#4867=EDGE_CURVE('',#3823,#3817,#1808,.T.);
#4868=EDGE_CURVE('',#3821,#3823,#1809,.T.);
#4869=EDGE_CURVE('',#3822,#3824,#1810,.T.);
#4870=EDGE_CURVE('',#3824,#3810,#1811,.T.);
#4871=EDGE_CURVE('',#3825,#3826,#1812,.T.);
#4872=EDGE_CURVE('',#3826,#3827,#1813,.T.);
#4873=EDGE_CURVE('',#3827,#3828,#1814,.T.);
#4874=EDGE_CURVE('',#3825,#3828,#1815,.T.);
#4875=EDGE_CURVE('',#3827,#3829,#1816,.T.);
#4876=EDGE_CURVE('',#3829,#3830,#1817,.T.);
#4877=EDGE_CURVE('',#3828,#3830,#1818,.T.);
#4878=EDGE_CURVE('',#3831,#3832,#1819,.T.);
#4879=EDGE_CURVE('',#3832,#3833,#1820,.T.);
#4880=EDGE_CURVE('',#3833,#3834,#1821,.T.);
#4881=EDGE_CURVE('',#3831,#3834,#1822,.T.);
#4882=EDGE_CURVE('',#3835,#3836,#1823,.T.);
#4883=EDGE_CURVE('',#3836,#3837,#1824,.T.);
#4884=EDGE_CURVE('',#3837,#3838,#1825,.T.);
#4885=EDGE_CURVE('',#3835,#3838,#1826,.T.);
#4886=EDGE_CURVE('',#3839,#3840,#1827,.T.);
#4887=EDGE_CURVE('',#3834,#3840,#1828,.T.);
#4888=EDGE_CURVE('',#3833,#3839,#1829,.T.);
#4889=EDGE_CURVE('',#3837,#3841,#1830,.T.);
#4890=EDGE_CURVE('',#3841,#3842,#1831,.T.);
#4891=EDGE_CURVE('',#3838,#3842,#1832,.T.);
#4892=EDGE_CURVE('',#3811,#3835,#1833,.T.);
#4893=EDGE_CURVE('',#3842,#3803,#1834,.T.);
#4894=EDGE_CURVE('',#3840,#3809,#1835,.T.);
#4895=EDGE_CURVE('',#3808,#3843,#1836,.T.);
#4896=EDGE_CURVE('',#3843,#3831,#1837,.T.);
#4897=EDGE_CURVE('',#3844,#3793,#1838,.T.);
#4898=EDGE_CURVE('',#3795,#3845,#1839,.T.);
#4899=EDGE_CURVE('',#3845,#3846,#1840,.T.);
#4900=EDGE_CURVE('',#3846,#3844,#1841,.T.);
#4901=EDGE_CURVE('',#3847,#3825,#1842,.T.);
#4902=EDGE_CURVE('',#3830,#3848,#1843,.T.);
#4903=EDGE_CURVE('',#3848,#3849,#1844,.T.);
#4904=EDGE_CURVE('',#3849,#3847,#1845,.T.);
#4905=EDGE_CURVE('',#3850,#3790,#1846,.T.);
#4906=EDGE_CURVE('',#3755,#3850,#1847,.T.);
#4907=EDGE_CURVE('',#3851,#3850,#1848,.T.);
#4908=EDGE_CURVE('',#3756,#3851,#1849,.T.);
#4909=EDGE_CURVE('',#3852,#3851,#1850,.T.);
#4910=EDGE_CURVE('',#3757,#3852,#1851,.T.);
#4911=EDGE_CURVE('',#3853,#3844,#1852,.T.);
#4912=EDGE_CURVE('',#3854,#3846,#1853,.T.);
#4913=EDGE_CURVE('',#3854,#3853,#1854,.T.);
#4914=EDGE_CURVE('',#3855,#3854,#1855,.T.);
#4915=EDGE_CURVE('',#3845,#3855,#1856,.T.);
#4916=EDGE_CURVE('',#3847,#3852,#1857,.T.);
#4917=EDGE_CURVE('',#3758,#3849,#1858,.T.);
#4918=EDGE_CURVE('',#3856,#3848,#1859,.T.);
#4919=EDGE_CURVE('',#3759,#3856,#1860,.T.);
#4920=EDGE_CURVE('',#3843,#3856,#1861,.T.);
#4921=EDGE_CURVE('',#3818,#3847,#1862,.T.);
#4922=EDGE_CURVE('',#3793,#3823,#1863,.T.);
#4923=EDGE_CURVE('',#3809,#3805,#1864,.T.);
#4924=EDGE_CURVE('',#3803,#3795,#1865,.T.);
#4925=EDGE_CURVE('',#3841,#3836,#1866,.T.);
#4926=EDGE_CURVE('',#3853,#3855,#1867,.T.);
#4927=EDGE_CURVE('',#3824,#3811,#1868,.T.);
#4928=EDGE_CURVE('',#3839,#3832,#1869,.T.);
#4929=EDGE_CURVE('',#3848,#3843,#1870,.T.);
#4930=EDGE_CURVE('',#3829,#3826,#1871,.T.);
#4931=EDGE_CURVE('',#3857,#3857,#132,.T.);
#4932=EDGE_CURVE('',#3857,#3858,#1872,.T.);
#4933=EDGE_CURVE('',#3858,#3858,#133,.T.);
#4934=EDGE_CURVE('',#3859,#3860,#134,.T.);
#4935=EDGE_CURVE('',#3860,#3861,#1873,.T.);
#4936=EDGE_CURVE('',#3861,#3862,#135,.T.);
#4937=EDGE_CURVE('',#3862,#3859,#1874,.T.);
#4938=EDGE_CURVE('',#3863,#3861,#1875,.T.);
#4939=EDGE_CURVE('',#3863,#3864,#1876,.T.);
#4940=EDGE_CURVE('',#3864,#3865,#1877,.T.);
#4941=EDGE_CURVE('',#3866,#3865,#1878,.T.);
#4942=EDGE_CURVE('',#3867,#3866,#1879,.T.);
#4943=EDGE_CURVE('',#3867,#3868,#1880,.T.);
#4944=EDGE_CURVE('',#3868,#3869,#1881,.T.);
#4945=EDGE_CURVE('',#3870,#3869,#1882,.T.);
#4946=EDGE_CURVE('',#3862,#3870,#1883,.T.);
#4947=EDGE_CURVE('',#3871,#3872,#1884,.T.);
#4948=EDGE_CURVE('',#3872,#3873,#1885,.T.);
#4949=EDGE_CURVE('',#3873,#3874,#1886,.T.);
#4950=EDGE_CURVE('',#3874,#3871,#1887,.T.);
#4951=EDGE_CURVE('',#3875,#3875,#136,.T.);
#4952=EDGE_CURVE('',#3876,#3876,#137,.T.);
#4953=EDGE_CURVE('',#3860,#3877,#1888,.T.);
#4954=EDGE_CURVE('',#3863,#3877,#1889,.T.);
#4955=EDGE_CURVE('',#3878,#3879,#1890,.T.);
#4956=EDGE_CURVE('',#3878,#3880,#1891,.T.);
#4957=EDGE_CURVE('',#3880,#3881,#1892,.T.);
#4958=EDGE_CURVE('',#3879,#3881,#1893,.T.);
#4959=EDGE_CURVE('',#3882,#3883,#1894,.T.);
#4960=EDGE_CURVE('',#3884,#3882,#1895,.T.);
#4961=EDGE_CURVE('',#3884,#3885,#1896,.T.);
#4962=EDGE_CURVE('',#3885,#3883,#1897,.T.);
#4963=EDGE_CURVE('',#3886,#3882,#1898,.T.);
#4964=EDGE_CURVE('',#3883,#3887,#1899,.T.);
#4965=EDGE_CURVE('',#3887,#3868,#1900,.T.);
#4966=EDGE_CURVE('',#3888,#3867,#1901,.T.);
#4967=EDGE_CURVE('',#3888,#3889,#1902,.T.);
#4968=EDGE_CURVE('',#3890,#3889,#1903,.T.);
#4969=EDGE_CURVE('',#3890,#3891,#1904,.T.);
#4970=EDGE_CURVE('',#3891,#3886,#1905,.T.);
#4971=EDGE_CURVE('',#3892,#3893,#1906,.T.);
#4972=EDGE_CURVE('',#3865,#3892,#1907,.T.);
#4973=EDGE_CURVE('',#3864,#3894,#1908,.T.);
#4974=EDGE_CURVE('',#3895,#3894,#1909,.T.);
#4975=EDGE_CURVE('',#3896,#3895,#1910,.T.);
#4976=EDGE_CURVE('',#3896,#3897,#1911,.T.);
#4977=EDGE_CURVE('',#3897,#3893,#1912,.T.);
#4978=EDGE_CURVE('',#3898,#3880,#138,.T.);
#4979=EDGE_CURVE('',#3899,#3898,#1913,.T.);
#4980=EDGE_CURVE('',#3899,#3881,#139,.T.);
#4981=EDGE_CURVE('',#3900,#3901,#1914,.T.);
#4982=EDGE_CURVE('',#3902,#3901,#1915,.T.);
#4983=EDGE_CURVE('',#3897,#3902,#1916,.T.);
#4984=EDGE_CURVE('',#3903,#3896,#1917,.T.);
#4985=EDGE_CURVE('',#3904,#3903,#1918,.T.);
#4986=EDGE_CURVE('',#3905,#3904,#1919,.T.);
#4987=EDGE_CURVE('',#3906,#3905,#1920,.T.);
#4988=EDGE_CURVE('',#3907,#3906,#1921,.T.);
#4989=EDGE_CURVE('',#3908,#3907,#1922,.T.);
#4990=EDGE_CURVE('',#3909,#3908,#1923,.T.);
#4991=EDGE_CURVE('',#3910,#3909,#1924,.T.);
#4992=EDGE_CURVE('',#3911,#3910,#1925,.T.);
#4993=EDGE_CURVE('',#3912,#3911,#1926,.T.);
#4994=EDGE_CURVE('',#3913,#3912,#1927,.T.);
#4995=EDGE_CURVE('',#3900,#3913,#1928,.T.);
#4996=EDGE_CURVE('',#3914,#3915,#1929,.T.);
#4997=EDGE_CURVE('',#3916,#3914,#1930,.T.);
#4998=EDGE_CURVE('',#3916,#3917,#1931,.T.);
#4999=EDGE_CURVE('',#3915,#3917,#1932,.T.);
#5000=EDGE_CURVE('',#3916,#3901,#1933,.T.);
#5001=EDGE_CURVE('',#3917,#3900,#1934,.T.);
#5002=EDGE_CURVE('',#3915,#3918,#1935,.T.);
#5003=EDGE_CURVE('',#3918,#3919,#1936,.T.);
#5004=EDGE_CURVE('',#3919,#3914,#1937,.T.);
#5005=EDGE_CURVE('',#3907,#3920,#1938,.T.);
#5006=EDGE_CURVE('',#3921,#3920,#1939,.T.);
#5007=EDGE_CURVE('',#3922,#3921,#1940,.T.);
#5008=EDGE_CURVE('',#3923,#3922,#1941,.T.);
#5009=EDGE_CURVE('',#3908,#3923,#1942,.T.);
#5010=EDGE_CURVE('',#3924,#3923,#1943,.T.);
#5011=EDGE_CURVE('',#3925,#3924,#1944,.T.);
#5012=EDGE_CURVE('',#3909,#3925,#1945,.T.);
#5013=EDGE_CURVE('',#3926,#3925,#1946,.T.);
#5014=EDGE_CURVE('',#3927,#3926,#1947,.T.);
#5015=EDGE_CURVE('',#3910,#3927,#1948,.T.);
#5016=EDGE_CURVE('',#3928,#3927,#1949,.T.);
#5017=EDGE_CURVE('',#3911,#3928,#1950,.T.);
#5018=EDGE_CURVE('',#3929,#3928,#1951,.T.);
#5019=EDGE_CURVE('',#3930,#3929,#1952,.T.);
#5020=EDGE_CURVE('',#3912,#3930,#1953,.T.);
#5021=EDGE_CURVE('',#3931,#3930,#1954,.T.);
#5022=EDGE_CURVE('',#3932,#3931,#1955,.T.);
#5023=EDGE_CURVE('',#3913,#3932,#1956,.T.);
#5024=EDGE_CURVE('',#3918,#3932,#1957,.T.);
#5025=EDGE_CURVE('',#3893,#3877,#1958,.T.);
#5026=EDGE_CURVE('',#3902,#3933,#1959,.T.);
#5027=EDGE_CURVE('',#3894,#3933,#1960,.T.);
#5028=EDGE_CURVE('',#3934,#3895,#1961,.T.);
#5029=EDGE_CURVE('',#3935,#3934,#1962,.T.);
#5030=EDGE_CURVE('',#3935,#3903,#1963,.T.);
#5031=EDGE_CURVE('',#3936,#3935,#1964,.T.);
#5032=EDGE_CURVE('',#3937,#3936,#1965,.T.);
#5033=EDGE_CURVE('',#3904,#3937,#1966,.T.);
#5034=EDGE_CURVE('',#3938,#3937,#1967,.T.);
#5035=EDGE_CURVE('',#3905,#3938,#1968,.T.);
#5036=EDGE_CURVE('',#3939,#3938,#1969,.T.);
#5037=EDGE_CURVE('',#3940,#3939,#1970,.T.);
#5038=EDGE_CURVE('',#3906,#3940,#1971,.T.);
#5039=EDGE_CURVE('',#3941,#3940,#1972,.T.);
#5040=EDGE_CURVE('',#3920,#3941,#1973,.T.);
#5041=EDGE_CURVE('',#3933,#3919,#1974,.T.);
#5042=EDGE_CURVE('',#3934,#3936,#140,.T.);
#5043=EDGE_CURVE('',#3929,#3931,#141,.T.);
#5044=EDGE_CURVE('',#3924,#3926,#142,.T.);
#5045=EDGE_CURVE('',#3921,#3922,#143,.T.);
#5046=EDGE_CURVE('',#3939,#3941,#144,.T.);
#5047=EDGE_CURVE('',#3942,#3943,#145,.T.);
#5048=EDGE_CURVE('',#3944,#3943,#1975,.T.);
#5049=EDGE_CURVE('',#3945,#3944,#146,.T.);
#5050=EDGE_CURVE('',#3945,#3942,#1976,.T.);
#5051=EDGE_CURVE('',#3946,#3942,#1977,.T.);
#5052=EDGE_CURVE('',#3947,#3945,#1978,.T.);
#5053=EDGE_CURVE('',#3947,#3946,#1979,.T.);
#5054=EDGE_CURVE('',#3948,#3946,#1980,.T.);
#5055=EDGE_CURVE('',#3949,#3947,#1981,.T.);
#5056=EDGE_CURVE('',#3949,#3948,#1982,.T.);
#5057=EDGE_CURVE('',#3950,#3948,#147,.T.);
#5058=EDGE_CURVE('',#3931,#3949,#148,.T.);
#5059=EDGE_CURVE('',#3926,#3929,#149,.T.);
#5060=EDGE_CURVE('',#3951,#3924,#150,.T.);
#5061=EDGE_CURVE('',#3951,#3950,#1983,.T.);
#5062=EDGE_CURVE('',#3952,#3950,#1984,.T.);
#5063=EDGE_CURVE('',#3953,#3951,#1985,.T.);
#5064=EDGE_CURVE('',#3953,#3952,#1986,.T.);
#5065=EDGE_CURVE('',#3954,#3952,#1987,.T.);
#5066=EDGE_CURVE('',#3955,#3953,#1988,.T.);
#5067=EDGE_CURVE('',#3955,#3954,#1989,.T.);
#5068=EDGE_CURVE('',#3956,#3956,#151,.T.);
#5069=EDGE_CURVE('',#3957,#3957,#152,.T.);
#5070=EDGE_CURVE('',#3957,#3956,#1990,.T.);
#5071=EDGE_CURVE('',#3936,#3939,#153,.T.);
#5072=EDGE_CURVE('',#3941,#3958,#154,.T.);
#5073=EDGE_CURVE('',#3958,#3959,#1991,.T.);
#5074=EDGE_CURVE('',#3959,#3960,#1992,.T.);
#5075=EDGE_CURVE('',#3960,#3921,#155,.T.);
#5076=EDGE_CURVE('',#3922,#3955,#156,.T.);
#5077=EDGE_CURVE('',#3961,#3954,#157,.T.);
#5078=EDGE_CURVE('',#3960,#3961,#1993,.T.);
#5079=EDGE_CURVE('',#3962,#3961,#1994,.T.);
#5080=EDGE_CURVE('',#3959,#3962,#1995,.T.);
#5081=EDGE_CURVE('',#3963,#3962,#1996,.T.);
#5082=EDGE_CURVE('',#3963,#3958,#1997,.T.);
#5083=EDGE_CURVE('',#3964,#3963,#158,.T.);
#5084=EDGE_CURVE('',#3965,#3934,#159,.T.);
#5085=EDGE_CURVE('',#3965,#3964,#1998,.T.);
#5086=EDGE_CURVE('',#3966,#3964,#1999,.T.);
#5087=EDGE_CURVE('',#3967,#3965,#2000,.T.);
#5088=EDGE_CURVE('',#3967,#3966,#2001,.T.);
#5089=EDGE_CURVE('',#3943,#3966,#2002,.T.);
#5090=EDGE_CURVE('',#3944,#3967,#2003,.T.);
#5091=EDGE_CURVE('',#3968,#3969,#160,.T.);
#5092=EDGE_CURVE('',#3969,#3970,#2004,.T.);
#5093=EDGE_CURVE('',#3971,#3970,#161,.T.);
#5094=EDGE_CURVE('',#3968,#3971,#2005,.T.);
#5095=EDGE_CURVE('',#3884,#3968,#2006,.T.);
#5096=EDGE_CURVE('',#3885,#3971,#2007,.T.);
#5097=EDGE_CURVE('',#3970,#3898,#2008,.T.);
#5098=EDGE_CURVE('',#3887,#3878,#2009,.T.);
#5099=EDGE_CURVE('',#3972,#3972,#162,.T.);
#5100=EDGE_CURVE('',#3972,#3973,#2010,.T.);
#5101=EDGE_CURVE('',#3973,#3973,#163,.T.);
#5102=EDGE_CURVE('',#3969,#3899,#2011,.T.);
#5103=EDGE_CURVE('',#3879,#3886,#2012,.T.);
#5104=EDGE_CURVE('',#3974,#3891,#2013,.T.);
#5105=EDGE_CURVE('',#3869,#3974,#2014,.T.);
#5106=EDGE_CURVE('',#3975,#3890,#2015,.T.);
#5107=EDGE_CURVE('',#3975,#3976,#2016,.T.);
#5108=EDGE_CURVE('',#3976,#3977,#2017,.T.);
#5109=EDGE_CURVE('',#3977,#3978,#2018,.T.);
#5110=EDGE_CURVE('',#3978,#3979,#2019,.T.);
#5111=EDGE_CURVE('',#3979,#3980,#2020,.T.);
#5112=EDGE_CURVE('',#3980,#3981,#2021,.T.);
#5113=EDGE_CURVE('',#3981,#3982,#2022,.T.);
#5114=EDGE_CURVE('',#3982,#3983,#2023,.T.);
#5115=EDGE_CURVE('',#3983,#3984,#2024,.T.);
#5116=EDGE_CURVE('',#3984,#3985,#2025,.T.);
#5117=EDGE_CURVE('',#3985,#3986,#2026,.T.);
#5118=EDGE_CURVE('',#3986,#3987,#2027,.T.);
#5119=EDGE_CURVE('',#3987,#3988,#2028,.T.);
#5120=EDGE_CURVE('',#3988,#3989,#2029,.T.);
#5121=EDGE_CURVE('',#3989,#3990,#2030,.T.);
#5122=EDGE_CURVE('',#3990,#3991,#2031,.T.);
#5123=EDGE_CURVE('',#3991,#3992,#2032,.T.);
#5124=EDGE_CURVE('',#3992,#3993,#2033,.T.);
#5125=EDGE_CURVE('',#3993,#3974,#2034,.T.);
#5126=EDGE_CURVE('',#3994,#3995,#2035,.T.);
#5127=EDGE_CURVE('',#3994,#3996,#2036,.T.);
#5128=EDGE_CURVE('',#3996,#3997,#2037,.T.);
#5129=EDGE_CURVE('',#3995,#3997,#2038,.T.);
#5130=EDGE_CURVE('',#3997,#3998,#2039,.T.);
#5131=EDGE_CURVE('',#3999,#3996,#2040,.T.);
#5132=EDGE_CURVE('',#4000,#3999,#2041,.T.);
#5133=EDGE_CURVE('',#4001,#4000,#2042,.T.);
#5134=EDGE_CURVE('',#3998,#4001,#2043,.T.);
#5135=EDGE_CURVE('',#4002,#3994,#2044,.T.);
#5136=EDGE_CURVE('',#3999,#4002,#2045,.T.);
#5137=EDGE_CURVE('',#3892,#4003,#2046,.T.);
#5138=EDGE_CURVE('',#3866,#4003,#2047,.T.);
#5139=EDGE_CURVE('',#3875,#4004,#2048,.T.);
#5140=EDGE_CURVE('',#4004,#4004,#164,.T.);
#5141=EDGE_CURVE('',#4005,#3874,#2049,.T.);
#5142=EDGE_CURVE('',#4006,#4005,#2050,.T.);
#5143=EDGE_CURVE('',#3871,#4006,#2051,.T.);
#5144=EDGE_CURVE('',#4007,#4008,#2052,.T.);
#5145=EDGE_CURVE('',#4008,#4009,#2053,.T.);
#5146=EDGE_CURVE('',#4010,#4009,#2054,.T.);
#5147=EDGE_CURVE('',#4007,#4010,#2055,.T.);
#5148=EDGE_CURVE('',#4011,#3995,#2056,.T.);
#5149=EDGE_CURVE('',#4002,#4011,#2057,.T.);
#5150=EDGE_CURVE('',#3998,#3888,#2058,.T.);
#5151=EDGE_CURVE('',#4003,#4011,#2059,.T.);
#5152=EDGE_CURVE('',#4008,#4012,#2060,.T.);
#5153=EDGE_CURVE('',#4012,#4013,#2061,.T.);
#5154=EDGE_CURVE('',#4009,#4013,#2062,.T.);
#5155=EDGE_CURVE('',#4014,#4007,#2063,.T.);
#5156=EDGE_CURVE('',#4012,#4014,#2064,.T.);
#5157=EDGE_CURVE('',#4015,#4010,#2065,.T.);
#5158=EDGE_CURVE('',#4014,#4015,#2066,.T.);
#5159=EDGE_CURVE('',#4016,#4001,#2067,.T.);
#5160=EDGE_CURVE('',#4017,#4016,#2068,.T.);
#5161=EDGE_CURVE('',#4018,#4017,#2069,.T.);
#5162=EDGE_CURVE('',#4019,#4018,#2070,.T.);
#5163=EDGE_CURVE('',#3889,#4019,#2071,.T.);
#5164=EDGE_CURVE('',#4015,#4013,#2072,.T.);
#5165=EDGE_CURVE('',#4020,#4006,#2073,.T.);
#5166=EDGE_CURVE('',#3872,#4020,#2074,.T.);
#5167=EDGE_CURVE('',#4000,#4021,#2075,.T.);
#5168=EDGE_CURVE('',#4021,#4016,#2076,.T.);
#5169=EDGE_CURVE('',#4022,#3859,#2077,.T.);
#5170=EDGE_CURVE('',#4022,#4023,#2078,.T.);
#5171=EDGE_CURVE('',#4023,#4024,#2079,.T.);
#5172=EDGE_CURVE('',#4024,#4025,#2080,.T.);
#5173=EDGE_CURVE('',#4025,#4026,#2081,.T.);
#5174=EDGE_CURVE('',#4026,#4027,#2082,.T.);
#5175=EDGE_CURVE('',#4027,#4028,#2083,.T.);
#5176=EDGE_CURVE('',#4028,#4029,#2084,.T.);
#5177=EDGE_CURVE('',#4029,#4030,#2085,.T.);
#5178=EDGE_CURVE('',#4030,#4031,#2086,.T.);
#5179=EDGE_CURVE('',#4031,#4032,#2087,.T.);
#5180=EDGE_CURVE('',#4032,#4033,#2088,.T.);
#5181=EDGE_CURVE('',#4033,#4021,#2089,.T.);
#5182=EDGE_CURVE('',#4005,#4034,#2090,.T.);
#5183=EDGE_CURVE('',#4034,#4020,#2091,.T.);
#5184=EDGE_CURVE('',#4035,#4035,#165,.T.);
#5185=EDGE_CURVE('',#3873,#4034,#2092,.T.);
#5186=EDGE_CURVE('',#3876,#4035,#2093,.T.);
#5187=EDGE_CURVE('',#4036,#4037,#2094,.T.);
#5188=EDGE_CURVE('',#3978,#4036,#2095,.T.);
#5189=EDGE_CURVE('',#3977,#4037,#2096,.T.);
#5190=EDGE_CURVE('',#4037,#4038,#2097,.T.);
#5191=EDGE_CURVE('',#4038,#3976,#2098,.T.);
#5192=EDGE_CURVE('',#4039,#4040,#2099,.T.);
#5193=EDGE_CURVE('',#3993,#4039,#2100,.T.);
#5194=EDGE_CURVE('',#3992,#4040,#2101,.T.);
#5195=EDGE_CURVE('',#4040,#4041,#2102,.T.);
#5196=EDGE_CURVE('',#3991,#4041,#2103,.T.);
#5197=EDGE_CURVE('',#4041,#4042,#2104,.T.);
#5198=EDGE_CURVE('',#3990,#4042,#2105,.T.);
#5199=EDGE_CURVE('',#3989,#4023,#2106,.T.);
#5200=EDGE_CURVE('',#3988,#4024,#2107,.T.);
#5201=EDGE_CURVE('',#4043,#4044,#2108,.T.);
#5202=EDGE_CURVE('',#4025,#4043,#2109,.T.);
#5203=EDGE_CURVE('',#3987,#4044,#2110,.T.);
#5204=EDGE_CURVE('',#4044,#4045,#2111,.T.);
#5205=EDGE_CURVE('',#3986,#4045,#2112,.T.);
#5206=EDGE_CURVE('',#4046,#4026,#2113,.T.);
#5207=EDGE_CURVE('',#4045,#4046,#2114,.T.);
#5208=EDGE_CURVE('',#3985,#4027,#2115,.T.);
#5209=EDGE_CURVE('',#3984,#4028,#2116,.T.);
#5210=EDGE_CURVE('',#4047,#4048,#2117,.T.);
#5211=EDGE_CURVE('',#4029,#4047,#2118,.T.);
#5212=EDGE_CURVE('',#3983,#4048,#2119,.T.);
#5213=EDGE_CURVE('',#4048,#4049,#2120,.T.);
#5214=EDGE_CURVE('',#3982,#4049,#2121,.T.);
#5215=EDGE_CURVE('',#4050,#4030,#2122,.T.);
#5216=EDGE_CURVE('',#4049,#4050,#2123,.T.);
#5217=EDGE_CURVE('',#3981,#4031,#2124,.T.);
#5218=EDGE_CURVE('',#3980,#4032,#2125,.T.);
#5219=EDGE_CURVE('',#4051,#4052,#2126,.T.);
#5220=EDGE_CURVE('',#4033,#4051,#2127,.T.);
#5221=EDGE_CURVE('',#3979,#4052,#2128,.T.);
#5222=EDGE_CURVE('',#4052,#4036,#2129,.T.);
#5223=EDGE_CURVE('',#4053,#4022,#2130,.T.);
#5224=EDGE_CURVE('',#4042,#4053,#2131,.T.);
#5225=EDGE_CURVE('',#4054,#3975,#2132,.T.);
#5226=EDGE_CURVE('',#4054,#4055,#2133,.T.);
#5227=EDGE_CURVE('',#4055,#4018,#2134,.T.);
#5228=EDGE_CURVE('',#4017,#4056,#2135,.T.);
#5229=EDGE_CURVE('',#4056,#4038,#2136,.T.);
#5230=EDGE_CURVE('',#4039,#4057,#2137,.T.);
#5231=EDGE_CURVE('',#4057,#3870,#2138,.T.);
#5232=EDGE_CURVE('',#4057,#4053,#2139,.T.);
#5233=EDGE_CURVE('',#4043,#4046,#2140,.T.);
#5234=EDGE_CURVE('',#4047,#4050,#2141,.T.);
#5235=EDGE_CURVE('',#4051,#4056,#2142,.T.);
#5236=EDGE_CURVE('',#4058,#4019,#2143,.T.);
#5237=EDGE_CURVE('',#4054,#4058,#2144,.T.);
#5238=EDGE_CURVE('',#4058,#4055,#2145,.T.);
#5239=EDGE_CURVE('',#4059,#4060,#166,.T.);
#5240=EDGE_CURVE('',#4060,#4061,#2146,.T.);
#5241=EDGE_CURVE('',#4062,#4061,#167,.F.);
#5242=EDGE_CURVE('',#4062,#4059,#2147,.T.);
#5243=EDGE_CURVE('',#4062,#4063,#2148,.T.);
#5244=EDGE_CURVE('',#4064,#4063,#2149,.T.);
#5245=EDGE_CURVE('',#4059,#4064,#2150,.T.);
#5246=EDGE_CURVE('',#4065,#4065,#168,.T.);
#5247=EDGE_CURVE('',#4066,#4067,#2151,.T.);
#5248=EDGE_CURVE('',#4066,#4068,#2152,.T.);
#5249=EDGE_CURVE('',#4069,#4068,#2153,.T.);
#5250=EDGE_CURVE('',#4067,#4069,#2154,.T.);
#5251=EDGE_CURVE('',#4070,#4070,#169,.T.);
#5252=EDGE_CURVE('',#4070,#4065,#2155,.T.);
#5253=EDGE_CURVE('',#4061,#4067,#2156,.T.);
#5254=EDGE_CURVE('',#4071,#4069,#2157,.T.);
#5255=EDGE_CURVE('',#4063,#4071,#2158,.T.);
#5256=EDGE_CURVE('',#4072,#4071,#2159,.T.);
#5257=EDGE_CURVE('',#4064,#4072,#2160,.T.);
#5258=EDGE_CURVE('',#4068,#4072,#2161,.T.);
#5259=EDGE_CURVE('',#4060,#4066,#2162,.T.);
#5260=EDGE_CURVE('',#4073,#4060,#2163,.T.);
#5261=EDGE_CURVE('',#4073,#4074,#2164,.T.);
#5262=EDGE_CURVE('',#4074,#4061,#2165,.T.);
#5263=EDGE_CURVE('',#4075,#4076,#2166,.T.);
#5264=EDGE_CURVE('',#4076,#4077,#2167,.T.);
#5265=EDGE_CURVE('',#4078,#4077,#2168,.T.);
#5266=EDGE_CURVE('',#4075,#4078,#2169,.T.);
#5267=EDGE_CURVE('',#4075,#4074,#2170,.T.);
#5268=EDGE_CURVE('',#4067,#4078,#2171,.T.);
#5269=EDGE_CURVE('',#4073,#4076,#2172,.T.);
#5270=EDGE_CURVE('',#4077,#4066,#2173,.T.);
#5271=ORIENTED_EDGE('',*,*,#4079,.T.);
#5272=ORIENTED_EDGE('',*,*,#4080,.T.);
#5273=ORIENTED_EDGE('',*,*,#4081,.T.);
#5274=ORIENTED_EDGE('',*,*,#4082,.T.);
#5275=ORIENTED_EDGE('',*,*,#4083,.T.);
#5276=ORIENTED_EDGE('',*,*,#4084,.T.);
#5277=ORIENTED_EDGE('',*,*,#4085,.T.);
#5278=ORIENTED_EDGE('',*,*,#4086,.T.);
#5279=ORIENTED_EDGE('',*,*,#4087,.T.);
#5280=ORIENTED_EDGE('',*,*,#4088,.T.);
#5281=ORIENTED_EDGE('',*,*,#4089,.T.);
#5282=ORIENTED_EDGE('',*,*,#4090,.T.);
#5283=ORIENTED_EDGE('',*,*,#4091,.T.);
#5284=ORIENTED_EDGE('',*,*,#4092,.T.);
#5285=ORIENTED_EDGE('',*,*,#4093,.T.);
#5286=ORIENTED_EDGE('',*,*,#4094,.T.);
#5287=ORIENTED_EDGE('',*,*,#4095,.T.);
#5288=ORIENTED_EDGE('',*,*,#4096,.T.);
#5289=ORIENTED_EDGE('',*,*,#4097,.T.);
#5290=ORIENTED_EDGE('',*,*,#4098,.F.);
#5291=ORIENTED_EDGE('',*,*,#4099,.F.);
#5292=ORIENTED_EDGE('',*,*,#4100,.T.);
#5293=ORIENTED_EDGE('',*,*,#4101,.T.);
#5294=ORIENTED_EDGE('',*,*,#4102,.F.);
#5295=ORIENTED_EDGE('',*,*,#4103,.F.);
#5296=ORIENTED_EDGE('',*,*,#4104,.F.);
#5297=ORIENTED_EDGE('',*,*,#4105,.T.);
#5298=ORIENTED_EDGE('',*,*,#4106,.T.);
#5299=ORIENTED_EDGE('',*,*,#4107,.T.);
#5300=ORIENTED_EDGE('',*,*,#4108,.F.);
#5301=ORIENTED_EDGE('',*,*,#4105,.F.);
#5302=ORIENTED_EDGE('',*,*,#4109,.F.);
#5303=ORIENTED_EDGE('',*,*,#4090,.F.);
#5304=ORIENTED_EDGE('',*,*,#4110,.F.);
#5305=ORIENTED_EDGE('',*,*,#4106,.F.);
#5306=ORIENTED_EDGE('',*,*,#4108,.T.);
#5307=ORIENTED_EDGE('',*,*,#4089,.F.);
#5308=ORIENTED_EDGE('',*,*,#4109,.T.);
#5309=ORIENTED_EDGE('',*,*,#4104,.T.);
#5310=ORIENTED_EDGE('',*,*,#4111,.F.);
#5311=ORIENTED_EDGE('',*,*,#4112,.F.);
#5312=ORIENTED_EDGE('',*,*,#4113,.F.);
#5313=ORIENTED_EDGE('',*,*,#4091,.F.);
#5314=ORIENTED_EDGE('',*,*,#4114,.F.);
#5315=ORIENTED_EDGE('',*,*,#4115,.F.);
#5316=ORIENTED_EDGE('',*,*,#4116,.F.);
#5317=ORIENTED_EDGE('',*,*,#4117,.T.);
#5318=ORIENTED_EDGE('',*,*,#4118,.T.);
#5319=ORIENTED_EDGE('',*,*,#4119,.T.);
#5320=ORIENTED_EDGE('',*,*,#4120,.F.);
#5321=ORIENTED_EDGE('',*,*,#4121,.T.);
#5322=ORIENTED_EDGE('',*,*,#4122,.F.);
#5323=ORIENTED_EDGE('',*,*,#4123,.F.);
#5324=ORIENTED_EDGE('',*,*,#4124,.T.);
#5325=ORIENTED_EDGE('',*,*,#4125,.F.);
#5326=ORIENTED_EDGE('',*,*,#4121,.F.);
#5327=ORIENTED_EDGE('',*,*,#4115,.T.);
#5328=ORIENTED_EDGE('',*,*,#4126,.T.);
#5329=ORIENTED_EDGE('',*,*,#4127,.T.);
#5330=ORIENTED_EDGE('',*,*,#4128,.T.);
#5331=ORIENTED_EDGE('',*,*,#4129,.F.);
#5332=ORIENTED_EDGE('',*,*,#4126,.F.);
#5333=ORIENTED_EDGE('',*,*,#4114,.T.);
#5334=ORIENTED_EDGE('',*,*,#4130,.T.);
#5335=ORIENTED_EDGE('',*,*,#4131,.T.);
#5336=ORIENTED_EDGE('',*,*,#4132,.F.);
#5337=ORIENTED_EDGE('',*,*,#4133,.T.);
#5338=ORIENTED_EDGE('',*,*,#4134,.T.);
#5339=ORIENTED_EDGE('',*,*,#4135,.T.);
#5340=ORIENTED_EDGE('',*,*,#4136,.T.);
#5341=ORIENTED_EDGE('',*,*,#4137,.F.);
#5342=ORIENTED_EDGE('',*,*,#4138,.T.);
#5343=ORIENTED_EDGE('',*,*,#4139,.F.);
#5344=ORIENTED_EDGE('',*,*,#4140,.F.);
#5345=ORIENTED_EDGE('',*,*,#4141,.T.);
#5346=ORIENTED_EDGE('',*,*,#4142,.F.);
#5347=ORIENTED_EDGE('',*,*,#4143,.F.);
#5348=ORIENTED_EDGE('',*,*,#4144,.F.);
#5349=ORIENTED_EDGE('',*,*,#4145,.F.);
#5350=ORIENTED_EDGE('',*,*,#4146,.T.);
#5351=ORIENTED_EDGE('',*,*,#4147,.F.);
#5352=ORIENTED_EDGE('',*,*,#4148,.F.);
#5353=ORIENTED_EDGE('',*,*,#4149,.F.);
#5354=ORIENTED_EDGE('',*,*,#4148,.T.);
#5355=ORIENTED_EDGE('',*,*,#4150,.F.);
#5356=ORIENTED_EDGE('',*,*,#4151,.T.);
#5357=ORIENTED_EDGE('',*,*,#4152,.T.);
#5358=ORIENTED_EDGE('',*,*,#4143,.T.);
#5359=ORIENTED_EDGE('',*,*,#4153,.T.);
#5360=ORIENTED_EDGE('',*,*,#4154,.T.);
#5361=ORIENTED_EDGE('',*,*,#4155,.T.);
#5362=ORIENTED_EDGE('',*,*,#4156,.F.);
#5363=ORIENTED_EDGE('',*,*,#4153,.F.);
#5364=ORIENTED_EDGE('',*,*,#4142,.T.);
#5365=ORIENTED_EDGE('',*,*,#4157,.T.);
#5366=ORIENTED_EDGE('',*,*,#4158,.T.);
#5367=ORIENTED_EDGE('',*,*,#4159,.F.);
#5368=ORIENTED_EDGE('',*,*,#4160,.T.);
#5369=ORIENTED_EDGE('',*,*,#4161,.T.);
#5370=ORIENTED_EDGE('',*,*,#4162,.T.);
#5371=ORIENTED_EDGE('',*,*,#4163,.T.);
#5372=ORIENTED_EDGE('',*,*,#4164,.F.);
#5373=ORIENTED_EDGE('',*,*,#4165,.T.);
#5374=ORIENTED_EDGE('',*,*,#4166,.F.);
#5375=ORIENTED_EDGE('',*,*,#4167,.F.);
#5376=ORIENTED_EDGE('',*,*,#4168,.F.);
#5377=ORIENTED_EDGE('',*,*,#4169,.T.);
#5378=ORIENTED_EDGE('',*,*,#4170,.T.);
#5379=ORIENTED_EDGE('',*,*,#4081,.F.);
#5380=ORIENTED_EDGE('',*,*,#4171,.F.);
#5381=ORIENTED_EDGE('',*,*,#4172,.F.);
#5382=ORIENTED_EDGE('',*,*,#4173,.T.);
#5383=ORIENTED_EDGE('',*,*,#4174,.F.);
#5384=ORIENTED_EDGE('',*,*,#4146,.F.);
#5385=ORIENTED_EDGE('',*,*,#4172,.T.);
#5386=ORIENTED_EDGE('',*,*,#4175,.F.);
#5387=ORIENTED_EDGE('',*,*,#4176,.F.);
#5388=ORIENTED_EDGE('',*,*,#4177,.F.);
#5389=ORIENTED_EDGE('',*,*,#4178,.F.);
#5390=ORIENTED_EDGE('',*,*,#4179,.F.);
#5391=ORIENTED_EDGE('',*,*,#4180,.F.);
#5392=ORIENTED_EDGE('',*,*,#4181,.F.);
#5393=ORIENTED_EDGE('',*,*,#4182,.F.);
#5394=ORIENTED_EDGE('',*,*,#4149,.T.);
#5395=ORIENTED_EDGE('',*,*,#4183,.T.);
#5396=ORIENTED_EDGE('',*,*,#4184,.T.);
#5397=ORIENTED_EDGE('',*,*,#4185,.T.);
#5398=ORIENTED_EDGE('',*,*,#4145,.T.);
#5399=ORIENTED_EDGE('',*,*,#4171,.T.);
#5400=ORIENTED_EDGE('',*,*,#4185,.F.);
#5401=ORIENTED_EDGE('',*,*,#4186,.F.);
#5402=ORIENTED_EDGE('',*,*,#4175,.T.);
#5403=ORIENTED_EDGE('',*,*,#4184,.F.);
#5404=ORIENTED_EDGE('',*,*,#4187,.T.);
#5405=ORIENTED_EDGE('',*,*,#4188,.T.);
#5406=ORIENTED_EDGE('',*,*,#4189,.T.);
#5407=ORIENTED_EDGE('',*,*,#4190,.F.);
#5408=ORIENTED_EDGE('',*,*,#4158,.F.);
#5409=ORIENTED_EDGE('',*,*,#4191,.T.);
#5410=ORIENTED_EDGE('',*,*,#4192,.F.);
#5411=ORIENTED_EDGE('',*,*,#4169,.F.);
#5412=ORIENTED_EDGE('',*,*,#4193,.F.);
#5413=ORIENTED_EDGE('',*,*,#4194,.F.);
#5414=ORIENTED_EDGE('',*,*,#4195,.T.);
#5415=ORIENTED_EDGE('',*,*,#4186,.T.);
#5416=ORIENTED_EDGE('',*,*,#4196,.T.);
#5417=ORIENTED_EDGE('',*,*,#4197,.F.);
#5418=ORIENTED_EDGE('',*,*,#4198,.T.);
#5419=ORIENTED_EDGE('',*,*,#4199,.T.);
#5420=ORIENTED_EDGE('',*,*,#4200,.T.);
#5421=ORIENTED_EDGE('',*,*,#4201,.T.);
#5422=ORIENTED_EDGE('',*,*,#4202,.T.);
#5423=ORIENTED_EDGE('',*,*,#4203,.T.);
#5424=ORIENTED_EDGE('',*,*,#4204,.T.);
#5425=ORIENTED_EDGE('',*,*,#4205,.T.);
#5426=ORIENTED_EDGE('',*,*,#4206,.T.);
#5427=ORIENTED_EDGE('',*,*,#4207,.T.);
#5428=ORIENTED_EDGE('',*,*,#4166,.T.);
#5429=ORIENTED_EDGE('',*,*,#4208,.F.);
#5430=ORIENTED_EDGE('',*,*,#4209,.F.);
#5431=ORIENTED_EDGE('',*,*,#4183,.F.);
#5432=ORIENTED_EDGE('',*,*,#4152,.F.);
#5433=ORIENTED_EDGE('',*,*,#4210,.T.);
#5434=ORIENTED_EDGE('',*,*,#4187,.F.);
#5435=ORIENTED_EDGE('',*,*,#4211,.F.);
#5436=ORIENTED_EDGE('',*,*,#4212,.F.);
#5437=ORIENTED_EDGE('',*,*,#4206,.F.);
#5438=ORIENTED_EDGE('',*,*,#4213,.F.);
#5439=ORIENTED_EDGE('',*,*,#4214,.F.);
#5440=ORIENTED_EDGE('',*,*,#4215,.F.);
#5441=ORIENTED_EDGE('',*,*,#4201,.F.);
#5442=ORIENTED_EDGE('',*,*,#4216,.F.);
#5443=ORIENTED_EDGE('',*,*,#4188,.F.);
#5444=ORIENTED_EDGE('',*,*,#4210,.F.);
#5445=ORIENTED_EDGE('',*,*,#4151,.F.);
#5446=ORIENTED_EDGE('',*,*,#4217,.F.);
#5447=ORIENTED_EDGE('',*,*,#4214,.T.);
#5448=ORIENTED_EDGE('',*,*,#4218,.F.);
#5449=ORIENTED_EDGE('',*,*,#4219,.F.);
#5450=ORIENTED_EDGE('',*,*,#4220,.T.);
#5451=ORIENTED_EDGE('',*,*,#4221,.F.);
#5452=ORIENTED_EDGE('',*,*,#4222,.F.);
#5453=ORIENTED_EDGE('',*,*,#4167,.T.);
#5454=ORIENTED_EDGE('',*,*,#4207,.F.);
#5455=ORIENTED_EDGE('',*,*,#4212,.T.);
#5456=ORIENTED_EDGE('',*,*,#4179,.T.);
#5457=ORIENTED_EDGE('',*,*,#4223,.F.);
#5458=ORIENTED_EDGE('',*,*,#4224,.T.);
#5459=ORIENTED_EDGE('',*,*,#4225,.T.);
#5460=ORIENTED_EDGE('',*,*,#4226,.F.);
#5461=ORIENTED_EDGE('',*,*,#4227,.F.);
#5462=ORIENTED_EDGE('',*,*,#4178,.T.);
#5463=ORIENTED_EDGE('',*,*,#4228,.T.);
#5464=ORIENTED_EDGE('',*,*,#4229,.T.);
#5465=ORIENTED_EDGE('',*,*,#4230,.T.);
#5466=ORIENTED_EDGE('',*,*,#4231,.T.);
#5467=ORIENTED_EDGE('',*,*,#4232,.F.);
#5468=ORIENTED_EDGE('',*,*,#4233,.T.);
#5469=ORIENTED_EDGE('',*,*,#4223,.T.);
#5470=ORIENTED_EDGE('',*,*,#4177,.T.);
#5471=ORIENTED_EDGE('',*,*,#4234,.F.);
#5472=ORIENTED_EDGE('',*,*,#4235,.F.);
#5473=ORIENTED_EDGE('',*,*,#4236,.T.);
#5474=ORIENTED_EDGE('',*,*,#4237,.F.);
#5475=ORIENTED_EDGE('',*,*,#4228,.F.);
#5476=ORIENTED_EDGE('',*,*,#4238,.F.);
#5477=ORIENTED_EDGE('',*,*,#4239,.T.);
#5478=ORIENTED_EDGE('',*,*,#4240,.F.);
#5479=ORIENTED_EDGE('',*,*,#4232,.T.);
#5480=ORIENTED_EDGE('',*,*,#4241,.T.);
#5481=ORIENTED_EDGE('',*,*,#4230,.F.);
#5482=ORIENTED_EDGE('',*,*,#4242,.F.);
#5483=ORIENTED_EDGE('',*,*,#4243,.F.);
#5484=ORIENTED_EDGE('',*,*,#4225,.F.);
#5485=ORIENTED_EDGE('',*,*,#4244,.F.);
#5486=ORIENTED_EDGE('',*,*,#4239,.F.);
#5487=ORIENTED_EDGE('',*,*,#4245,.F.);
#5488=ORIENTED_EDGE('',*,*,#4244,.T.);
#5489=ORIENTED_EDGE('',*,*,#4224,.F.);
#5490=ORIENTED_EDGE('',*,*,#4233,.F.);
#5491=ORIENTED_EDGE('',*,*,#4240,.T.);
#5492=ORIENTED_EDGE('',*,*,#4246,.F.);
#5493=ORIENTED_EDGE('',*,*,#4236,.F.);
#5494=ORIENTED_EDGE('',*,*,#4247,.F.);
#5495=ORIENTED_EDGE('',*,*,#4243,.T.);
#5496=ORIENTED_EDGE('',*,*,#4246,.T.);
#5497=ORIENTED_EDGE('',*,*,#4242,.T.);
#5498=ORIENTED_EDGE('',*,*,#4229,.F.);
#5499=ORIENTED_EDGE('',*,*,#4237,.T.);
#5500=ORIENTED_EDGE('',*,*,#4176,.T.);
#5501=ORIENTED_EDGE('',*,*,#4195,.F.);
#5502=ORIENTED_EDGE('',*,*,#4248,.T.);
#5503=ORIENTED_EDGE('',*,*,#4234,.T.);
#5504=ORIENTED_EDGE('',*,*,#4157,.F.);
#5505=ORIENTED_EDGE('',*,*,#4141,.F.);
#5506=ORIENTED_EDGE('',*,*,#4249,.F.);
#5507=ORIENTED_EDGE('',*,*,#4191,.F.);
#5508=ORIENTED_EDGE('',*,*,#4250,.F.);
#5509=ORIENTED_EDGE('',*,*,#4180,.T.);
#5510=ORIENTED_EDGE('',*,*,#4227,.T.);
#5511=ORIENTED_EDGE('',*,*,#4251,.T.);
#5512=ORIENTED_EDGE('',*,*,#4252,.F.);
#5513=ORIENTED_EDGE('',*,*,#4181,.T.);
#5514=ORIENTED_EDGE('',*,*,#4252,.T.);
#5515=ORIENTED_EDGE('',*,*,#4253,.T.);
#5516=ORIENTED_EDGE('',*,*,#4254,.F.);
#5517=ORIENTED_EDGE('',*,*,#4194,.T.);
#5518=ORIENTED_EDGE('',*,*,#4255,.T.);
#5519=ORIENTED_EDGE('',*,*,#4253,.F.);
#5520=ORIENTED_EDGE('',*,*,#4251,.F.);
#5521=ORIENTED_EDGE('',*,*,#4226,.T.);
#5522=ORIENTED_EDGE('',*,*,#4245,.T.);
#5523=ORIENTED_EDGE('',*,*,#4238,.T.);
#5524=ORIENTED_EDGE('',*,*,#4231,.F.);
#5525=ORIENTED_EDGE('',*,*,#4241,.F.);
#5526=ORIENTED_EDGE('',*,*,#4247,.T.);
#5527=ORIENTED_EDGE('',*,*,#4235,.T.);
#5528=ORIENTED_EDGE('',*,*,#4248,.F.);
#5529=ORIENTED_EDGE('',*,*,#4256,.T.);
#5530=ORIENTED_EDGE('',*,*,#4199,.F.);
#5531=ORIENTED_EDGE('',*,*,#4257,.F.);
#5532=ORIENTED_EDGE('',*,*,#4258,.F.);
#5533=ORIENTED_EDGE('',*,*,#4259,.T.);
#5534=ORIENTED_EDGE('',*,*,#4260,.F.);
#5535=ORIENTED_EDGE('',*,*,#4261,.T.);
#5536=ORIENTED_EDGE('',*,*,#4079,.F.);
#5537=ORIENTED_EDGE('',*,*,#4262,.F.);
#5538=ORIENTED_EDGE('',*,*,#4263,.F.);
#5539=ORIENTED_EDGE('',*,*,#4264,.F.);
#5540=ORIENTED_EDGE('',*,*,#4265,.F.);
#5541=ORIENTED_EDGE('',*,*,#4266,.T.);
#5542=ORIENTED_EDGE('',*,*,#4093,.F.);
#5543=ORIENTED_EDGE('',*,*,#4267,.T.);
#5544=ORIENTED_EDGE('',*,*,#4268,.F.);
#5545=ORIENTED_EDGE('',*,*,#4269,.F.);
#5546=ORIENTED_EDGE('',*,*,#4270,.F.);
#5547=ORIENTED_EDGE('',*,*,#4271,.T.);
#5548=ORIENTED_EDGE('',*,*,#4197,.T.);
#5549=ORIENTED_EDGE('',*,*,#4272,.F.);
#5550=ORIENTED_EDGE('',*,*,#4273,.T.);
#5551=ORIENTED_EDGE('',*,*,#4196,.F.);
#5552=ORIENTED_EDGE('',*,*,#4273,.F.);
#5553=ORIENTED_EDGE('',*,*,#4256,.F.);
#5554=ORIENTED_EDGE('',*,*,#4274,.F.);
#5555=ORIENTED_EDGE('',*,*,#4264,.T.);
#5556=ORIENTED_EDGE('',*,*,#4200,.F.);
#5557=ORIENTED_EDGE('',*,*,#4263,.T.);
#5558=ORIENTED_EDGE('',*,*,#4275,.T.);
#5559=ORIENTED_EDGE('',*,*,#4265,.T.);
#5560=ORIENTED_EDGE('',*,*,#4274,.T.);
#5561=ORIENTED_EDGE('',*,*,#4272,.T.);
#5562=ORIENTED_EDGE('',*,*,#4276,.F.);
#5563=ORIENTED_EDGE('',*,*,#4258,.T.);
#5564=ORIENTED_EDGE('',*,*,#4277,.F.);
#5565=ORIENTED_EDGE('',*,*,#4270,.T.);
#5566=ORIENTED_EDGE('',*,*,#4277,.T.);
#5567=ORIENTED_EDGE('',*,*,#4257,.T.);
#5568=ORIENTED_EDGE('',*,*,#4198,.F.);
#5569=ORIENTED_EDGE('',*,*,#4271,.F.);
#5570=ORIENTED_EDGE('',*,*,#4278,.F.);
#5571=ORIENTED_EDGE('',*,*,#4279,.T.);
#5572=ORIENTED_EDGE('',*,*,#4250,.T.);
#5573=ORIENTED_EDGE('',*,*,#4279,.F.);
#5574=ORIENTED_EDGE('',*,*,#4276,.T.);
#5575=ORIENTED_EDGE('',*,*,#4269,.T.);
#5576=ORIENTED_EDGE('',*,*,#4280,.F.);
#5577=ORIENTED_EDGE('',*,*,#4259,.F.);
#5578=ORIENTED_EDGE('',*,*,#4260,.T.);
#5579=ORIENTED_EDGE('',*,*,#4280,.T.);
#5580=ORIENTED_EDGE('',*,*,#4268,.T.);
#5581=ORIENTED_EDGE('',*,*,#4281,.T.);
#5582=ORIENTED_EDGE('',*,*,#4278,.T.);
#5583=ORIENTED_EDGE('',*,*,#4190,.T.);
#5584=ORIENTED_EDGE('',*,*,#4282,.T.);
#5585=ORIENTED_EDGE('',*,*,#4204,.F.);
#5586=ORIENTED_EDGE('',*,*,#4283,.F.);
#5587=ORIENTED_EDGE('',*,*,#4284,.F.);
#5588=ORIENTED_EDGE('',*,*,#4159,.T.);
#5589=ORIENTED_EDGE('',*,*,#4216,.T.);
#5590=ORIENTED_EDGE('',*,*,#4205,.F.);
#5591=ORIENTED_EDGE('',*,*,#4282,.F.);
#5592=ORIENTED_EDGE('',*,*,#4189,.F.);
#5593=ORIENTED_EDGE('',*,*,#4208,.T.);
#5594=ORIENTED_EDGE('',*,*,#4165,.F.);
#5595=ORIENTED_EDGE('',*,*,#4285,.T.);
#5596=ORIENTED_EDGE('',*,*,#4286,.F.);
#5597=ORIENTED_EDGE('',*,*,#4219,.T.);
#5598=ORIENTED_EDGE('',*,*,#4287,.T.);
#5599=ORIENTED_EDGE('',*,*,#4213,.T.);
#5600=ORIENTED_EDGE('',*,*,#4209,.T.);
#5601=ORIENTED_EDGE('',*,*,#4287,.F.);
#5602=ORIENTED_EDGE('',*,*,#4218,.T.);
#5603=ORIENTED_EDGE('',*,*,#4220,.F.);
#5604=ORIENTED_EDGE('',*,*,#4286,.T.);
#5605=ORIENTED_EDGE('',*,*,#4288,.T.);
#5606=ORIENTED_EDGE('',*,*,#4289,.T.);
#5607=ORIENTED_EDGE('',*,*,#4290,.F.);
#5608=ORIENTED_EDGE('',*,*,#4164,.T.);
#5609=ORIENTED_EDGE('',*,*,#4291,.T.);
#5610=ORIENTED_EDGE('',*,*,#4288,.F.);
#5611=ORIENTED_EDGE('',*,*,#4285,.F.);
#5612=ORIENTED_EDGE('',*,*,#4163,.F.);
#5613=ORIENTED_EDGE('',*,*,#4292,.F.);
#5614=ORIENTED_EDGE('',*,*,#4289,.F.);
#5615=ORIENTED_EDGE('',*,*,#4291,.F.);
#5616=ORIENTED_EDGE('',*,*,#4215,.T.);
#5617=ORIENTED_EDGE('',*,*,#4221,.T.);
#5618=ORIENTED_EDGE('',*,*,#4290,.T.);
#5619=ORIENTED_EDGE('',*,*,#4292,.T.);
#5620=ORIENTED_EDGE('',*,*,#4162,.F.);
#5621=ORIENTED_EDGE('',*,*,#4293,.T.);
#5622=ORIENTED_EDGE('',*,*,#4294,.T.);
#5623=ORIENTED_EDGE('',*,*,#4202,.F.);
#5624=ORIENTED_EDGE('',*,*,#4203,.F.);
#5625=ORIENTED_EDGE('',*,*,#4294,.F.);
#5626=ORIENTED_EDGE('',*,*,#4295,.T.);
#5627=ORIENTED_EDGE('',*,*,#4296,.T.);
#5628=ORIENTED_EDGE('',*,*,#4283,.T.);
#5629=ORIENTED_EDGE('',*,*,#4161,.F.);
#5630=ORIENTED_EDGE('',*,*,#4297,.T.);
#5631=ORIENTED_EDGE('',*,*,#4295,.F.);
#5632=ORIENTED_EDGE('',*,*,#4293,.F.);
#5633=ORIENTED_EDGE('',*,*,#4160,.F.);
#5634=ORIENTED_EDGE('',*,*,#4284,.T.);
#5635=ORIENTED_EDGE('',*,*,#4296,.F.);
#5636=ORIENTED_EDGE('',*,*,#4297,.F.);
#5637=ORIENTED_EDGE('',*,*,#4156,.T.);
#5638=ORIENTED_EDGE('',*,*,#4222,.T.);
#5639=ORIENTED_EDGE('',*,*,#4211,.T.);
#5640=ORIENTED_EDGE('',*,*,#4298,.F.);
#5641=ORIENTED_EDGE('',*,*,#4299,.F.);
#5642=ORIENTED_EDGE('',*,*,#4300,.F.);
#5643=ORIENTED_EDGE('',*,*,#4301,.T.);
#5644=ORIENTED_EDGE('',*,*,#4302,.T.);
#5645=ORIENTED_EDGE('',*,*,#4303,.F.);
#5646=ORIENTED_EDGE('',*,*,#4304,.T.);
#5647=ORIENTED_EDGE('',*,*,#4305,.T.);
#5648=ORIENTED_EDGE('',*,*,#4306,.T.);
#5649=ORIENTED_EDGE('',*,*,#4307,.F.);
#5650=ORIENTED_EDGE('',*,*,#4131,.F.);
#5651=ORIENTED_EDGE('',*,*,#4308,.T.);
#5652=ORIENTED_EDGE('',*,*,#4309,.F.);
#5653=ORIENTED_EDGE('',*,*,#4154,.F.);
#5654=ORIENTED_EDGE('',*,*,#4310,.F.);
#5655=ORIENTED_EDGE('',*,*,#4311,.T.);
#5656=ORIENTED_EDGE('',*,*,#4312,.T.);
#5657=ORIENTED_EDGE('',*,*,#4313,.T.);
#5658=ORIENTED_EDGE('',*,*,#4314,.T.);
#5659=ORIENTED_EDGE('',*,*,#4174,.T.);
#5660=ORIENTED_EDGE('',*,*,#4315,.T.);
#5661=ORIENTED_EDGE('',*,*,#4298,.T.);
#5662=ORIENTED_EDGE('',*,*,#4217,.T.);
#5663=ORIENTED_EDGE('',*,*,#4150,.T.);
#5664=ORIENTED_EDGE('',*,*,#4147,.T.);
#5665=ORIENTED_EDGE('',*,*,#4316,.F.);
#5666=ORIENTED_EDGE('',*,*,#4317,.F.);
#5667=ORIENTED_EDGE('',*,*,#4318,.T.);
#5668=ORIENTED_EDGE('',*,*,#4319,.F.);
#5669=ORIENTED_EDGE('',*,*,#4124,.F.);
#5670=ORIENTED_EDGE('',*,*,#4317,.T.);
#5671=ORIENTED_EDGE('',*,*,#4320,.F.);
#5672=ORIENTED_EDGE('',*,*,#4321,.F.);
#5673=ORIENTED_EDGE('',*,*,#4322,.F.);
#5674=ORIENTED_EDGE('',*,*,#4323,.F.);
#5675=ORIENTED_EDGE('',*,*,#4324,.F.);
#5676=ORIENTED_EDGE('',*,*,#4325,.F.);
#5677=ORIENTED_EDGE('',*,*,#4326,.F.);
#5678=ORIENTED_EDGE('',*,*,#4327,.F.);
#5679=ORIENTED_EDGE('',*,*,#4120,.T.);
#5680=ORIENTED_EDGE('',*,*,#4328,.T.);
#5681=ORIENTED_EDGE('',*,*,#4303,.T.);
#5682=ORIENTED_EDGE('',*,*,#4329,.T.);
#5683=ORIENTED_EDGE('',*,*,#4123,.T.);
#5684=ORIENTED_EDGE('',*,*,#4316,.T.);
#5685=ORIENTED_EDGE('',*,*,#4329,.F.);
#5686=ORIENTED_EDGE('',*,*,#4302,.F.);
#5687=ORIENTED_EDGE('',*,*,#4320,.T.);
#5688=ORIENTED_EDGE('',*,*,#4330,.T.);
#5689=ORIENTED_EDGE('',*,*,#4331,.T.);
#5690=ORIENTED_EDGE('',*,*,#4332,.T.);
#5691=ORIENTED_EDGE('',*,*,#4333,.T.);
#5692=ORIENTED_EDGE('',*,*,#4334,.T.);
#5693=ORIENTED_EDGE('',*,*,#4335,.T.);
#5694=ORIENTED_EDGE('',*,*,#4336,.T.);
#5695=ORIENTED_EDGE('',*,*,#4139,.T.);
#5696=ORIENTED_EDGE('',*,*,#4337,.F.);
#5697=ORIENTED_EDGE('',*,*,#4338,.F.);
#5698=ORIENTED_EDGE('',*,*,#4328,.F.);
#5699=ORIENTED_EDGE('',*,*,#4119,.F.);
#5700=ORIENTED_EDGE('',*,*,#4339,.T.);
#5701=ORIENTED_EDGE('',*,*,#4304,.F.);
#5702=ORIENTED_EDGE('',*,*,#4340,.F.);
#5703=ORIENTED_EDGE('',*,*,#4341,.F.);
#5704=ORIENTED_EDGE('',*,*,#4335,.F.);
#5705=ORIENTED_EDGE('',*,*,#4342,.F.);
#5706=ORIENTED_EDGE('',*,*,#4343,.F.);
#5707=ORIENTED_EDGE('',*,*,#4344,.F.);
#5708=ORIENTED_EDGE('',*,*,#4330,.F.);
#5709=ORIENTED_EDGE('',*,*,#4345,.F.);
#5710=ORIENTED_EDGE('',*,*,#4305,.F.);
#5711=ORIENTED_EDGE('',*,*,#4339,.F.);
#5712=ORIENTED_EDGE('',*,*,#4118,.F.);
#5713=ORIENTED_EDGE('',*,*,#4346,.F.);
#5714=ORIENTED_EDGE('',*,*,#4343,.T.);
#5715=ORIENTED_EDGE('',*,*,#4347,.F.);
#5716=ORIENTED_EDGE('',*,*,#4348,.F.);
#5717=ORIENTED_EDGE('',*,*,#4349,.T.);
#5718=ORIENTED_EDGE('',*,*,#4350,.F.);
#5719=ORIENTED_EDGE('',*,*,#4351,.F.);
#5720=ORIENTED_EDGE('',*,*,#4140,.T.);
#5721=ORIENTED_EDGE('',*,*,#4336,.F.);
#5722=ORIENTED_EDGE('',*,*,#4341,.T.);
#5723=ORIENTED_EDGE('',*,*,#4324,.T.);
#5724=ORIENTED_EDGE('',*,*,#4352,.F.);
#5725=ORIENTED_EDGE('',*,*,#4353,.T.);
#5726=ORIENTED_EDGE('',*,*,#4354,.T.);
#5727=ORIENTED_EDGE('',*,*,#4355,.F.);
#5728=ORIENTED_EDGE('',*,*,#4356,.F.);
#5729=ORIENTED_EDGE('',*,*,#4323,.T.);
#5730=ORIENTED_EDGE('',*,*,#4357,.T.);
#5731=ORIENTED_EDGE('',*,*,#4358,.T.);
#5732=ORIENTED_EDGE('',*,*,#4359,.T.);
#5733=ORIENTED_EDGE('',*,*,#4360,.T.);
#5734=ORIENTED_EDGE('',*,*,#4361,.F.);
#5735=ORIENTED_EDGE('',*,*,#4362,.T.);
#5736=ORIENTED_EDGE('',*,*,#4352,.T.);
#5737=ORIENTED_EDGE('',*,*,#4322,.T.);
#5738=ORIENTED_EDGE('',*,*,#4363,.F.);
#5739=ORIENTED_EDGE('',*,*,#4364,.F.);
#5740=ORIENTED_EDGE('',*,*,#4365,.T.);
#5741=ORIENTED_EDGE('',*,*,#4366,.F.);
#5742=ORIENTED_EDGE('',*,*,#4357,.F.);
#5743=ORIENTED_EDGE('',*,*,#4367,.F.);
#5744=ORIENTED_EDGE('',*,*,#4368,.T.);
#5745=ORIENTED_EDGE('',*,*,#4369,.F.);
#5746=ORIENTED_EDGE('',*,*,#4361,.T.);
#5747=ORIENTED_EDGE('',*,*,#4370,.T.);
#5748=ORIENTED_EDGE('',*,*,#4359,.F.);
#5749=ORIENTED_EDGE('',*,*,#4371,.F.);
#5750=ORIENTED_EDGE('',*,*,#4372,.F.);
#5751=ORIENTED_EDGE('',*,*,#4354,.F.);
#5752=ORIENTED_EDGE('',*,*,#4373,.F.);
#5753=ORIENTED_EDGE('',*,*,#4368,.F.);
#5754=ORIENTED_EDGE('',*,*,#4374,.F.);
#5755=ORIENTED_EDGE('',*,*,#4373,.T.);
#5756=ORIENTED_EDGE('',*,*,#4353,.F.);
#5757=ORIENTED_EDGE('',*,*,#4362,.F.);
#5758=ORIENTED_EDGE('',*,*,#4369,.T.);
#5759=ORIENTED_EDGE('',*,*,#4375,.F.);
#5760=ORIENTED_EDGE('',*,*,#4365,.F.);
#5761=ORIENTED_EDGE('',*,*,#4376,.F.);
#5762=ORIENTED_EDGE('',*,*,#4372,.T.);
#5763=ORIENTED_EDGE('',*,*,#4375,.T.);
#5764=ORIENTED_EDGE('',*,*,#4371,.T.);
#5765=ORIENTED_EDGE('',*,*,#4358,.F.);
#5766=ORIENTED_EDGE('',*,*,#4366,.T.);
#5767=ORIENTED_EDGE('',*,*,#4321,.T.);
#5768=ORIENTED_EDGE('',*,*,#4301,.F.);
#5769=ORIENTED_EDGE('',*,*,#4377,.T.);
#5770=ORIENTED_EDGE('',*,*,#4363,.T.);
#5771=ORIENTED_EDGE('',*,*,#4130,.F.);
#5772=ORIENTED_EDGE('',*,*,#4117,.F.);
#5773=ORIENTED_EDGE('',*,*,#4378,.F.);
#5774=ORIENTED_EDGE('',*,*,#4308,.F.);
#5775=ORIENTED_EDGE('',*,*,#4379,.F.);
#5776=ORIENTED_EDGE('',*,*,#4325,.T.);
#5777=ORIENTED_EDGE('',*,*,#4356,.T.);
#5778=ORIENTED_EDGE('',*,*,#4380,.T.);
#5779=ORIENTED_EDGE('',*,*,#4381,.F.);
#5780=ORIENTED_EDGE('',*,*,#4326,.T.);
#5781=ORIENTED_EDGE('',*,*,#4381,.T.);
#5782=ORIENTED_EDGE('',*,*,#4382,.T.);
#5783=ORIENTED_EDGE('',*,*,#4383,.F.);
#5784=ORIENTED_EDGE('',*,*,#4300,.T.);
#5785=ORIENTED_EDGE('',*,*,#4384,.T.);
#5786=ORIENTED_EDGE('',*,*,#4382,.F.);
#5787=ORIENTED_EDGE('',*,*,#4380,.F.);
#5788=ORIENTED_EDGE('',*,*,#4355,.T.);
#5789=ORIENTED_EDGE('',*,*,#4374,.T.);
#5790=ORIENTED_EDGE('',*,*,#4367,.T.);
#5791=ORIENTED_EDGE('',*,*,#4360,.F.);
#5792=ORIENTED_EDGE('',*,*,#4370,.F.);
#5793=ORIENTED_EDGE('',*,*,#4376,.T.);
#5794=ORIENTED_EDGE('',*,*,#4364,.T.);
#5795=ORIENTED_EDGE('',*,*,#4377,.F.);
#5796=ORIENTED_EDGE('',*,*,#4385,.T.);
#5797=ORIENTED_EDGE('',*,*,#4312,.F.);
#5798=ORIENTED_EDGE('',*,*,#4386,.F.);
#5799=ORIENTED_EDGE('',*,*,#4387,.F.);
#5800=ORIENTED_EDGE('',*,*,#4388,.T.);
#5801=ORIENTED_EDGE('',*,*,#4389,.F.);
#5802=ORIENTED_EDGE('',*,*,#4390,.T.);
#5803=ORIENTED_EDGE('',*,*,#4095,.F.);
#5804=ORIENTED_EDGE('',*,*,#4391,.F.);
#5805=ORIENTED_EDGE('',*,*,#4392,.F.);
#5806=ORIENTED_EDGE('',*,*,#4393,.F.);
#5807=ORIENTED_EDGE('',*,*,#4394,.F.);
#5808=ORIENTED_EDGE('',*,*,#4395,.T.);
#5809=ORIENTED_EDGE('',*,*,#4085,.F.);
#5810=ORIENTED_EDGE('',*,*,#4396,.T.);
#5811=ORIENTED_EDGE('',*,*,#4397,.F.);
#5812=ORIENTED_EDGE('',*,*,#4398,.F.);
#5813=ORIENTED_EDGE('',*,*,#4399,.F.);
#5814=ORIENTED_EDGE('',*,*,#4400,.T.);
#5815=ORIENTED_EDGE('',*,*,#4310,.T.);
#5816=ORIENTED_EDGE('',*,*,#4401,.F.);
#5817=ORIENTED_EDGE('',*,*,#4402,.T.);
#5818=ORIENTED_EDGE('',*,*,#4314,.F.);
#5819=ORIENTED_EDGE('',*,*,#4402,.F.);
#5820=ORIENTED_EDGE('',*,*,#4385,.F.);
#5821=ORIENTED_EDGE('',*,*,#4403,.F.);
#5822=ORIENTED_EDGE('',*,*,#4393,.T.);
#5823=ORIENTED_EDGE('',*,*,#4313,.F.);
#5824=ORIENTED_EDGE('',*,*,#4392,.T.);
#5825=ORIENTED_EDGE('',*,*,#4404,.T.);
#5826=ORIENTED_EDGE('',*,*,#4394,.T.);
#5827=ORIENTED_EDGE('',*,*,#4403,.T.);
#5828=ORIENTED_EDGE('',*,*,#4401,.T.);
#5829=ORIENTED_EDGE('',*,*,#4405,.F.);
#5830=ORIENTED_EDGE('',*,*,#4387,.T.);
#5831=ORIENTED_EDGE('',*,*,#4406,.F.);
#5832=ORIENTED_EDGE('',*,*,#4399,.T.);
#5833=ORIENTED_EDGE('',*,*,#4406,.T.);
#5834=ORIENTED_EDGE('',*,*,#4386,.T.);
#5835=ORIENTED_EDGE('',*,*,#4311,.F.);
#5836=ORIENTED_EDGE('',*,*,#4400,.F.);
#5837=ORIENTED_EDGE('',*,*,#4407,.F.);
#5838=ORIENTED_EDGE('',*,*,#4408,.T.);
#5839=ORIENTED_EDGE('',*,*,#4379,.T.);
#5840=ORIENTED_EDGE('',*,*,#4408,.F.);
#5841=ORIENTED_EDGE('',*,*,#4405,.T.);
#5842=ORIENTED_EDGE('',*,*,#4398,.T.);
#5843=ORIENTED_EDGE('',*,*,#4409,.F.);
#5844=ORIENTED_EDGE('',*,*,#4388,.F.);
#5845=ORIENTED_EDGE('',*,*,#4389,.T.);
#5846=ORIENTED_EDGE('',*,*,#4409,.T.);
#5847=ORIENTED_EDGE('',*,*,#4397,.T.);
#5848=ORIENTED_EDGE('',*,*,#4410,.T.);
#5849=ORIENTED_EDGE('',*,*,#4407,.T.);
#5850=ORIENTED_EDGE('',*,*,#4307,.T.);
#5851=ORIENTED_EDGE('',*,*,#4411,.T.);
#5852=ORIENTED_EDGE('',*,*,#4333,.F.);
#5853=ORIENTED_EDGE('',*,*,#4412,.F.);
#5854=ORIENTED_EDGE('',*,*,#4413,.F.);
#5855=ORIENTED_EDGE('',*,*,#4132,.T.);
#5856=ORIENTED_EDGE('',*,*,#4345,.T.);
#5857=ORIENTED_EDGE('',*,*,#4334,.F.);
#5858=ORIENTED_EDGE('',*,*,#4411,.F.);
#5859=ORIENTED_EDGE('',*,*,#4306,.F.);
#5860=ORIENTED_EDGE('',*,*,#4337,.T.);
#5861=ORIENTED_EDGE('',*,*,#4138,.F.);
#5862=ORIENTED_EDGE('',*,*,#4414,.T.);
#5863=ORIENTED_EDGE('',*,*,#4415,.F.);
#5864=ORIENTED_EDGE('',*,*,#4348,.T.);
#5865=ORIENTED_EDGE('',*,*,#4416,.T.);
#5866=ORIENTED_EDGE('',*,*,#4342,.T.);
#5867=ORIENTED_EDGE('',*,*,#4338,.T.);
#5868=ORIENTED_EDGE('',*,*,#4416,.F.);
#5869=ORIENTED_EDGE('',*,*,#4347,.T.);
#5870=ORIENTED_EDGE('',*,*,#4349,.F.);
#5871=ORIENTED_EDGE('',*,*,#4415,.T.);
#5872=ORIENTED_EDGE('',*,*,#4417,.T.);
#5873=ORIENTED_EDGE('',*,*,#4418,.T.);
#5874=ORIENTED_EDGE('',*,*,#4419,.F.);
#5875=ORIENTED_EDGE('',*,*,#4137,.T.);
#5876=ORIENTED_EDGE('',*,*,#4420,.T.);
#5877=ORIENTED_EDGE('',*,*,#4417,.F.);
#5878=ORIENTED_EDGE('',*,*,#4414,.F.);
#5879=ORIENTED_EDGE('',*,*,#4136,.F.);
#5880=ORIENTED_EDGE('',*,*,#4421,.F.);
#5881=ORIENTED_EDGE('',*,*,#4418,.F.);
#5882=ORIENTED_EDGE('',*,*,#4420,.F.);
#5883=ORIENTED_EDGE('',*,*,#4344,.T.);
#5884=ORIENTED_EDGE('',*,*,#4350,.T.);
#5885=ORIENTED_EDGE('',*,*,#4419,.T.);
#5886=ORIENTED_EDGE('',*,*,#4421,.T.);
#5887=ORIENTED_EDGE('',*,*,#4135,.F.);
#5888=ORIENTED_EDGE('',*,*,#4422,.T.);
#5889=ORIENTED_EDGE('',*,*,#4423,.T.);
#5890=ORIENTED_EDGE('',*,*,#4331,.F.);
#5891=ORIENTED_EDGE('',*,*,#4332,.F.);
#5892=ORIENTED_EDGE('',*,*,#4423,.F.);
#5893=ORIENTED_EDGE('',*,*,#4424,.T.);
#5894=ORIENTED_EDGE('',*,*,#4425,.T.);
#5895=ORIENTED_EDGE('',*,*,#4412,.T.);
#5896=ORIENTED_EDGE('',*,*,#4134,.F.);
#5897=ORIENTED_EDGE('',*,*,#4426,.T.);
#5898=ORIENTED_EDGE('',*,*,#4424,.F.);
#5899=ORIENTED_EDGE('',*,*,#4422,.F.);
#5900=ORIENTED_EDGE('',*,*,#4133,.F.);
#5901=ORIENTED_EDGE('',*,*,#4413,.T.);
#5902=ORIENTED_EDGE('',*,*,#4425,.F.);
#5903=ORIENTED_EDGE('',*,*,#4426,.F.);
#5904=ORIENTED_EDGE('',*,*,#4129,.T.);
#5905=ORIENTED_EDGE('',*,*,#4351,.T.);
#5906=ORIENTED_EDGE('',*,*,#4340,.T.);
#5907=ORIENTED_EDGE('',*,*,#4427,.F.);
#5908=ORIENTED_EDGE('',*,*,#4428,.F.);
#5909=ORIENTED_EDGE('',*,*,#4429,.F.);
#5910=ORIENTED_EDGE('',*,*,#4430,.T.);
#5911=ORIENTED_EDGE('',*,*,#4431,.T.);
#5912=ORIENTED_EDGE('',*,*,#4432,.F.);
#5913=ORIENTED_EDGE('',*,*,#4433,.T.);
#5914=ORIENTED_EDGE('',*,*,#4434,.T.);
#5915=ORIENTED_EDGE('',*,*,#4435,.T.);
#5916=ORIENTED_EDGE('',*,*,#4436,.F.);
#5917=ORIENTED_EDGE('',*,*,#4437,.F.);
#5918=ORIENTED_EDGE('',*,*,#4438,.T.);
#5919=ORIENTED_EDGE('',*,*,#4439,.F.);
#5920=ORIENTED_EDGE('',*,*,#4127,.F.);
#5921=ORIENTED_EDGE('',*,*,#4440,.F.);
#5922=ORIENTED_EDGE('',*,*,#4441,.T.);
#5923=ORIENTED_EDGE('',*,*,#4442,.T.);
#5924=ORIENTED_EDGE('',*,*,#4443,.T.);
#5925=ORIENTED_EDGE('',*,*,#4444,.T.);
#5926=ORIENTED_EDGE('',*,*,#4319,.T.);
#5927=ORIENTED_EDGE('',*,*,#4445,.T.);
#5928=ORIENTED_EDGE('',*,*,#4427,.T.);
#5929=ORIENTED_EDGE('',*,*,#4346,.T.);
#5930=ORIENTED_EDGE('',*,*,#4122,.T.);
#5931=ORIENTED_EDGE('',*,*,#4125,.T.);
#5932=ORIENTED_EDGE('',*,*,#4112,.T.);
#5933=ORIENTED_EDGE('',*,*,#4446,.F.);
#5934=ORIENTED_EDGE('',*,*,#4447,.F.);
#5935=ORIENTED_EDGE('',*,*,#4448,.T.);
#5936=ORIENTED_EDGE('',*,*,#4447,.T.);
#5937=ORIENTED_EDGE('',*,*,#4449,.F.);
#5938=ORIENTED_EDGE('',*,*,#4450,.F.);
#5939=ORIENTED_EDGE('',*,*,#4451,.F.);
#5940=ORIENTED_EDGE('',*,*,#4452,.F.);
#5941=ORIENTED_EDGE('',*,*,#4453,.F.);
#5942=ORIENTED_EDGE('',*,*,#4454,.F.);
#5943=ORIENTED_EDGE('',*,*,#4455,.F.);
#5944=ORIENTED_EDGE('',*,*,#4456,.F.);
#5945=ORIENTED_EDGE('',*,*,#4102,.T.);
#5946=ORIENTED_EDGE('',*,*,#4457,.T.);
#5947=ORIENTED_EDGE('',*,*,#4432,.T.);
#5948=ORIENTED_EDGE('',*,*,#4458,.T.);
#5949=ORIENTED_EDGE('',*,*,#4111,.T.);
#5950=ORIENTED_EDGE('',*,*,#4103,.T.);
#5951=ORIENTED_EDGE('',*,*,#4458,.F.);
#5952=ORIENTED_EDGE('',*,*,#4431,.F.);
#5953=ORIENTED_EDGE('',*,*,#4449,.T.);
#5954=ORIENTED_EDGE('',*,*,#4446,.T.);
#5955=ORIENTED_EDGE('',*,*,#4459,.T.);
#5956=ORIENTED_EDGE('',*,*,#4460,.T.);
#5957=ORIENTED_EDGE('',*,*,#4461,.T.);
#5958=ORIENTED_EDGE('',*,*,#4462,.T.);
#5959=ORIENTED_EDGE('',*,*,#4463,.T.);
#5960=ORIENTED_EDGE('',*,*,#4464,.T.);
#5961=ORIENTED_EDGE('',*,*,#4465,.T.);
#5962=ORIENTED_EDGE('',*,*,#4466,.T.);
#5963=ORIENTED_EDGE('',*,*,#4467,.F.);
#5964=ORIENTED_EDGE('',*,*,#4468,.F.);
#5965=ORIENTED_EDGE('',*,*,#4457,.F.);
#5966=ORIENTED_EDGE('',*,*,#4101,.F.);
#5967=ORIENTED_EDGE('',*,*,#4469,.T.);
#5968=ORIENTED_EDGE('',*,*,#4433,.F.);
#5969=ORIENTED_EDGE('',*,*,#4470,.F.);
#5970=ORIENTED_EDGE('',*,*,#4471,.F.);
#5971=ORIENTED_EDGE('',*,*,#4459,.F.);
#5972=ORIENTED_EDGE('',*,*,#4472,.F.);
#5973=ORIENTED_EDGE('',*,*,#4434,.F.);
#5974=ORIENTED_EDGE('',*,*,#4469,.F.);
#5975=ORIENTED_EDGE('',*,*,#4100,.F.);
#5976=ORIENTED_EDGE('',*,*,#4473,.F.);
#5977=ORIENTED_EDGE('',*,*,#4464,.F.);
#5978=ORIENTED_EDGE('',*,*,#4474,.F.);
#5979=ORIENTED_EDGE('',*,*,#4470,.T.);
#5980=ORIENTED_EDGE('',*,*,#4475,.F.);
#5981=ORIENTED_EDGE('',*,*,#4476,.F.);
#5982=ORIENTED_EDGE('',*,*,#4477,.T.);
#5983=ORIENTED_EDGE('',*,*,#4478,.F.);
#5984=ORIENTED_EDGE('',*,*,#4473,.T.);
#5985=ORIENTED_EDGE('',*,*,#4099,.T.);
#5986=ORIENTED_EDGE('',*,*,#4479,.T.);
#5987=ORIENTED_EDGE('',*,*,#4465,.F.);
#5988=ORIENTED_EDGE('',*,*,#4453,.T.);
#5989=ORIENTED_EDGE('',*,*,#4480,.F.);
#5990=ORIENTED_EDGE('',*,*,#4481,.T.);
#5991=ORIENTED_EDGE('',*,*,#4482,.T.);
#5992=ORIENTED_EDGE('',*,*,#4483,.F.);
#5993=ORIENTED_EDGE('',*,*,#4484,.F.);
#5994=ORIENTED_EDGE('',*,*,#4452,.T.);
#5995=ORIENTED_EDGE('',*,*,#4485,.T.);
#5996=ORIENTED_EDGE('',*,*,#4486,.T.);
#5997=ORIENTED_EDGE('',*,*,#4487,.T.);
#5998=ORIENTED_EDGE('',*,*,#4488,.T.);
#5999=ORIENTED_EDGE('',*,*,#4489,.F.);
#6000=ORIENTED_EDGE('',*,*,#4490,.T.);
#6001=ORIENTED_EDGE('',*,*,#4480,.T.);
#6002=ORIENTED_EDGE('',*,*,#4451,.T.);
#6003=ORIENTED_EDGE('',*,*,#4491,.F.);
#6004=ORIENTED_EDGE('',*,*,#4492,.F.);
#6005=ORIENTED_EDGE('',*,*,#4493,.T.);
#6006=ORIENTED_EDGE('',*,*,#4494,.F.);
#6007=ORIENTED_EDGE('',*,*,#4485,.F.);
#6008=ORIENTED_EDGE('',*,*,#4495,.F.);
#6009=ORIENTED_EDGE('',*,*,#4496,.T.);
#6010=ORIENTED_EDGE('',*,*,#4497,.F.);
#6011=ORIENTED_EDGE('',*,*,#4489,.T.);
#6012=ORIENTED_EDGE('',*,*,#4498,.T.);
#6013=ORIENTED_EDGE('',*,*,#4487,.F.);
#6014=ORIENTED_EDGE('',*,*,#4499,.F.);
#6015=ORIENTED_EDGE('',*,*,#4500,.F.);
#6016=ORIENTED_EDGE('',*,*,#4482,.F.);
#6017=ORIENTED_EDGE('',*,*,#4501,.F.);
#6018=ORIENTED_EDGE('',*,*,#4496,.F.);
#6019=ORIENTED_EDGE('',*,*,#4502,.F.);
#6020=ORIENTED_EDGE('',*,*,#4501,.T.);
#6021=ORIENTED_EDGE('',*,*,#4481,.F.);
#6022=ORIENTED_EDGE('',*,*,#4490,.F.);
#6023=ORIENTED_EDGE('',*,*,#4497,.T.);
#6024=ORIENTED_EDGE('',*,*,#4503,.F.);
#6025=ORIENTED_EDGE('',*,*,#4493,.F.);
#6026=ORIENTED_EDGE('',*,*,#4504,.F.);
#6027=ORIENTED_EDGE('',*,*,#4500,.T.);
#6028=ORIENTED_EDGE('',*,*,#4503,.T.);
#6029=ORIENTED_EDGE('',*,*,#4499,.T.);
#6030=ORIENTED_EDGE('',*,*,#4486,.F.);
#6031=ORIENTED_EDGE('',*,*,#4494,.T.);
#6032=ORIENTED_EDGE('',*,*,#4450,.T.);
#6033=ORIENTED_EDGE('',*,*,#4430,.F.);
#6034=ORIENTED_EDGE('',*,*,#4505,.T.);
#6035=ORIENTED_EDGE('',*,*,#4491,.T.);
#6036=ORIENTED_EDGE('',*,*,#4506,.F.);
#6037=ORIENTED_EDGE('',*,*,#4097,.F.);
#6038=ORIENTED_EDGE('',*,*,#4507,.F.);
#6039=ORIENTED_EDGE('',*,*,#4438,.F.);
#6040=ORIENTED_EDGE('',*,*,#4507,.T.);
#6041=ORIENTED_EDGE('',*,*,#4107,.F.);
#6042=ORIENTED_EDGE('',*,*,#4110,.T.);
#6043=ORIENTED_EDGE('',*,*,#4088,.F.);
#6044=ORIENTED_EDGE('',*,*,#4508,.F.);
#6045=ORIENTED_EDGE('',*,*,#4509,.F.);
#6046=ORIENTED_EDGE('',*,*,#4510,.T.);
#6047=ORIENTED_EDGE('',*,*,#4086,.F.);
#6048=ORIENTED_EDGE('',*,*,#4395,.F.);
#6049=ORIENTED_EDGE('',*,*,#4404,.F.);
#6050=ORIENTED_EDGE('',*,*,#4391,.T.);
#6051=ORIENTED_EDGE('',*,*,#4094,.F.);
#6052=ORIENTED_EDGE('',*,*,#4266,.F.);
#6053=ORIENTED_EDGE('',*,*,#4275,.F.);
#6054=ORIENTED_EDGE('',*,*,#4262,.T.);
#6055=ORIENTED_EDGE('',*,*,#4082,.F.);
#6056=ORIENTED_EDGE('',*,*,#4170,.F.);
#6057=ORIENTED_EDGE('',*,*,#4192,.T.);
#6058=ORIENTED_EDGE('',*,*,#4249,.T.);
#6059=ORIENTED_EDGE('',*,*,#4144,.T.);
#6060=ORIENTED_EDGE('',*,*,#4155,.F.);
#6061=ORIENTED_EDGE('',*,*,#4309,.T.);
#6062=ORIENTED_EDGE('',*,*,#4378,.T.);
#6063=ORIENTED_EDGE('',*,*,#4116,.T.);
#6064=ORIENTED_EDGE('',*,*,#4128,.F.);
#6065=ORIENTED_EDGE('',*,*,#4439,.T.);
#6066=ORIENTED_EDGE('',*,*,#4511,.F.);
#6067=ORIENTED_EDGE('',*,*,#4454,.T.);
#6068=ORIENTED_EDGE('',*,*,#4484,.T.);
#6069=ORIENTED_EDGE('',*,*,#4512,.T.);
#6070=ORIENTED_EDGE('',*,*,#4513,.F.);
#6071=ORIENTED_EDGE('',*,*,#4455,.T.);
#6072=ORIENTED_EDGE('',*,*,#4513,.T.);
#6073=ORIENTED_EDGE('',*,*,#4514,.T.);
#6074=ORIENTED_EDGE('',*,*,#4515,.F.);
#6075=ORIENTED_EDGE('',*,*,#4456,.T.);
#6076=ORIENTED_EDGE('',*,*,#4515,.T.);
#6077=ORIENTED_EDGE('',*,*,#4516,.F.);
#6078=ORIENTED_EDGE('',*,*,#4428,.T.);
#6079=ORIENTED_EDGE('',*,*,#4445,.F.);
#6080=ORIENTED_EDGE('',*,*,#4318,.F.);
#6081=ORIENTED_EDGE('',*,*,#4327,.T.);
#6082=ORIENTED_EDGE('',*,*,#4383,.T.);
#6083=ORIENTED_EDGE('',*,*,#4384,.F.);
#6084=ORIENTED_EDGE('',*,*,#4299,.T.);
#6085=ORIENTED_EDGE('',*,*,#4315,.F.);
#6086=ORIENTED_EDGE('',*,*,#4173,.F.);
#6087=ORIENTED_EDGE('',*,*,#4182,.T.);
#6088=ORIENTED_EDGE('',*,*,#4254,.T.);
#6089=ORIENTED_EDGE('',*,*,#4255,.F.);
#6090=ORIENTED_EDGE('',*,*,#4193,.T.);
#6091=ORIENTED_EDGE('',*,*,#4168,.T.);
#6092=ORIENTED_EDGE('',*,*,#4080,.F.);
#6093=ORIENTED_EDGE('',*,*,#4261,.F.);
#6094=ORIENTED_EDGE('',*,*,#4281,.F.);
#6095=ORIENTED_EDGE('',*,*,#4267,.F.);
#6096=ORIENTED_EDGE('',*,*,#4096,.F.);
#6097=ORIENTED_EDGE('',*,*,#4390,.F.);
#6098=ORIENTED_EDGE('',*,*,#4410,.F.);
#6099=ORIENTED_EDGE('',*,*,#4396,.F.);
#6100=ORIENTED_EDGE('',*,*,#4084,.F.);
#6101=ORIENTED_EDGE('',*,*,#4517,.F.);
#6102=ORIENTED_EDGE('',*,*,#4518,.F.);
#6103=ORIENTED_EDGE('',*,*,#4519,.F.);
#6104=ORIENTED_EDGE('',*,*,#4092,.F.);
#6105=ORIENTED_EDGE('',*,*,#4113,.T.);
#6106=ORIENTED_EDGE('',*,*,#4448,.F.);
#6107=ORIENTED_EDGE('',*,*,#4429,.T.);
#6108=ORIENTED_EDGE('',*,*,#4516,.T.);
#6109=ORIENTED_EDGE('',*,*,#4514,.F.);
#6110=ORIENTED_EDGE('',*,*,#4512,.F.);
#6111=ORIENTED_EDGE('',*,*,#4483,.T.);
#6112=ORIENTED_EDGE('',*,*,#4502,.T.);
#6113=ORIENTED_EDGE('',*,*,#4495,.T.);
#6114=ORIENTED_EDGE('',*,*,#4488,.F.);
#6115=ORIENTED_EDGE('',*,*,#4498,.F.);
#6116=ORIENTED_EDGE('',*,*,#4504,.T.);
#6117=ORIENTED_EDGE('',*,*,#4492,.T.);
#6118=ORIENTED_EDGE('',*,*,#4505,.F.);
#6119=ORIENTED_EDGE('',*,*,#4520,.T.);
#6120=ORIENTED_EDGE('',*,*,#4442,.F.);
#6121=ORIENTED_EDGE('',*,*,#4521,.F.);
#6122=ORIENTED_EDGE('',*,*,#4522,.F.);
#6123=ORIENTED_EDGE('',*,*,#4523,.T.);
#6124=ORIENTED_EDGE('',*,*,#4524,.F.);
#6125=ORIENTED_EDGE('',*,*,#4517,.T.);
#6126=ORIENTED_EDGE('',*,*,#4083,.F.);
#6127=ORIENTED_EDGE('',*,*,#4510,.F.);
#6128=ORIENTED_EDGE('',*,*,#4525,.F.);
#6129=ORIENTED_EDGE('',*,*,#4526,.F.);
#6130=ORIENTED_EDGE('',*,*,#4527,.F.);
#6131=ORIENTED_EDGE('',*,*,#4508,.T.);
#6132=ORIENTED_EDGE('',*,*,#4087,.F.);
#6133=ORIENTED_EDGE('',*,*,#4519,.T.);
#6134=ORIENTED_EDGE('',*,*,#4528,.F.);
#6135=ORIENTED_EDGE('',*,*,#4529,.F.);
#6136=ORIENTED_EDGE('',*,*,#4530,.F.);
#6137=ORIENTED_EDGE('',*,*,#4531,.T.);
#6138=ORIENTED_EDGE('',*,*,#4440,.T.);
#6139=ORIENTED_EDGE('',*,*,#4532,.F.);
#6140=ORIENTED_EDGE('',*,*,#4533,.T.);
#6141=ORIENTED_EDGE('',*,*,#4444,.F.);
#6142=ORIENTED_EDGE('',*,*,#4533,.F.);
#6143=ORIENTED_EDGE('',*,*,#4520,.F.);
#6144=ORIENTED_EDGE('',*,*,#4534,.F.);
#6145=ORIENTED_EDGE('',*,*,#4526,.T.);
#6146=ORIENTED_EDGE('',*,*,#4443,.F.);
#6147=ORIENTED_EDGE('',*,*,#4525,.T.);
#6148=ORIENTED_EDGE('',*,*,#4509,.T.);
#6149=ORIENTED_EDGE('',*,*,#4527,.T.);
#6150=ORIENTED_EDGE('',*,*,#4534,.T.);
#6151=ORIENTED_EDGE('',*,*,#4532,.T.);
#6152=ORIENTED_EDGE('',*,*,#4535,.F.);
#6153=ORIENTED_EDGE('',*,*,#4522,.T.);
#6154=ORIENTED_EDGE('',*,*,#4536,.F.);
#6155=ORIENTED_EDGE('',*,*,#4530,.T.);
#6156=ORIENTED_EDGE('',*,*,#4536,.T.);
#6157=ORIENTED_EDGE('',*,*,#4521,.T.);
#6158=ORIENTED_EDGE('',*,*,#4441,.F.);
#6159=ORIENTED_EDGE('',*,*,#4531,.F.);
#6160=ORIENTED_EDGE('',*,*,#4537,.F.);
#6161=ORIENTED_EDGE('',*,*,#4538,.T.);
#6162=ORIENTED_EDGE('',*,*,#4511,.T.);
#6163=ORIENTED_EDGE('',*,*,#4538,.F.);
#6164=ORIENTED_EDGE('',*,*,#4535,.T.);
#6165=ORIENTED_EDGE('',*,*,#4529,.T.);
#6166=ORIENTED_EDGE('',*,*,#4539,.F.);
#6167=ORIENTED_EDGE('',*,*,#4523,.F.);
#6168=ORIENTED_EDGE('',*,*,#4524,.T.);
#6169=ORIENTED_EDGE('',*,*,#4539,.T.);
#6170=ORIENTED_EDGE('',*,*,#4528,.T.);
#6171=ORIENTED_EDGE('',*,*,#4518,.T.);
#6172=ORIENTED_EDGE('',*,*,#4537,.T.);
#6173=ORIENTED_EDGE('',*,*,#4436,.T.);
#6174=ORIENTED_EDGE('',*,*,#4540,.T.);
#6175=ORIENTED_EDGE('',*,*,#4462,.F.);
#6176=ORIENTED_EDGE('',*,*,#4541,.F.);
#6177=ORIENTED_EDGE('',*,*,#4542,.F.);
#6178=ORIENTED_EDGE('',*,*,#4543,.T.);
#6179=ORIENTED_EDGE('',*,*,#4437,.T.);
#6180=ORIENTED_EDGE('',*,*,#4543,.F.);
#6181=ORIENTED_EDGE('',*,*,#4544,.T.);
#6182=ORIENTED_EDGE('',*,*,#4545,.T.);
#6183=ORIENTED_EDGE('',*,*,#4546,.T.);
#6184=ORIENTED_EDGE('',*,*,#4547,.T.);
#6185=ORIENTED_EDGE('',*,*,#4548,.F.);
#6186=ORIENTED_EDGE('',*,*,#4549,.T.);
#6187=ORIENTED_EDGE('',*,*,#4466,.F.);
#6188=ORIENTED_EDGE('',*,*,#4479,.F.);
#6189=ORIENTED_EDGE('',*,*,#4098,.T.);
#6190=ORIENTED_EDGE('',*,*,#4506,.T.);
#6191=ORIENTED_EDGE('',*,*,#4472,.T.);
#6192=ORIENTED_EDGE('',*,*,#4463,.F.);
#6193=ORIENTED_EDGE('',*,*,#4540,.F.);
#6194=ORIENTED_EDGE('',*,*,#4435,.F.);
#6195=ORIENTED_EDGE('',*,*,#4467,.T.);
#6196=ORIENTED_EDGE('',*,*,#4549,.F.);
#6197=ORIENTED_EDGE('',*,*,#4550,.T.);
#6198=ORIENTED_EDGE('',*,*,#4551,.F.);
#6199=ORIENTED_EDGE('',*,*,#4476,.T.);
#6200=ORIENTED_EDGE('',*,*,#4552,.T.);
#6201=ORIENTED_EDGE('',*,*,#4474,.T.);
#6202=ORIENTED_EDGE('',*,*,#4468,.T.);
#6203=ORIENTED_EDGE('',*,*,#4552,.F.);
#6204=ORIENTED_EDGE('',*,*,#4475,.T.);
#6205=ORIENTED_EDGE('',*,*,#4477,.F.);
#6206=ORIENTED_EDGE('',*,*,#4551,.T.);
#6207=ORIENTED_EDGE('',*,*,#4553,.T.);
#6208=ORIENTED_EDGE('',*,*,#4554,.T.);
#6209=ORIENTED_EDGE('',*,*,#4555,.F.);
#6210=ORIENTED_EDGE('',*,*,#4548,.T.);
#6211=ORIENTED_EDGE('',*,*,#4556,.T.);
#6212=ORIENTED_EDGE('',*,*,#4553,.F.);
#6213=ORIENTED_EDGE('',*,*,#4550,.F.);
#6214=ORIENTED_EDGE('',*,*,#4547,.F.);
#6215=ORIENTED_EDGE('',*,*,#4557,.F.);
#6216=ORIENTED_EDGE('',*,*,#4554,.F.);
#6217=ORIENTED_EDGE('',*,*,#4556,.F.);
#6218=ORIENTED_EDGE('',*,*,#4471,.T.);
#6219=ORIENTED_EDGE('',*,*,#4478,.T.);
#6220=ORIENTED_EDGE('',*,*,#4555,.T.);
#6221=ORIENTED_EDGE('',*,*,#4557,.T.);
#6222=ORIENTED_EDGE('',*,*,#4546,.F.);
#6223=ORIENTED_EDGE('',*,*,#4558,.T.);
#6224=ORIENTED_EDGE('',*,*,#4559,.T.);
#6225=ORIENTED_EDGE('',*,*,#4460,.F.);
#6226=ORIENTED_EDGE('',*,*,#4461,.F.);
#6227=ORIENTED_EDGE('',*,*,#4559,.F.);
#6228=ORIENTED_EDGE('',*,*,#4560,.T.);
#6229=ORIENTED_EDGE('',*,*,#4561,.T.);
#6230=ORIENTED_EDGE('',*,*,#4541,.T.);
#6231=ORIENTED_EDGE('',*,*,#4545,.F.);
#6232=ORIENTED_EDGE('',*,*,#4562,.T.);
#6233=ORIENTED_EDGE('',*,*,#4560,.F.);
#6234=ORIENTED_EDGE('',*,*,#4558,.F.);
#6235=ORIENTED_EDGE('',*,*,#4544,.F.);
#6236=ORIENTED_EDGE('',*,*,#4542,.T.);
#6237=ORIENTED_EDGE('',*,*,#4561,.F.);
#6238=ORIENTED_EDGE('',*,*,#4562,.F.);
#6239=ORIENTED_EDGE('',*,*,#4563,.F.);
#6240=ORIENTED_EDGE('',*,*,#4564,.F.);
#6241=ORIENTED_EDGE('',*,*,#4565,.F.);
#6242=ORIENTED_EDGE('',*,*,#4566,.F.);
#6243=ORIENTED_EDGE('',*,*,#4566,.T.);
#6244=ORIENTED_EDGE('',*,*,#4567,.T.);
#6245=ORIENTED_EDGE('',*,*,#4568,.F.);
#6246=ORIENTED_EDGE('',*,*,#4569,.F.);
#6247=ORIENTED_EDGE('',*,*,#4570,.T.);
#6248=ORIENTED_EDGE('',*,*,#4571,.T.);
#6249=ORIENTED_EDGE('',*,*,#4572,.T.);
#6250=ORIENTED_EDGE('',*,*,#4573,.F.);
#6251=ORIENTED_EDGE('',*,*,#4574,.F.);
#6252=ORIENTED_EDGE('',*,*,#4575,.F.);
#6253=ORIENTED_EDGE('',*,*,#4576,.T.);
#6254=ORIENTED_EDGE('',*,*,#4577,.T.);
#6255=ORIENTED_EDGE('',*,*,#4578,.F.);
#6256=ORIENTED_EDGE('',*,*,#4579,.F.);
#6257=ORIENTED_EDGE('',*,*,#4580,.T.);
#6258=ORIENTED_EDGE('',*,*,#4581,.F.);
#6259=ORIENTED_EDGE('',*,*,#4582,.F.);
#6260=ORIENTED_EDGE('',*,*,#4583,.F.);
#6261=ORIENTED_EDGE('',*,*,#4584,.F.);
#6262=ORIENTED_EDGE('',*,*,#4585,.T.);
#6263=ORIENTED_EDGE('',*,*,#4586,.T.);
#6264=ORIENTED_EDGE('',*,*,#4587,.F.);
#6265=ORIENTED_EDGE('',*,*,#4588,.F.);
#6266=ORIENTED_EDGE('',*,*,#4565,.T.);
#6267=ORIENTED_EDGE('',*,*,#4589,.T.);
#6268=ORIENTED_EDGE('',*,*,#4590,.T.);
#6269=ORIENTED_EDGE('',*,*,#4571,.F.);
#6270=ORIENTED_EDGE('',*,*,#4591,.T.);
#6271=ORIENTED_EDGE('',*,*,#4592,.T.);
#6272=ORIENTED_EDGE('',*,*,#4593,.T.);
#6273=ORIENTED_EDGE('',*,*,#4567,.F.);
#6274=ORIENTED_EDGE('',*,*,#4594,.F.);
#6275=ORIENTED_EDGE('',*,*,#4595,.F.);
#6276=ORIENTED_EDGE('',*,*,#4596,.F.);
#6277=ORIENTED_EDGE('',*,*,#4597,.F.);
#6278=ORIENTED_EDGE('',*,*,#4598,.F.);
#6279=ORIENTED_EDGE('',*,*,#4599,.T.);
#6280=ORIENTED_EDGE('',*,*,#4600,.T.);
#6281=ORIENTED_EDGE('',*,*,#4601,.T.);
#6282=ORIENTED_EDGE('',*,*,#4602,.T.);
#6283=ORIENTED_EDGE('',*,*,#4603,.F.);
#6284=ORIENTED_EDGE('',*,*,#4604,.F.);
#6285=ORIENTED_EDGE('',*,*,#4605,.F.);
#6286=ORIENTED_EDGE('',*,*,#4606,.T.);
#6287=ORIENTED_EDGE('',*,*,#4599,.F.);
#6288=ORIENTED_EDGE('',*,*,#4607,.F.);
#6289=ORIENTED_EDGE('',*,*,#4608,.F.);
#6290=ORIENTED_EDGE('',*,*,#4609,.T.);
#6291=ORIENTED_EDGE('',*,*,#4610,.T.);
#6292=ORIENTED_EDGE('',*,*,#4611,.T.);
#6293=ORIENTED_EDGE('',*,*,#4605,.T.);
#6294=ORIENTED_EDGE('',*,*,#4612,.F.);
#6295=ORIENTED_EDGE('',*,*,#4613,.F.);
#6296=ORIENTED_EDGE('',*,*,#4614,.T.);
#6297=ORIENTED_EDGE('',*,*,#4615,.T.);
#6298=ORIENTED_EDGE('',*,*,#4616,.T.);
#6299=ORIENTED_EDGE('',*,*,#4617,.T.);
#6300=ORIENTED_EDGE('',*,*,#4618,.F.);
#6301=ORIENTED_EDGE('',*,*,#4619,.F.);
#6302=ORIENTED_EDGE('',*,*,#4620,.T.);
#6303=ORIENTED_EDGE('',*,*,#4621,.T.);
#6304=ORIENTED_EDGE('',*,*,#4622,.T.);
#6305=ORIENTED_EDGE('',*,*,#4623,.F.);
#6306=ORIENTED_EDGE('',*,*,#4593,.F.);
#6307=ORIENTED_EDGE('',*,*,#4624,.T.);
#6308=ORIENTED_EDGE('',*,*,#4625,.T.);
#6309=ORIENTED_EDGE('',*,*,#4568,.T.);
#6310=ORIENTED_EDGE('',*,*,#4626,.F.);
#6311=ORIENTED_EDGE('',*,*,#4627,.F.);
#6312=ORIENTED_EDGE('',*,*,#4628,.F.);
#6313=ORIENTED_EDGE('',*,*,#4629,.T.);
#6314=ORIENTED_EDGE('',*,*,#4600,.F.);
#6315=ORIENTED_EDGE('',*,*,#4606,.F.);
#6316=ORIENTED_EDGE('',*,*,#4611,.F.);
#6317=ORIENTED_EDGE('',*,*,#4630,.T.);
#6318=ORIENTED_EDGE('',*,*,#4631,.F.);
#6319=ORIENTED_EDGE('',*,*,#4632,.F.);
#6320=ORIENTED_EDGE('',*,*,#4616,.F.);
#6321=ORIENTED_EDGE('',*,*,#4633,.T.);
#6322=ORIENTED_EDGE('',*,*,#4622,.F.);
#6323=ORIENTED_EDGE('',*,*,#4634,.T.);
#6324=ORIENTED_EDGE('',*,*,#4635,.F.);
#6325=ORIENTED_EDGE('',*,*,#4636,.F.);
#6326=ORIENTED_EDGE('',*,*,#4628,.T.);
#6327=ORIENTED_EDGE('',*,*,#4637,.F.);
#6328=ORIENTED_EDGE('',*,*,#4638,.F.);
#6329=ORIENTED_EDGE('',*,*,#4639,.F.);
#6330=ORIENTED_EDGE('',*,*,#4640,.T.);
#6331=ORIENTED_EDGE('',*,*,#4641,.T.);
#6332=ORIENTED_EDGE('',*,*,#4627,.T.);
#6333=ORIENTED_EDGE('',*,*,#4642,.F.);
#6334=ORIENTED_EDGE('',*,*,#4643,.F.);
#6335=ORIENTED_EDGE('',*,*,#4637,.T.);
#6336=ORIENTED_EDGE('',*,*,#4626,.T.);
#6337=ORIENTED_EDGE('',*,*,#4644,.T.);
#6338=ORIENTED_EDGE('',*,*,#4645,.T.);
#6339=ORIENTED_EDGE('',*,*,#4646,.F.);
#6340=ORIENTED_EDGE('',*,*,#4647,.F.);
#6341=ORIENTED_EDGE('',*,*,#4642,.T.);
#6342=ORIENTED_EDGE('',*,*,#4648,.F.);
#6343=ORIENTED_EDGE('',*,*,#4649,.F.);
#6344=ORIENTED_EDGE('',*,*,#4650,.T.);
#6345=ORIENTED_EDGE('',*,*,#4573,.T.);
#6346=ORIENTED_EDGE('',*,*,#4651,.T.);
#6347=ORIENTED_EDGE('',*,*,#4652,.T.);
#6348=ORIENTED_EDGE('',*,*,#4653,.T.);
#6349=ORIENTED_EDGE('',*,*,#4654,.F.);
#6350=ORIENTED_EDGE('',*,*,#4655,.T.);
#6351=ORIENTED_EDGE('',*,*,#4654,.T.);
#6352=ORIENTED_EDGE('',*,*,#4656,.F.);
#6353=ORIENTED_EDGE('',*,*,#4657,.T.);
#6354=ORIENTED_EDGE('',*,*,#4658,.T.);
#6355=ORIENTED_EDGE('',*,*,#4659,.T.);
#6356=ORIENTED_EDGE('',*,*,#4660,.T.);
#6357=ORIENTED_EDGE('',*,*,#4661,.T.);
#6358=ORIENTED_EDGE('',*,*,#4662,.T.);
#6359=ORIENTED_EDGE('',*,*,#4663,.T.);
#6360=ORIENTED_EDGE('',*,*,#4664,.T.);
#6361=ORIENTED_EDGE('',*,*,#4665,.F.);
#6362=ORIENTED_EDGE('',*,*,#4623,.T.);
#6363=ORIENTED_EDGE('',*,*,#4636,.T.);
#6364=ORIENTED_EDGE('',*,*,#4666,.F.);
#6365=ORIENTED_EDGE('',*,*,#4667,.F.);
#6366=ORIENTED_EDGE('',*,*,#4617,.F.);
#6367=ORIENTED_EDGE('',*,*,#4632,.T.);
#6368=ORIENTED_EDGE('',*,*,#4668,.F.);
#6369=ORIENTED_EDGE('',*,*,#4613,.T.);
#6370=ORIENTED_EDGE('',*,*,#4669,.T.);
#6371=ORIENTED_EDGE('',*,*,#4603,.T.);
#6372=ORIENTED_EDGE('',*,*,#4670,.T.);
#6373=ORIENTED_EDGE('',*,*,#4646,.T.);
#6374=ORIENTED_EDGE('',*,*,#4671,.T.);
#6375=ORIENTED_EDGE('',*,*,#4608,.T.);
#6376=ORIENTED_EDGE('',*,*,#4672,.T.);
#6377=ORIENTED_EDGE('',*,*,#4639,.T.);
#6378=ORIENTED_EDGE('',*,*,#4673,.T.);
#6379=ORIENTED_EDGE('',*,*,#4587,.T.);
#6380=ORIENTED_EDGE('',*,*,#4674,.T.);
#6381=ORIENTED_EDGE('',*,*,#4675,.T.);
#6382=ORIENTED_EDGE('',*,*,#4676,.T.);
#6383=ORIENTED_EDGE('',*,*,#4677,.T.);
#6384=ORIENTED_EDGE('',*,*,#4678,.T.);
#6385=ORIENTED_EDGE('',*,*,#4619,.T.);
#6386=ORIENTED_EDGE('',*,*,#4679,.T.);
#6387=ORIENTED_EDGE('',*,*,#4680,.T.);
#6388=ORIENTED_EDGE('',*,*,#4681,.T.);
#6389=ORIENTED_EDGE('',*,*,#4591,.F.);
#6390=ORIENTED_EDGE('',*,*,#4570,.F.);
#6391=ORIENTED_EDGE('',*,*,#4682,.F.);
#6392=ORIENTED_EDGE('',*,*,#4683,.F.);
#6393=ORIENTED_EDGE('',*,*,#4684,.T.);
#6394=ORIENTED_EDGE('',*,*,#4682,.T.);
#6395=ORIENTED_EDGE('',*,*,#4569,.T.);
#6396=ORIENTED_EDGE('',*,*,#4625,.F.);
#6397=ORIENTED_EDGE('',*,*,#4592,.F.);
#6398=ORIENTED_EDGE('',*,*,#4683,.T.);
#6399=ORIENTED_EDGE('',*,*,#4684,.F.);
#6400=ORIENTED_EDGE('',*,*,#4624,.F.);
#6401=ORIENTED_EDGE('',*,*,#4685,.F.);
#6402=ORIENTED_EDGE('',*,*,#4686,.F.);
#6403=ORIENTED_EDGE('',*,*,#4657,.F.);
#6404=ORIENTED_EDGE('',*,*,#4687,.F.);
#6405=ORIENTED_EDGE('',*,*,#4688,.T.);
#6406=ORIENTED_EDGE('',*,*,#4689,.T.);
#6407=ORIENTED_EDGE('',*,*,#4658,.F.);
#6408=ORIENTED_EDGE('',*,*,#4686,.T.);
#6409=ORIENTED_EDGE('',*,*,#4690,.T.);
#6410=ORIENTED_EDGE('',*,*,#4691,.F.);
#6411=ORIENTED_EDGE('',*,*,#4660,.F.);
#6412=ORIENTED_EDGE('',*,*,#4692,.F.);
#6413=ORIENTED_EDGE('',*,*,#4581,.T.);
#6414=ORIENTED_EDGE('',*,*,#4693,.T.);
#6415=ORIENTED_EDGE('',*,*,#4694,.F.);
#6416=ORIENTED_EDGE('',*,*,#4695,.F.);
#6417=ORIENTED_EDGE('',*,*,#4696,.T.);
#6418=ORIENTED_EDGE('',*,*,#4697,.F.);
#6419=ORIENTED_EDGE('',*,*,#4661,.F.);
#6420=ORIENTED_EDGE('',*,*,#4691,.T.);
#6421=ORIENTED_EDGE('',*,*,#4582,.T.);
#6422=ORIENTED_EDGE('',*,*,#4695,.T.);
#6423=ORIENTED_EDGE('',*,*,#4698,.F.);
#6424=ORIENTED_EDGE('',*,*,#4699,.F.);
#6425=ORIENTED_EDGE('',*,*,#4700,.T.);
#6426=ORIENTED_EDGE('',*,*,#4701,.F.);
#6427=ORIENTED_EDGE('',*,*,#4662,.F.);
#6428=ORIENTED_EDGE('',*,*,#4697,.T.);
#6429=ORIENTED_EDGE('',*,*,#4702,.T.);
#6430=ORIENTED_EDGE('',*,*,#4703,.F.);
#6431=ORIENTED_EDGE('',*,*,#4663,.F.);
#6432=ORIENTED_EDGE('',*,*,#4701,.T.);
#6433=ORIENTED_EDGE('',*,*,#4580,.F.);
#6434=ORIENTED_EDGE('',*,*,#4704,.T.);
#6435=ORIENTED_EDGE('',*,*,#4705,.F.);
#6436=ORIENTED_EDGE('',*,*,#4693,.F.);
#6437=ORIENTED_EDGE('',*,*,#4577,.F.);
#6438=ORIENTED_EDGE('',*,*,#4706,.T.);
#6439=ORIENTED_EDGE('',*,*,#4707,.F.);
#6440=ORIENTED_EDGE('',*,*,#4708,.F.);
#6441=ORIENTED_EDGE('',*,*,#4576,.F.);
#6442=ORIENTED_EDGE('',*,*,#4709,.T.);
#6443=ORIENTED_EDGE('',*,*,#4710,.F.);
#6444=ORIENTED_EDGE('',*,*,#4706,.F.);
#6445=ORIENTED_EDGE('',*,*,#4711,.F.);
#6446=ORIENTED_EDGE('',*,*,#4692,.T.);
#6447=ORIENTED_EDGE('',*,*,#4659,.F.);
#6448=ORIENTED_EDGE('',*,*,#4689,.F.);
#6449=ORIENTED_EDGE('',*,*,#4579,.T.);
#6450=ORIENTED_EDGE('',*,*,#4712,.T.);
#6451=ORIENTED_EDGE('',*,*,#4713,.F.);
#6452=ORIENTED_EDGE('',*,*,#4704,.F.);
#6453=ORIENTED_EDGE('',*,*,#4578,.T.);
#6454=ORIENTED_EDGE('',*,*,#4708,.T.);
#6455=ORIENTED_EDGE('',*,*,#4714,.F.);
#6456=ORIENTED_EDGE('',*,*,#4712,.F.);
#6457=ORIENTED_EDGE('',*,*,#4584,.T.);
#6458=ORIENTED_EDGE('',*,*,#4715,.T.);
#6459=ORIENTED_EDGE('',*,*,#4716,.F.);
#6460=ORIENTED_EDGE('',*,*,#4717,.F.);
#6461=ORIENTED_EDGE('',*,*,#4583,.T.);
#6462=ORIENTED_EDGE('',*,*,#4699,.T.);
#6463=ORIENTED_EDGE('',*,*,#4718,.F.);
#6464=ORIENTED_EDGE('',*,*,#4715,.F.);
#6465=ORIENTED_EDGE('',*,*,#4572,.F.);
#6466=ORIENTED_EDGE('',*,*,#4590,.F.);
#6467=ORIENTED_EDGE('',*,*,#4719,.T.);
#6468=ORIENTED_EDGE('',*,*,#4651,.F.);
#6469=ORIENTED_EDGE('',*,*,#4720,.T.);
#6470=ORIENTED_EDGE('',*,*,#4721,.T.);
#6471=ORIENTED_EDGE('',*,*,#4594,.T.);
#6472=ORIENTED_EDGE('',*,*,#4721,.F.);
#6473=ORIENTED_EDGE('',*,*,#4722,.T.);
#6474=ORIENTED_EDGE('',*,*,#4723,.T.);
#6475=ORIENTED_EDGE('',*,*,#4596,.T.);
#6476=ORIENTED_EDGE('',*,*,#4723,.F.);
#6477=ORIENTED_EDGE('',*,*,#4724,.T.);
#6478=ORIENTED_EDGE('',*,*,#4725,.T.);
#6479=ORIENTED_EDGE('',*,*,#4597,.T.);
#6480=ORIENTED_EDGE('',*,*,#4725,.F.);
#6481=ORIENTED_EDGE('',*,*,#4726,.F.);
#6482=ORIENTED_EDGE('',*,*,#4727,.T.);
#6483=ORIENTED_EDGE('',*,*,#4728,.T.);
#6484=ORIENTED_EDGE('',*,*,#4727,.F.);
#6485=ORIENTED_EDGE('',*,*,#4729,.F.);
#6486=ORIENTED_EDGE('',*,*,#4730,.T.);
#6487=ORIENTED_EDGE('',*,*,#4731,.T.);
#6488=ORIENTED_EDGE('',*,*,#4730,.F.);
#6489=ORIENTED_EDGE('',*,*,#4732,.T.);
#6490=ORIENTED_EDGE('',*,*,#4733,.T.);
#6491=ORIENTED_EDGE('',*,*,#4595,.T.);
#6492=ORIENTED_EDGE('',*,*,#4733,.F.);
#6493=ORIENTED_EDGE('',*,*,#4731,.F.);
#6494=ORIENTED_EDGE('',*,*,#4722,.F.);
#6495=ORIENTED_EDGE('',*,*,#4734,.F.);
#6496=ORIENTED_EDGE('',*,*,#4732,.F.);
#6497=ORIENTED_EDGE('',*,*,#4728,.F.);
#6498=ORIENTED_EDGE('',*,*,#4724,.F.);
#6499=ORIENTED_EDGE('',*,*,#4735,.F.);
#6500=ORIENTED_EDGE('',*,*,#4720,.F.);
#6501=ORIENTED_EDGE('',*,*,#4575,.T.);
#6502=ORIENTED_EDGE('',*,*,#4736,.T.);
#6503=ORIENTED_EDGE('',*,*,#4737,.T.);
#6504=ORIENTED_EDGE('',*,*,#4709,.F.);
#6505=ORIENTED_EDGE('',*,*,#4574,.T.);
#6506=ORIENTED_EDGE('',*,*,#4650,.F.);
#6507=ORIENTED_EDGE('',*,*,#4738,.F.);
#6508=ORIENTED_EDGE('',*,*,#4736,.F.);
#6509=ORIENTED_EDGE('',*,*,#4687,.T.);
#6510=ORIENTED_EDGE('',*,*,#4656,.T.);
#6511=ORIENTED_EDGE('',*,*,#4653,.F.);
#6512=ORIENTED_EDGE('',*,*,#4739,.F.);
#6513=ORIENTED_EDGE('',*,*,#4740,.T.);
#6514=ORIENTED_EDGE('',*,*,#4664,.F.);
#6515=ORIENTED_EDGE('',*,*,#4703,.T.);
#6516=ORIENTED_EDGE('',*,*,#4741,.T.);
#6517=ORIENTED_EDGE('',*,*,#4564,.T.);
#6518=ORIENTED_EDGE('',*,*,#4742,.F.);
#6519=ORIENTED_EDGE('',*,*,#4677,.F.);
#6520=ORIENTED_EDGE('',*,*,#4743,.F.);
#6521=ORIENTED_EDGE('',*,*,#4741,.F.);
#6522=ORIENTED_EDGE('',*,*,#4702,.F.);
#6523=ORIENTED_EDGE('',*,*,#4700,.F.);
#6524=ORIENTED_EDGE('',*,*,#4696,.F.);
#6525=ORIENTED_EDGE('',*,*,#4690,.F.);
#6526=ORIENTED_EDGE('',*,*,#4711,.T.);
#6527=ORIENTED_EDGE('',*,*,#4688,.F.);
#6528=ORIENTED_EDGE('',*,*,#4685,.T.);
#6529=ORIENTED_EDGE('',*,*,#4739,.T.);
#6530=ORIENTED_EDGE('',*,*,#4652,.F.);
#6531=ORIENTED_EDGE('',*,*,#4719,.F.);
#6532=ORIENTED_EDGE('',*,*,#4589,.F.);
#6533=ORIENTED_EDGE('',*,*,#4744,.F.);
#6534=ORIENTED_EDGE('',*,*,#4668,.T.);
#6535=ORIENTED_EDGE('',*,*,#4631,.T.);
#6536=ORIENTED_EDGE('',*,*,#4745,.T.);
#6537=ORIENTED_EDGE('',*,*,#4746,.T.);
#6538=ORIENTED_EDGE('',*,*,#4680,.F.);
#6539=ORIENTED_EDGE('',*,*,#4747,.T.);
#6540=ORIENTED_EDGE('',*,*,#4585,.F.);
#6541=ORIENTED_EDGE('',*,*,#4717,.T.);
#6542=ORIENTED_EDGE('',*,*,#4748,.F.);
#6543=ORIENTED_EDGE('',*,*,#4749,.T.);
#6544=ORIENTED_EDGE('',*,*,#4748,.T.);
#6545=ORIENTED_EDGE('',*,*,#4716,.T.);
#6546=ORIENTED_EDGE('',*,*,#4718,.T.);
#6547=ORIENTED_EDGE('',*,*,#4698,.T.);
#6548=ORIENTED_EDGE('',*,*,#4694,.T.);
#6549=ORIENTED_EDGE('',*,*,#4705,.T.);
#6550=ORIENTED_EDGE('',*,*,#4713,.T.);
#6551=ORIENTED_EDGE('',*,*,#4714,.T.);
#6552=ORIENTED_EDGE('',*,*,#4707,.T.);
#6553=ORIENTED_EDGE('',*,*,#4710,.T.);
#6554=ORIENTED_EDGE('',*,*,#4737,.F.);
#6555=ORIENTED_EDGE('',*,*,#4738,.T.);
#6556=ORIENTED_EDGE('',*,*,#4649,.T.);
#6557=ORIENTED_EDGE('',*,*,#4750,.F.);
#6558=ORIENTED_EDGE('',*,*,#4666,.T.);
#6559=ORIENTED_EDGE('',*,*,#4635,.T.);
#6560=ORIENTED_EDGE('',*,*,#4751,.T.);
#6561=ORIENTED_EDGE('',*,*,#4752,.T.);
#6562=ORIENTED_EDGE('',*,*,#4675,.F.);
#6563=ORIENTED_EDGE('',*,*,#4743,.T.);
#6564=ORIENTED_EDGE('',*,*,#4676,.F.);
#6565=ORIENTED_EDGE('',*,*,#4752,.F.);
#6566=ORIENTED_EDGE('',*,*,#4753,.T.);
#6567=ORIENTED_EDGE('',*,*,#4586,.F.);
#6568=ORIENTED_EDGE('',*,*,#4754,.T.);
#6569=ORIENTED_EDGE('',*,*,#4640,.F.);
#6570=ORIENTED_EDGE('',*,*,#4674,.F.);
#6571=ORIENTED_EDGE('',*,*,#4620,.F.);
#6572=ORIENTED_EDGE('',*,*,#4681,.F.);
#6573=ORIENTED_EDGE('',*,*,#4746,.F.);
#6574=ORIENTED_EDGE('',*,*,#4755,.T.);
#6575=ORIENTED_EDGE('',*,*,#4645,.F.);
#6576=ORIENTED_EDGE('',*,*,#4756,.T.);
#6577=ORIENTED_EDGE('',*,*,#4609,.F.);
#6578=ORIENTED_EDGE('',*,*,#4671,.F.);
#6579=ORIENTED_EDGE('',*,*,#4614,.F.);
#6580=ORIENTED_EDGE('',*,*,#4670,.F.);
#6581=ORIENTED_EDGE('',*,*,#4602,.F.);
#6582=ORIENTED_EDGE('',*,*,#4757,.T.);
#6583=ORIENTED_EDGE('',*,*,#4648,.T.);
#6584=ORIENTED_EDGE('',*,*,#4655,.F.);
#6585=ORIENTED_EDGE('',*,*,#4740,.F.);
#6586=ORIENTED_EDGE('',*,*,#4753,.F.);
#6587=ORIENTED_EDGE('',*,*,#4751,.F.);
#6588=ORIENTED_EDGE('',*,*,#4634,.F.);
#6589=ORIENTED_EDGE('',*,*,#4621,.F.);
#6590=ORIENTED_EDGE('',*,*,#4755,.F.);
#6591=ORIENTED_EDGE('',*,*,#4745,.F.);
#6592=ORIENTED_EDGE('',*,*,#4633,.F.);
#6593=ORIENTED_EDGE('',*,*,#4615,.F.);
#6594=ORIENTED_EDGE('',*,*,#4757,.F.);
#6595=ORIENTED_EDGE('',*,*,#4601,.F.);
#6596=ORIENTED_EDGE('',*,*,#4630,.F.);
#6597=ORIENTED_EDGE('',*,*,#4610,.F.);
#6598=ORIENTED_EDGE('',*,*,#4756,.F.);
#6599=ORIENTED_EDGE('',*,*,#4644,.F.);
#6600=ORIENTED_EDGE('',*,*,#4629,.F.);
#6601=ORIENTED_EDGE('',*,*,#4641,.F.);
#6602=ORIENTED_EDGE('',*,*,#4754,.F.);
#6603=ORIENTED_EDGE('',*,*,#4747,.F.);
#6604=ORIENTED_EDGE('',*,*,#4749,.F.);
#6605=ORIENTED_EDGE('',*,*,#4734,.T.);
#6606=ORIENTED_EDGE('',*,*,#4758,.T.);
#6607=ORIENTED_EDGE('',*,*,#4759,.T.);
#6608=ORIENTED_EDGE('',*,*,#4758,.F.);
#6609=ORIENTED_EDGE('',*,*,#4563,.T.);
#6610=ORIENTED_EDGE('',*,*,#4588,.T.);
#6611=ORIENTED_EDGE('',*,*,#4673,.F.);
#6612=ORIENTED_EDGE('',*,*,#4638,.T.);
#6613=ORIENTED_EDGE('',*,*,#4643,.T.);
#6614=ORIENTED_EDGE('',*,*,#4647,.T.);
#6615=ORIENTED_EDGE('',*,*,#4672,.F.);
#6616=ORIENTED_EDGE('',*,*,#4607,.T.);
#6617=ORIENTED_EDGE('',*,*,#4604,.T.);
#6618=ORIENTED_EDGE('',*,*,#4598,.T.);
#6619=ORIENTED_EDGE('',*,*,#4669,.F.);
#6620=ORIENTED_EDGE('',*,*,#4612,.T.);
#6621=ORIENTED_EDGE('',*,*,#4667,.T.);
#6622=ORIENTED_EDGE('',*,*,#4744,.T.);
#6623=ORIENTED_EDGE('',*,*,#4679,.F.);
#6624=ORIENTED_EDGE('',*,*,#4618,.T.);
#6625=ORIENTED_EDGE('',*,*,#4665,.T.);
#6626=ORIENTED_EDGE('',*,*,#4750,.T.);
#6627=ORIENTED_EDGE('',*,*,#4678,.F.);
#6628=ORIENTED_EDGE('',*,*,#4742,.T.);
#6629=ORIENTED_EDGE('',*,*,#4729,.T.);
#6630=ORIENTED_EDGE('',*,*,#4726,.T.);
#6631=ORIENTED_EDGE('',*,*,#4759,.F.);
#6632=ORIENTED_EDGE('',*,*,#4760,.F.);
#6633=ORIENTED_EDGE('',*,*,#4735,.T.);
#6634=ORIENTED_EDGE('',*,*,#4761,.T.);
#6635=ORIENTED_EDGE('',*,*,#4760,.T.);
#6636=ORIENTED_EDGE('',*,*,#4761,.F.);
#6637=ORIENTED_EDGE('',*,*,#4762,.F.);
#6638=ORIENTED_EDGE('',*,*,#4763,.F.);
#6639=ORIENTED_EDGE('',*,*,#4764,.F.);
#6640=ORIENTED_EDGE('',*,*,#4765,.F.);
#6641=ORIENTED_EDGE('',*,*,#4766,.F.);
#6642=ORIENTED_EDGE('',*,*,#4767,.F.);
#6643=ORIENTED_EDGE('',*,*,#4768,.F.);
#6644=ORIENTED_EDGE('',*,*,#4769,.F.);
#6645=ORIENTED_EDGE('',*,*,#4770,.F.);
#6646=ORIENTED_EDGE('',*,*,#4771,.F.);
#6647=ORIENTED_EDGE('',*,*,#4772,.F.);
#6648=ORIENTED_EDGE('',*,*,#4773,.F.);
#6649=ORIENTED_EDGE('',*,*,#4774,.F.);
#6650=ORIENTED_EDGE('',*,*,#4775,.F.);
#6651=ORIENTED_EDGE('',*,*,#4776,.F.);
#6652=ORIENTED_EDGE('',*,*,#4777,.F.);
#6653=ORIENTED_EDGE('',*,*,#4778,.F.);
#6654=ORIENTED_EDGE('',*,*,#4779,.F.);
#6655=ORIENTED_EDGE('',*,*,#4780,.F.);
#6656=ORIENTED_EDGE('',*,*,#4781,.F.);
#6657=ORIENTED_EDGE('',*,*,#4782,.F.);
#6658=ORIENTED_EDGE('',*,*,#4783,.F.);
#6659=ORIENTED_EDGE('',*,*,#4784,.F.);
#6660=ORIENTED_EDGE('',*,*,#4785,.F.);
#6661=ORIENTED_EDGE('',*,*,#4786,.F.);
#6662=ORIENTED_EDGE('',*,*,#4787,.F.);
#6663=ORIENTED_EDGE('',*,*,#4788,.F.);
#6664=ORIENTED_EDGE('',*,*,#4789,.F.);
#6665=ORIENTED_EDGE('',*,*,#4778,.T.);
#6666=ORIENTED_EDGE('',*,*,#4790,.F.);
#6667=ORIENTED_EDGE('',*,*,#4791,.F.);
#6668=ORIENTED_EDGE('',*,*,#4792,.T.);
#6669=ORIENTED_EDGE('',*,*,#4793,.F.);
#6670=ORIENTED_EDGE('',*,*,#4789,.T.);
#6671=ORIENTED_EDGE('',*,*,#4794,.F.);
#6672=ORIENTED_EDGE('',*,*,#4795,.F.);
#6673=ORIENTED_EDGE('',*,*,#4790,.T.);
#6674=ORIENTED_EDGE('',*,*,#4777,.T.);
#6675=ORIENTED_EDGE('',*,*,#4796,.F.);
#6676=ORIENTED_EDGE('',*,*,#4797,.F.);
#6677=ORIENTED_EDGE('',*,*,#4788,.T.);
#6678=ORIENTED_EDGE('',*,*,#4798,.F.);
#6679=ORIENTED_EDGE('',*,*,#4799,.F.);
#6680=ORIENTED_EDGE('',*,*,#4794,.T.);
#6681=ORIENTED_EDGE('',*,*,#4787,.T.);
#6682=ORIENTED_EDGE('',*,*,#4800,.F.);
#6683=ORIENTED_EDGE('',*,*,#4801,.F.);
#6684=ORIENTED_EDGE('',*,*,#4798,.T.);
#6685=ORIENTED_EDGE('',*,*,#4786,.T.);
#6686=ORIENTED_EDGE('',*,*,#4802,.F.);
#6687=ORIENTED_EDGE('',*,*,#4803,.F.);
#6688=ORIENTED_EDGE('',*,*,#4800,.T.);
#6689=ORIENTED_EDGE('',*,*,#4785,.T.);
#6690=ORIENTED_EDGE('',*,*,#4804,.F.);
#6691=ORIENTED_EDGE('',*,*,#4805,.F.);
#6692=ORIENTED_EDGE('',*,*,#4802,.T.);
#6693=ORIENTED_EDGE('',*,*,#4784,.T.);
#6694=ORIENTED_EDGE('',*,*,#4806,.F.);
#6695=ORIENTED_EDGE('',*,*,#4807,.F.);
#6696=ORIENTED_EDGE('',*,*,#4804,.T.);
#6697=ORIENTED_EDGE('',*,*,#4783,.T.);
#6698=ORIENTED_EDGE('',*,*,#4808,.F.);
#6699=ORIENTED_EDGE('',*,*,#4809,.F.);
#6700=ORIENTED_EDGE('',*,*,#4806,.T.);
#6701=ORIENTED_EDGE('',*,*,#4782,.T.);
#6702=ORIENTED_EDGE('',*,*,#4810,.F.);
#6703=ORIENTED_EDGE('',*,*,#4811,.F.);
#6704=ORIENTED_EDGE('',*,*,#4808,.T.);
#6705=ORIENTED_EDGE('',*,*,#4781,.T.);
#6706=ORIENTED_EDGE('',*,*,#4812,.F.);
#6707=ORIENTED_EDGE('',*,*,#4813,.F.);
#6708=ORIENTED_EDGE('',*,*,#4810,.T.);
#6709=ORIENTED_EDGE('',*,*,#4780,.T.);
#6710=ORIENTED_EDGE('',*,*,#4814,.F.);
#6711=ORIENTED_EDGE('',*,*,#4815,.F.);
#6712=ORIENTED_EDGE('',*,*,#4812,.T.);
#6713=ORIENTED_EDGE('',*,*,#4779,.T.);
#6714=ORIENTED_EDGE('',*,*,#4792,.F.);
#6715=ORIENTED_EDGE('',*,*,#4816,.F.);
#6716=ORIENTED_EDGE('',*,*,#4814,.T.);
#6717=ORIENTED_EDGE('',*,*,#4768,.T.);
#6718=ORIENTED_EDGE('',*,*,#4817,.T.);
#6719=ORIENTED_EDGE('',*,*,#4818,.F.);
#6720=ORIENTED_EDGE('',*,*,#4819,.F.);
#6721=ORIENTED_EDGE('',*,*,#4767,.T.);
#6722=ORIENTED_EDGE('',*,*,#4820,.T.);
#6723=ORIENTED_EDGE('',*,*,#4821,.F.);
#6724=ORIENTED_EDGE('',*,*,#4817,.F.);
#6725=ORIENTED_EDGE('',*,*,#4766,.T.);
#6726=ORIENTED_EDGE('',*,*,#4822,.T.);
#6727=ORIENTED_EDGE('',*,*,#4823,.F.);
#6728=ORIENTED_EDGE('',*,*,#4824,.F.);
#6729=ORIENTED_EDGE('',*,*,#4820,.F.);
#6730=ORIENTED_EDGE('',*,*,#4765,.T.);
#6731=ORIENTED_EDGE('',*,*,#4825,.T.);
#6732=ORIENTED_EDGE('',*,*,#4826,.F.);
#6733=ORIENTED_EDGE('',*,*,#4827,.F.);
#6734=ORIENTED_EDGE('',*,*,#4822,.F.);
#6735=ORIENTED_EDGE('',*,*,#4797,.T.);
#6736=ORIENTED_EDGE('',*,*,#4828,.T.);
#6737=ORIENTED_EDGE('',*,*,#4829,.T.);
#6738=ORIENTED_EDGE('',*,*,#4830,.T.);
#6739=ORIENTED_EDGE('',*,*,#4831,.T.);
#6740=ORIENTED_EDGE('',*,*,#4832,.T.);
#6741=ORIENTED_EDGE('',*,*,#4833,.T.);
#6742=ORIENTED_EDGE('',*,*,#4834,.T.);
#6743=ORIENTED_EDGE('',*,*,#4764,.T.);
#6744=ORIENTED_EDGE('',*,*,#4835,.T.);
#6745=ORIENTED_EDGE('',*,*,#4836,.F.);
#6746=ORIENTED_EDGE('',*,*,#4837,.F.);
#6747=ORIENTED_EDGE('',*,*,#4825,.F.);
#6748=ORIENTED_EDGE('',*,*,#4796,.T.);
#6749=ORIENTED_EDGE('',*,*,#4776,.T.);
#6750=ORIENTED_EDGE('',*,*,#4838,.T.);
#6751=ORIENTED_EDGE('',*,*,#4839,.T.);
#6752=ORIENTED_EDGE('',*,*,#4840,.T.);
#6753=ORIENTED_EDGE('',*,*,#4841,.F.);
#6754=ORIENTED_EDGE('',*,*,#4842,.T.);
#6755=ORIENTED_EDGE('',*,*,#4828,.F.);
#6756=ORIENTED_EDGE('',*,*,#4775,.T.);
#6757=ORIENTED_EDGE('',*,*,#4843,.T.);
#6758=ORIENTED_EDGE('',*,*,#4844,.F.);
#6759=ORIENTED_EDGE('',*,*,#4845,.F.);
#6760=ORIENTED_EDGE('',*,*,#4838,.F.);
#6761=ORIENTED_EDGE('',*,*,#4763,.T.);
#6762=ORIENTED_EDGE('',*,*,#4846,.F.);
#6763=ORIENTED_EDGE('',*,*,#4847,.F.);
#6764=ORIENTED_EDGE('',*,*,#4848,.F.);
#6765=ORIENTED_EDGE('',*,*,#4835,.F.);
#6766=ORIENTED_EDGE('',*,*,#4833,.F.);
#6767=ORIENTED_EDGE('',*,*,#4849,.T.);
#6768=ORIENTED_EDGE('',*,*,#4850,.T.);
#6769=ORIENTED_EDGE('',*,*,#4851,.F.);
#6770=ORIENTED_EDGE('',*,*,#4832,.F.);
#6771=ORIENTED_EDGE('',*,*,#4852,.T.);
#6772=ORIENTED_EDGE('',*,*,#4853,.T.);
#6773=ORIENTED_EDGE('',*,*,#4849,.F.);
#6774=ORIENTED_EDGE('',*,*,#4831,.F.);
#6775=ORIENTED_EDGE('',*,*,#4854,.F.);
#6776=ORIENTED_EDGE('',*,*,#4855,.T.);
#6777=ORIENTED_EDGE('',*,*,#4852,.F.);
#6778=ORIENTED_EDGE('',*,*,#4856,.F.);
#6779=ORIENTED_EDGE('',*,*,#4850,.F.);
#6780=ORIENTED_EDGE('',*,*,#4853,.F.);
#6781=ORIENTED_EDGE('',*,*,#4855,.F.);
#6782=ORIENTED_EDGE('',*,*,#4842,.F.);
#6783=ORIENTED_EDGE('',*,*,#4857,.T.);
#6784=ORIENTED_EDGE('',*,*,#4858,.T.);
#6785=ORIENTED_EDGE('',*,*,#4829,.F.);
#6786=ORIENTED_EDGE('',*,*,#4859,.F.);
#6787=ORIENTED_EDGE('',*,*,#4860,.F.);
#6788=ORIENTED_EDGE('',*,*,#4861,.F.);
#6789=ORIENTED_EDGE('',*,*,#4862,.F.);
#6790=ORIENTED_EDGE('',*,*,#4861,.T.);
#6791=ORIENTED_EDGE('',*,*,#4863,.F.);
#6792=ORIENTED_EDGE('',*,*,#4864,.T.);
#6793=ORIENTED_EDGE('',*,*,#4865,.F.);
#6794=ORIENTED_EDGE('',*,*,#4857,.F.);
#6795=ORIENTED_EDGE('',*,*,#4841,.T.);
#6796=ORIENTED_EDGE('',*,*,#4866,.T.);
#6797=ORIENTED_EDGE('',*,*,#4860,.T.);
#6798=ORIENTED_EDGE('',*,*,#4867,.F.);
#6799=ORIENTED_EDGE('',*,*,#4868,.F.);
#6800=ORIENTED_EDGE('',*,*,#4863,.T.);
#6801=ORIENTED_EDGE('',*,*,#4793,.T.);
#6802=ORIENTED_EDGE('',*,*,#4834,.F.);
#6803=ORIENTED_EDGE('',*,*,#4851,.T.);
#6804=ORIENTED_EDGE('',*,*,#4856,.T.);
#6805=ORIENTED_EDGE('',*,*,#4854,.T.);
#6806=ORIENTED_EDGE('',*,*,#4830,.F.);
#6807=ORIENTED_EDGE('',*,*,#4858,.F.);
#6808=ORIENTED_EDGE('',*,*,#4865,.T.);
#6809=ORIENTED_EDGE('',*,*,#4869,.T.);
#6810=ORIENTED_EDGE('',*,*,#4870,.T.);
#6811=ORIENTED_EDGE('',*,*,#4846,.T.);
#6812=ORIENTED_EDGE('',*,*,#4762,.T.);
#6813=ORIENTED_EDGE('',*,*,#4871,.T.);
#6814=ORIENTED_EDGE('',*,*,#4872,.T.);
#6815=ORIENTED_EDGE('',*,*,#4873,.T.);
#6816=ORIENTED_EDGE('',*,*,#4874,.F.);
#6817=ORIENTED_EDGE('',*,*,#4875,.T.);
#6818=ORIENTED_EDGE('',*,*,#4876,.T.);
#6819=ORIENTED_EDGE('',*,*,#4877,.F.);
#6820=ORIENTED_EDGE('',*,*,#4873,.F.);
#6821=ORIENTED_EDGE('',*,*,#4878,.T.);
#6822=ORIENTED_EDGE('',*,*,#4879,.T.);
#6823=ORIENTED_EDGE('',*,*,#4880,.T.);
#6824=ORIENTED_EDGE('',*,*,#4881,.F.);
#6825=ORIENTED_EDGE('',*,*,#4882,.T.);
#6826=ORIENTED_EDGE('',*,*,#4883,.T.);
#6827=ORIENTED_EDGE('',*,*,#4884,.T.);
#6828=ORIENTED_EDGE('',*,*,#4885,.F.);
#6829=ORIENTED_EDGE('',*,*,#4886,.T.);
#6830=ORIENTED_EDGE('',*,*,#4887,.F.);
#6831=ORIENTED_EDGE('',*,*,#4880,.F.);
#6832=ORIENTED_EDGE('',*,*,#4888,.T.);
#6833=ORIENTED_EDGE('',*,*,#4889,.T.);
#6834=ORIENTED_EDGE('',*,*,#4890,.T.);
#6835=ORIENTED_EDGE('',*,*,#4891,.F.);
#6836=ORIENTED_EDGE('',*,*,#4884,.F.);
#6837=ORIENTED_EDGE('',*,*,#4892,.T.);
#6838=ORIENTED_EDGE('',*,*,#4885,.T.);
#6839=ORIENTED_EDGE('',*,*,#4891,.T.);
#6840=ORIENTED_EDGE('',*,*,#4893,.T.);
#6841=ORIENTED_EDGE('',*,*,#4836,.T.);
#6842=ORIENTED_EDGE('',*,*,#4848,.T.);
#6843=ORIENTED_EDGE('',*,*,#4894,.T.);
#6844=ORIENTED_EDGE('',*,*,#4844,.T.);
#6845=ORIENTED_EDGE('',*,*,#4895,.T.);
#6846=ORIENTED_EDGE('',*,*,#4896,.T.);
#6847=ORIENTED_EDGE('',*,*,#4881,.T.);
#6848=ORIENTED_EDGE('',*,*,#4887,.T.);
#6849=ORIENTED_EDGE('',*,*,#4897,.T.);
#6850=ORIENTED_EDGE('',*,*,#4823,.T.);
#6851=ORIENTED_EDGE('',*,*,#4827,.T.);
#6852=ORIENTED_EDGE('',*,*,#4898,.T.);
#6853=ORIENTED_EDGE('',*,*,#4899,.T.);
#6854=ORIENTED_EDGE('',*,*,#4900,.T.);
#6855=ORIENTED_EDGE('',*,*,#4901,.T.);
#6856=ORIENTED_EDGE('',*,*,#4874,.T.);
#6857=ORIENTED_EDGE('',*,*,#4877,.T.);
#6858=ORIENTED_EDGE('',*,*,#4902,.T.);
#6859=ORIENTED_EDGE('',*,*,#4903,.T.);
#6860=ORIENTED_EDGE('',*,*,#4904,.T.);
#6861=ORIENTED_EDGE('',*,*,#4769,.T.);
#6862=ORIENTED_EDGE('',*,*,#4819,.T.);
#6863=ORIENTED_EDGE('',*,*,#4905,.F.);
#6864=ORIENTED_EDGE('',*,*,#4906,.F.);
#6865=ORIENTED_EDGE('',*,*,#4770,.T.);
#6866=ORIENTED_EDGE('',*,*,#4906,.T.);
#6867=ORIENTED_EDGE('',*,*,#4907,.F.);
#6868=ORIENTED_EDGE('',*,*,#4908,.F.);
#6869=ORIENTED_EDGE('',*,*,#4771,.T.);
#6870=ORIENTED_EDGE('',*,*,#4908,.T.);
#6871=ORIENTED_EDGE('',*,*,#4909,.F.);
#6872=ORIENTED_EDGE('',*,*,#4910,.F.);
#6873=ORIENTED_EDGE('',*,*,#4911,.T.);
#6874=ORIENTED_EDGE('',*,*,#4900,.F.);
#6875=ORIENTED_EDGE('',*,*,#4912,.F.);
#6876=ORIENTED_EDGE('',*,*,#4913,.T.);
#6877=ORIENTED_EDGE('',*,*,#4914,.T.);
#6878=ORIENTED_EDGE('',*,*,#4912,.T.);
#6879=ORIENTED_EDGE('',*,*,#4899,.F.);
#6880=ORIENTED_EDGE('',*,*,#4915,.T.);
#6881=ORIENTED_EDGE('',*,*,#4772,.T.);
#6882=ORIENTED_EDGE('',*,*,#4910,.T.);
#6883=ORIENTED_EDGE('',*,*,#4916,.F.);
#6884=ORIENTED_EDGE('',*,*,#4904,.F.);
#6885=ORIENTED_EDGE('',*,*,#4917,.F.);
#6886=ORIENTED_EDGE('',*,*,#4773,.T.);
#6887=ORIENTED_EDGE('',*,*,#4917,.T.);
#6888=ORIENTED_EDGE('',*,*,#4903,.F.);
#6889=ORIENTED_EDGE('',*,*,#4918,.F.);
#6890=ORIENTED_EDGE('',*,*,#4919,.F.);
#6891=ORIENTED_EDGE('',*,*,#4774,.T.);
#6892=ORIENTED_EDGE('',*,*,#4919,.T.);
#6893=ORIENTED_EDGE('',*,*,#4920,.F.);
#6894=ORIENTED_EDGE('',*,*,#4895,.F.);
#6895=ORIENTED_EDGE('',*,*,#4843,.F.);
#6896=ORIENTED_EDGE('',*,*,#4859,.T.);
#6897=ORIENTED_EDGE('',*,*,#4921,.T.);
#6898=ORIENTED_EDGE('',*,*,#4916,.T.);
#6899=ORIENTED_EDGE('',*,*,#4909,.T.);
#6900=ORIENTED_EDGE('',*,*,#4907,.T.);
#6901=ORIENTED_EDGE('',*,*,#4905,.T.);
#6902=ORIENTED_EDGE('',*,*,#4818,.T.);
#6903=ORIENTED_EDGE('',*,*,#4821,.T.);
#6904=ORIENTED_EDGE('',*,*,#4824,.T.);
#6905=ORIENTED_EDGE('',*,*,#4922,.T.);
#6906=ORIENTED_EDGE('',*,*,#4867,.T.);
#6907=ORIENTED_EDGE('',*,*,#4845,.T.);
#6908=ORIENTED_EDGE('',*,*,#4923,.T.);
#6909=ORIENTED_EDGE('',*,*,#4839,.F.);
#6910=ORIENTED_EDGE('',*,*,#4826,.T.);
#6911=ORIENTED_EDGE('',*,*,#4837,.T.);
#6912=ORIENTED_EDGE('',*,*,#4924,.T.);
#6913=ORIENTED_EDGE('',*,*,#4883,.F.);
#6914=ORIENTED_EDGE('',*,*,#4925,.F.);
#6915=ORIENTED_EDGE('',*,*,#4889,.F.);
#6916=ORIENTED_EDGE('',*,*,#4897,.F.);
#6917=ORIENTED_EDGE('',*,*,#4911,.F.);
#6918=ORIENTED_EDGE('',*,*,#4926,.T.);
#6919=ORIENTED_EDGE('',*,*,#4915,.F.);
#6920=ORIENTED_EDGE('',*,*,#4898,.F.);
#6921=ORIENTED_EDGE('',*,*,#4924,.F.);
#6922=ORIENTED_EDGE('',*,*,#4893,.F.);
#6923=ORIENTED_EDGE('',*,*,#4890,.F.);
#6924=ORIENTED_EDGE('',*,*,#4925,.T.);
#6925=ORIENTED_EDGE('',*,*,#4882,.F.);
#6926=ORIENTED_EDGE('',*,*,#4892,.F.);
#6927=ORIENTED_EDGE('',*,*,#4927,.F.);
#6928=ORIENTED_EDGE('',*,*,#4869,.F.);
#6929=ORIENTED_EDGE('',*,*,#4864,.F.);
#6930=ORIENTED_EDGE('',*,*,#4868,.T.);
#6931=ORIENTED_EDGE('',*,*,#4922,.F.);
#6932=ORIENTED_EDGE('',*,*,#4913,.F.);
#6933=ORIENTED_EDGE('',*,*,#4914,.F.);
#6934=ORIENTED_EDGE('',*,*,#4926,.F.);
#6935=ORIENTED_EDGE('',*,*,#4879,.F.);
#6936=ORIENTED_EDGE('',*,*,#4928,.F.);
#6937=ORIENTED_EDGE('',*,*,#4888,.F.);
#6938=ORIENTED_EDGE('',*,*,#4862,.T.);
#6939=ORIENTED_EDGE('',*,*,#4866,.F.);
#6940=ORIENTED_EDGE('',*,*,#4840,.F.);
#6941=ORIENTED_EDGE('',*,*,#4923,.F.);
#6942=ORIENTED_EDGE('',*,*,#4894,.F.);
#6943=ORIENTED_EDGE('',*,*,#4886,.F.);
#6944=ORIENTED_EDGE('',*,*,#4928,.T.);
#6945=ORIENTED_EDGE('',*,*,#4878,.F.);
#6946=ORIENTED_EDGE('',*,*,#4896,.F.);
#6947=ORIENTED_EDGE('',*,*,#4929,.F.);
#6948=ORIENTED_EDGE('',*,*,#4902,.F.);
#6949=ORIENTED_EDGE('',*,*,#4876,.F.);
#6950=ORIENTED_EDGE('',*,*,#4930,.T.);
#6951=ORIENTED_EDGE('',*,*,#4871,.F.);
#6952=ORIENTED_EDGE('',*,*,#4901,.F.);
#6953=ORIENTED_EDGE('',*,*,#4921,.F.);
#6954=ORIENTED_EDGE('',*,*,#4875,.F.);
#6955=ORIENTED_EDGE('',*,*,#4872,.F.);
#6956=ORIENTED_EDGE('',*,*,#4930,.F.);
#6957=ORIENTED_EDGE('',*,*,#4918,.T.);
#6958=ORIENTED_EDGE('',*,*,#4929,.T.);
#6959=ORIENTED_EDGE('',*,*,#4920,.T.);
#6960=ORIENTED_EDGE('',*,*,#4847,.T.);
#6961=ORIENTED_EDGE('',*,*,#4870,.F.);
#6962=ORIENTED_EDGE('',*,*,#4927,.T.);
#6963=ORIENTED_EDGE('',*,*,#4931,.F.);
#6964=ORIENTED_EDGE('',*,*,#4932,.T.);
#6965=ORIENTED_EDGE('',*,*,#4933,.T.);
#6966=ORIENTED_EDGE('',*,*,#4932,.F.);
#6967=ORIENTED_EDGE('',*,*,#4933,.F.);
#6968=ORIENTED_EDGE('',*,*,#4805,.T.);
#6969=ORIENTED_EDGE('',*,*,#4807,.T.);
#6970=ORIENTED_EDGE('',*,*,#4809,.T.);
#6971=ORIENTED_EDGE('',*,*,#4811,.T.);
#6972=ORIENTED_EDGE('',*,*,#4813,.T.);
#6973=ORIENTED_EDGE('',*,*,#4815,.T.);
#6974=ORIENTED_EDGE('',*,*,#4816,.T.);
#6975=ORIENTED_EDGE('',*,*,#4791,.T.);
#6976=ORIENTED_EDGE('',*,*,#4795,.T.);
#6977=ORIENTED_EDGE('',*,*,#4799,.T.);
#6978=ORIENTED_EDGE('',*,*,#4801,.T.);
#6979=ORIENTED_EDGE('',*,*,#4803,.T.);
#6980=ORIENTED_EDGE('',*,*,#4931,.T.);
#6981=ORIENTED_EDGE('',*,*,#4934,.T.);
#6982=ORIENTED_EDGE('',*,*,#4935,.T.);
#6983=ORIENTED_EDGE('',*,*,#4936,.T.);
#6984=ORIENTED_EDGE('',*,*,#4937,.T.);
#6985=ORIENTED_EDGE('',*,*,#4936,.F.);
#6986=ORIENTED_EDGE('',*,*,#4938,.F.);
#6987=ORIENTED_EDGE('',*,*,#4939,.T.);
#6988=ORIENTED_EDGE('',*,*,#4940,.T.);
#6989=ORIENTED_EDGE('',*,*,#4941,.F.);
#6990=ORIENTED_EDGE('',*,*,#4942,.F.);
#6991=ORIENTED_EDGE('',*,*,#4943,.T.);
#6992=ORIENTED_EDGE('',*,*,#4944,.T.);
#6993=ORIENTED_EDGE('',*,*,#4945,.F.);
#6994=ORIENTED_EDGE('',*,*,#4946,.F.);
#6995=ORIENTED_EDGE('',*,*,#4947,.T.);
#6996=ORIENTED_EDGE('',*,*,#4948,.T.);
#6997=ORIENTED_EDGE('',*,*,#4949,.T.);
#6998=ORIENTED_EDGE('',*,*,#4950,.T.);
#6999=ORIENTED_EDGE('',*,*,#4951,.T.);
#7000=ORIENTED_EDGE('',*,*,#4952,.T.);
#7001=ORIENTED_EDGE('',*,*,#4935,.F.);
#7002=ORIENTED_EDGE('',*,*,#4953,.T.);
#7003=ORIENTED_EDGE('',*,*,#4954,.F.);
#7004=ORIENTED_EDGE('',*,*,#4938,.T.);
#7005=ORIENTED_EDGE('',*,*,#4955,.F.);
#7006=ORIENTED_EDGE('',*,*,#4956,.T.);
#7007=ORIENTED_EDGE('',*,*,#4957,.T.);
#7008=ORIENTED_EDGE('',*,*,#4958,.F.);
#7009=ORIENTED_EDGE('',*,*,#4959,.F.);
#7010=ORIENTED_EDGE('',*,*,#4960,.F.);
#7011=ORIENTED_EDGE('',*,*,#4961,.T.);
#7012=ORIENTED_EDGE('',*,*,#4962,.T.);
#7013=ORIENTED_EDGE('',*,*,#4963,.T.);
#7014=ORIENTED_EDGE('',*,*,#4959,.T.);
#7015=ORIENTED_EDGE('',*,*,#4964,.T.);
#7016=ORIENTED_EDGE('',*,*,#4965,.T.);
#7017=ORIENTED_EDGE('',*,*,#4943,.F.);
#7018=ORIENTED_EDGE('',*,*,#4966,.F.);
#7019=ORIENTED_EDGE('',*,*,#4967,.T.);
#7020=ORIENTED_EDGE('',*,*,#4968,.F.);
#7021=ORIENTED_EDGE('',*,*,#4969,.T.);
#7022=ORIENTED_EDGE('',*,*,#4970,.T.);
#7023=ORIENTED_EDGE('',*,*,#4971,.F.);
#7024=ORIENTED_EDGE('',*,*,#4972,.F.);
#7025=ORIENTED_EDGE('',*,*,#4940,.F.);
#7026=ORIENTED_EDGE('',*,*,#4973,.T.);
#7027=ORIENTED_EDGE('',*,*,#4974,.F.);
#7028=ORIENTED_EDGE('',*,*,#4975,.F.);
#7029=ORIENTED_EDGE('',*,*,#4976,.T.);
#7030=ORIENTED_EDGE('',*,*,#4977,.T.);
#7031=ORIENTED_EDGE('',*,*,#4957,.F.);
#7032=ORIENTED_EDGE('',*,*,#4978,.F.);
#7033=ORIENTED_EDGE('',*,*,#4979,.F.);
#7034=ORIENTED_EDGE('',*,*,#4980,.T.);
#7035=ORIENTED_EDGE('',*,*,#4981,.T.);
#7036=ORIENTED_EDGE('',*,*,#4982,.F.);
#7037=ORIENTED_EDGE('',*,*,#4983,.F.);
#7038=ORIENTED_EDGE('',*,*,#4976,.F.);
#7039=ORIENTED_EDGE('',*,*,#4984,.F.);
#7040=ORIENTED_EDGE('',*,*,#4985,.F.);
#7041=ORIENTED_EDGE('',*,*,#4986,.F.);
#7042=ORIENTED_EDGE('',*,*,#4987,.F.);
#7043=ORIENTED_EDGE('',*,*,#4988,.F.);
#7044=ORIENTED_EDGE('',*,*,#4989,.F.);
#7045=ORIENTED_EDGE('',*,*,#4990,.F.);
#7046=ORIENTED_EDGE('',*,*,#4991,.F.);
#7047=ORIENTED_EDGE('',*,*,#4992,.F.);
#7048=ORIENTED_EDGE('',*,*,#4993,.F.);
#7049=ORIENTED_EDGE('',*,*,#4994,.F.);
#7050=ORIENTED_EDGE('',*,*,#4995,.F.);
#7051=ORIENTED_EDGE('',*,*,#4996,.F.);
#7052=ORIENTED_EDGE('',*,*,#4997,.F.);
#7053=ORIENTED_EDGE('',*,*,#4998,.T.);
#7054=ORIENTED_EDGE('',*,*,#4999,.F.);
#7055=ORIENTED_EDGE('',*,*,#5000,.T.);
#7056=ORIENTED_EDGE('',*,*,#4981,.F.);
#7057=ORIENTED_EDGE('',*,*,#5001,.F.);
#7058=ORIENTED_EDGE('',*,*,#4998,.F.);
#7059=ORIENTED_EDGE('',*,*,#4996,.T.);
#7060=ORIENTED_EDGE('',*,*,#5002,.T.);
#7061=ORIENTED_EDGE('',*,*,#5003,.T.);
#7062=ORIENTED_EDGE('',*,*,#5004,.T.);
#7063=ORIENTED_EDGE('',*,*,#4989,.T.);
#7064=ORIENTED_EDGE('',*,*,#5005,.T.);
#7065=ORIENTED_EDGE('',*,*,#5006,.F.);
#7066=ORIENTED_EDGE('',*,*,#5007,.F.);
#7067=ORIENTED_EDGE('',*,*,#5008,.F.);
#7068=ORIENTED_EDGE('',*,*,#5009,.F.);
#7069=ORIENTED_EDGE('',*,*,#4990,.T.);
#7070=ORIENTED_EDGE('',*,*,#5009,.T.);
#7071=ORIENTED_EDGE('',*,*,#5010,.F.);
#7072=ORIENTED_EDGE('',*,*,#5011,.F.);
#7073=ORIENTED_EDGE('',*,*,#5012,.F.);
#7074=ORIENTED_EDGE('',*,*,#4991,.T.);
#7075=ORIENTED_EDGE('',*,*,#5012,.T.);
#7076=ORIENTED_EDGE('',*,*,#5013,.F.);
#7077=ORIENTED_EDGE('',*,*,#5014,.F.);
#7078=ORIENTED_EDGE('',*,*,#5015,.F.);
#7079=ORIENTED_EDGE('',*,*,#4992,.T.);
#7080=ORIENTED_EDGE('',*,*,#5015,.T.);
#7081=ORIENTED_EDGE('',*,*,#5016,.F.);
#7082=ORIENTED_EDGE('',*,*,#5017,.F.);
#7083=ORIENTED_EDGE('',*,*,#4993,.T.);
#7084=ORIENTED_EDGE('',*,*,#5017,.T.);
#7085=ORIENTED_EDGE('',*,*,#5018,.F.);
#7086=ORIENTED_EDGE('',*,*,#5019,.F.);
#7087=ORIENTED_EDGE('',*,*,#5020,.F.);
#7088=ORIENTED_EDGE('',*,*,#4994,.T.);
#7089=ORIENTED_EDGE('',*,*,#5020,.T.);
#7090=ORIENTED_EDGE('',*,*,#5021,.F.);
#7091=ORIENTED_EDGE('',*,*,#5022,.F.);
#7092=ORIENTED_EDGE('',*,*,#5023,.F.);
#7093=ORIENTED_EDGE('',*,*,#5001,.T.);
#7094=ORIENTED_EDGE('',*,*,#4995,.T.);
#7095=ORIENTED_EDGE('',*,*,#5023,.T.);
#7096=ORIENTED_EDGE('',*,*,#5024,.F.);
#7097=ORIENTED_EDGE('',*,*,#5002,.F.);
#7098=ORIENTED_EDGE('',*,*,#4999,.T.);
#7099=ORIENTED_EDGE('',*,*,#5025,.F.);
#7100=ORIENTED_EDGE('',*,*,#4977,.F.);
#7101=ORIENTED_EDGE('',*,*,#4983,.T.);
#7102=ORIENTED_EDGE('',*,*,#5026,.T.);
#7103=ORIENTED_EDGE('',*,*,#5027,.F.);
#7104=ORIENTED_EDGE('',*,*,#4973,.F.);
#7105=ORIENTED_EDGE('',*,*,#4939,.F.);
#7106=ORIENTED_EDGE('',*,*,#4954,.T.);
#7107=ORIENTED_EDGE('',*,*,#4984,.T.);
#7108=ORIENTED_EDGE('',*,*,#4975,.T.);
#7109=ORIENTED_EDGE('',*,*,#5028,.F.);
#7110=ORIENTED_EDGE('',*,*,#5029,.F.);
#7111=ORIENTED_EDGE('',*,*,#5030,.T.);
#7112=ORIENTED_EDGE('',*,*,#4985,.T.);
#7113=ORIENTED_EDGE('',*,*,#5030,.F.);
#7114=ORIENTED_EDGE('',*,*,#5031,.F.);
#7115=ORIENTED_EDGE('',*,*,#5032,.F.);
#7116=ORIENTED_EDGE('',*,*,#5033,.F.);
#7117=ORIENTED_EDGE('',*,*,#4986,.T.);
#7118=ORIENTED_EDGE('',*,*,#5033,.T.);
#7119=ORIENTED_EDGE('',*,*,#5034,.F.);
#7120=ORIENTED_EDGE('',*,*,#5035,.F.);
#7121=ORIENTED_EDGE('',*,*,#4987,.T.);
#7122=ORIENTED_EDGE('',*,*,#5035,.T.);
#7123=ORIENTED_EDGE('',*,*,#5036,.F.);
#7124=ORIENTED_EDGE('',*,*,#5037,.F.);
#7125=ORIENTED_EDGE('',*,*,#5038,.F.);
#7126=ORIENTED_EDGE('',*,*,#4988,.T.);
#7127=ORIENTED_EDGE('',*,*,#5038,.T.);
#7128=ORIENTED_EDGE('',*,*,#5039,.F.);
#7129=ORIENTED_EDGE('',*,*,#5040,.F.);
#7130=ORIENTED_EDGE('',*,*,#5005,.F.);
#7131=ORIENTED_EDGE('',*,*,#4997,.T.);
#7132=ORIENTED_EDGE('',*,*,#5004,.F.);
#7133=ORIENTED_EDGE('',*,*,#5041,.F.);
#7134=ORIENTED_EDGE('',*,*,#5026,.F.);
#7135=ORIENTED_EDGE('',*,*,#4982,.T.);
#7136=ORIENTED_EDGE('',*,*,#5000,.F.);
#7137=ORIENTED_EDGE('',*,*,#5042,.T.);
#7138=ORIENTED_EDGE('',*,*,#5031,.T.);
#7139=ORIENTED_EDGE('',*,*,#5029,.T.);
#7140=ORIENTED_EDGE('',*,*,#5043,.T.);
#7141=ORIENTED_EDGE('',*,*,#5021,.T.);
#7142=ORIENTED_EDGE('',*,*,#5019,.T.);
#7143=ORIENTED_EDGE('',*,*,#5044,.T.);
#7144=ORIENTED_EDGE('',*,*,#5013,.T.);
#7145=ORIENTED_EDGE('',*,*,#5011,.T.);
#7146=ORIENTED_EDGE('',*,*,#5045,.T.);
#7147=ORIENTED_EDGE('',*,*,#5007,.T.);
#7148=ORIENTED_EDGE('',*,*,#5046,.T.);
#7149=ORIENTED_EDGE('',*,*,#5039,.T.);
#7150=ORIENTED_EDGE('',*,*,#5037,.T.);
#7151=ORIENTED_EDGE('',*,*,#5047,.T.);
#7152=ORIENTED_EDGE('',*,*,#5048,.F.);
#7153=ORIENTED_EDGE('',*,*,#5049,.F.);
#7154=ORIENTED_EDGE('',*,*,#5050,.T.);
#7155=ORIENTED_EDGE('',*,*,#5051,.T.);
#7156=ORIENTED_EDGE('',*,*,#5050,.F.);
#7157=ORIENTED_EDGE('',*,*,#5052,.F.);
#7158=ORIENTED_EDGE('',*,*,#5053,.T.);
#7159=ORIENTED_EDGE('',*,*,#5054,.T.);
#7160=ORIENTED_EDGE('',*,*,#5053,.F.);
#7161=ORIENTED_EDGE('',*,*,#5055,.F.);
#7162=ORIENTED_EDGE('',*,*,#5056,.T.);
#7163=ORIENTED_EDGE('',*,*,#5057,.T.);
#7164=ORIENTED_EDGE('',*,*,#5056,.F.);
#7165=ORIENTED_EDGE('',*,*,#5058,.F.);
#7166=ORIENTED_EDGE('',*,*,#5043,.F.);
#7167=ORIENTED_EDGE('',*,*,#5059,.F.);
#7168=ORIENTED_EDGE('',*,*,#5044,.F.);
#7169=ORIENTED_EDGE('',*,*,#5060,.F.);
#7170=ORIENTED_EDGE('',*,*,#5061,.T.);
#7171=ORIENTED_EDGE('',*,*,#5062,.T.);
#7172=ORIENTED_EDGE('',*,*,#5061,.F.);
#7173=ORIENTED_EDGE('',*,*,#5063,.F.);
#7174=ORIENTED_EDGE('',*,*,#5064,.T.);
#7175=ORIENTED_EDGE('',*,*,#5065,.T.);
#7176=ORIENTED_EDGE('',*,*,#5064,.F.);
#7177=ORIENTED_EDGE('',*,*,#5066,.F.);
#7178=ORIENTED_EDGE('',*,*,#5067,.T.);
#7179=ORIENTED_EDGE('',*,*,#5068,.F.);
#7180=ORIENTED_EDGE('',*,*,#5069,.T.);
#7181=ORIENTED_EDGE('',*,*,#5070,.T.);
#7182=ORIENTED_EDGE('',*,*,#5068,.T.);
#7183=ORIENTED_EDGE('',*,*,#5070,.F.);
#7184=ORIENTED_EDGE('',*,*,#5032,.T.);
#7185=ORIENTED_EDGE('',*,*,#5071,.T.);
#7186=ORIENTED_EDGE('',*,*,#5036,.T.);
#7187=ORIENTED_EDGE('',*,*,#5034,.T.);
#7188=ORIENTED_EDGE('',*,*,#5040,.T.);
#7189=ORIENTED_EDGE('',*,*,#5072,.T.);
#7190=ORIENTED_EDGE('',*,*,#5073,.T.);
#7191=ORIENTED_EDGE('',*,*,#5074,.T.);
#7192=ORIENTED_EDGE('',*,*,#5075,.T.);
#7193=ORIENTED_EDGE('',*,*,#5006,.T.);
#7194=ORIENTED_EDGE('',*,*,#5008,.T.);
#7195=ORIENTED_EDGE('',*,*,#5076,.T.);
#7196=ORIENTED_EDGE('',*,*,#5066,.T.);
#7197=ORIENTED_EDGE('',*,*,#5063,.T.);
#7198=ORIENTED_EDGE('',*,*,#5060,.T.);
#7199=ORIENTED_EDGE('',*,*,#5010,.T.);
#7200=ORIENTED_EDGE('',*,*,#5018,.T.);
#7201=ORIENTED_EDGE('',*,*,#5016,.T.);
#7202=ORIENTED_EDGE('',*,*,#5014,.T.);
#7203=ORIENTED_EDGE('',*,*,#5059,.T.);
#7204=ORIENTED_EDGE('',*,*,#5077,.T.);
#7205=ORIENTED_EDGE('',*,*,#5067,.F.);
#7206=ORIENTED_EDGE('',*,*,#5076,.F.);
#7207=ORIENTED_EDGE('',*,*,#5045,.F.);
#7208=ORIENTED_EDGE('',*,*,#5075,.F.);
#7209=ORIENTED_EDGE('',*,*,#5078,.T.);
#7210=ORIENTED_EDGE('',*,*,#5079,.T.);
#7211=ORIENTED_EDGE('',*,*,#5078,.F.);
#7212=ORIENTED_EDGE('',*,*,#5074,.F.);
#7213=ORIENTED_EDGE('',*,*,#5080,.T.);
#7214=ORIENTED_EDGE('',*,*,#5081,.T.);
#7215=ORIENTED_EDGE('',*,*,#5080,.F.);
#7216=ORIENTED_EDGE('',*,*,#5073,.F.);
#7217=ORIENTED_EDGE('',*,*,#5082,.F.);
#7218=ORIENTED_EDGE('',*,*,#5083,.T.);
#7219=ORIENTED_EDGE('',*,*,#5082,.T.);
#7220=ORIENTED_EDGE('',*,*,#5072,.F.);
#7221=ORIENTED_EDGE('',*,*,#5046,.F.);
#7222=ORIENTED_EDGE('',*,*,#5071,.F.);
#7223=ORIENTED_EDGE('',*,*,#5042,.F.);
#7224=ORIENTED_EDGE('',*,*,#5084,.F.);
#7225=ORIENTED_EDGE('',*,*,#5085,.T.);
#7226=ORIENTED_EDGE('',*,*,#5086,.T.);
#7227=ORIENTED_EDGE('',*,*,#5085,.F.);
#7228=ORIENTED_EDGE('',*,*,#5087,.F.);
#7229=ORIENTED_EDGE('',*,*,#5088,.T.);
#7230=ORIENTED_EDGE('',*,*,#5089,.T.);
#7231=ORIENTED_EDGE('',*,*,#5088,.F.);
#7232=ORIENTED_EDGE('',*,*,#5090,.F.);
#7233=ORIENTED_EDGE('',*,*,#5048,.T.);
#7234=ORIENTED_EDGE('',*,*,#5091,.T.);
#7235=ORIENTED_EDGE('',*,*,#5092,.T.);
#7236=ORIENTED_EDGE('',*,*,#5093,.F.);
#7237=ORIENTED_EDGE('',*,*,#5094,.F.);
#7238=ORIENTED_EDGE('',*,*,#5095,.T.);
#7239=ORIENTED_EDGE('',*,*,#5094,.T.);
#7240=ORIENTED_EDGE('',*,*,#5096,.F.);
#7241=ORIENTED_EDGE('',*,*,#4961,.F.);
#7242=ORIENTED_EDGE('',*,*,#5096,.T.);
#7243=ORIENTED_EDGE('',*,*,#5093,.T.);
#7244=ORIENTED_EDGE('',*,*,#5097,.T.);
#7245=ORIENTED_EDGE('',*,*,#4978,.T.);
#7246=ORIENTED_EDGE('',*,*,#4956,.F.);
#7247=ORIENTED_EDGE('',*,*,#5098,.F.);
#7248=ORIENTED_EDGE('',*,*,#4964,.F.);
#7249=ORIENTED_EDGE('',*,*,#4962,.F.);
#7250=ORIENTED_EDGE('',*,*,#5024,.T.);
#7251=ORIENTED_EDGE('',*,*,#5022,.T.);
#7252=ORIENTED_EDGE('',*,*,#5058,.T.);
#7253=ORIENTED_EDGE('',*,*,#5055,.T.);
#7254=ORIENTED_EDGE('',*,*,#5052,.T.);
#7255=ORIENTED_EDGE('',*,*,#5049,.T.);
#7256=ORIENTED_EDGE('',*,*,#5090,.T.);
#7257=ORIENTED_EDGE('',*,*,#5087,.T.);
#7258=ORIENTED_EDGE('',*,*,#5084,.T.);
#7259=ORIENTED_EDGE('',*,*,#5028,.T.);
#7260=ORIENTED_EDGE('',*,*,#4974,.T.);
#7261=ORIENTED_EDGE('',*,*,#5027,.T.);
#7262=ORIENTED_EDGE('',*,*,#5041,.T.);
#7263=ORIENTED_EDGE('',*,*,#5003,.F.);
#7264=ORIENTED_EDGE('',*,*,#5099,.T.);
#7265=ORIENTED_EDGE('',*,*,#5100,.T.);
#7266=ORIENTED_EDGE('',*,*,#5101,.T.);
#7267=ORIENTED_EDGE('',*,*,#5100,.F.);
#7268=ORIENTED_EDGE('',*,*,#5101,.F.);
#7269=ORIENTED_EDGE('',*,*,#5097,.F.);
#7270=ORIENTED_EDGE('',*,*,#5092,.F.);
#7271=ORIENTED_EDGE('',*,*,#5102,.T.);
#7272=ORIENTED_EDGE('',*,*,#4979,.T.);
#7273=ORIENTED_EDGE('',*,*,#4980,.F.);
#7274=ORIENTED_EDGE('',*,*,#5102,.F.);
#7275=ORIENTED_EDGE('',*,*,#5091,.F.);
#7276=ORIENTED_EDGE('',*,*,#5095,.F.);
#7277=ORIENTED_EDGE('',*,*,#4960,.T.);
#7278=ORIENTED_EDGE('',*,*,#4963,.F.);
#7279=ORIENTED_EDGE('',*,*,#5103,.F.);
#7280=ORIENTED_EDGE('',*,*,#4958,.T.);
#7281=ORIENTED_EDGE('',*,*,#5069,.F.);
#7282=ORIENTED_EDGE('',*,*,#5086,.F.);
#7283=ORIENTED_EDGE('',*,*,#5089,.F.);
#7284=ORIENTED_EDGE('',*,*,#5047,.F.);
#7285=ORIENTED_EDGE('',*,*,#5051,.F.);
#7286=ORIENTED_EDGE('',*,*,#5054,.F.);
#7287=ORIENTED_EDGE('',*,*,#5057,.F.);
#7288=ORIENTED_EDGE('',*,*,#5062,.F.);
#7289=ORIENTED_EDGE('',*,*,#5065,.F.);
#7290=ORIENTED_EDGE('',*,*,#5077,.F.);
#7291=ORIENTED_EDGE('',*,*,#5079,.F.);
#7292=ORIENTED_EDGE('',*,*,#5081,.F.);
#7293=ORIENTED_EDGE('',*,*,#5083,.F.);
#7294=ORIENTED_EDGE('',*,*,#5099,.F.);
#7295=ORIENTED_EDGE('',*,*,#5103,.T.);
#7296=ORIENTED_EDGE('',*,*,#4970,.F.);
#7297=ORIENTED_EDGE('',*,*,#5104,.F.);
#7298=ORIENTED_EDGE('',*,*,#5105,.F.);
#7299=ORIENTED_EDGE('',*,*,#4944,.F.);
#7300=ORIENTED_EDGE('',*,*,#4965,.F.);
#7301=ORIENTED_EDGE('',*,*,#5098,.T.);
#7302=ORIENTED_EDGE('',*,*,#4955,.T.);
#7303=ORIENTED_EDGE('',*,*,#4969,.F.);
#7304=ORIENTED_EDGE('',*,*,#5106,.F.);
#7305=ORIENTED_EDGE('',*,*,#5107,.T.);
#7306=ORIENTED_EDGE('',*,*,#5108,.T.);
#7307=ORIENTED_EDGE('',*,*,#5109,.T.);
#7308=ORIENTED_EDGE('',*,*,#5110,.T.);
#7309=ORIENTED_EDGE('',*,*,#5111,.T.);
#7310=ORIENTED_EDGE('',*,*,#5112,.T.);
#7311=ORIENTED_EDGE('',*,*,#5113,.T.);
#7312=ORIENTED_EDGE('',*,*,#5114,.T.);
#7313=ORIENTED_EDGE('',*,*,#5115,.T.);
#7314=ORIENTED_EDGE('',*,*,#5116,.T.);
#7315=ORIENTED_EDGE('',*,*,#5117,.T.);
#7316=ORIENTED_EDGE('',*,*,#5118,.T.);
#7317=ORIENTED_EDGE('',*,*,#5119,.T.);
#7318=ORIENTED_EDGE('',*,*,#5120,.T.);
#7319=ORIENTED_EDGE('',*,*,#5121,.T.);
#7320=ORIENTED_EDGE('',*,*,#5122,.T.);
#7321=ORIENTED_EDGE('',*,*,#5123,.T.);
#7322=ORIENTED_EDGE('',*,*,#5124,.T.);
#7323=ORIENTED_EDGE('',*,*,#5125,.T.);
#7324=ORIENTED_EDGE('',*,*,#5104,.T.);
#7325=ORIENTED_EDGE('',*,*,#5126,.F.);
#7326=ORIENTED_EDGE('',*,*,#5127,.T.);
#7327=ORIENTED_EDGE('',*,*,#5128,.T.);
#7328=ORIENTED_EDGE('',*,*,#5129,.F.);
#7329=ORIENTED_EDGE('',*,*,#5130,.F.);
#7330=ORIENTED_EDGE('',*,*,#5128,.F.);
#7331=ORIENTED_EDGE('',*,*,#5131,.F.);
#7332=ORIENTED_EDGE('',*,*,#5132,.F.);
#7333=ORIENTED_EDGE('',*,*,#5133,.F.);
#7334=ORIENTED_EDGE('',*,*,#5134,.F.);
#7335=ORIENTED_EDGE('',*,*,#5135,.F.);
#7336=ORIENTED_EDGE('',*,*,#5136,.F.);
#7337=ORIENTED_EDGE('',*,*,#5131,.T.);
#7338=ORIENTED_EDGE('',*,*,#5127,.F.);
#7339=ORIENTED_EDGE('',*,*,#4972,.T.);
#7340=ORIENTED_EDGE('',*,*,#5137,.T.);
#7341=ORIENTED_EDGE('',*,*,#5138,.F.);
#7342=ORIENTED_EDGE('',*,*,#4941,.T.);
#7343=ORIENTED_EDGE('',*,*,#4951,.F.);
#7344=ORIENTED_EDGE('',*,*,#5139,.T.);
#7345=ORIENTED_EDGE('',*,*,#5140,.F.);
#7346=ORIENTED_EDGE('',*,*,#5139,.F.);
#7347=ORIENTED_EDGE('',*,*,#4950,.F.);
#7348=ORIENTED_EDGE('',*,*,#5141,.F.);
#7349=ORIENTED_EDGE('',*,*,#5142,.F.);
#7350=ORIENTED_EDGE('',*,*,#5143,.F.);
#7351=ORIENTED_EDGE('',*,*,#5144,.T.);
#7352=ORIENTED_EDGE('',*,*,#5145,.T.);
#7353=ORIENTED_EDGE('',*,*,#5146,.F.);
#7354=ORIENTED_EDGE('',*,*,#5147,.F.);
#7355=ORIENTED_EDGE('',*,*,#5148,.F.);
#7356=ORIENTED_EDGE('',*,*,#5149,.F.);
#7357=ORIENTED_EDGE('',*,*,#5135,.T.);
#7358=ORIENTED_EDGE('',*,*,#5126,.T.);
#7359=ORIENTED_EDGE('',*,*,#5150,.T.);
#7360=ORIENTED_EDGE('',*,*,#4966,.T.);
#7361=ORIENTED_EDGE('',*,*,#4942,.T.);
#7362=ORIENTED_EDGE('',*,*,#5138,.T.);
#7363=ORIENTED_EDGE('',*,*,#5151,.T.);
#7364=ORIENTED_EDGE('',*,*,#5148,.T.);
#7365=ORIENTED_EDGE('',*,*,#5129,.T.);
#7366=ORIENTED_EDGE('',*,*,#5130,.T.);
#7367=ORIENTED_EDGE('',*,*,#5152,.T.);
#7368=ORIENTED_EDGE('',*,*,#5153,.T.);
#7369=ORIENTED_EDGE('',*,*,#5154,.F.);
#7370=ORIENTED_EDGE('',*,*,#5145,.F.);
#7371=ORIENTED_EDGE('',*,*,#5155,.F.);
#7372=ORIENTED_EDGE('',*,*,#5156,.F.);
#7373=ORIENTED_EDGE('',*,*,#5152,.F.);
#7374=ORIENTED_EDGE('',*,*,#5144,.F.);
#7375=ORIENTED_EDGE('',*,*,#5157,.F.);
#7376=ORIENTED_EDGE('',*,*,#5158,.F.);
#7377=ORIENTED_EDGE('',*,*,#5155,.T.);
#7378=ORIENTED_EDGE('',*,*,#5147,.T.);
#7379=ORIENTED_EDGE('',*,*,#5150,.F.);
#7380=ORIENTED_EDGE('',*,*,#5134,.T.);
#7381=ORIENTED_EDGE('',*,*,#5159,.F.);
#7382=ORIENTED_EDGE('',*,*,#5160,.F.);
#7383=ORIENTED_EDGE('',*,*,#5161,.F.);
#7384=ORIENTED_EDGE('',*,*,#5162,.F.);
#7385=ORIENTED_EDGE('',*,*,#5163,.F.);
#7386=ORIENTED_EDGE('',*,*,#4967,.F.);
#7387=ORIENTED_EDGE('',*,*,#5154,.T.);
#7388=ORIENTED_EDGE('',*,*,#5164,.F.);
#7389=ORIENTED_EDGE('',*,*,#5157,.T.);
#7390=ORIENTED_EDGE('',*,*,#5146,.T.);
#7391=ORIENTED_EDGE('',*,*,#5165,.F.);
#7392=ORIENTED_EDGE('',*,*,#5166,.F.);
#7393=ORIENTED_EDGE('',*,*,#4947,.F.);
#7394=ORIENTED_EDGE('',*,*,#5143,.T.);
#7395=ORIENTED_EDGE('',*,*,#5167,.T.);
#7396=ORIENTED_EDGE('',*,*,#5168,.T.);
#7397=ORIENTED_EDGE('',*,*,#5159,.T.);
#7398=ORIENTED_EDGE('',*,*,#5133,.T.);
#7399=ORIENTED_EDGE('',*,*,#4934,.F.);
#7400=ORIENTED_EDGE('',*,*,#5169,.F.);
#7401=ORIENTED_EDGE('',*,*,#5170,.T.);
#7402=ORIENTED_EDGE('',*,*,#5171,.T.);
#7403=ORIENTED_EDGE('',*,*,#5172,.T.);
#7404=ORIENTED_EDGE('',*,*,#5173,.T.);
#7405=ORIENTED_EDGE('',*,*,#5174,.T.);
#7406=ORIENTED_EDGE('',*,*,#5175,.T.);
#7407=ORIENTED_EDGE('',*,*,#5176,.T.);
#7408=ORIENTED_EDGE('',*,*,#5177,.T.);
#7409=ORIENTED_EDGE('',*,*,#5178,.T.);
#7410=ORIENTED_EDGE('',*,*,#5179,.T.);
#7411=ORIENTED_EDGE('',*,*,#5180,.T.);
#7412=ORIENTED_EDGE('',*,*,#5181,.T.);
#7413=ORIENTED_EDGE('',*,*,#5167,.F.);
#7414=ORIENTED_EDGE('',*,*,#5132,.T.);
#7415=ORIENTED_EDGE('',*,*,#5136,.T.);
#7416=ORIENTED_EDGE('',*,*,#5149,.T.);
#7417=ORIENTED_EDGE('',*,*,#5151,.F.);
#7418=ORIENTED_EDGE('',*,*,#5137,.F.);
#7419=ORIENTED_EDGE('',*,*,#4971,.T.);
#7420=ORIENTED_EDGE('',*,*,#5025,.T.);
#7421=ORIENTED_EDGE('',*,*,#4953,.F.);
#7422=ORIENTED_EDGE('',*,*,#5140,.T.);
#7423=ORIENTED_EDGE('',*,*,#5165,.T.);
#7424=ORIENTED_EDGE('',*,*,#5142,.T.);
#7425=ORIENTED_EDGE('',*,*,#5182,.T.);
#7426=ORIENTED_EDGE('',*,*,#5183,.T.);
#7427=ORIENTED_EDGE('',*,*,#5184,.T.);
#7428=ORIENTED_EDGE('',*,*,#5183,.F.);
#7429=ORIENTED_EDGE('',*,*,#5185,.F.);
#7430=ORIENTED_EDGE('',*,*,#4948,.F.);
#7431=ORIENTED_EDGE('',*,*,#5166,.T.);
#7432=ORIENTED_EDGE('',*,*,#4952,.F.);
#7433=ORIENTED_EDGE('',*,*,#5186,.T.);
#7434=ORIENTED_EDGE('',*,*,#5184,.F.);
#7435=ORIENTED_EDGE('',*,*,#5186,.F.);
#7436=ORIENTED_EDGE('',*,*,#5187,.F.);
#7437=ORIENTED_EDGE('',*,*,#5188,.F.);
#7438=ORIENTED_EDGE('',*,*,#5109,.F.);
#7439=ORIENTED_EDGE('',*,*,#5189,.T.);
#7440=ORIENTED_EDGE('',*,*,#5190,.F.);
#7441=ORIENTED_EDGE('',*,*,#5189,.F.);
#7442=ORIENTED_EDGE('',*,*,#5108,.F.);
#7443=ORIENTED_EDGE('',*,*,#5191,.F.);
#7444=ORIENTED_EDGE('',*,*,#5192,.F.);
#7445=ORIENTED_EDGE('',*,*,#5193,.F.);
#7446=ORIENTED_EDGE('',*,*,#5124,.F.);
#7447=ORIENTED_EDGE('',*,*,#5194,.T.);
#7448=ORIENTED_EDGE('',*,*,#5195,.F.);
#7449=ORIENTED_EDGE('',*,*,#5194,.F.);
#7450=ORIENTED_EDGE('',*,*,#5123,.F.);
#7451=ORIENTED_EDGE('',*,*,#5196,.T.);
#7452=ORIENTED_EDGE('',*,*,#5197,.F.);
#7453=ORIENTED_EDGE('',*,*,#5196,.F.);
#7454=ORIENTED_EDGE('',*,*,#5122,.F.);
#7455=ORIENTED_EDGE('',*,*,#5198,.T.);
#7456=ORIENTED_EDGE('',*,*,#5171,.F.);
#7457=ORIENTED_EDGE('',*,*,#5199,.F.);
#7458=ORIENTED_EDGE('',*,*,#5120,.F.);
#7459=ORIENTED_EDGE('',*,*,#5200,.T.);
#7460=ORIENTED_EDGE('',*,*,#5201,.F.);
#7461=ORIENTED_EDGE('',*,*,#5202,.F.);
#7462=ORIENTED_EDGE('',*,*,#5172,.F.);
#7463=ORIENTED_EDGE('',*,*,#5200,.F.);
#7464=ORIENTED_EDGE('',*,*,#5119,.F.);
#7465=ORIENTED_EDGE('',*,*,#5203,.T.);
#7466=ORIENTED_EDGE('',*,*,#5204,.F.);
#7467=ORIENTED_EDGE('',*,*,#5203,.F.);
#7468=ORIENTED_EDGE('',*,*,#5118,.F.);
#7469=ORIENTED_EDGE('',*,*,#5205,.T.);
#7470=ORIENTED_EDGE('',*,*,#5174,.F.);
#7471=ORIENTED_EDGE('',*,*,#5206,.F.);
#7472=ORIENTED_EDGE('',*,*,#5207,.F.);
#7473=ORIENTED_EDGE('',*,*,#5205,.F.);
#7474=ORIENTED_EDGE('',*,*,#5117,.F.);
#7475=ORIENTED_EDGE('',*,*,#5208,.T.);
#7476=ORIENTED_EDGE('',*,*,#5175,.F.);
#7477=ORIENTED_EDGE('',*,*,#5208,.F.);
#7478=ORIENTED_EDGE('',*,*,#5116,.F.);
#7479=ORIENTED_EDGE('',*,*,#5209,.T.);
#7480=ORIENTED_EDGE('',*,*,#5210,.F.);
#7481=ORIENTED_EDGE('',*,*,#5211,.F.);
#7482=ORIENTED_EDGE('',*,*,#5176,.F.);
#7483=ORIENTED_EDGE('',*,*,#5209,.F.);
#7484=ORIENTED_EDGE('',*,*,#5115,.F.);
#7485=ORIENTED_EDGE('',*,*,#5212,.T.);
#7486=ORIENTED_EDGE('',*,*,#5213,.F.);
#7487=ORIENTED_EDGE('',*,*,#5212,.F.);
#7488=ORIENTED_EDGE('',*,*,#5114,.F.);
#7489=ORIENTED_EDGE('',*,*,#5214,.T.);
#7490=ORIENTED_EDGE('',*,*,#5178,.F.);
#7491=ORIENTED_EDGE('',*,*,#5215,.F.);
#7492=ORIENTED_EDGE('',*,*,#5216,.F.);
#7493=ORIENTED_EDGE('',*,*,#5214,.F.);
#7494=ORIENTED_EDGE('',*,*,#5113,.F.);
#7495=ORIENTED_EDGE('',*,*,#5217,.T.);
#7496=ORIENTED_EDGE('',*,*,#5179,.F.);
#7497=ORIENTED_EDGE('',*,*,#5217,.F.);
#7498=ORIENTED_EDGE('',*,*,#5112,.F.);
#7499=ORIENTED_EDGE('',*,*,#5218,.T.);
#7500=ORIENTED_EDGE('',*,*,#5219,.F.);
#7501=ORIENTED_EDGE('',*,*,#5220,.F.);
#7502=ORIENTED_EDGE('',*,*,#5180,.F.);
#7503=ORIENTED_EDGE('',*,*,#5218,.F.);
#7504=ORIENTED_EDGE('',*,*,#5111,.F.);
#7505=ORIENTED_EDGE('',*,*,#5221,.T.);
#7506=ORIENTED_EDGE('',*,*,#5222,.F.);
#7507=ORIENTED_EDGE('',*,*,#5221,.F.);
#7508=ORIENTED_EDGE('',*,*,#5110,.F.);
#7509=ORIENTED_EDGE('',*,*,#5188,.T.);
#7510=ORIENTED_EDGE('',*,*,#5170,.F.);
#7511=ORIENTED_EDGE('',*,*,#5223,.F.);
#7512=ORIENTED_EDGE('',*,*,#5224,.F.);
#7513=ORIENTED_EDGE('',*,*,#5198,.F.);
#7514=ORIENTED_EDGE('',*,*,#5121,.F.);
#7515=ORIENTED_EDGE('',*,*,#5199,.T.);
#7516=ORIENTED_EDGE('',*,*,#5191,.T.);
#7517=ORIENTED_EDGE('',*,*,#5107,.F.);
#7518=ORIENTED_EDGE('',*,*,#5225,.F.);
#7519=ORIENTED_EDGE('',*,*,#5226,.T.);
#7520=ORIENTED_EDGE('',*,*,#5227,.T.);
#7521=ORIENTED_EDGE('',*,*,#5161,.T.);
#7522=ORIENTED_EDGE('',*,*,#5228,.T.);
#7523=ORIENTED_EDGE('',*,*,#5229,.T.);
#7524=ORIENTED_EDGE('',*,*,#5193,.T.);
#7525=ORIENTED_EDGE('',*,*,#5230,.T.);
#7526=ORIENTED_EDGE('',*,*,#5231,.T.);
#7527=ORIENTED_EDGE('',*,*,#4945,.T.);
#7528=ORIENTED_EDGE('',*,*,#5105,.T.);
#7529=ORIENTED_EDGE('',*,*,#5125,.F.);
#7530=ORIENTED_EDGE('',*,*,#5192,.T.);
#7531=ORIENTED_EDGE('',*,*,#5195,.T.);
#7532=ORIENTED_EDGE('',*,*,#5197,.T.);
#7533=ORIENTED_EDGE('',*,*,#5224,.T.);
#7534=ORIENTED_EDGE('',*,*,#5232,.F.);
#7535=ORIENTED_EDGE('',*,*,#5230,.F.);
#7536=ORIENTED_EDGE('',*,*,#4937,.F.);
#7537=ORIENTED_EDGE('',*,*,#4946,.T.);
#7538=ORIENTED_EDGE('',*,*,#5231,.F.);
#7539=ORIENTED_EDGE('',*,*,#5232,.T.);
#7540=ORIENTED_EDGE('',*,*,#5223,.T.);
#7541=ORIENTED_EDGE('',*,*,#5169,.T.);
#7542=ORIENTED_EDGE('',*,*,#5206,.T.);
#7543=ORIENTED_EDGE('',*,*,#5173,.F.);
#7544=ORIENTED_EDGE('',*,*,#5202,.T.);
#7545=ORIENTED_EDGE('',*,*,#5233,.T.);
#7546=ORIENTED_EDGE('',*,*,#5215,.T.);
#7547=ORIENTED_EDGE('',*,*,#5177,.F.);
#7548=ORIENTED_EDGE('',*,*,#5211,.T.);
#7549=ORIENTED_EDGE('',*,*,#5234,.T.);
#7550=ORIENTED_EDGE('',*,*,#5220,.T.);
#7551=ORIENTED_EDGE('',*,*,#5235,.T.);
#7552=ORIENTED_EDGE('',*,*,#5228,.F.);
#7553=ORIENTED_EDGE('',*,*,#5160,.T.);
#7554=ORIENTED_EDGE('',*,*,#5168,.F.);
#7555=ORIENTED_EDGE('',*,*,#5181,.F.);
#7556=ORIENTED_EDGE('',*,*,#5164,.T.);
#7557=ORIENTED_EDGE('',*,*,#5153,.F.);
#7558=ORIENTED_EDGE('',*,*,#5156,.T.);
#7559=ORIENTED_EDGE('',*,*,#5158,.T.);
#7560=ORIENTED_EDGE('',*,*,#5225,.T.);
#7561=ORIENTED_EDGE('',*,*,#5106,.T.);
#7562=ORIENTED_EDGE('',*,*,#4968,.T.);
#7563=ORIENTED_EDGE('',*,*,#5163,.T.);
#7564=ORIENTED_EDGE('',*,*,#5236,.F.);
#7565=ORIENTED_EDGE('',*,*,#5237,.F.);
#7566=ORIENTED_EDGE('',*,*,#5237,.T.);
#7567=ORIENTED_EDGE('',*,*,#5238,.T.);
#7568=ORIENTED_EDGE('',*,*,#5226,.F.);
#7569=ORIENTED_EDGE('',*,*,#5207,.T.);
#7570=ORIENTED_EDGE('',*,*,#5233,.F.);
#7571=ORIENTED_EDGE('',*,*,#5201,.T.);
#7572=ORIENTED_EDGE('',*,*,#5204,.T.);
#7573=ORIENTED_EDGE('',*,*,#5216,.T.);
#7574=ORIENTED_EDGE('',*,*,#5234,.F.);
#7575=ORIENTED_EDGE('',*,*,#5210,.T.);
#7576=ORIENTED_EDGE('',*,*,#5213,.T.);
#7577=ORIENTED_EDGE('',*,*,#5190,.T.);
#7578=ORIENTED_EDGE('',*,*,#5229,.F.);
#7579=ORIENTED_EDGE('',*,*,#5235,.F.);
#7580=ORIENTED_EDGE('',*,*,#5219,.T.);
#7581=ORIENTED_EDGE('',*,*,#5222,.T.);
#7582=ORIENTED_EDGE('',*,*,#5187,.T.);
#7583=ORIENTED_EDGE('',*,*,#5236,.T.);
#7584=ORIENTED_EDGE('',*,*,#5162,.T.);
#7585=ORIENTED_EDGE('',*,*,#5227,.F.);
#7586=ORIENTED_EDGE('',*,*,#5238,.F.);
#7587=ORIENTED_EDGE('',*,*,#4949,.F.);
#7588=ORIENTED_EDGE('',*,*,#5185,.T.);
#7589=ORIENTED_EDGE('',*,*,#5182,.F.);
#7590=ORIENTED_EDGE('',*,*,#5141,.T.);
#7591=ORIENTED_EDGE('',*,*,#5239,.T.);
#7592=ORIENTED_EDGE('',*,*,#5240,.T.);
#7593=ORIENTED_EDGE('',*,*,#5241,.F.);
#7594=ORIENTED_EDGE('',*,*,#5242,.T.);
#7595=ORIENTED_EDGE('',*,*,#5242,.F.);
#7596=ORIENTED_EDGE('',*,*,#5243,.T.);
#7597=ORIENTED_EDGE('',*,*,#5244,.F.);
#7598=ORIENTED_EDGE('',*,*,#5245,.F.);
#7599=ORIENTED_EDGE('',*,*,#5246,.T.);
#7600=ORIENTED_EDGE('',*,*,#5247,.F.);
#7601=ORIENTED_EDGE('',*,*,#5248,.T.);
#7602=ORIENTED_EDGE('',*,*,#5249,.F.);
#7603=ORIENTED_EDGE('',*,*,#5250,.F.);
#7604=ORIENTED_EDGE('',*,*,#5251,.F.);
#7605=ORIENTED_EDGE('',*,*,#5252,.T.);
#7606=ORIENTED_EDGE('',*,*,#5246,.F.);
#7607=ORIENTED_EDGE('',*,*,#5252,.F.);
#7608=ORIENTED_EDGE('',*,*,#5253,.T.);
#7609=ORIENTED_EDGE('',*,*,#5250,.T.);
#7610=ORIENTED_EDGE('',*,*,#5254,.F.);
#7611=ORIENTED_EDGE('',*,*,#5255,.F.);
#7612=ORIENTED_EDGE('',*,*,#5243,.F.);
#7613=ORIENTED_EDGE('',*,*,#5241,.T.);
#7614=ORIENTED_EDGE('',*,*,#5244,.T.);
#7615=ORIENTED_EDGE('',*,*,#5255,.T.);
#7616=ORIENTED_EDGE('',*,*,#5256,.F.);
#7617=ORIENTED_EDGE('',*,*,#5257,.F.);
#7618=ORIENTED_EDGE('',*,*,#5245,.T.);
#7619=ORIENTED_EDGE('',*,*,#5257,.T.);
#7620=ORIENTED_EDGE('',*,*,#5258,.F.);
#7621=ORIENTED_EDGE('',*,*,#5248,.F.);
#7622=ORIENTED_EDGE('',*,*,#5259,.F.);
#7623=ORIENTED_EDGE('',*,*,#5239,.F.);
#7624=ORIENTED_EDGE('',*,*,#5249,.T.);
#7625=ORIENTED_EDGE('',*,*,#5258,.T.);
#7626=ORIENTED_EDGE('',*,*,#5256,.T.);
#7627=ORIENTED_EDGE('',*,*,#5254,.T.);
#7628=ORIENTED_EDGE('',*,*,#5251,.T.);
#7629=ORIENTED_EDGE('',*,*,#5240,.F.);
#7630=ORIENTED_EDGE('',*,*,#5260,.F.);
#7631=ORIENTED_EDGE('',*,*,#5261,.T.);
#7632=ORIENTED_EDGE('',*,*,#5262,.T.);
#7633=ORIENTED_EDGE('',*,*,#5263,.T.);
#7634=ORIENTED_EDGE('',*,*,#5264,.T.);
#7635=ORIENTED_EDGE('',*,*,#5265,.F.);
#7636=ORIENTED_EDGE('',*,*,#5266,.F.);
#7637=ORIENTED_EDGE('',*,*,#5267,.F.);
#7638=ORIENTED_EDGE('',*,*,#5266,.T.);
#7639=ORIENTED_EDGE('',*,*,#5268,.F.);
#7640=ORIENTED_EDGE('',*,*,#5253,.F.);
#7641=ORIENTED_EDGE('',*,*,#5262,.F.);
#7642=ORIENTED_EDGE('',*,*,#5269,.F.);
#7643=ORIENTED_EDGE('',*,*,#5260,.T.);
#7644=ORIENTED_EDGE('',*,*,#5259,.T.);
#7645=ORIENTED_EDGE('',*,*,#5270,.F.);
#7646=ORIENTED_EDGE('',*,*,#5264,.F.);
#7647=ORIENTED_EDGE('',*,*,#5269,.T.);
#7648=ORIENTED_EDGE('',*,*,#5263,.F.);
#7649=ORIENTED_EDGE('',*,*,#5267,.T.);
#7650=ORIENTED_EDGE('',*,*,#5261,.F.);
#7651=ORIENTED_EDGE('',*,*,#5270,.T.);
#7652=ORIENTED_EDGE('',*,*,#5247,.T.);
#7653=ORIENTED_EDGE('',*,*,#5268,.T.);
#7654=ORIENTED_EDGE('',*,*,#5265,.T.);
#7655=PLANE('',#8489);
#7656=PLANE('',#8490);
#7657=PLANE('',#8491);
#7658=PLANE('',#8492);
#7659=PLANE('',#8493);
#7660=PLANE('',#8495);
#7661=PLANE('',#8496);
#7662=PLANE('',#8497);
#7663=PLANE('',#8498);
#7664=PLANE('',#8499);
#7665=PLANE('',#8501);
#7666=PLANE('',#8502);
#7667=PLANE('',#8503);
#7668=PLANE('',#8504);
#7669=PLANE('',#8505);
#7670=PLANE('',#8506);
#7671=PLANE('',#8508);
#7672=PLANE('',#8509);
#7673=PLANE('',#8510);
#7674=PLANE('',#8511);
#7675=PLANE('',#8512);
#7676=PLANE('',#8515);
#7677=PLANE('',#8516);
#7678=PLANE('',#8518);
#7679=PLANE('',#8519);
#7680=PLANE('',#8520);
#7681=PLANE('',#8521);
#7682=PLANE('',#8522);
#7683=PLANE('',#8523);
#7684=PLANE('',#8524);
#7685=PLANE('',#8525);
#7686=PLANE('',#8526);
#7687=PLANE('',#8527);
#7688=PLANE('',#8528);
#7689=PLANE('',#8529);
#7690=PLANE('',#8530);
#7691=PLANE('',#8531);
#7692=PLANE('',#8532);
#7693=PLANE('',#8533);
#7694=PLANE('',#8534);
#7695=PLANE('',#8535);
#7696=PLANE('',#8537);
#7697=PLANE('',#8538);
#7698=PLANE('',#8539);
#7699=PLANE('',#8540);
#7700=PLANE('',#8541);
#7701=PLANE('',#8544);
#7702=PLANE('',#8545);
#7703=PLANE('',#8546);
#7704=PLANE('',#8547);
#7705=PLANE('',#8550);
#7706=PLANE('',#8551);
#7707=PLANE('',#8552);
#7708=PLANE('',#8553);
#7709=PLANE('',#8554);
#7710=PLANE('',#8555);
#7711=PLANE('',#8556);
#7712=PLANE('',#8557);
#7713=PLANE('',#8558);
#7714=PLANE('',#8559);
#7715=PLANE('',#8560);
#7716=PLANE('',#8561);
#7717=PLANE('',#8562);
#7718=PLANE('',#8563);
#7719=PLANE('',#8566);
#7720=PLANE('',#8567);
#7721=PLANE('',#8568);
#7722=PLANE('',#8570);
#7723=PLANE('',#8571);
#7724=PLANE('',#8572);
#7725=PLANE('',#8573);
#7726=PLANE('',#8574);
#7727=PLANE('',#8575);
#7728=PLANE('',#8576);
#7729=PLANE('',#8577);
#7730=PLANE('',#8578);
#7731=PLANE('',#8579);
#7732=PLANE('',#8580);
#7733=PLANE('',#8581);
#7734=PLANE('',#8582);
#7735=PLANE('',#8583);
#7736=PLANE('',#8584);
#7737=PLANE('',#8585);
#7738=PLANE('',#8586);
#7739=PLANE('',#8587);
#7740=PLANE('',#8588);
#7741=PLANE('',#8590);
#7742=PLANE('',#8591);
#7743=PLANE('',#8592);
#7744=PLANE('',#8593);
#7745=PLANE('',#8594);
#7746=PLANE('',#8597);
#7747=PLANE('',#8598);
#7748=PLANE('',#8599);
#7749=PLANE('',#8600);
#7750=PLANE('',#8603);
#7751=PLANE('',#8604);
#7752=PLANE('',#8605);
#7753=PLANE('',#8606);
#7754=PLANE('',#8607);
#7755=PLANE('',#8608);
#7756=PLANE('',#8609);
#7757=PLANE('',#8610);
#7758=PLANE('',#8611);
#7759=PLANE('',#8612);
#7760=PLANE('',#8613);
#7761=PLANE('',#8614);
#7762=PLANE('',#8615);
#7763=PLANE('',#8616);
#7764=PLANE('',#8619);
#7765=PLANE('',#8620);
#7766=PLANE('',#8621);
#7767=PLANE('',#8623);
#7768=PLANE('',#8624);
#7769=PLANE('',#8625);
#7770=PLANE('',#8626);
#7771=PLANE('',#8627);
#7772=PLANE('',#8628);
#7773=PLANE('',#8629);
#7774=PLANE('',#8630);
#7775=PLANE('',#8631);
#7776=PLANE('',#8632);
#7777=PLANE('',#8633);
#7778=PLANE('',#8634);
#7779=PLANE('',#8635);
#7780=PLANE('',#8636);
#7781=PLANE('',#8637);
#7782=PLANE('',#8638);
#7783=PLANE('',#8639);
#7784=PLANE('',#8640);
#7785=PLANE('',#8641);
#7786=PLANE('',#8642);
#7787=PLANE('',#8644);
#7788=PLANE('',#8645);
#7789=PLANE('',#8646);
#7790=PLANE('',#8647);
#7791=PLANE('',#8648);
#7792=PLANE('',#8649);
#7793=PLANE('',#8652);
#7794=PLANE('',#8653);
#7795=PLANE('',#8654);
#7796=PLANE('',#8655);
#7797=PLANE('',#8658);
#7798=PLANE('',#8659);
#7799=PLANE('',#8660);
#7800=PLANE('',#8661);
#7801=PLANE('',#8662);
#7802=PLANE('',#8663);
#7803=PLANE('',#8664);
#7804=PLANE('',#8665);
#7805=PLANE('',#8666);
#7806=PLANE('',#8667);
#7807=PLANE('',#8668);
#7808=PLANE('',#8669);
#7809=PLANE('',#8670);
#7810=PLANE('',#8671);
#7811=PLANE('',#8672);
#7812=PLANE('',#8673);
#7813=PLANE('',#8674);
#7814=PLANE('',#8679);
#7815=PLANE('',#8680);
#7816=PLANE('',#8681);
#7817=PLANE('',#8682);
#7818=PLANE('',#8683);
#7819=PLANE('',#8684);
#7820=PLANE('',#8685);
#7821=PLANE('',#8686);
#7822=PLANE('',#8687);
#7823=PLANE('',#8688);
#7824=PLANE('',#8689);
#7825=PLANE('',#8690);
#7826=PLANE('',#8691);
#7827=PLANE('',#8692);
#7828=PLANE('',#8693);
#7829=PLANE('',#8694);
#7830=PLANE('',#8695);
#7831=PLANE('',#8696);
#7832=PLANE('',#8697);
#7833=PLANE('',#8698);
#7834=PLANE('',#8699);
#7835=PLANE('',#8700);
#7836=PLANE('',#8701);
#7837=PLANE('',#8702);
#7838=PLANE('',#8703);
#7839=PLANE('',#8704);
#7840=PLANE('',#8705);
#7841=PLANE('',#8706);
#7842=PLANE('',#8707);
#7843=PLANE('',#8708);
#7844=PLANE('',#8709);
#7845=PLANE('',#8710);
#7846=PLANE('',#8711);
#7847=PLANE('',#8712);
#7848=PLANE('',#8713);
#7849=PLANE('',#8714);
#7850=PLANE('',#8715);
#7851=PLANE('',#8716);
#7852=PLANE('',#8717);
#7853=PLANE('',#8718);
#7854=PLANE('',#8719);
#7855=PLANE('',#8720);
#7856=PLANE('',#8735);
#7857=PLANE('',#8736);
#7858=PLANE('',#8738);
#7859=PLANE('',#8739);
#7860=PLANE('',#8741);
#7861=PLANE('',#8742);
#7862=PLANE('',#8743);
#7863=PLANE('',#8744);
#7864=PLANE('',#8745);
#7865=PLANE('',#8746);
#7866=PLANE('',#8747);
#7867=PLANE('',#8748);
#7868=PLANE('',#8749);
#7869=PLANE('',#8750);
#7870=PLANE('',#8751);
#7871=PLANE('',#8752);
#7872=PLANE('',#8753);
#7873=PLANE('',#8754);
#7874=PLANE('',#8755);
#7875=PLANE('',#8758);
#7876=PLANE('',#8761);
#7877=PLANE('',#8762);
#7878=PLANE('',#8763);
#7879=PLANE('',#8764);
#7880=PLANE('',#8765);
#7881=PLANE('',#8766);
#7882=PLANE('',#8767);
#7883=PLANE('',#8768);
#7884=PLANE('',#8769);
#7885=PLANE('',#8770);
#7886=PLANE('',#8771);
#7887=PLANE('',#8772);
#7888=PLANE('',#8773);
#7889=PLANE('',#8774);
#7890=PLANE('',#8775);
#7891=PLANE('',#8776);
#7892=PLANE('',#8777);
#7893=PLANE('',#8778);
#7894=PLANE('',#8779);
#7895=PLANE('',#8780);
#7896=PLANE('',#8781);
#7897=PLANE('',#8782);
#7898=PLANE('',#8783);
#7899=PLANE('',#8784);
#7900=PLANE('',#8785);
#7901=PLANE('',#8786);
#7902=PLANE('',#8787);
#7903=PLANE('',#8788);
#7904=PLANE('',#8789);
#7905=PLANE('',#8790);
#7906=PLANE('',#8791);
#7907=PLANE('',#8792);
#7908=PLANE('',#8793);
#7909=PLANE('',#8794);
#7910=PLANE('',#8795);
#7911=PLANE('',#8796);
#7912=PLANE('',#8797);
#7913=PLANE('',#8798);
#7914=PLANE('',#8799);
#7915=PLANE('',#8800);
#7916=PLANE('',#8801);
#7917=PLANE('',#8802);
#7918=PLANE('',#8803);
#7919=PLANE('',#8804);
#7920=PLANE('',#8805);
#7921=PLANE('',#8806);
#7922=PLANE('',#8807);
#7923=PLANE('',#8808);
#7924=PLANE('',#8809);
#7925=PLANE('',#8810);
#7926=PLANE('',#8811);
#7927=PLANE('',#8812);
#7928=PLANE('',#8813);
#7929=PLANE('',#8814);
#7930=PLANE('',#8815);
#7931=PLANE('',#8816);
#7932=PLANE('',#8817);
#7933=PLANE('',#8818);
#7934=PLANE('',#8819);
#7935=PLANE('',#8820);
#7936=PLANE('',#8824);
#7937=PLANE('',#8825);
#7938=PLANE('',#8829);
#7939=PLANE('',#8832);
#7940=PLANE('',#8833);
#7941=PLANE('',#8834);
#7942=PLANE('',#8835);
#7943=PLANE('',#8836);
#7944=PLANE('',#8840);
#7945=PLANE('',#8841);
#7946=PLANE('',#8842);
#7947=PLANE('',#8843);
#7948=PLANE('',#8844);
#7949=PLANE('',#8845);
#7950=PLANE('',#8846);
#7951=PLANE('',#8847);
#7952=PLANE('',#8848);
#7953=PLANE('',#8849);
#7954=PLANE('',#8850);
#7955=PLANE('',#8851);
#7956=PLANE('',#8852);
#7957=PLANE('',#8853);
#7958=PLANE('',#8854);
#7959=PLANE('',#8855);
#7960=PLANE('',#8856);
#7961=PLANE('',#8857);
#7962=PLANE('',#8858);
#7963=PLANE('',#8860);
#7964=PLANE('',#8862);
#7965=PLANE('',#8864);
#7966=PLANE('',#8866);
#7967=PLANE('',#8871);
#7968=PLANE('',#8872);
#7969=PLANE('',#8878);
#7970=PLANE('',#8879);
#7971=PLANE('',#8880);
#7972=PLANE('',#8884);
#7973=PLANE('',#8886);
#7974=PLANE('',#8889);
#7975=PLANE('',#8891);
#7976=PLANE('',#8894);
#7977=PLANE('',#8895);
#7978=PLANE('',#8899);
#7979=PLANE('',#8900);
#7980=PLANE('',#8904);
#7981=PLANE('',#8905);
#7982=PLANE('',#8909);
#7983=PLANE('',#8910);
#7984=PLANE('',#8911);
#7985=PLANE('',#8912);
#7986=PLANE('',#8913);
#7987=PLANE('',#8914);
#7988=PLANE('',#8915);
#7989=PLANE('',#8916);
#7990=PLANE('',#8917);
#7991=PLANE('',#8920);
#7992=PLANE('',#8921);
#7993=PLANE('',#8922);
#7994=PLANE('',#8923);
#7995=PLANE('',#8924);
#7996=PLANE('',#8925);
#7997=PLANE('',#8926);
#7998=PLANE('',#8927);
#7999=PLANE('',#8928);
#8000=PLANE('',#8929);
#8001=PLANE('',#8930);
#8002=PLANE('',#8932);
#8003=PLANE('',#8934);
#8004=PLANE('',#8935);
#8005=PLANE('',#8936);
#8006=PLANE('',#8937);
#8007=PLANE('',#8938);
#8008=PLANE('',#8939);
#8009=PLANE('',#8940);
#8010=PLANE('',#8941);
#8011=PLANE('',#8942);
#8012=PLANE('',#8943);
#8013=PLANE('',#8944);
#8014=PLANE('',#8945);
#8015=PLANE('',#8946);
#8016=PLANE('',#8947);
#8017=PLANE('',#8948);
#8018=PLANE('',#8949);
#8019=PLANE('',#8950);
#8020=PLANE('',#8951);
#8021=PLANE('',#8952);
#8022=PLANE('',#8953);
#8023=PLANE('',#8954);
#8024=PLANE('',#8955);
#8025=PLANE('',#8956);
#8026=PLANE('',#8957);
#8027=PLANE('',#8958);
#8028=PLANE('',#8959);
#8029=PLANE('',#8960);
#8030=PLANE('',#8961);
#8031=PLANE('',#8962);
#8032=PLANE('',#8963);
#8033=PLANE('',#8964);
#8034=PLANE('',#8965);
#8035=PLANE('',#8969);
#8036=PLANE('',#8971);
#8037=PLANE('',#8974);
#8038=PLANE('',#8975);
#8039=PLANE('',#8976);
#8040=PLANE('',#8977);
#8041=PLANE('',#8978);
#8042=PLANE('',#8979);
#8043=PLANE('',#8980);
#8044=PLANE('',#8981);
#8045=PLANE('',#8982);
#8046=PLANE('',#8983);
#8047=ADVANCED_FACE('',(#170),#7655,.T.);
#8048=ADVANCED_FACE('',(#171),#7656,.T.);
#8049=ADVANCED_FACE('',(#172),#7657,.T.);
#8050=ADVANCED_FACE('',(#173),#7658,.T.);
#8051=ADVANCED_FACE('',(#174),#7659,.F.);
#8052=ADVANCED_FACE('',(#175),#7660,.T.);
#8053=ADVANCED_FACE('',(#176),#7661,.T.);
#8054=ADVANCED_FACE('',(#177),#7662,.T.);
#8055=ADVANCED_FACE('',(#178),#7663,.T.);
#8056=ADVANCED_FACE('',(#179),#7664,.T.);
#8057=ADVANCED_FACE('',(#180),#7665,.T.);
#8058=ADVANCED_FACE('',(#181),#7666,.T.);
#8059=ADVANCED_FACE('',(#182),#7667,.T.);
#8060=ADVANCED_FACE('',(#183),#7668,.T.);
#8061=ADVANCED_FACE('',(#184),#7669,.T.);
#8062=ADVANCED_FACE('',(#185),#7670,.T.);
#8063=ADVANCED_FACE('',(#186),#7671,.T.);
#8064=ADVANCED_FACE('',(#187),#7672,.T.);
#8065=ADVANCED_FACE('',(#188),#7673,.T.);
#8066=ADVANCED_FACE('',(#189),#7674,.T.);
#8067=ADVANCED_FACE('',(#190),#7675,.F.);
#8068=ADVANCED_FACE('',(#191),#67,.T.);
#8069=ADVANCED_FACE('',(#192),#7676,.T.);
#8070=ADVANCED_FACE('',(#193,#29,#30),#7677,.T.);
#8071=ADVANCED_FACE('',(#194),#7678,.T.);
#8072=ADVANCED_FACE('',(#195),#7679,.T.);
#8073=ADVANCED_FACE('',(#196),#7680,.F.);
#8074=ADVANCED_FACE('',(#197),#7681,.F.);
#8075=ADVANCED_FACE('',(#198),#7682,.F.);
#8076=ADVANCED_FACE('',(#199),#7683,.T.);
#8077=ADVANCED_FACE('',(#200),#7684,.T.);
#8078=ADVANCED_FACE('',(#201),#7685,.T.);
#8079=ADVANCED_FACE('',(#202),#7686,.T.);
#8080=ADVANCED_FACE('',(#203),#7687,.T.);
#8081=ADVANCED_FACE('',(#204),#7688,.T.);
#8082=ADVANCED_FACE('',(#205),#7689,.F.);
#8083=ADVANCED_FACE('',(#206),#7690,.F.);
#8084=ADVANCED_FACE('',(#207),#7691,.F.);
#8085=ADVANCED_FACE('',(#208),#7692,.F.);
#8086=ADVANCED_FACE('',(#209),#7693,.T.);
#8087=ADVANCED_FACE('',(#210),#7694,.F.);
#8088=ADVANCED_FACE('',(#211),#7695,.F.);
#8089=ADVANCED_FACE('',(#212),#7696,.T.);
#8090=ADVANCED_FACE('',(#213),#7697,.T.);
#8091=ADVANCED_FACE('',(#214),#7698,.T.);
#8092=ADVANCED_FACE('',(#215),#7699,.F.);
#8093=ADVANCED_FACE('',(#216),#7700,.F.);
#8094=ADVANCED_FACE('',(#217),#68,.F.);
#8095=ADVANCED_FACE('',(#218),#7701,.T.);
#8096=ADVANCED_FACE('',(#219,#31),#7702,.F.);
#8097=ADVANCED_FACE('',(#220),#7703,.F.);
#8098=ADVANCED_FACE('',(#221),#7704,.T.);
#8099=ADVANCED_FACE('',(#222),#69,.F.);
#8100=ADVANCED_FACE('',(#223),#7705,.T.);
#8101=ADVANCED_FACE('',(#224,#32),#7706,.F.);
#8102=ADVANCED_FACE('',(#225),#7707,.T.);
#8103=ADVANCED_FACE('',(#226),#7708,.T.);
#8104=ADVANCED_FACE('',(#227),#7709,.T.);
#8105=ADVANCED_FACE('',(#228),#7710,.T.);
#8106=ADVANCED_FACE('',(#229),#7711,.T.);
#8107=ADVANCED_FACE('',(#230),#7712,.T.);
#8108=ADVANCED_FACE('',(#231),#7713,.T.);
#8109=ADVANCED_FACE('',(#232),#7714,.T.);
#8110=ADVANCED_FACE('',(#233),#7715,.T.);
#8111=ADVANCED_FACE('',(#234),#7716,.T.);
#8112=ADVANCED_FACE('',(#235),#7717,.T.);
#8113=ADVANCED_FACE('',(#236,#33,#34),#7718,.T.);
#8114=ADVANCED_FACE('',(#237),#7719,.T.);
#8115=ADVANCED_FACE('',(#238),#7720,.T.);
#8116=ADVANCED_FACE('',(#239),#7721,.F.);
#8117=ADVANCED_FACE('',(#240),#70,.T.);
#8118=ADVANCED_FACE('',(#241),#7722,.T.);
#8119=ADVANCED_FACE('',(#242),#7723,.T.);
#8120=ADVANCED_FACE('',(#243),#7724,.T.);
#8121=ADVANCED_FACE('',(#244),#7725,.F.);
#8122=ADVANCED_FACE('',(#245),#7726,.F.);
#8123=ADVANCED_FACE('',(#246),#7727,.F.);
#8124=ADVANCED_FACE('',(#247),#7728,.T.);
#8125=ADVANCED_FACE('',(#248),#7729,.T.);
#8126=ADVANCED_FACE('',(#249),#7730,.T.);
#8127=ADVANCED_FACE('',(#250),#7731,.T.);
#8128=ADVANCED_FACE('',(#251),#7732,.T.);
#8129=ADVANCED_FACE('',(#252),#7733,.T.);
#8130=ADVANCED_FACE('',(#253),#7734,.F.);
#8131=ADVANCED_FACE('',(#254),#7735,.F.);
#8132=ADVANCED_FACE('',(#255),#7736,.F.);
#8133=ADVANCED_FACE('',(#256),#7737,.F.);
#8134=ADVANCED_FACE('',(#257),#7738,.T.);
#8135=ADVANCED_FACE('',(#258),#7739,.F.);
#8136=ADVANCED_FACE('',(#259),#7740,.F.);
#8137=ADVANCED_FACE('',(#260),#7741,.T.);
#8138=ADVANCED_FACE('',(#261),#7742,.T.);
#8139=ADVANCED_FACE('',(#262),#7743,.T.);
#8140=ADVANCED_FACE('',(#263),#7744,.F.);
#8141=ADVANCED_FACE('',(#264),#7745,.F.);
#8142=ADVANCED_FACE('',(#265),#71,.F.);
#8143=ADVANCED_FACE('',(#266),#7746,.T.);
#8144=ADVANCED_FACE('',(#267,#35),#7747,.F.);
#8145=ADVANCED_FACE('',(#268),#7748,.F.);
#8146=ADVANCED_FACE('',(#269),#7749,.T.);
#8147=ADVANCED_FACE('',(#270),#72,.F.);
#8148=ADVANCED_FACE('',(#271),#7750,.T.);
#8149=ADVANCED_FACE('',(#272,#36),#7751,.F.);
#8150=ADVANCED_FACE('',(#273),#7752,.T.);
#8151=ADVANCED_FACE('',(#274),#7753,.T.);
#8152=ADVANCED_FACE('',(#275),#7754,.T.);
#8153=ADVANCED_FACE('',(#276),#7755,.T.);
#8154=ADVANCED_FACE('',(#277),#7756,.T.);
#8155=ADVANCED_FACE('',(#278),#7757,.T.);
#8156=ADVANCED_FACE('',(#279),#7758,.T.);
#8157=ADVANCED_FACE('',(#280),#7759,.T.);
#8158=ADVANCED_FACE('',(#281),#7760,.T.);
#8159=ADVANCED_FACE('',(#282),#7761,.T.);
#8160=ADVANCED_FACE('',(#283),#7762,.T.);
#8161=ADVANCED_FACE('',(#284,#37,#38),#7763,.T.);
#8162=ADVANCED_FACE('',(#285),#7764,.T.);
#8163=ADVANCED_FACE('',(#286),#7765,.T.);
#8164=ADVANCED_FACE('',(#287),#7766,.F.);
#8165=ADVANCED_FACE('',(#288),#73,.T.);
#8166=ADVANCED_FACE('',(#289),#7767,.T.);
#8167=ADVANCED_FACE('',(#290),#7768,.T.);
#8168=ADVANCED_FACE('',(#291),#7769,.T.);
#8169=ADVANCED_FACE('',(#292),#7770,.F.);
#8170=ADVANCED_FACE('',(#293),#7771,.F.);
#8171=ADVANCED_FACE('',(#294),#7772,.F.);
#8172=ADVANCED_FACE('',(#295),#7773,.T.);
#8173=ADVANCED_FACE('',(#296),#7774,.T.);
#8174=ADVANCED_FACE('',(#297),#7775,.T.);
#8175=ADVANCED_FACE('',(#298),#7776,.T.);
#8176=ADVANCED_FACE('',(#299),#7777,.T.);
#8177=ADVANCED_FACE('',(#300),#7778,.T.);
#8178=ADVANCED_FACE('',(#301),#7779,.F.);
#8179=ADVANCED_FACE('',(#302),#7780,.F.);
#8180=ADVANCED_FACE('',(#303),#7781,.F.);
#8181=ADVANCED_FACE('',(#304),#7782,.F.);
#8182=ADVANCED_FACE('',(#305),#7783,.T.);
#8183=ADVANCED_FACE('',(#306),#7784,.F.);
#8184=ADVANCED_FACE('',(#307),#7785,.T.);
#8185=ADVANCED_FACE('',(#308),#7786,.F.);
#8186=ADVANCED_FACE('',(#309),#7787,.T.);
#8187=ADVANCED_FACE('',(#310),#7788,.T.);
#8188=ADVANCED_FACE('',(#311),#7789,.T.);
#8189=ADVANCED_FACE('',(#312),#7790,.T.);
#8190=ADVANCED_FACE('',(#313),#7791,.F.);
#8191=ADVANCED_FACE('',(#314),#7792,.F.);
#8192=ADVANCED_FACE('',(#315),#74,.F.);
#8193=ADVANCED_FACE('',(#316),#7793,.T.);
#8194=ADVANCED_FACE('',(#317,#39),#7794,.F.);
#8195=ADVANCED_FACE('',(#318),#7795,.F.);
#8196=ADVANCED_FACE('',(#319),#7796,.T.);
#8197=ADVANCED_FACE('',(#320),#75,.F.);
#8198=ADVANCED_FACE('',(#321),#7797,.T.);
#8199=ADVANCED_FACE('',(#322,#40),#7798,.F.);
#8200=ADVANCED_FACE('',(#323),#7799,.T.);
#8201=ADVANCED_FACE('',(#324),#7800,.T.);
#8202=ADVANCED_FACE('',(#325),#7801,.T.);
#8203=ADVANCED_FACE('',(#326),#7802,.T.);
#8204=ADVANCED_FACE('',(#327),#7803,.T.);
#8205=ADVANCED_FACE('',(#328),#7804,.T.);
#8206=ADVANCED_FACE('',(#329),#7805,.T.);
#8207=ADVANCED_FACE('',(#330),#7806,.T.);
#8208=ADVANCED_FACE('',(#331),#7807,.T.);
#8209=ADVANCED_FACE('',(#332),#7808,.T.);
#8210=ADVANCED_FACE('',(#333),#7809,.T.);
#8211=ADVANCED_FACE('',(#334),#7810,.T.);
#8212=ADVANCED_FACE('',(#335),#7811,.F.);
#8213=ADVANCED_FACE('',(#336),#7812,.T.);
#8214=ADVANCED_FACE('',(#337,#41,#42,#43,#44),#7813,.T.);
#8215=ADVANCED_FACE('',(#338),#7814,.F.);
#8216=ADVANCED_FACE('',(#339),#7815,.F.);
#8217=ADVANCED_FACE('',(#340),#7816,.F.);
#8218=ADVANCED_FACE('',(#341),#7817,.F.);
#8219=ADVANCED_FACE('',(#342),#7818,.F.);
#8220=ADVANCED_FACE('',(#343),#7819,.T.);
#8221=ADVANCED_FACE('',(#344),#7820,.T.);
#8222=ADVANCED_FACE('',(#345),#7821,.T.);
#8223=ADVANCED_FACE('',(#346),#7822,.T.);
#8224=ADVANCED_FACE('',(#347),#7823,.T.);
#8225=ADVANCED_FACE('',(#348),#7824,.F.);
#8226=ADVANCED_FACE('',(#349),#7825,.F.);
#8227=ADVANCED_FACE('',(#350),#7826,.F.);
#8228=ADVANCED_FACE('',(#351),#7827,.T.);
#8229=ADVANCED_FACE('',(#352),#7828,.T.);
#8230=ADVANCED_FACE('',(#353),#7829,.F.);
#8231=ADVANCED_FACE('',(#354),#7830,.F.);
#8232=ADVANCED_FACE('',(#355),#7831,.T.);
#8233=ADVANCED_FACE('',(#356),#7832,.T.);
#8234=ADVANCED_FACE('',(#357),#7833,.T.);
#8235=ADVANCED_FACE('',(#358),#7834,.T.);
#8236=ADVANCED_FACE('',(#359),#7835,.T.);
#8237=ADVANCED_FACE('',(#360),#7836,.F.);
#8238=ADVANCED_FACE('',(#361),#7837,.T.);
#8239=ADVANCED_FACE('',(#362),#7838,.T.);
#8240=ADVANCED_FACE('',(#363),#7839,.F.);
#8241=ADVANCED_FACE('',(#364),#7840,.F.);
#8242=ADVANCED_FACE('',(#365),#7841,.F.);
#8243=ADVANCED_FACE('',(#366),#7842,.F.);
#8244=ADVANCED_FACE('',(#367),#7843,.F.);
#8245=ADVANCED_FACE('',(#368),#7844,.F.);
#8246=ADVANCED_FACE('',(#369),#7845,.F.);
#8247=ADVANCED_FACE('',(#370),#7846,.F.);
#8248=ADVANCED_FACE('',(#371),#7847,.T.);
#8249=ADVANCED_FACE('',(#372),#7848,.T.);
#8250=ADVANCED_FACE('',(#373),#7849,.T.);
#8251=ADVANCED_FACE('',(#374),#7850,.T.);
#8252=ADVANCED_FACE('',(#375),#7851,.F.);
#8253=ADVANCED_FACE('',(#376),#7852,.F.);
#8254=ADVANCED_FACE('',(#377),#7853,.F.);
#8255=ADVANCED_FACE('',(#378),#7854,.F.);
#8256=ADVANCED_FACE('',(#379),#7855,.T.);
#8257=ADVANCED_FACE('',(#380),#76,.F.);
#8258=ADVANCED_FACE('',(#381),#77,.F.);
#8259=ADVANCED_FACE('',(#382),#78,.F.);
#8260=ADVANCED_FACE('',(#383),#79,.F.);
#8261=ADVANCED_FACE('',(#384),#80,.F.);
#8262=ADVANCED_FACE('',(#385),#81,.F.);
#8263=ADVANCED_FACE('',(#386,#45),#7856,.T.);
#8264=ADVANCED_FACE('',(#387,#46),#7857,.T.);
#8265=ADVANCED_FACE('',(#388,#47),#7858,.T.);
#8266=ADVANCED_FACE('',(#389,#48),#7859,.T.);
#8267=ADVANCED_FACE('',(#390),#7860,.T.);
#8268=ADVANCED_FACE('',(#391),#7861,.T.);
#8269=ADVANCED_FACE('',(#392),#7862,.T.);
#8270=ADVANCED_FACE('',(#393),#7863,.T.);
#8271=ADVANCED_FACE('',(#394),#7864,.F.);
#8272=ADVANCED_FACE('',(#395),#7865,.F.);
#8273=ADVANCED_FACE('',(#396),#7866,.T.);
#8274=ADVANCED_FACE('',(#397),#7867,.T.);
#8275=ADVANCED_FACE('',(#398),#7868,.F.);
#8276=ADVANCED_FACE('',(#399),#7869,.F.);
#8277=ADVANCED_FACE('',(#400),#7870,.F.);
#8278=ADVANCED_FACE('',(#401),#7871,.F.);
#8279=ADVANCED_FACE('',(#402),#7872,.F.);
#8280=ADVANCED_FACE('',(#403),#7873,.F.);
#8281=ADVANCED_FACE('',(#404),#7874,.F.);
#8282=ADVANCED_FACE('',(#405),#82,.F.);
#8283=ADVANCED_FACE('',(#406,#49,#50,#51,#52),#7875,.T.);
#8284=ADVANCED_FACE('',(#407),#83,.F.);
#8285=ADVANCED_FACE('',(#408),#7876,.T.);
#8286=ADVANCED_FACE('',(#409),#7877,.T.);
#8287=ADVANCED_FACE('',(#410),#7878,.T.);
#8288=ADVANCED_FACE('',(#411),#7879,.T.);
#8289=ADVANCED_FACE('',(#412),#7880,.T.);
#8290=ADVANCED_FACE('',(#413),#7881,.T.);
#8291=ADVANCED_FACE('',(#414),#7882,.T.);
#8292=ADVANCED_FACE('',(#415),#7883,.T.);
#8293=ADVANCED_FACE('',(#416),#7884,.T.);
#8294=ADVANCED_FACE('',(#417),#7885,.T.);
#8295=ADVANCED_FACE('',(#418),#7886,.T.);
#8296=ADVANCED_FACE('',(#419),#7887,.T.);
#8297=ADVANCED_FACE('',(#420),#7888,.T.);
#8298=ADVANCED_FACE('',(#421),#7889,.T.);
#8299=ADVANCED_FACE('',(#422),#7890,.T.);
#8300=ADVANCED_FACE('',(#423),#7891,.T.);
#8301=ADVANCED_FACE('',(#424),#7892,.T.);
#8302=ADVANCED_FACE('',(#425),#7893,.F.);
#8303=ADVANCED_FACE('',(#426),#7894,.T.);
#8304=ADVANCED_FACE('',(#427),#7895,.T.);
#8305=ADVANCED_FACE('',(#428),#7896,.T.);
#8306=ADVANCED_FACE('',(#429),#7897,.T.);
#8307=ADVANCED_FACE('',(#430),#7898,.F.);
#8308=ADVANCED_FACE('',(#431),#7899,.F.);
#8309=ADVANCED_FACE('',(#432),#7900,.F.);
#8310=ADVANCED_FACE('',(#433),#7901,.F.);
#8311=ADVANCED_FACE('',(#434),#7902,.T.);
#8312=ADVANCED_FACE('',(#435),#7903,.F.);
#8313=ADVANCED_FACE('',(#436),#7904,.T.);
#8314=ADVANCED_FACE('',(#437),#7905,.T.);
#8315=ADVANCED_FACE('',(#438),#7906,.T.);
#8316=ADVANCED_FACE('',(#439),#7907,.T.);
#8317=ADVANCED_FACE('',(#440),#7908,.T.);
#8318=ADVANCED_FACE('',(#441),#7909,.T.);
#8319=ADVANCED_FACE('',(#442),#7910,.T.);
#8320=ADVANCED_FACE('',(#443),#7911,.T.);
#8321=ADVANCED_FACE('',(#444),#7912,.T.);
#8322=ADVANCED_FACE('',(#445),#7913,.F.);
#8323=ADVANCED_FACE('',(#446),#7914,.F.);
#8324=ADVANCED_FACE('',(#447),#7915,.F.);
#8325=ADVANCED_FACE('',(#448),#7916,.F.);
#8326=ADVANCED_FACE('',(#449),#7917,.T.);
#8327=ADVANCED_FACE('',(#450),#7918,.T.);
#8328=ADVANCED_FACE('',(#451),#7919,.T.);
#8329=ADVANCED_FACE('',(#452),#7920,.T.);
#8330=ADVANCED_FACE('',(#453),#7921,.T.);
#8331=ADVANCED_FACE('',(#454),#7922,.T.);
#8332=ADVANCED_FACE('',(#455),#7923,.T.);
#8333=ADVANCED_FACE('',(#456),#7924,.T.);
#8334=ADVANCED_FACE('',(#457),#7925,.T.);
#8335=ADVANCED_FACE('',(#458),#7926,.T.);
#8336=ADVANCED_FACE('',(#459),#7927,.T.);
#8337=ADVANCED_FACE('',(#460),#7928,.F.);
#8338=ADVANCED_FACE('',(#461),#7929,.F.);
#8339=ADVANCED_FACE('',(#462),#7930,.F.);
#8340=ADVANCED_FACE('',(#463),#7931,.F.);
#8341=ADVANCED_FACE('',(#464),#7932,.F.);
#8342=ADVANCED_FACE('',(#465),#7933,.F.);
#8343=ADVANCED_FACE('',(#466),#7934,.T.);
#8344=ADVANCED_FACE('',(#467),#7935,.T.);
#8345=ADVANCED_FACE('',(#468),#84,.F.);
#8346=ADVANCED_FACE('',(#469),#7936,.T.);
#8347=ADVANCED_FACE('',(#470,#53),#7937,.T.);
#8348=ADVANCED_FACE('',(#471),#85,.T.);
#8349=ADVANCED_FACE('',(#472,#54,#55,#56),#7938,.T.);
#8350=ADVANCED_FACE('',(#473),#7939,.T.);
#8351=ADVANCED_FACE('',(#474),#7940,.T.);
#8352=ADVANCED_FACE('',(#475),#7941,.T.);
#8353=ADVANCED_FACE('',(#476),#7942,.T.);
#8354=ADVANCED_FACE('',(#477),#7943,.T.);
#8355=ADVANCED_FACE('',(#478),#86,.T.);
#8356=ADVANCED_FACE('',(#479),#7944,.F.);
#8357=ADVANCED_FACE('',(#480),#7945,.F.);
#8358=ADVANCED_FACE('',(#481),#7946,.F.);
#8359=ADVANCED_FACE('',(#482),#7947,.F.);
#8360=ADVANCED_FACE('',(#483),#7948,.T.);
#8361=ADVANCED_FACE('',(#484),#7949,.T.);
#8362=ADVANCED_FACE('',(#485),#7950,.T.);
#8363=ADVANCED_FACE('',(#486),#7951,.T.);
#8364=ADVANCED_FACE('',(#487),#7952,.T.);
#8365=ADVANCED_FACE('',(#488),#7953,.T.);
#8366=ADVANCED_FACE('',(#489),#7954,.T.);
#8367=ADVANCED_FACE('',(#490),#7955,.T.);
#8368=ADVANCED_FACE('',(#491),#7956,.T.);
#8369=ADVANCED_FACE('',(#492),#7957,.T.);
#8370=ADVANCED_FACE('',(#493),#7958,.T.);
#8371=ADVANCED_FACE('',(#494),#7959,.T.);
#8372=ADVANCED_FACE('',(#495),#7960,.T.);
#8373=ADVANCED_FACE('',(#496),#7961,.T.);
#8374=ADVANCED_FACE('',(#497),#7962,.T.);
#8375=ADVANCED_FACE('',(#498),#7963,.T.);
#8376=ADVANCED_FACE('',(#499),#7964,.T.);
#8377=ADVANCED_FACE('',(#500),#7965,.T.);
#8378=ADVANCED_FACE('',(#501),#7966,.T.);
#8379=ADVANCED_FACE('',(#502),#87,.F.);
#8380=ADVANCED_FACE('',(#503),#7967,.T.);
#8381=ADVANCED_FACE('',(#504),#7968,.T.);
#8382=ADVANCED_FACE('',(#505),#88,.F.);
#8383=ADVANCED_FACE('',(#506),#7969,.T.);
#8384=ADVANCED_FACE('',(#507),#7970,.T.);
#8385=ADVANCED_FACE('',(#508),#7971,.T.);
#8386=ADVANCED_FACE('',(#509),#89,.F.);
#8387=ADVANCED_FACE('',(#510),#7972,.F.);
#8388=ADVANCED_FACE('',(#511),#7973,.F.);
#8389=ADVANCED_FACE('',(#512),#7974,.F.);
#8390=ADVANCED_FACE('',(#513),#7975,.F.);
#8391=ADVANCED_FACE('',(#514),#90,.F.);
#8392=ADVANCED_FACE('',(#515),#7976,.T.);
#8393=ADVANCED_FACE('',(#516),#7977,.T.);
#8394=ADVANCED_FACE('',(#517),#91,.F.);
#8395=ADVANCED_FACE('',(#518),#7978,.T.);
#8396=ADVANCED_FACE('',(#519),#7979,.T.);
#8397=ADVANCED_FACE('',(#520),#92,.T.);
#8398=ADVANCED_FACE('',(#521),#7980,.T.);
#8399=ADVANCED_FACE('',(#522,#57),#7981,.F.);
#8400=ADVANCED_FACE('',(#523),#93,.F.);
#8401=ADVANCED_FACE('',(#524),#7982,.T.);
#8402=ADVANCED_FACE('',(#525),#7983,.T.);
#8403=ADVANCED_FACE('',(#526,#58,#59,#60),#7984,.T.);
#8404=ADVANCED_FACE('',(#527),#7985,.T.);
#8405=ADVANCED_FACE('',(#528),#7986,.T.);
#8406=ADVANCED_FACE('',(#529),#7987,.F.);
#8407=ADVANCED_FACE('',(#530),#7988,.F.);
#8408=ADVANCED_FACE('',(#531),#7989,.F.);
#8409=ADVANCED_FACE('',(#532),#7990,.T.);
#8410=ADVANCED_FACE('',(#533),#94,.F.);
#8411=ADVANCED_FACE('',(#534),#7991,.T.);
#8412=ADVANCED_FACE('',(#535),#7992,.T.);
#8413=ADVANCED_FACE('',(#536),#7993,.F.);
#8414=ADVANCED_FACE('',(#537),#7994,.T.);
#8415=ADVANCED_FACE('',(#538),#7995,.T.);
#8416=ADVANCED_FACE('',(#539),#7996,.T.);
#8417=ADVANCED_FACE('',(#540),#7997,.T.);
#8418=ADVANCED_FACE('',(#541,#61),#7998,.T.);
#8419=ADVANCED_FACE('',(#542),#7999,.F.);
#8420=ADVANCED_FACE('',(#543),#8000,.T.);
#8421=ADVANCED_FACE('',(#544,#62,#63,#64),#8001,.T.);
#8422=ADVANCED_FACE('',(#545),#8002,.F.);
#8423=ADVANCED_FACE('',(#546),#95,.F.);
#8424=ADVANCED_FACE('',(#547),#8003,.F.);
#8425=ADVANCED_FACE('',(#548),#8004,.F.);
#8426=ADVANCED_FACE('',(#549),#8005,.F.);
#8427=ADVANCED_FACE('',(#550),#8006,.F.);
#8428=ADVANCED_FACE('',(#551),#8007,.F.);
#8429=ADVANCED_FACE('',(#552),#8008,.F.);
#8430=ADVANCED_FACE('',(#553),#8009,.F.);
#8431=ADVANCED_FACE('',(#554),#8010,.F.);
#8432=ADVANCED_FACE('',(#555),#8011,.F.);
#8433=ADVANCED_FACE('',(#556),#8012,.F.);
#8434=ADVANCED_FACE('',(#557),#8013,.F.);
#8435=ADVANCED_FACE('',(#558),#8014,.F.);
#8436=ADVANCED_FACE('',(#559),#8015,.F.);
#8437=ADVANCED_FACE('',(#560),#8016,.F.);
#8438=ADVANCED_FACE('',(#561),#8017,.F.);
#8439=ADVANCED_FACE('',(#562),#8018,.F.);
#8440=ADVANCED_FACE('',(#563),#8019,.F.);
#8441=ADVANCED_FACE('',(#564),#8020,.F.);
#8442=ADVANCED_FACE('',(#565),#8021,.F.);
#8443=ADVANCED_FACE('',(#566),#8022,.F.);
#8444=ADVANCED_FACE('',(#567),#8023,.F.);
#8445=ADVANCED_FACE('',(#568),#8024,.F.);
#8446=ADVANCED_FACE('',(#569),#8025,.F.);
#8447=ADVANCED_FACE('',(#570),#8026,.F.);
#8448=ADVANCED_FACE('',(#571),#8027,.F.);
#8449=ADVANCED_FACE('',(#572),#8028,.T.);
#8450=ADVANCED_FACE('',(#573),#8029,.F.);
#8451=ADVANCED_FACE('',(#574),#8030,.F.);
#8452=ADVANCED_FACE('',(#575),#8031,.F.);
#8453=ADVANCED_FACE('',(#576),#8032,.F.);
#8454=ADVANCED_FACE('',(#577),#8033,.F.);
#8455=ADVANCED_FACE('',(#578),#8034,.F.);
#8456=ADVANCED_FACE('',(#579),#96,.F.);
#8457=ADVANCED_FACE('',(#580,#65),#8035,.T.);
#8458=ADVANCED_FACE('',(#581),#8036,.T.);
#8459=ADVANCED_FACE('',(#582),#97,.F.);
#8460=ADVANCED_FACE('',(#583),#8037,.T.);
#8461=ADVANCED_FACE('',(#584),#8038,.T.);
#8462=ADVANCED_FACE('',(#585),#8039,.T.);
#8463=ADVANCED_FACE('',(#586,#66),#8040,.F.);
#8464=ADVANCED_FACE('',(#587),#8041,.T.);
#8465=ADVANCED_FACE('',(#588),#8042,.T.);
#8466=ADVANCED_FACE('',(#589),#8043,.T.);
#8467=ADVANCED_FACE('',(#590),#8044,.T.);
#8468=ADVANCED_FACE('',(#591),#8045,.T.);
#8469=ADVANCED_FACE('',(#592),#8046,.T.);
#8470=CLOSED_SHELL('',(#8047,#8048,#8049,#8050,#8051,#8052,#8053,#8054,
#8055,#8056,#8057,#8058,#8059,#8060,#8061,#8062,#8063,#8064,#8065,#8066,
#8067,#8068,#8069,#8070,#8071,#8072,#8073,#8074,#8075,#8076,#8077,#8078,
#8079,#8080,#8081,#8082,#8083,#8084,#8085,#8086,#8087,#8088,#8089,#8090,
#8091,#8092,#8093,#8094,#8095,#8096,#8097,#8098,#8099,#8100,#8101,#8102,
#8103,#8104,#8105,#8106,#8107,#8108,#8109,#8110,#8111,#8112,#8113,#8114,
#8115,#8116,#8117,#8118,#8119,#8120,#8121,#8122,#8123,#8124,#8125,#8126,
#8127,#8128,#8129,#8130,#8131,#8132,#8133,#8134,#8135,#8136,#8137,#8138,
#8139,#8140,#8141,#8142,#8143,#8144,#8145,#8146,#8147,#8148,#8149,#8150,
#8151,#8152,#8153,#8154,#8155,#8156,#8157,#8158,#8159,#8160,#8161,#8162,
#8163,#8164,#8165,#8166,#8167,#8168,#8169,#8170,#8171,#8172,#8173,#8174,
#8175,#8176,#8177,#8178,#8179,#8180,#8181,#8182,#8183,#8184,#8185,#8186,
#8187,#8188,#8189,#8190,#8191,#8192,#8193,#8194,#8195,#8196,#8197,#8198,
#8199,#8200,#8201,#8202,#8203,#8204,#8205,#8206,#8207,#8208,#8209,#8210,
#8211));
#8471=CLOSED_SHELL('',(#8212,#8213,#8214,#8215,#8216,#8217,#8218,#8219,
#8220,#8221,#8222,#8223,#8224,#8225,#8226,#8227,#8228,#8229,#8230,#8231,
#8232,#8233,#8234,#8235,#8236,#8237,#8238,#8239,#8240,#8241,#8242,#8243,
#8244,#8245,#8246,#8247,#8248,#8249,#8250,#8251,#8252,#8253,#8254,#8255,
#8256,#8257,#8258,#8259,#8260,#8261,#8262,#8263,#8264,#8265,#8266,#8267,
#8268,#8269,#8270,#8271,#8272,#8273,#8274,#8275,#8276,#8277,#8278,#8279,
#8280,#8281,#8282,#8283,#8284));
#8472=CLOSED_SHELL('',(#8285,#8286,#8287,#8288,#8289,#8290,#8291,#8292,
#8293,#8294,#8295,#8296,#8297,#8298,#8299,#8300,#8301,#8302,#8303,#8304,
#8305,#8306,#8307,#8308,#8309,#8310,#8311,#8312,#8313,#8314,#8315,#8316,
#8317,#8318,#8319,#8320,#8321,#8322,#8323,#8324,#8325,#8326,#8327,#8328,
#8329,#8330,#8331,#8332,#8333,#8334,#8335,#8336,#8337,#8338,#8339,#8340,
#8341,#8342,#8343,#8344,#8345,#8346,#8347));
#8473=CLOSED_SHELL('',(#8348,#8349,#8350,#8351,#8352,#8353,#8354,#8355,
#8356,#8357,#8358,#8359,#8360,#8361,#8362,#8363,#8364,#8365,#8366,#8367,
#8368,#8369,#8370,#8371,#8372,#8373,#8374,#8375,#8376,#8377,#8378,#8379,
#8380,#8381,#8382,#8383,#8384,#8385,#8386,#8387,#8388,#8389,#8390,#8391,
#8392,#8393,#8394,#8395,#8396,#8397,#8398,#8399,#8400,#8401,#8402,#8403,
#8404,#8405,#8406,#8407,#8408,#8409,#8410,#8411,#8412,#8413,#8414,#8415,
#8416,#8417,#8418,#8419,#8420,#8421,#8422,#8423,#8424,#8425,#8426,#8427,
#8428,#8429,#8430,#8431,#8432,#8433,#8434,#8435,#8436,#8437,#8438,#8439,
#8440,#8441,#8442,#8443,#8444,#8445,#8446,#8447,#8448,#8449,#8450,#8451,
#8452,#8453,#8454,#8455));
#8474=CLOSED_SHELL('',(#8456,#8457,#8458,#8459,#8460,#8461,#8462,#8463,
#8464,#8465,#8466,#8467,#8468,#8469));
#8475=DERIVED_UNIT_ELEMENT(#8477,1.);
#8476=DERIVED_UNIT_ELEMENT(#13511,-3.);
#8477=(
MASS_UNIT()
NAMED_UNIT(*)
SI_UNIT(.KILO.,.GRAM.)
);
#8478=DERIVED_UNIT((#8475,#8476));
#8479=MEASURE_REPRESENTATION_ITEM('density measure',
POSITIVE_RATIO_MEASURE(7850.),#8478);
#8480=PROPERTY_DEFINITION_REPRESENTATION(#8485,#8482);
#8481=PROPERTY_DEFINITION_REPRESENTATION(#8486,#8483);
#8482=REPRESENTATION('material name',(#8484),#13508);
#8483=REPRESENTATION('density',(#8479),#13508);
#8484=DESCRIPTIVE_REPRESENTATION_ITEM('Steel','Steel');
#8485=PROPERTY_DEFINITION('material property','material name',#13523);
#8486=PROPERTY_DEFINITION('material property','density of part',#13523);
#8487=AXIS2_PLACEMENT_3D('',#11101,#8985,#8986);
#8488=AXIS2_PLACEMENT_3D('',#11102,#8987,#8988);
#8489=AXIS2_PLACEMENT_3D('',#11103,#8989,#8990);
#8490=AXIS2_PLACEMENT_3D('',#11112,#8995,#8996);
#8491=AXIS2_PLACEMENT_3D('',#11121,#9001,#9002);
#8492=AXIS2_PLACEMENT_3D('',#11134,#9009,#9010);
#8493=AXIS2_PLACEMENT_3D('',#11143,#9015,#9016);
#8494=AXIS2_PLACEMENT_3D('',#11156,#9022,#9023);
#8495=AXIS2_PLACEMENT_3D('',#11166,#9029,#9030);
#8496=AXIS2_PLACEMENT_3D('',#11169,#9033,#9034);
#8497=AXIS2_PLACEMENT_3D('',#11171,#9036,#9037);
#8498=AXIS2_PLACEMENT_3D('',#11177,#9041,#9042);
#8499=AXIS2_PLACEMENT_3D('',#11186,#9047,#9048);
#8500=AXIS2_PLACEMENT_3D('',#11193,#9051,#9052);
#8501=AXIS2_PLACEMENT_3D('',#11197,#9055,#9056);
#8502=AXIS2_PLACEMENT_3D('',#11203,#9060,#9061);
#8503=AXIS2_PLACEMENT_3D('',#11209,#9065,#9066);
#8504=AXIS2_PLACEMENT_3D('',#11233,#9079,#9080);
#8505=AXIS2_PLACEMENT_3D('',#11242,#9085,#9086);
#8506=AXIS2_PLACEMENT_3D('',#11251,#9091,#9092);
#8507=AXIS2_PLACEMENT_3D('',#11253,#9093,#9094);
#8508=AXIS2_PLACEMENT_3D('',#11259,#9098,#9099);
#8509=AXIS2_PLACEMENT_3D('',#11265,#9103,#9104);
#8510=AXIS2_PLACEMENT_3D('',#11289,#9117,#9118);
#8511=AXIS2_PLACEMENT_3D('',#11295,#9122,#9123);
#8512=AXIS2_PLACEMENT_3D('',#11303,#9128,#9129);
#8513=AXIS2_PLACEMENT_3D('',#11319,#9138,#9139);
#8514=AXIS2_PLACEMENT_3D('',#11323,#9141,#9142);
#8515=AXIS2_PLACEMENT_3D('',#11325,#9144,#9145);
#8516=AXIS2_PLACEMENT_3D('',#11327,#9147,#9148);
#8517=AXIS2_PLACEMENT_3D('',#11344,#9158,#9159);
#8518=AXIS2_PLACEMENT_3D('',#11353,#9164,#9165);
#8519=AXIS2_PLACEMENT_3D('',#11364,#9171,#9172);
#8520=AXIS2_PLACEMENT_3D('',#11372,#9177,#9178);
#8521=AXIS2_PLACEMENT_3D('',#11374,#9180,#9181);
#8522=AXIS2_PLACEMENT_3D('',#11386,#9189,#9190);
#8523=AXIS2_PLACEMENT_3D('',#11394,#9195,#9196);
#8524=AXIS2_PLACEMENT_3D('',#11396,#9198,#9199);
#8525=AXIS2_PLACEMENT_3D('',#11406,#9205,#9206);
#8526=AXIS2_PLACEMENT_3D('',#11418,#9213,#9214);
#8527=AXIS2_PLACEMENT_3D('',#11426,#9219,#9220);
#8528=AXIS2_PLACEMENT_3D('',#11432,#9224,#9225);
#8529=AXIS2_PLACEMENT_3D('',#11438,#9229,#9230);
#8530=AXIS2_PLACEMENT_3D('',#11441,#9233,#9234);
#8531=AXIS2_PLACEMENT_3D('',#11442,#9235,#9236);
#8532=AXIS2_PLACEMENT_3D('',#11445,#9239,#9240);
#8533=AXIS2_PLACEMENT_3D('',#11446,#9241,#9242);
#8534=AXIS2_PLACEMENT_3D('',#11448,#9244,#9245);
#8535=AXIS2_PLACEMENT_3D('',#11450,#9247,#9248);
#8536=AXIS2_PLACEMENT_3D('',#11452,#9249,#9250);
#8537=AXIS2_PLACEMENT_3D('',#11453,#9251,#9252);
#8538=AXIS2_PLACEMENT_3D('',#11457,#9255,#9256);
#8539=AXIS2_PLACEMENT_3D('',#11461,#9259,#9260);
#8540=AXIS2_PLACEMENT_3D('',#11463,#9262,#9263);
#8541=AXIS2_PLACEMENT_3D('',#11478,#9272,#9273);
#8542=AXIS2_PLACEMENT_3D('',#11493,#9282,#9283);
#8543=AXIS2_PLACEMENT_3D('',#11495,#9284,#9285);
#8544=AXIS2_PLACEMENT_3D('',#11497,#9287,#9288);
#8545=AXIS2_PLACEMENT_3D('',#11499,#9290,#9291);
#8546=AXIS2_PLACEMENT_3D('',#11501,#9293,#9294);
#8547=AXIS2_PLACEMENT_3D('',#11504,#9297,#9298);
#8548=AXIS2_PLACEMENT_3D('',#11505,#9299,#9300);
#8549=AXIS2_PLACEMENT_3D('',#11507,#9301,#9302);
#8550=AXIS2_PLACEMENT_3D('',#11509,#9304,#9305);
#8551=AXIS2_PLACEMENT_3D('',#11511,#9307,#9308);
#8552=AXIS2_PLACEMENT_3D('',#11513,#9310,#9311);
#8553=AXIS2_PLACEMENT_3D('',#11518,#9315,#9316);
#8554=AXIS2_PLACEMENT_3D('',#11519,#9317,#9318);
#8555=AXIS2_PLACEMENT_3D('',#11524,#9322,#9323);
#8556=AXIS2_PLACEMENT_3D('',#11525,#9324,#9325);
#8557=AXIS2_PLACEMENT_3D('',#11531,#9329,#9330);
#8558=AXIS2_PLACEMENT_3D('',#11533,#9332,#9333);
#8559=AXIS2_PLACEMENT_3D('',#11535,#9335,#9336);
#8560=AXIS2_PLACEMENT_3D('',#11539,#9339,#9340);
#8561=AXIS2_PLACEMENT_3D('',#11543,#9343,#9344);
#8562=AXIS2_PLACEMENT_3D('',#11545,#9346,#9347);
#8563=AXIS2_PLACEMENT_3D('',#11546,#9348,#9349);
#8564=AXIS2_PLACEMENT_3D('',#11558,#9355,#9356);
#8565=AXIS2_PLACEMENT_3D('',#11578,#9367,#9368);
#8566=AXIS2_PLACEMENT_3D('',#11579,#9369,#9370);
#8567=AXIS2_PLACEMENT_3D('',#11581,#9372,#9373);
#8568=AXIS2_PLACEMENT_3D('',#11589,#9378,#9379);
#8569=AXIS2_PLACEMENT_3D('',#11604,#9388,#9389);
#8570=AXIS2_PLACEMENT_3D('',#11607,#9392,#9393);
#8571=AXIS2_PLACEMENT_3D('',#11608,#9394,#9395);
#8572=AXIS2_PLACEMENT_3D('',#11619,#9401,#9402);
#8573=AXIS2_PLACEMENT_3D('',#11627,#9407,#9408);
#8574=AXIS2_PLACEMENT_3D('',#11629,#9410,#9411);
#8575=AXIS2_PLACEMENT_3D('',#11641,#9419,#9420);
#8576=AXIS2_PLACEMENT_3D('',#11649,#9425,#9426);
#8577=AXIS2_PLACEMENT_3D('',#11651,#9428,#9429);
#8578=AXIS2_PLACEMENT_3D('',#11661,#9435,#9436);
#8579=AXIS2_PLACEMENT_3D('',#11673,#9443,#9444);
#8580=AXIS2_PLACEMENT_3D('',#11681,#9449,#9450);
#8581=AXIS2_PLACEMENT_3D('',#11687,#9454,#9455);
#8582=AXIS2_PLACEMENT_3D('',#11693,#9459,#9460);
#8583=AXIS2_PLACEMENT_3D('',#11696,#9463,#9464);
#8584=AXIS2_PLACEMENT_3D('',#11697,#9465,#9466);
#8585=AXIS2_PLACEMENT_3D('',#11700,#9469,#9470);
#8586=AXIS2_PLACEMENT_3D('',#11701,#9471,#9472);
#8587=AXIS2_PLACEMENT_3D('',#11703,#9474,#9475);
#8588=AXIS2_PLACEMENT_3D('',#11705,#9477,#9478);
#8589=AXIS2_PLACEMENT_3D('',#11707,#9479,#9480);
#8590=AXIS2_PLACEMENT_3D('',#11708,#9481,#9482);
#8591=AXIS2_PLACEMENT_3D('',#11712,#9485,#9486);
#8592=AXIS2_PLACEMENT_3D('',#11716,#9489,#9490);
#8593=AXIS2_PLACEMENT_3D('',#11718,#9492,#9493);
#8594=AXIS2_PLACEMENT_3D('',#11733,#9502,#9503);
#8595=AXIS2_PLACEMENT_3D('',#11748,#9512,#9513);
#8596=AXIS2_PLACEMENT_3D('',#11750,#9514,#9515);
#8597=AXIS2_PLACEMENT_3D('',#11752,#9517,#9518);
#8598=AXIS2_PLACEMENT_3D('',#11754,#9520,#9521);
#8599=AXIS2_PLACEMENT_3D('',#11756,#9523,#9524);
#8600=AXIS2_PLACEMENT_3D('',#11759,#9527,#9528);
#8601=AXIS2_PLACEMENT_3D('',#11760,#9529,#9530);
#8602=AXIS2_PLACEMENT_3D('',#11762,#9531,#9532);
#8603=AXIS2_PLACEMENT_3D('',#11764,#9534,#9535);
#8604=AXIS2_PLACEMENT_3D('',#11766,#9537,#9538);
#8605=AXIS2_PLACEMENT_3D('',#11768,#9540,#9541);
#8606=AXIS2_PLACEMENT_3D('',#11773,#9545,#9546);
#8607=AXIS2_PLACEMENT_3D('',#11774,#9547,#9548);
#8608=AXIS2_PLACEMENT_3D('',#11779,#9552,#9553);
#8609=AXIS2_PLACEMENT_3D('',#11780,#9554,#9555);
#8610=AXIS2_PLACEMENT_3D('',#11786,#9559,#9560);
#8611=AXIS2_PLACEMENT_3D('',#11788,#9562,#9563);
#8612=AXIS2_PLACEMENT_3D('',#11790,#9565,#9566);
#8613=AXIS2_PLACEMENT_3D('',#11794,#9569,#9570);
#8614=AXIS2_PLACEMENT_3D('',#11798,#9573,#9574);
#8615=AXIS2_PLACEMENT_3D('',#11800,#9576,#9577);
#8616=AXIS2_PLACEMENT_3D('',#11801,#9578,#9579);
#8617=AXIS2_PLACEMENT_3D('',#11813,#9585,#9586);
#8618=AXIS2_PLACEMENT_3D('',#11836,#9598,#9599);
#8619=AXIS2_PLACEMENT_3D('',#11837,#9600,#9601);
#8620=AXIS2_PLACEMENT_3D('',#11839,#9603,#9604);
#8621=AXIS2_PLACEMENT_3D('',#11845,#9608,#9609);
#8622=AXIS2_PLACEMENT_3D('',#11860,#9618,#9619);
#8623=AXIS2_PLACEMENT_3D('',#11863,#9622,#9623);
#8624=AXIS2_PLACEMENT_3D('',#11864,#9624,#9625);
#8625=AXIS2_PLACEMENT_3D('',#11875,#9631,#9632);
#8626=AXIS2_PLACEMENT_3D('',#11886,#9638,#9639);
#8627=AXIS2_PLACEMENT_3D('',#11888,#9641,#9642);
#8628=AXIS2_PLACEMENT_3D('',#11896,#9648,#9649);
#8629=AXIS2_PLACEMENT_3D('',#11904,#9654,#9655);
#8630=AXIS2_PLACEMENT_3D('',#11906,#9657,#9658);
#8631=AXIS2_PLACEMENT_3D('',#11916,#9664,#9665);
#8632=AXIS2_PLACEMENT_3D('',#11928,#9672,#9673);
#8633=AXIS2_PLACEMENT_3D('',#11936,#9678,#9679);
#8634=AXIS2_PLACEMENT_3D('',#11942,#9683,#9684);
#8635=AXIS2_PLACEMENT_3D('',#11948,#9688,#9689);
#8636=AXIS2_PLACEMENT_3D('',#11951,#9692,#9693);
#8637=AXIS2_PLACEMENT_3D('',#11952,#9694,#9695);
#8638=AXIS2_PLACEMENT_3D('',#11955,#9698,#9699);
#8639=AXIS2_PLACEMENT_3D('',#11956,#9700,#9701);
#8640=AXIS2_PLACEMENT_3D('',#11958,#9703,#9704);
#8641=AXIS2_PLACEMENT_3D('',#11961,#9707,#9708);
#8642=AXIS2_PLACEMENT_3D('',#11967,#9712,#9713);
#8643=AXIS2_PLACEMENT_3D('',#11969,#9714,#9715);
#8644=AXIS2_PLACEMENT_3D('',#11970,#9716,#9717);
#8645=AXIS2_PLACEMENT_3D('',#11974,#9720,#9721);
#8646=AXIS2_PLACEMENT_3D('',#11978,#9724,#9725);
#8647=AXIS2_PLACEMENT_3D('',#11985,#9730,#9731);
#8648=AXIS2_PLACEMENT_3D('',#11986,#9732,#9733);
#8649=AXIS2_PLACEMENT_3D('',#11997,#9740,#9741);
#8650=AXIS2_PLACEMENT_3D('',#12008,#9748,#9749);
#8651=AXIS2_PLACEMENT_3D('',#12010,#9750,#9751);
#8652=AXIS2_PLACEMENT_3D('',#12012,#9753,#9754);
#8653=AXIS2_PLACEMENT_3D('',#12014,#9756,#9757);
#8654=AXIS2_PLACEMENT_3D('',#12015,#9758,#9759);
#8655=AXIS2_PLACEMENT_3D('',#12018,#9762,#9763);
#8656=AXIS2_PLACEMENT_3D('',#12019,#9764,#9765);
#8657=AXIS2_PLACEMENT_3D('',#12021,#9766,#9767);
#8658=AXIS2_PLACEMENT_3D('',#12023,#9769,#9770);
#8659=AXIS2_PLACEMENT_3D('',#12025,#9772,#9773);
#8660=AXIS2_PLACEMENT_3D('',#12026,#9774,#9775);
#8661=AXIS2_PLACEMENT_3D('',#12033,#9780,#9781);
#8662=AXIS2_PLACEMENT_3D('',#12045,#9788,#9789);
#8663=AXIS2_PLACEMENT_3D('',#12046,#9790,#9791);
#8664=AXIS2_PLACEMENT_3D('',#12051,#9795,#9796);
#8665=AXIS2_PLACEMENT_3D('',#12052,#9797,#9798);
#8666=AXIS2_PLACEMENT_3D('',#12058,#9802,#9803);
#8667=AXIS2_PLACEMENT_3D('',#12060,#9805,#9806);
#8668=AXIS2_PLACEMENT_3D('',#12062,#9808,#9809);
#8669=AXIS2_PLACEMENT_3D('',#12066,#9812,#9813);
#8670=AXIS2_PLACEMENT_3D('',#12070,#9816,#9817);
#8671=AXIS2_PLACEMENT_3D('',#12072,#9819,#9820);
#8672=AXIS2_PLACEMENT_3D('',#12073,#9821,#9822);
#8673=AXIS2_PLACEMENT_3D('',#12082,#9827,#9828);
#8674=AXIS2_PLACEMENT_3D('',#12126,#9851,#9852);
#8675=AXIS2_PLACEMENT_3D('',#12136,#9858,#9859);
#8676=AXIS2_PLACEMENT_3D('',#12138,#9860,#9861);
#8677=AXIS2_PLACEMENT_3D('',#12140,#9862,#9863);
#8678=AXIS2_PLACEMENT_3D('',#12142,#9864,#9865);
#8679=AXIS2_PLACEMENT_3D('',#12143,#9866,#9867);
#8680=AXIS2_PLACEMENT_3D('',#12156,#9874,#9875);
#8681=AXIS2_PLACEMENT_3D('',#12162,#9879,#9880);
#8682=AXIS2_PLACEMENT_3D('',#12172,#9886,#9887);
#8683=AXIS2_PLACEMENT_3D('',#12185,#9894,#9895);
#8684=AXIS2_PLACEMENT_3D('',#12198,#9902,#9903);
#8685=AXIS2_PLACEMENT_3D('',#12202,#9906,#9907);
#8686=AXIS2_PLACEMENT_3D('',#12211,#9912,#9913);
#8687=AXIS2_PLACEMENT_3D('',#12213,#9915,#9916);
#8688=AXIS2_PLACEMENT_3D('',#12219,#9920,#9921);
#8689=AXIS2_PLACEMENT_3D('',#12225,#9925,#9926);
#8690=AXIS2_PLACEMENT_3D('',#12235,#9932,#9933);
#8691=AXIS2_PLACEMENT_3D('',#12239,#9936,#9937);
#8692=AXIS2_PLACEMENT_3D('',#12247,#9942,#9943);
#8693=AXIS2_PLACEMENT_3D('',#12261,#9951,#9952);
#8694=AXIS2_PLACEMENT_3D('',#12281,#9963,#9964);
#8695=AXIS2_PLACEMENT_3D('',#12285,#9967,#9968);
#8696=AXIS2_PLACEMENT_3D('',#12289,#9971,#9972);
#8697=AXIS2_PLACEMENT_3D('',#12292,#9975,#9976);
#8698=AXIS2_PLACEMENT_3D('',#12295,#9979,#9980);
#8699=AXIS2_PLACEMENT_3D('',#12298,#9983,#9984);
#8700=AXIS2_PLACEMENT_3D('',#12307,#9989,#9990);
#8701=AXIS2_PLACEMENT_3D('',#12313,#9994,#9995);
#8702=AXIS2_PLACEMENT_3D('',#12317,#9998,#9999);
#8703=AXIS2_PLACEMENT_3D('',#12319,#10001,#10002);
#8704=AXIS2_PLACEMENT_3D('',#12320,#10003,#10004);
#8705=AXIS2_PLACEMENT_3D('',#12326,#10008,#10009);
#8706=AXIS2_PLACEMENT_3D('',#12330,#10012,#10013);
#8707=AXIS2_PLACEMENT_3D('',#12336,#10017,#10018);
#8708=AXIS2_PLACEMENT_3D('',#12342,#10022,#10023);
#8709=AXIS2_PLACEMENT_3D('',#12346,#10026,#10027);
#8710=AXIS2_PLACEMENT_3D('',#12350,#10030,#10031);
#8711=AXIS2_PLACEMENT_3D('',#12354,#10034,#10035);
#8712=AXIS2_PLACEMENT_3D('',#12358,#10038,#10039);
#8713=AXIS2_PLACEMENT_3D('',#12362,#10042,#10043);
#8714=AXIS2_PLACEMENT_3D('',#12368,#10047,#10048);
#8715=AXIS2_PLACEMENT_3D('',#12372,#10051,#10052);
#8716=AXIS2_PLACEMENT_3D('',#12374,#10054,#10055);
#8717=AXIS2_PLACEMENT_3D('',#12378,#10058,#10059);
#8718=AXIS2_PLACEMENT_3D('',#12380,#10061,#10062);
#8719=AXIS2_PLACEMENT_3D('',#12386,#10066,#10067);
#8720=AXIS2_PLACEMENT_3D('',#12388,#10069,#10070);
#8721=AXIS2_PLACEMENT_3D('',#12390,#10072,#10073);
#8722=AXIS2_PLACEMENT_3D('',#12392,#10074,#10075);
#8723=AXIS2_PLACEMENT_3D('',#12394,#10077,#10078);
#8724=AXIS2_PLACEMENT_3D('',#12396,#10079,#10080);
#8725=AXIS2_PLACEMENT_3D('',#12398,#10082,#10083);
#8726=AXIS2_PLACEMENT_3D('',#12400,#10084,#10085);
#8727=AXIS2_PLACEMENT_3D('',#12402,#10087,#10088);
#8728=AXIS2_PLACEMENT_3D('',#12404,#10089,#10090);
#8729=AXIS2_PLACEMENT_3D('',#12407,#10092,#10093);
#8730=AXIS2_PLACEMENT_3D('',#12408,#10094,#10095);
#8731=AXIS2_PLACEMENT_3D('',#12410,#10096,#10097);
#8732=AXIS2_PLACEMENT_3D('',#12413,#10099,#10100);
#8733=AXIS2_PLACEMENT_3D('',#12414,#10101,#10102);
#8734=AXIS2_PLACEMENT_3D('',#12416,#10103,#10104);
#8735=AXIS2_PLACEMENT_3D('',#12418,#10106,#10107);
#8736=AXIS2_PLACEMENT_3D('',#12419,#10108,#10109);
#8737=AXIS2_PLACEMENT_3D('',#12421,#10110,#10111);
#8738=AXIS2_PLACEMENT_3D('',#12422,#10112,#10113);
#8739=AXIS2_PLACEMENT_3D('',#12423,#10114,#10115);
#8740=AXIS2_PLACEMENT_3D('',#12425,#10116,#10117);
#8741=AXIS2_PLACEMENT_3D('',#12426,#10118,#10119);
#8742=AXIS2_PLACEMENT_3D('',#12430,#10122,#10123);
#8743=AXIS2_PLACEMENT_3D('',#12432,#10125,#10126);
#8744=AXIS2_PLACEMENT_3D('',#12434,#10128,#10129);
#8745=AXIS2_PLACEMENT_3D('',#12438,#10132,#10133);
#8746=AXIS2_PLACEMENT_3D('',#12441,#10136,#10137);
#8747=AXIS2_PLACEMENT_3D('',#12446,#10141,#10142);
#8748=AXIS2_PLACEMENT_3D('',#12450,#10145,#10146);
#8749=AXIS2_PLACEMENT_3D('',#12452,#10148,#10149);
#8750=AXIS2_PLACEMENT_3D('',#12457,#10153,#10154);
#8751=AXIS2_PLACEMENT_3D('',#12459,#10156,#10157);
#8752=AXIS2_PLACEMENT_3D('',#12461,#10159,#10160);
#8753=AXIS2_PLACEMENT_3D('',#12463,#10162,#10163);
#8754=AXIS2_PLACEMENT_3D('',#12465,#10165,#10166);
#8755=AXIS2_PLACEMENT_3D('',#12467,#10168,#10169);
#8756=AXIS2_PLACEMENT_3D('',#12468,#10170,#10171);
#8757=AXIS2_PLACEMENT_3D('',#12471,#10173,#10174);
#8758=AXIS2_PLACEMENT_3D('',#12472,#10175,#10176);
#8759=AXIS2_PLACEMENT_3D('',#12474,#10177,#10178);
#8760=AXIS2_PLACEMENT_3D('',#12475,#10179,#10180);
#8761=AXIS2_PLACEMENT_3D('',#12477,#10182,#10183);
#8762=AXIS2_PLACEMENT_3D('',#12534,#10212,#10213);
#8763=AXIS2_PLACEMENT_3D('',#12540,#10217,#10218);
#8764=AXIS2_PLACEMENT_3D('',#12549,#10224,#10225);
#8765=AXIS2_PLACEMENT_3D('',#12553,#10228,#10229);
#8766=AXIS2_PLACEMENT_3D('',#12557,#10232,#10233);
#8767=AXIS2_PLACEMENT_3D('',#12561,#10236,#10237);
#8768=AXIS2_PLACEMENT_3D('',#12565,#10240,#10241);
#8769=AXIS2_PLACEMENT_3D('',#12569,#10244,#10245);
#8770=AXIS2_PLACEMENT_3D('',#12573,#10248,#10249);
#8771=AXIS2_PLACEMENT_3D('',#12577,#10252,#10253);
#8772=AXIS2_PLACEMENT_3D('',#12581,#10256,#10257);
#8773=AXIS2_PLACEMENT_3D('',#12585,#10260,#10261);
#8774=AXIS2_PLACEMENT_3D('',#12587,#10263,#10264);
#8775=AXIS2_PLACEMENT_3D('',#12593,#10268,#10269);
#8776=AXIS2_PLACEMENT_3D('',#12597,#10272,#10273);
#8777=AXIS2_PLACEMENT_3D('',#12603,#10277,#10278);
#8778=AXIS2_PLACEMENT_3D('',#12609,#10282,#10283);
#8779=AXIS2_PLACEMENT_3D('',#12623,#10291,#10292);
#8780=AXIS2_PLACEMENT_3D('',#12629,#10296,#10297);
#8781=AXIS2_PLACEMENT_3D('',#12639,#10303,#10304);
#8782=AXIS2_PLACEMENT_3D('',#12645,#10308,#10309);
#8783=AXIS2_PLACEMENT_3D('',#12651,#10313,#10314);
#8784=AXIS2_PLACEMENT_3D('',#12657,#10318,#10319);
#8785=AXIS2_PLACEMENT_3D('',#12661,#10322,#10323);
#8786=AXIS2_PLACEMENT_3D('',#12665,#10326,#10327);
#8787=AXIS2_PLACEMENT_3D('',#12667,#10329,#10330);
#8788=AXIS2_PLACEMENT_3D('',#12671,#10333,#10334);
#8789=AXIS2_PLACEMENT_3D('',#12680,#10339,#10340);
#8790=AXIS2_PLACEMENT_3D('',#12687,#10345,#10346);
#8791=AXIS2_PLACEMENT_3D('',#12691,#10349,#10350);
#8792=AXIS2_PLACEMENT_3D('',#12695,#10353,#10354);
#8793=AXIS2_PLACEMENT_3D('',#12704,#10359,#10360);
#8794=AXIS2_PLACEMENT_3D('',#12710,#10364,#10365);
#8795=AXIS2_PLACEMENT_3D('',#12719,#10370,#10371);
#8796=AXIS2_PLACEMENT_3D('',#12728,#10376,#10377);
#8797=AXIS2_PLACEMENT_3D('',#12734,#10381,#10382);
#8798=AXIS2_PLACEMENT_3D('',#12740,#10386,#10387);
#8799=AXIS2_PLACEMENT_3D('',#12743,#10390,#10391);
#8800=AXIS2_PLACEMENT_3D('',#12748,#10395,#10396);
#8801=AXIS2_PLACEMENT_3D('',#12756,#10401,#10402);
#8802=AXIS2_PLACEMENT_3D('',#12764,#10407,#10408);
#8803=AXIS2_PLACEMENT_3D('',#12768,#10411,#10412);
#8804=AXIS2_PLACEMENT_3D('',#12772,#10415,#10416);
#8805=AXIS2_PLACEMENT_3D('',#12776,#10419,#10420);
#8806=AXIS2_PLACEMENT_3D('',#12782,#10424,#10425);
#8807=AXIS2_PLACEMENT_3D('',#12786,#10428,#10429);
#8808=AXIS2_PLACEMENT_3D('',#12789,#10432,#10433);
#8809=AXIS2_PLACEMENT_3D('',#12793,#10436,#10437);
#8810=AXIS2_PLACEMENT_3D('',#12795,#10439,#10440);
#8811=AXIS2_PLACEMENT_3D('',#12798,#10443,#10444);
#8812=AXIS2_PLACEMENT_3D('',#12800,#10446,#10447);
#8813=AXIS2_PLACEMENT_3D('',#12802,#10449,#10450);
#8814=AXIS2_PLACEMENT_3D('',#12804,#10452,#10453);
#8815=AXIS2_PLACEMENT_3D('',#12807,#10456,#10457);
#8816=AXIS2_PLACEMENT_3D('',#12808,#10458,#10459);
#8817=AXIS2_PLACEMENT_3D('',#12810,#10461,#10462);
#8818=AXIS2_PLACEMENT_3D('',#12813,#10465,#10466);
#8819=AXIS2_PLACEMENT_3D('',#12814,#10467,#10468);
#8820=AXIS2_PLACEMENT_3D('',#12815,#10469,#10470);
#8821=AXIS2_PLACEMENT_3D('',#12816,#10471,#10472);
#8822=AXIS2_PLACEMENT_3D('',#12818,#10473,#10474);
#8823=AXIS2_PLACEMENT_3D('',#12821,#10476,#10477);
#8824=AXIS2_PLACEMENT_3D('',#12822,#10478,#10479);
#8825=AXIS2_PLACEMENT_3D('',#12823,#10480,#10481);
#8826=AXIS2_PLACEMENT_3D('',#12824,#10482,#10483);
#8827=AXIS2_PLACEMENT_3D('',#12827,#10484,#10485);
#8828=AXIS2_PLACEMENT_3D('',#12831,#10487,#10488);
#8829=AXIS2_PLACEMENT_3D('',#12833,#10490,#10491);
#8830=AXIS2_PLACEMENT_3D('',#12860,#10505,#10506);
#8831=AXIS2_PLACEMENT_3D('',#12862,#10507,#10508);
#8832=AXIS2_PLACEMENT_3D('',#12863,#10509,#10510);
#8833=AXIS2_PLACEMENT_3D('',#12867,#10513,#10514);
#8834=AXIS2_PLACEMENT_3D('',#12876,#10519,#10520);
#8835=AXIS2_PLACEMENT_3D('',#12885,#10525,#10526);
#8836=AXIS2_PLACEMENT_3D('',#12900,#10535,#10536);
#8837=AXIS2_PLACEMENT_3D('',#12914,#10544,#10545);
#8838=AXIS2_PLACEMENT_3D('',#12916,#10546,#10547);
#8839=AXIS2_PLACEMENT_3D('',#12919,#10549,#10550);
#8840=AXIS2_PLACEMENT_3D('',#12920,#10551,#10552);
#8841=AXIS2_PLACEMENT_3D('',#12950,#10568,#10569);
#8842=AXIS2_PLACEMENT_3D('',#12959,#10574,#10575);
#8843=AXIS2_PLACEMENT_3D('',#12962,#10578,#10579);
#8844=AXIS2_PLACEMENT_3D('',#12968,#10583,#10584);
#8845=AXIS2_PLACEMENT_3D('',#12978,#10590,#10591);
#8846=AXIS2_PLACEMENT_3D('',#12984,#10595,#10596);
#8847=AXIS2_PLACEMENT_3D('',#12990,#10600,#10601);
#8848=AXIS2_PLACEMENT_3D('',#12994,#10604,#10605);
#8849=AXIS2_PLACEMENT_3D('',#13000,#10609,#10610);
#8850=AXIS2_PLACEMENT_3D('',#13006,#10614,#10615);
#8851=AXIS2_PLACEMENT_3D('',#13008,#10617,#10618);
#8852=AXIS2_PLACEMENT_3D('',#13013,#10622,#10623);
#8853=AXIS2_PLACEMENT_3D('',#13019,#10627,#10628);
#8854=AXIS2_PLACEMENT_3D('',#13025,#10632,#10633);
#8855=AXIS2_PLACEMENT_3D('',#13029,#10636,#10637);
#8856=AXIS2_PLACEMENT_3D('',#13035,#10641,#10642);
#8857=AXIS2_PLACEMENT_3D('',#13039,#10645,#10646);
#8858=AXIS2_PLACEMENT_3D('',#13041,#10648,#10649);
#8859=AXIS2_PLACEMENT_3D('',#13042,#10650,#10651);
#8860=AXIS2_PLACEMENT_3D('',#13043,#10652,#10653);
#8861=AXIS2_PLACEMENT_3D('',#13044,#10654,#10655);
#8862=AXIS2_PLACEMENT_3D('',#13045,#10656,#10657);
#8863=AXIS2_PLACEMENT_3D('',#13046,#10658,#10659);
#8864=AXIS2_PLACEMENT_3D('',#13047,#10660,#10661);
#8865=AXIS2_PLACEMENT_3D('',#13048,#10662,#10663);
#8866=AXIS2_PLACEMENT_3D('',#13049,#10664,#10665);
#8867=AXIS2_PLACEMENT_3D('',#13050,#10666,#10667);
#8868=AXIS2_PLACEMENT_3D('',#13051,#10668,#10669);
#8869=AXIS2_PLACEMENT_3D('',#13054,#10670,#10671);
#8870=AXIS2_PLACEMENT_3D('',#13058,#10673,#10674);
#8871=AXIS2_PLACEMENT_3D('',#13060,#10676,#10677);
#8872=AXIS2_PLACEMENT_3D('',#13066,#10681,#10682);
#8873=AXIS2_PLACEMENT_3D('',#13072,#10686,#10687);
#8874=AXIS2_PLACEMENT_3D('',#13074,#10688,#10689);
#8875=AXIS2_PLACEMENT_3D('',#13075,#10690,#10691);
#8876=AXIS2_PLACEMENT_3D('',#13076,#10692,#10693);
#8877=AXIS2_PLACEMENT_3D('',#13078,#10694,#10695);
#8878=AXIS2_PLACEMENT_3D('',#13080,#10697,#10698);
#8879=AXIS2_PLACEMENT_3D('',#13086,#10702,#10703);
#8880=AXIS2_PLACEMENT_3D('',#13092,#10707,#10708);
#8881=AXIS2_PLACEMENT_3D('',#13094,#10709,#10710);
#8882=AXIS2_PLACEMENT_3D('',#13095,#10711,#10712);
#8883=AXIS2_PLACEMENT_3D('',#13097,#10713,#10714);
#8884=AXIS2_PLACEMENT_3D('',#13099,#10716,#10717);
#8885=AXIS2_PLACEMENT_3D('',#13100,#10718,#10719);
#8886=AXIS2_PLACEMENT_3D('',#13101,#10720,#10721);
#8887=AXIS2_PLACEMENT_3D('',#13103,#10722,#10723);
#8888=AXIS2_PLACEMENT_3D('',#13108,#10726,#10727);
#8889=AXIS2_PLACEMENT_3D('',#13109,#10728,#10729);
#8890=AXIS2_PLACEMENT_3D('',#13110,#10730,#10731);
#8891=AXIS2_PLACEMENT_3D('',#13111,#10732,#10733);
#8892=AXIS2_PLACEMENT_3D('',#13112,#10734,#10735);
#8893=AXIS2_PLACEMENT_3D('',#13114,#10736,#10737);
#8894=AXIS2_PLACEMENT_3D('',#13116,#10739,#10740);
#8895=AXIS2_PLACEMENT_3D('',#13120,#10743,#10744);
#8896=AXIS2_PLACEMENT_3D('',#13124,#10747,#10748);
#8897=AXIS2_PLACEMENT_3D('',#13126,#10749,#10750);
#8898=AXIS2_PLACEMENT_3D('',#13128,#10751,#10752);
#8899=AXIS2_PLACEMENT_3D('',#13130,#10754,#10755);
#8900=AXIS2_PLACEMENT_3D('',#13136,#10759,#10760);
#8901=AXIS2_PLACEMENT_3D('',#13139,#10763,#10764);
#8902=AXIS2_PLACEMENT_3D('',#13142,#10765,#10766);
#8903=AXIS2_PLACEMENT_3D('',#13146,#10768,#10769);
#8904=AXIS2_PLACEMENT_3D('',#13148,#10771,#10772);
#8905=AXIS2_PLACEMENT_3D('',#13151,#10775,#10776);
#8906=AXIS2_PLACEMENT_3D('',#13154,#10779,#10780);
#8907=AXIS2_PLACEMENT_3D('',#13156,#10781,#10782);
#8908=AXIS2_PLACEMENT_3D('',#13159,#10784,#10785);
#8909=AXIS2_PLACEMENT_3D('',#13160,#10786,#10787);
#8910=AXIS2_PLACEMENT_3D('',#13161,#10788,#10789);
#8911=AXIS2_PLACEMENT_3D('',#13163,#10791,#10792);
#8912=AXIS2_PLACEMENT_3D('',#13165,#10794,#10795);
#8913=AXIS2_PLACEMENT_3D('',#13169,#10798,#10799);
#8914=AXIS2_PLACEMENT_3D('',#13209,#10820,#10821);
#8915=AXIS2_PLACEMENT_3D('',#13218,#10826,#10827);
#8916=AXIS2_PLACEMENT_3D('',#13228,#10833,#10834);
#8917=AXIS2_PLACEMENT_3D('',#13232,#10837,#10838);
#8918=AXIS2_PLACEMENT_3D('',#13236,#10841,#10842);
#8919=AXIS2_PLACEMENT_3D('',#13239,#10844,#10845);
#8920=AXIS2_PLACEMENT_3D('',#13240,#10846,#10847);
#8921=AXIS2_PLACEMENT_3D('',#13246,#10851,#10852);
#8922=AXIS2_PLACEMENT_3D('',#13255,#10857,#10858);
#8923=AXIS2_PLACEMENT_3D('',#13259,#10861,#10862);
#8924=AXIS2_PLACEMENT_3D('',#13262,#10865,#10866);
#8925=AXIS2_PLACEMENT_3D('',#13268,#10870,#10871);
#8926=AXIS2_PLACEMENT_3D('',#13272,#10874,#10875);
#8927=AXIS2_PLACEMENT_3D('',#13276,#10878,#10879);
#8928=AXIS2_PLACEMENT_3D('',#13287,#10886,#10887);
#8929=AXIS2_PLACEMENT_3D('',#13291,#10890,#10891);
#8930=AXIS2_PLACEMENT_3D('',#13295,#10894,#10895);
#8931=AXIS2_PLACEMENT_3D('',#13325,#10911,#10912);
#8932=AXIS2_PLACEMENT_3D('',#13326,#10913,#10914);
#8933=AXIS2_PLACEMENT_3D('',#13328,#10916,#10917);
#8934=AXIS2_PLACEMENT_3D('',#13330,#10919,#10920);
#8935=AXIS2_PLACEMENT_3D('',#13336,#10924,#10925);
#8936=AXIS2_PLACEMENT_3D('',#13340,#10928,#10929);
#8937=AXIS2_PLACEMENT_3D('',#13346,#10933,#10934);
#8938=AXIS2_PLACEMENT_3D('',#13350,#10937,#10938);
#8939=AXIS2_PLACEMENT_3D('',#13354,#10941,#10942);
#8940=AXIS2_PLACEMENT_3D('',#13357,#10945,#10946);
#8941=AXIS2_PLACEMENT_3D('',#13363,#10950,#10951);
#8942=AXIS2_PLACEMENT_3D('',#13367,#10954,#10955);
#8943=AXIS2_PLACEMENT_3D('',#13372,#10959,#10960);
#8944=AXIS2_PLACEMENT_3D('',#13374,#10962,#10963);
#8945=AXIS2_PLACEMENT_3D('',#13380,#10967,#10968);
#8946=AXIS2_PLACEMENT_3D('',#13384,#10971,#10972);
#8947=AXIS2_PLACEMENT_3D('',#13389,#10976,#10977);
#8948=AXIS2_PLACEMENT_3D('',#13391,#10979,#10980);
#8949=AXIS2_PLACEMENT_3D('',#13397,#10984,#10985);
#8950=AXIS2_PLACEMENT_3D('',#13399,#10987,#10988);
#8951=AXIS2_PLACEMENT_3D('',#13403,#10991,#10992);
#8952=AXIS2_PLACEMENT_3D('',#13412,#10998,#10999);
#8953=AXIS2_PLACEMENT_3D('',#13416,#11002,#11003);
#8954=AXIS2_PLACEMENT_3D('',#13418,#11005,#11006);
#8955=AXIS2_PLACEMENT_3D('',#13419,#11007,#11008);
#8956=AXIS2_PLACEMENT_3D('',#13421,#11010,#11011);
#8957=AXIS2_PLACEMENT_3D('',#13423,#11013,#11014);
#8958=AXIS2_PLACEMENT_3D('',#13425,#11016,#11017);
#8959=AXIS2_PLACEMENT_3D('',#13426,#11018,#11019);
#8960=AXIS2_PLACEMENT_3D('',#13430,#11022,#11023);
#8961=AXIS2_PLACEMENT_3D('',#13432,#11025,#11026);
#8962=AXIS2_PLACEMENT_3D('',#13433,#11027,#11028);
#8963=AXIS2_PLACEMENT_3D('',#13434,#11029,#11030);
#8964=AXIS2_PLACEMENT_3D('',#13435,#11031,#11032);
#8965=AXIS2_PLACEMENT_3D('',#13436,#11033,#11034);
#8966=AXIS2_PLACEMENT_3D('',#13437,#11035,#11036);
#8967=AXIS2_PLACEMENT_3D('',#13440,#11037,#11038);
#8968=AXIS2_PLACEMENT_3D('',#13444,#11040,#11041);
#8969=AXIS2_PLACEMENT_3D('',#13446,#11043,#11044);
#8970=AXIS2_PLACEMENT_3D('',#13453,#11048,#11049);
#8971=AXIS2_PLACEMENT_3D('',#13454,#11050,#11051);
#8972=AXIS2_PLACEMENT_3D('',#13463,#11056,#11057);
#8973=AXIS2_PLACEMENT_3D('',#13465,#11058,#11059);
#8974=AXIS2_PLACEMENT_3D('',#13467,#11061,#11062);
#8975=AXIS2_PLACEMENT_3D('',#13472,#11066,#11067);
#8976=AXIS2_PLACEMENT_3D('',#13476,#11070,#11071);
#8977=AXIS2_PLACEMENT_3D('',#13479,#11074,#11075);
#8978=AXIS2_PLACEMENT_3D('',#13480,#11076,#11077);
#8979=AXIS2_PLACEMENT_3D('',#13486,#11081,#11082);
#8980=AXIS2_PLACEMENT_3D('',#13495,#11087,#11088);
#8981=AXIS2_PLACEMENT_3D('',#13498,#11091,#11092);
#8982=AXIS2_PLACEMENT_3D('',#13501,#11095,#11096);
#8983=AXIS2_PLACEMENT_3D('',#13502,#11097,#11098);
#8984=AXIS2_PLACEMENT_3D('',#13503,#11099,#11100);
#8985=DIRECTION('axis',(0.,0.,1.));
#8986=DIRECTION('refdir',(1.,0.,0.));
#8987=DIRECTION('axis',(0.,0.,1.));
#8988=DIRECTION('refdir',(1.,0.,0.));
#8989=DIRECTION('center_axis',(0.,0.,-1.));
#8990=DIRECTION('ref_axis',(-1.,0.,0.));
#8991=DIRECTION('',(-1.,0.,0.));
#8992=DIRECTION('',(0.,1.,0.));
#8993=DIRECTION('',(1.,0.,0.));
#8994=DIRECTION('',(0.,-1.,0.));
#8995=DIRECTION('center_axis',(0.,0.,-1.));
#8996=DIRECTION('ref_axis',(-1.,0.,0.));
#8997=DIRECTION('',(-1.,0.,0.));
#8998=DIRECTION('',(0.,1.,0.));
#8999=DIRECTION('',(1.,0.,0.));
#9000=DIRECTION('',(0.,-1.,0.));
#9001=DIRECTION('center_axis',(0.,0.,-1.));
#9002=DIRECTION('ref_axis',(-1.,0.,0.));
#9003=DIRECTION('',(1.,0.,0.));
#9004=DIRECTION('',(0.,-1.,0.));
#9005=DIRECTION('',(-1.,0.,0.));
#9006=DIRECTION('',(-2.44005053964283E-16,1.,0.));
#9007=DIRECTION('',(-1.,0.,0.));
#9008=DIRECTION('',(0.,1.,0.));
#9009=DIRECTION('center_axis',(0.,0.,-1.));
#9010=DIRECTION('ref_axis',(-1.,0.,0.));
#9011=DIRECTION('',(1.,0.,0.));
#9012=DIRECTION('',(0.,-1.,0.));
#9013=DIRECTION('',(-1.,0.,0.));
#9014=DIRECTION('',(0.,1.,0.));
#9015=DIRECTION('center_axis',(0.,0.,-1.));
#9016=DIRECTION('ref_axis',(1.,0.,0.));
#9017=DIRECTION('',(-1.,0.,0.));
#9018=DIRECTION('',(0.,1.,0.));
#9019=DIRECTION('',(1.,0.,0.));
#9020=DIRECTION('',(0.,1.,0.));
#9021=DIRECTION('',(-1.,0.,0.));
#9022=DIRECTION('center_axis',(0.,0.,1.));
#9023=DIRECTION('ref_axis',(-0.707106781186547,-0.707106781186547,0.));
#9024=DIRECTION('',(0.,-1.,0.));
#9025=DIRECTION('',(1.,0.,0.));
#9026=DIRECTION('',(2.44005053964283E-16,-1.,0.));
#9027=DIRECTION('',(1.,0.,0.));
#9028=DIRECTION('',(0.,1.,0.));
#9029=DIRECTION('center_axis',(-1.,-2.44005053964283E-16,0.));
#9030=DIRECTION('ref_axis',(-2.44005053964283E-16,1.,0.));
#9031=DIRECTION('',(0.,0.,-1.));
#9032=DIRECTION('',(0.,0.,1.));
#9033=DIRECTION('center_axis',(0.,-1.,0.));
#9034=DIRECTION('ref_axis',(-1.,0.,0.));
#9035=DIRECTION('',(0.,0.,-1.));
#9036=DIRECTION('center_axis',(0.,-1.,0.));
#9037=DIRECTION('ref_axis',(0.,0.,-1.));
#9038=DIRECTION('',(0.,0.,-1.));
#9039=DIRECTION('',(1.,0.,0.));
#9040=DIRECTION('',(0.,0.,1.));
#9041=DIRECTION('center_axis',(0.,0.,1.));
#9042=DIRECTION('ref_axis',(-1.,0.,0.));
#9043=DIRECTION('',(0.,1.,0.));
#9044=DIRECTION('',(-1.,0.,0.));
#9045=DIRECTION('',(0.,-1.,0.));
#9046=DIRECTION('',(-1.,0.,0.));
#9047=DIRECTION('center_axis',(0.,0.,1.));
#9048=DIRECTION('ref_axis',(-1.,0.,0.));
#9049=DIRECTION('',(0.,1.,0.));
#9050=DIRECTION('',(-1.,0.,0.));
#9051=DIRECTION('center_axis',(0.,0.,1.));
#9052=DIRECTION('ref_axis',(-0.707106781186547,-0.707106781186547,0.));
#9053=DIRECTION('',(0.,-1.,0.));
#9054=DIRECTION('',(-1.,0.,0.));
#9055=DIRECTION('center_axis',(1.,0.,0.));
#9056=DIRECTION('ref_axis',(0.,0.,1.));
#9057=DIRECTION('',(0.,0.,-1.));
#9058=DIRECTION('',(0.,-1.,0.));
#9059=DIRECTION('',(0.,0.,1.));
#9060=DIRECTION('center_axis',(0.,1.,0.));
#9061=DIRECTION('ref_axis',(0.,0.,1.));
#9062=DIRECTION('',(0.,0.,1.));
#9063=DIRECTION('',(1.,0.,0.));
#9064=DIRECTION('',(0.,0.,-1.));
#9065=DIRECTION('center_axis',(1.,1.88173394004264E-16,0.));
#9066=DIRECTION('ref_axis',(1.88173394004264E-16,-1.,0.));
#9067=DIRECTION('',(1.88173394004264E-16,-1.,0.));
#9068=DIRECTION('',(0.,0.,1.));
#9069=DIRECTION('',(-1.88173394004264E-16,1.,0.));
#9070=DIRECTION('',(0.,0.,-1.));
#9071=DIRECTION('',(1.24289275125926E-23,-0.957826327646487,-0.287347744148522));
#9072=DIRECTION('',(0.,-1.,0.));
#9073=DIRECTION('',(0.,0.,1.));
#9074=DIRECTION('',(0.,1.,0.));
#9075=DIRECTION('',(0.,-0.98058064197139,0.196116303735761));
#9076=DIRECTION('',(0.,0.,1.));
#9077=DIRECTION('',(0.,1.,0.));
#9078=DIRECTION('',(0.,0.,1.));
#9079=DIRECTION('center_axis',(0.,0.,1.));
#9080=DIRECTION('ref_axis',(-1.,0.,0.));
#9081=DIRECTION('',(-1.,0.,0.));
#9082=DIRECTION('',(0.,1.,0.));
#9083=DIRECTION('',(-1.,0.,0.));
#9084=DIRECTION('',(0.,-1.,0.));
#9085=DIRECTION('center_axis',(1.,0.,0.));
#9086=DIRECTION('ref_axis',(0.,0.,1.));
#9087=DIRECTION('',(0.,0.,-1.));
#9088=DIRECTION('',(0.,-1.,0.));
#9089=DIRECTION('',(0.,0.,1.));
#9090=DIRECTION('',(0.,-1.,0.));
#9091=DIRECTION('center_axis',(0.,0.,1.));
#9092=DIRECTION('ref_axis',(-1.,0.,0.));
#9093=DIRECTION('center_axis',(0.,0.,1.));
#9094=DIRECTION('ref_axis',(-0.707106781186547,-0.707106781186547,0.));
#9095=DIRECTION('',(-1.,0.,0.));
#9096=DIRECTION('',(0.,1.,0.));
#9097=DIRECTION('',(-1.,0.,0.));
#9098=DIRECTION('center_axis',(0.,1.,0.));
#9099=DIRECTION('ref_axis',(0.,0.,1.));
#9100=DIRECTION('',(0.,0.,1.));
#9101=DIRECTION('',(1.,0.,0.));
#9102=DIRECTION('',(0.,0.,-1.));
#9103=DIRECTION('center_axis',(1.,1.88173394004264E-16,0.));
#9104=DIRECTION('ref_axis',(1.88173394004264E-16,-1.,0.));
#9105=DIRECTION('',(1.88173394004264E-16,-1.,0.));
#9106=DIRECTION('',(0.,0.,1.));
#9107=DIRECTION('',(-1.88173394004264E-16,1.,0.));
#9108=DIRECTION('',(0.,0.,-1.));
#9109=DIRECTION('',(1.24289275125926E-23,-0.957826327646487,-0.287347744148522));
#9110=DIRECTION('',(0.,-1.,0.));
#9111=DIRECTION('',(0.,0.,1.));
#9112=DIRECTION('',(0.,1.,0.));
#9113=DIRECTION('',(0.,-0.98058064197139,0.196116303735761));
#9114=DIRECTION('',(0.,0.,1.));
#9115=DIRECTION('',(0.,1.,0.));
#9116=DIRECTION('',(0.,0.,1.));
#9117=DIRECTION('center_axis',(0.,1.,0.));
#9118=DIRECTION('ref_axis',(0.,0.,1.));
#9119=DIRECTION('',(0.,0.,-1.));
#9120=DIRECTION('',(1.,0.,0.));
#9121=DIRECTION('',(0.,0.,-1.));
#9122=DIRECTION('center_axis',(0.,0.,1.));
#9123=DIRECTION('ref_axis',(-1.,0.,0.));
#9124=DIRECTION('',(0.,-1.,0.));
#9125=DIRECTION('',(1.,0.,0.));
#9126=DIRECTION('',(0.,-1.,0.));
#9127=DIRECTION('',(-1.,0.,0.));
#9128=DIRECTION('center_axis',(0.,1.,0.));
#9129=DIRECTION('ref_axis',(0.,0.,1.));
#9130=DIRECTION('',(0.,0.,-1.));
#9131=DIRECTION('',(0.,0.,-1.));
#9132=DIRECTION('',(1.,0.,0.));
#9133=DIRECTION('',(0.,0.,-1.));
#9134=DIRECTION('',(-1.,0.,0.));
#9135=DIRECTION('',(0.,0.,-1.));
#9136=DIRECTION('',(1.,0.,0.));
#9137=DIRECTION('',(0.,0.,1.));
#9138=DIRECTION('center_axis',(0.,0.,-1.));
#9139=DIRECTION('ref_axis',(-0.707106781186547,-0.707106781186547,0.));
#9140=DIRECTION('',(0.,0.,1.));
#9141=DIRECTION('center_axis',(0.,0.,-1.));
#9142=DIRECTION('ref_axis',(-0.707106781186547,-0.707106781186547,0.));
#9143=DIRECTION('',(0.,0.,-1.));
#9144=DIRECTION('center_axis',(-1.,0.,0.));
#9145=DIRECTION('ref_axis',(0.,-1.,0.));
#9146=DIRECTION('',(0.,-1.,0.));
#9147=DIRECTION('center_axis',(0.,0.,1.));
#9148=DIRECTION('ref_axis',(1.,0.,0.));
#9149=DIRECTION('',(1.,0.,0.));
#9150=DIRECTION('',(0.,-1.,0.));
#9151=DIRECTION('',(0.999964092712604,0.00847427197214091,0.));
#9152=DIRECTION('',(-1.,0.,0.));
#9153=DIRECTION('',(1.,0.,0.));
#9154=DIRECTION('',(0.,-1.,0.));
#9155=DIRECTION('',(0.,1.,0.));
#9156=DIRECTION('',(-1.,0.,0.));
#9157=DIRECTION('',(0.,-1.,0.));
#9158=DIRECTION('center_axis',(0.,0.,-1.));
#9159=DIRECTION('ref_axis',(1.,0.,0.));
#9160=DIRECTION('',(1.,0.,0.));
#9161=DIRECTION('',(9.40866970021319E-17,1.,0.));
#9162=DIRECTION('',(1.,0.,1.21052351835069E-16));
#9163=DIRECTION('',(0.,-1.,0.));
#9164=DIRECTION('center_axis',(0.,0.,1.));
#9165=DIRECTION('ref_axis',(1.,0.,0.));
#9166=DIRECTION('',(0.,-1.,0.));
#9167=DIRECTION('',(1.,0.,0.));
#9168=DIRECTION('',(0.,1.,0.));
#9169=DIRECTION('',(-1.,0.,0.));
#9170=DIRECTION('',(-0.999964092712604,-0.00847427197214091,0.));
#9171=DIRECTION('center_axis',(0.,0.,1.));
#9172=DIRECTION('ref_axis',(1.,0.,0.));
#9173=DIRECTION('',(0.,-1.,0.));
#9174=DIRECTION('',(1.,0.,0.));
#9175=DIRECTION('',(1.,0.,0.));
#9176=DIRECTION('',(0.999964092712604,0.00847427197214091,0.));
#9177=DIRECTION('center_axis',(0.,1.,0.));
#9178=DIRECTION('ref_axis',(0.,0.,1.));
#9179=DIRECTION('',(0.,0.,1.));
#9180=DIRECTION('center_axis',(1.,0.,0.));
#9181=DIRECTION('ref_axis',(0.,0.,-1.));
#9182=DIRECTION('',(0.,1.,0.));
#9183=DIRECTION('',(0.,0.,-1.));
#9184=DIRECTION('',(0.,0.,1.));
#9185=DIRECTION('',(0.,1.,0.));
#9186=DIRECTION('',(0.,0.,1.));
#9187=DIRECTION('',(0.,0.,1.));
#9188=DIRECTION('',(0.,0.,-1.));
#9189=DIRECTION('center_axis',(0.,0.,1.));
#9190=DIRECTION('ref_axis',(1.,0.,0.));
#9191=DIRECTION('',(-0.999964092712604,-0.00847427197214091,0.));
#9192=DIRECTION('',(-1.,0.,0.));
#9193=DIRECTION('',(0.,-1.,0.));
#9194=DIRECTION('',(1.,0.,0.));
#9195=DIRECTION('center_axis',(0.,-1.,0.));
#9196=DIRECTION('ref_axis',(1.,0.,0.));
#9197=DIRECTION('',(-1.,0.,0.));
#9198=DIRECTION('center_axis',(0.,0.,-1.));
#9199=DIRECTION('ref_axis',(0.,1.,0.));
#9200=DIRECTION('',(0.,-1.,0.));
#9201=DIRECTION('',(1.,0.,0.));
#9202=DIRECTION('',(0.,1.,0.));
#9203=DIRECTION('',(-1.,0.,0.));
#9204=DIRECTION('',(0.,1.,0.));
#9205=DIRECTION('center_axis',(1.,0.,0.));
#9206=DIRECTION('ref_axis',(0.,0.,-1.));
#9207=DIRECTION('',(0.,1.,0.));
#9208=DIRECTION('',(0.,0.,1.));
#9209=DIRECTION('',(0.,1.,0.));
#9210=DIRECTION('',(0.,0.,1.));
#9211=DIRECTION('',(0.,1.,0.));
#9212=DIRECTION('',(0.,0.,1.));
#9213=DIRECTION('center_axis',(0.,0.,1.));
#9214=DIRECTION('ref_axis',(0.,-1.,0.));
#9215=DIRECTION('',(0.,-1.,0.));
#9216=DIRECTION('',(1.,0.,0.));
#9217=DIRECTION('',(0.,-1.,0.));
#9218=DIRECTION('',(1.,0.,0.));
#9219=DIRECTION('center_axis',(-0.148340332916316,0.,-0.988936370870379));
#9220=DIRECTION('ref_axis',(0.988936370870379,0.,-0.148340332916316));
#9221=DIRECTION('',(-0.988936370870379,0.,0.148340332916316));
#9222=DIRECTION('',(0.,-1.,0.));
#9223=DIRECTION('',(0.988936370870379,0.,-0.148340332916316));
#9224=DIRECTION('center_axis',(-0.148340564296949,0.,0.988936336163285));
#9225=DIRECTION('ref_axis',(-0.988936336163285,0.,-0.148340564296949));
#9226=DIRECTION('',(-0.988936336163285,0.,-0.148340564296949));
#9227=DIRECTION('',(-0.988936336163285,0.,-0.148340564296949));
#9228=DIRECTION('',(0.,-1.,0.));
#9229=DIRECTION('center_axis',(-1.,0.,0.));
#9230=DIRECTION('ref_axis',(0.,0.,1.));
#9231=DIRECTION('',(0.,0.,1.));
#9232=DIRECTION('',(0.,0.,-1.));
#9233=DIRECTION('center_axis',(0.,1.,0.));
#9234=DIRECTION('ref_axis',(0.,0.,1.));
#9235=DIRECTION('center_axis',(-1.,0.,0.));
#9236=DIRECTION('ref_axis',(0.,0.,1.));
#9237=DIRECTION('',(0.,0.,1.));
#9238=DIRECTION('',(0.,0.,-1.));
#9239=DIRECTION('center_axis',(0.,1.,0.));
#9240=DIRECTION('ref_axis',(0.,0.,1.));
#9241=DIRECTION('center_axis',(1.,0.,0.));
#9242=DIRECTION('ref_axis',(0.,0.,-1.));
#9243=DIRECTION('',(0.,0.,1.));
#9244=DIRECTION('center_axis',(0.,1.,0.));
#9245=DIRECTION('ref_axis',(0.,0.,1.));
#9246=DIRECTION('',(0.,0.,-1.));
#9247=DIRECTION('center_axis',(0.,0.,1.));
#9248=DIRECTION('ref_axis',(1.,0.,0.));
#9249=DIRECTION('center_axis',(0.,0.,1.));
#9250=DIRECTION('ref_axis',(1.,0.,0.));
#9251=DIRECTION('center_axis',(1.,0.,0.));
#9252=DIRECTION('ref_axis',(0.,0.,-1.));
#9253=DIRECTION('',(0.,0.,1.));
#9254=DIRECTION('',(0.,1.,0.));
#9255=DIRECTION('center_axis',(0.,0.,1.));
#9256=DIRECTION('ref_axis',(1.,0.,0.));
#9257=DIRECTION('',(-1.,0.,0.));
#9258=DIRECTION('',(0.,1.,0.));
#9259=DIRECTION('center_axis',(0.,1.,0.));
#9260=DIRECTION('ref_axis',(0.,0.,1.));
#9261=DIRECTION('',(0.,0.,1.));
#9262=DIRECTION('center_axis',(0.,1.,0.));
#9263=DIRECTION('ref_axis',(-1.,0.,0.));
#9264=DIRECTION('',(0.,0.,1.));
#9265=DIRECTION('',(0.,0.,1.));
#9266=DIRECTION('',(1.,0.,0.));
#9267=DIRECTION('',(0.,0.,-1.));
#9268=DIRECTION('',(1.,0.,0.));
#9269=DIRECTION('',(0.,0.,-1.));
#9270=DIRECTION('',(0.,0.,-1.));
#9271=DIRECTION('',(1.,0.,0.));
#9272=DIRECTION('center_axis',(0.,-1.,0.));
#9273=DIRECTION('ref_axis',(1.,0.,0.));
#9274=DIRECTION('',(0.,0.,1.));
#9275=DIRECTION('',(-1.,0.,0.));
#9276=DIRECTION('',(0.,0.,-1.));
#9277=DIRECTION('',(0.,0.,1.));
#9278=DIRECTION('',(-1.,0.,0.));
#9279=DIRECTION('',(0.,0.,-1.));
#9280=DIRECTION('',(-1.,0.,0.));
#9281=DIRECTION('',(0.,0.,1.));
#9282=DIRECTION('center_axis',(0.,0.,-1.));
#9283=DIRECTION('ref_axis',(1.,0.,0.));
#9284=DIRECTION('center_axis',(0.,0.,1.));
#9285=DIRECTION('ref_axis',(1.,0.,0.));
#9286=DIRECTION('',(0.,0.,1.));
#9287=DIRECTION('center_axis',(-1.,0.,0.));
#9288=DIRECTION('ref_axis',(0.,1.,0.));
#9289=DIRECTION('',(0.,1.,0.));
#9290=DIRECTION('center_axis',(0.,0.,1.));
#9291=DIRECTION('ref_axis',(1.,0.,0.));
#9292=DIRECTION('',(1.88173394004264E-16,-1.,0.));
#9293=DIRECTION('center_axis',(0.,0.,1.));
#9294=DIRECTION('ref_axis',(1.,0.,0.));
#9295=DIRECTION('',(0.,-1.,0.));
#9296=DIRECTION('',(9.40866970021319E-17,1.,0.));
#9297=DIRECTION('center_axis',(1.,-9.40866970021319E-17,0.));
#9298=DIRECTION('ref_axis',(9.40866970021319E-17,1.,0.));
#9299=DIRECTION('center_axis',(0.,0.,-1.));
#9300=DIRECTION('ref_axis',(1.,0.,0.));
#9301=DIRECTION('center_axis',(0.,0.,1.));
#9302=DIRECTION('ref_axis',(1.,0.,0.));
#9303=DIRECTION('',(0.,0.,1.));
#9304=DIRECTION('center_axis',(1.,0.,0.));
#9305=DIRECTION('ref_axis',(0.,-1.,0.));
#9306=DIRECTION('',(0.,-1.,0.));
#9307=DIRECTION('center_axis',(0.,0.,1.));
#9308=DIRECTION('ref_axis',(1.,0.,0.));
#9309=DIRECTION('',(0.,1.,0.));
#9310=DIRECTION('center_axis',(0.,1.,0.));
#9311=DIRECTION('ref_axis',(-1.,0.,0.));
#9312=DIRECTION('',(0.,0.,1.));
#9313=DIRECTION('',(1.44179811404595E-23,0.,-1.));
#9314=DIRECTION('',(-1.,0.,0.));
#9315=DIRECTION('center_axis',(-0.00847427197214091,0.999964092712604,0.));
#9316=DIRECTION('ref_axis',(-0.999964092712604,-0.00847427197214091,0.));
#9317=DIRECTION('center_axis',(0.,1.,0.));
#9318=DIRECTION('ref_axis',(-1.,0.,0.));
#9319=DIRECTION('',(-1.,0.,0.));
#9320=DIRECTION('',(0.,0.,-1.));
#9321=DIRECTION('',(0.,0.,1.));
#9322=DIRECTION('center_axis',(-0.00847427197214091,0.999964092712604,0.));
#9323=DIRECTION('ref_axis',(-0.999964092712604,-0.00847427197214091,0.));
#9324=DIRECTION('center_axis',(-1.,0.,0.));
#9325=DIRECTION('ref_axis',(0.,0.,1.));
#9326=DIRECTION('',(0.,-0.98058064197139,0.196116303735761));
#9327=DIRECTION('',(0.,-1.,0.));
#9328=DIRECTION('',(0.,0.,-1.));
#9329=DIRECTION('center_axis',(0.,-0.196116303735761,-0.98058064197139));
#9330=DIRECTION('ref_axis',(0.,-0.98058064197139,0.196116303735761));
#9331=DIRECTION('',(-1.,0.,0.));
#9332=DIRECTION('center_axis',(0.,0.,-1.));
#9333=DIRECTION('ref_axis',(0.,-1.,0.));
#9334=DIRECTION('',(1.,0.,0.));
#9335=DIRECTION('center_axis',(0.,1.,0.));
#9336=DIRECTION('ref_axis',(-1.,0.,0.));
#9337=DIRECTION('',(-1.,0.,0.));
#9338=DIRECTION('',(0.,0.,-1.));
#9339=DIRECTION('center_axis',(-1.,0.,0.));
#9340=DIRECTION('ref_axis',(0.,0.,1.));
#9341=DIRECTION('',(0.,1.,0.));
#9342=DIRECTION('',(-1.24289275125926E-23,0.957826327646487,0.287347744148522));
#9343=DIRECTION('center_axis',(0.,0.,1.));
#9344=DIRECTION('ref_axis',(0.,1.,0.));
#9345=DIRECTION('',(-1.,0.,0.));
#9346=DIRECTION('center_axis',(0.,-0.287347744148522,0.957826327646487));
#9347=DIRECTION('ref_axis',(-1.24289275125926E-23,0.957826327646487,0.287347744148522));
#9348=DIRECTION('center_axis',(0.,0.,1.));
#9349=DIRECTION('ref_axis',(1.,0.,0.));
#9350=DIRECTION('',(1.,0.,0.));
#9351=DIRECTION('',(0.,1.,0.));
#9352=DIRECTION('',(-1.,0.,0.));
#9353=DIRECTION('',(0.,-1.,0.));
#9354=DIRECTION('',(0.,-1.,0.));
#9355=DIRECTION('center_axis',(0.,0.,-1.));
#9356=DIRECTION('ref_axis',(-0.707106781186547,-0.707106781186547,0.));
#9357=DIRECTION('',(1.,0.,0.));
#9358=DIRECTION('',(0.,-1.,0.));
#9359=DIRECTION('',(0.999964092712604,0.00847427197214091,0.));
#9360=DIRECTION('',(-1.,0.,0.));
#9361=DIRECTION('',(1.,0.,0.));
#9362=DIRECTION('',(0.,-1.,0.));
#9363=DIRECTION('',(1.,0.,0.));
#9364=DIRECTION('',(9.40866970021319E-17,1.,0.));
#9365=DIRECTION('',(1.,0.,1.21052351835069E-16));
#9366=DIRECTION('',(0.,-1.,0.));
#9367=DIRECTION('center_axis',(0.,0.,-1.));
#9368=DIRECTION('ref_axis',(1.,0.,0.));
#9369=DIRECTION('center_axis',(0.,1.,0.));
#9370=DIRECTION('ref_axis',(0.,0.,1.));
#9371=DIRECTION('',(0.,0.,1.));
#9372=DIRECTION('center_axis',(0.,0.,1.));
#9373=DIRECTION('ref_axis',(-1.,0.,0.));
#9374=DIRECTION('',(0.,-1.,0.));
#9375=DIRECTION('',(1.,0.,0.));
#9376=DIRECTION('',(0.,-1.,0.));
#9377=DIRECTION('',(-1.,0.,0.));
#9378=DIRECTION('center_axis',(0.,1.,0.));
#9379=DIRECTION('ref_axis',(0.,0.,1.));
#9380=DIRECTION('',(0.,0.,-1.));
#9381=DIRECTION('',(0.,0.,-1.));
#9382=DIRECTION('',(1.,0.,0.));
#9383=DIRECTION('',(0.,0.,-1.));
#9384=DIRECTION('',(-1.,0.,0.));
#9385=DIRECTION('',(0.,0.,-1.));
#9386=DIRECTION('',(1.,0.,0.));
#9387=DIRECTION('',(0.,0.,1.));
#9388=DIRECTION('center_axis',(0.,0.,-1.));
#9389=DIRECTION('ref_axis',(-0.707106781186547,-0.707106781186547,0.));
#9390=DIRECTION('',(0.,0.,1.));
#9391=DIRECTION('',(0.,0.,-1.));
#9392=DIRECTION('center_axis',(-1.,0.,0.));
#9393=DIRECTION('ref_axis',(0.,-1.,0.));
#9394=DIRECTION('center_axis',(0.,0.,1.));
#9395=DIRECTION('ref_axis',(1.,0.,0.));
#9396=DIRECTION('',(0.,-1.,0.));
#9397=DIRECTION('',(1.,0.,0.));
#9398=DIRECTION('',(0.,1.,0.));
#9399=DIRECTION('',(-1.,0.,0.));
#9400=DIRECTION('',(-0.999964092712604,-0.00847427197214091,0.));
#9401=DIRECTION('center_axis',(0.,0.,1.));
#9402=DIRECTION('ref_axis',(1.,0.,0.));
#9403=DIRECTION('',(0.,-1.,0.));
#9404=DIRECTION('',(1.,0.,0.));
#9405=DIRECTION('',(1.,0.,0.));
#9406=DIRECTION('',(0.999964092712604,0.00847427197214091,0.));
#9407=DIRECTION('center_axis',(0.,1.,0.));
#9408=DIRECTION('ref_axis',(0.,0.,1.));
#9409=DIRECTION('',(0.,0.,1.));
#9410=DIRECTION('center_axis',(1.,0.,0.));
#9411=DIRECTION('ref_axis',(0.,0.,-1.));
#9412=DIRECTION('',(0.,1.,0.));
#9413=DIRECTION('',(0.,0.,-1.));
#9414=DIRECTION('',(0.,0.,1.));
#9415=DIRECTION('',(0.,1.,0.));
#9416=DIRECTION('',(0.,0.,1.));
#9417=DIRECTION('',(0.,0.,1.));
#9418=DIRECTION('',(0.,0.,-1.));
#9419=DIRECTION('center_axis',(0.,0.,1.));
#9420=DIRECTION('ref_axis',(1.,0.,0.));
#9421=DIRECTION('',(-0.999964092712604,-0.00847427197214091,0.));
#9422=DIRECTION('',(-1.,0.,0.));
#9423=DIRECTION('',(0.,-1.,0.));
#9424=DIRECTION('',(1.,0.,0.));
#9425=DIRECTION('center_axis',(0.,-1.,0.));
#9426=DIRECTION('ref_axis',(1.,0.,0.));
#9427=DIRECTION('',(-1.,0.,0.));
#9428=DIRECTION('center_axis',(0.,0.,-1.));
#9429=DIRECTION('ref_axis',(0.,1.,0.));
#9430=DIRECTION('',(0.,-1.,0.));
#9431=DIRECTION('',(1.,0.,0.));
#9432=DIRECTION('',(0.,1.,0.));
#9433=DIRECTION('',(-1.,0.,0.));
#9434=DIRECTION('',(0.,1.,0.));
#9435=DIRECTION('center_axis',(1.,0.,0.));
#9436=DIRECTION('ref_axis',(0.,0.,-1.));
#9437=DIRECTION('',(0.,1.,0.));
#9438=DIRECTION('',(0.,0.,1.));
#9439=DIRECTION('',(0.,1.,0.));
#9440=DIRECTION('',(0.,0.,1.));
#9441=DIRECTION('',(0.,1.,0.));
#9442=DIRECTION('',(0.,0.,1.));
#9443=DIRECTION('center_axis',(0.,0.,1.));
#9444=DIRECTION('ref_axis',(0.,-1.,0.));
#9445=DIRECTION('',(0.,-1.,0.));
#9446=DIRECTION('',(1.,0.,0.));
#9447=DIRECTION('',(0.,-1.,0.));
#9448=DIRECTION('',(1.,0.,0.));
#9449=DIRECTION('center_axis',(-0.148340332916316,0.,-0.988936370870379));
#9450=DIRECTION('ref_axis',(0.988936370870379,0.,-0.148340332916316));
#9451=DIRECTION('',(-0.988936370870379,0.,0.148340332916316));
#9452=DIRECTION('',(0.,-1.,0.));
#9453=DIRECTION('',(0.988936370870379,0.,-0.148340332916316));
#9454=DIRECTION('center_axis',(-0.148340564296949,0.,0.988936336163285));
#9455=DIRECTION('ref_axis',(-0.988936336163285,0.,-0.148340564296949));
#9456=DIRECTION('',(-0.988936336163285,0.,-0.148340564296949));
#9457=DIRECTION('',(-0.988936336163285,0.,-0.148340564296949));
#9458=DIRECTION('',(0.,-1.,0.));
#9459=DIRECTION('center_axis',(-1.,0.,0.));
#9460=DIRECTION('ref_axis',(0.,0.,1.));
#9461=DIRECTION('',(0.,0.,1.));
#9462=DIRECTION('',(0.,0.,-1.));
#9463=DIRECTION('center_axis',(0.,1.,0.));
#9464=DIRECTION('ref_axis',(0.,0.,1.));
#9465=DIRECTION('center_axis',(-1.,0.,0.));
#9466=DIRECTION('ref_axis',(0.,0.,1.));
#9467=DIRECTION('',(0.,0.,1.));
#9468=DIRECTION('',(0.,0.,-1.));
#9469=DIRECTION('center_axis',(0.,1.,0.));
#9470=DIRECTION('ref_axis',(0.,0.,1.));
#9471=DIRECTION('center_axis',(1.,0.,0.));
#9472=DIRECTION('ref_axis',(0.,0.,-1.));
#9473=DIRECTION('',(0.,0.,1.));
#9474=DIRECTION('center_axis',(0.,1.,0.));
#9475=DIRECTION('ref_axis',(0.,0.,1.));
#9476=DIRECTION('',(0.,0.,-1.));
#9477=DIRECTION('center_axis',(0.,0.,1.));
#9478=DIRECTION('ref_axis',(1.,0.,0.));
#9479=DIRECTION('center_axis',(0.,0.,1.));
#9480=DIRECTION('ref_axis',(1.,0.,0.));
#9481=DIRECTION('center_axis',(1.,0.,0.));
#9482=DIRECTION('ref_axis',(0.,0.,-1.));
#9483=DIRECTION('',(0.,0.,1.));
#9484=DIRECTION('',(0.,1.,0.));
#9485=DIRECTION('center_axis',(0.,0.,1.));
#9486=DIRECTION('ref_axis',(1.,0.,0.));
#9487=DIRECTION('',(-1.,0.,0.));
#9488=DIRECTION('',(0.,1.,0.));
#9489=DIRECTION('center_axis',(0.,1.,0.));
#9490=DIRECTION('ref_axis',(0.,0.,1.));
#9491=DIRECTION('',(0.,0.,1.));
#9492=DIRECTION('center_axis',(0.,1.,0.));
#9493=DIRECTION('ref_axis',(-1.,0.,0.));
#9494=DIRECTION('',(0.,0.,1.));
#9495=DIRECTION('',(0.,0.,1.));
#9496=DIRECTION('',(1.,0.,0.));
#9497=DIRECTION('',(0.,0.,-1.));
#9498=DIRECTION('',(1.,0.,0.));
#9499=DIRECTION('',(0.,0.,-1.));
#9500=DIRECTION('',(0.,0.,-1.));
#9501=DIRECTION('',(1.,0.,0.));
#9502=DIRECTION('center_axis',(0.,-1.,0.));
#9503=DIRECTION('ref_axis',(1.,0.,0.));
#9504=DIRECTION('',(0.,0.,1.));
#9505=DIRECTION('',(-1.,0.,0.));
#9506=DIRECTION('',(0.,0.,-1.));
#9507=DIRECTION('',(0.,0.,1.));
#9508=DIRECTION('',(-1.,0.,0.));
#9509=DIRECTION('',(0.,0.,-1.));
#9510=DIRECTION('',(-1.,0.,0.));
#9511=DIRECTION('',(0.,0.,1.));
#9512=DIRECTION('center_axis',(0.,0.,-1.));
#9513=DIRECTION('ref_axis',(1.,0.,0.));
#9514=DIRECTION('center_axis',(0.,0.,1.));
#9515=DIRECTION('ref_axis',(1.,0.,0.));
#9516=DIRECTION('',(0.,0.,1.));
#9517=DIRECTION('center_axis',(-1.,0.,0.));
#9518=DIRECTION('ref_axis',(0.,1.,0.));
#9519=DIRECTION('',(0.,1.,0.));
#9520=DIRECTION('center_axis',(0.,0.,1.));
#9521=DIRECTION('ref_axis',(1.,0.,0.));
#9522=DIRECTION('',(1.88173394004264E-16,-1.,0.));
#9523=DIRECTION('center_axis',(0.,0.,1.));
#9524=DIRECTION('ref_axis',(1.,0.,0.));
#9525=DIRECTION('',(0.,-1.,0.));
#9526=DIRECTION('',(9.40866970021319E-17,1.,0.));
#9527=DIRECTION('center_axis',(1.,-9.40866970021319E-17,0.));
#9528=DIRECTION('ref_axis',(9.40866970021319E-17,1.,0.));
#9529=DIRECTION('center_axis',(0.,0.,-1.));
#9530=DIRECTION('ref_axis',(1.,0.,0.));
#9531=DIRECTION('center_axis',(0.,0.,1.));
#9532=DIRECTION('ref_axis',(1.,0.,0.));
#9533=DIRECTION('',(0.,0.,1.));
#9534=DIRECTION('center_axis',(1.,0.,0.));
#9535=DIRECTION('ref_axis',(0.,-1.,0.));
#9536=DIRECTION('',(0.,-1.,0.));
#9537=DIRECTION('center_axis',(0.,0.,1.));
#9538=DIRECTION('ref_axis',(1.,0.,0.));
#9539=DIRECTION('',(0.,1.,0.));
#9540=DIRECTION('center_axis',(0.,1.,0.));
#9541=DIRECTION('ref_axis',(-1.,0.,0.));
#9542=DIRECTION('',(0.,0.,1.));
#9543=DIRECTION('',(1.44179811404595E-23,0.,-1.));
#9544=DIRECTION('',(-1.,0.,0.));
#9545=DIRECTION('center_axis',(-0.00847427197214091,0.999964092712604,0.));
#9546=DIRECTION('ref_axis',(-0.999964092712604,-0.00847427197214091,0.));
#9547=DIRECTION('center_axis',(0.,1.,0.));
#9548=DIRECTION('ref_axis',(-1.,0.,0.));
#9549=DIRECTION('',(-1.,0.,0.));
#9550=DIRECTION('',(0.,0.,-1.));
#9551=DIRECTION('',(0.,0.,1.));
#9552=DIRECTION('center_axis',(-0.00847427197214091,0.999964092712604,0.));
#9553=DIRECTION('ref_axis',(-0.999964092712604,-0.00847427197214091,0.));
#9554=DIRECTION('center_axis',(-1.,0.,0.));
#9555=DIRECTION('ref_axis',(0.,0.,1.));
#9556=DIRECTION('',(0.,-0.98058064197139,0.196116303735761));
#9557=DIRECTION('',(0.,-1.,0.));
#9558=DIRECTION('',(0.,0.,-1.));
#9559=DIRECTION('center_axis',(0.,-0.196116303735761,-0.98058064197139));
#9560=DIRECTION('ref_axis',(0.,-0.98058064197139,0.196116303735761));
#9561=DIRECTION('',(-1.,0.,0.));
#9562=DIRECTION('center_axis',(0.,0.,-1.));
#9563=DIRECTION('ref_axis',(0.,-1.,0.));
#9564=DIRECTION('',(1.,0.,0.));
#9565=DIRECTION('center_axis',(0.,1.,0.));
#9566=DIRECTION('ref_axis',(-1.,0.,0.));
#9567=DIRECTION('',(-1.,0.,0.));
#9568=DIRECTION('',(0.,0.,-1.));
#9569=DIRECTION('center_axis',(-1.,0.,0.));
#9570=DIRECTION('ref_axis',(0.,0.,1.));
#9571=DIRECTION('',(0.,1.,0.));
#9572=DIRECTION('',(-1.24289275125926E-23,0.957826327646487,0.287347744148522));
#9573=DIRECTION('center_axis',(0.,0.,1.));
#9574=DIRECTION('ref_axis',(0.,1.,0.));
#9575=DIRECTION('',(-1.,0.,0.));
#9576=DIRECTION('center_axis',(0.,-0.287347744148522,0.957826327646487));
#9577=DIRECTION('ref_axis',(-1.24289275125926E-23,0.957826327646487,0.287347744148522));
#9578=DIRECTION('center_axis',(0.,0.,1.));
#9579=DIRECTION('ref_axis',(1.,0.,0.));
#9580=DIRECTION('',(1.,0.,0.));
#9581=DIRECTION('',(0.,1.,0.));
#9582=DIRECTION('',(-1.,0.,0.));
#9583=DIRECTION('',(0.,-1.,0.));
#9584=DIRECTION('',(0.,-1.,0.));
#9585=DIRECTION('center_axis',(0.,0.,-1.));
#9586=DIRECTION('ref_axis',(-0.707106781186547,-0.707106781186547,0.));
#9587=DIRECTION('',(1.,0.,0.));
#9588=DIRECTION('',(0.,-1.,0.));
#9589=DIRECTION('',(0.999964092712604,0.00847427197214091,0.));
#9590=DIRECTION('',(-1.,0.,0.));
#9591=DIRECTION('',(-1.88173394004264E-16,1.,0.));
#9592=DIRECTION('',(1.,0.,0.));
#9593=DIRECTION('',(0.,-1.,0.));
#9594=DIRECTION('',(1.,0.,0.));
#9595=DIRECTION('',(9.40866970021319E-17,1.,0.));
#9596=DIRECTION('',(1.,0.,1.21052351835069E-16));
#9597=DIRECTION('',(0.,-1.,0.));
#9598=DIRECTION('center_axis',(0.,0.,-1.));
#9599=DIRECTION('ref_axis',(1.,0.,0.));
#9600=DIRECTION('center_axis',(0.,1.,0.));
#9601=DIRECTION('ref_axis',(0.,0.,1.));
#9602=DIRECTION('',(0.,0.,1.));
#9603=DIRECTION('center_axis',(0.,0.,1.));
#9604=DIRECTION('ref_axis',(-1.,0.,0.));
#9605=DIRECTION('',(0.,-1.,0.));
#9606=DIRECTION('',(1.,0.,0.));
#9607=DIRECTION('',(0.,-1.,0.));
#9608=DIRECTION('center_axis',(0.,1.,0.));
#9609=DIRECTION('ref_axis',(0.,0.,1.));
#9610=DIRECTION('',(0.,0.,-1.));
#9611=DIRECTION('',(0.,0.,-1.));
#9612=DIRECTION('',(1.,0.,0.));
#9613=DIRECTION('',(0.,0.,-1.));
#9614=DIRECTION('',(-1.,0.,0.));
#9615=DIRECTION('',(0.,0.,-1.));
#9616=DIRECTION('',(1.,0.,0.));
#9617=DIRECTION('',(0.,0.,1.));
#9618=DIRECTION('center_axis',(0.,0.,-1.));
#9619=DIRECTION('ref_axis',(-0.707106781186547,-0.707106781186547,0.));
#9620=DIRECTION('',(0.,0.,1.));
#9621=DIRECTION('',(0.,0.,-1.));
#9622=DIRECTION('center_axis',(-1.,0.,0.));
#9623=DIRECTION('ref_axis',(0.,-1.,0.));
#9624=DIRECTION('center_axis',(0.,0.,1.));
#9625=DIRECTION('ref_axis',(1.,0.,0.));
#9626=DIRECTION('',(0.,-1.,0.));
#9627=DIRECTION('',(1.,0.,0.));
#9628=DIRECTION('',(0.,1.,0.));
#9629=DIRECTION('',(-1.,0.,0.));
#9630=DIRECTION('',(-0.999964092712604,-0.00847427197214091,0.));
#9631=DIRECTION('center_axis',(0.,0.,1.));
#9632=DIRECTION('ref_axis',(1.,0.,0.));
#9633=DIRECTION('',(0.,-1.,0.));
#9634=DIRECTION('',(1.,0.,0.));
#9635=DIRECTION('',(0.,1.,0.));
#9636=DIRECTION('',(1.,0.,0.));
#9637=DIRECTION('',(0.999964092712604,0.00847427197214091,0.));
#9638=DIRECTION('center_axis',(0.,1.,0.));
#9639=DIRECTION('ref_axis',(0.,0.,1.));
#9640=DIRECTION('',(0.,0.,1.));
#9641=DIRECTION('center_axis',(1.,0.,0.));
#9642=DIRECTION('ref_axis',(0.,0.,-1.));
#9643=DIRECTION('',(0.,1.,0.));
#9644=DIRECTION('',(0.,0.,1.));
#9645=DIRECTION('',(0.,0.,1.));
#9646=DIRECTION('',(0.,0.,-1.));
#9647=DIRECTION('',(0.,0.,1.));
#9648=DIRECTION('center_axis',(0.,0.,1.));
#9649=DIRECTION('ref_axis',(1.,0.,0.));
#9650=DIRECTION('',(-0.999964092712604,-0.00847427197214091,0.));
#9651=DIRECTION('',(-1.,0.,0.));
#9652=DIRECTION('',(0.,-1.,0.));
#9653=DIRECTION('',(1.,0.,0.));
#9654=DIRECTION('center_axis',(0.,-1.,0.));
#9655=DIRECTION('ref_axis',(1.,0.,0.));
#9656=DIRECTION('',(0.,0.,1.));
#9657=DIRECTION('center_axis',(0.,0.,-1.));
#9658=DIRECTION('ref_axis',(0.,1.,0.));
#9659=DIRECTION('',(0.,-1.,0.));
#9660=DIRECTION('',(1.,0.,0.));
#9661=DIRECTION('',(0.,1.,0.));
#9662=DIRECTION('',(-1.,0.,0.));
#9663=DIRECTION('',(0.,1.,0.));
#9664=DIRECTION('center_axis',(1.,0.,0.));
#9665=DIRECTION('ref_axis',(0.,0.,-1.));
#9666=DIRECTION('',(0.,1.,0.));
#9667=DIRECTION('',(0.,0.,1.));
#9668=DIRECTION('',(0.,1.,0.));
#9669=DIRECTION('',(0.,0.,1.));
#9670=DIRECTION('',(0.,1.,0.));
#9671=DIRECTION('',(0.,0.,1.));
#9672=DIRECTION('center_axis',(0.,0.,1.));
#9673=DIRECTION('ref_axis',(0.,-1.,0.));
#9674=DIRECTION('',(0.,-1.,0.));
#9675=DIRECTION('',(1.,0.,0.));
#9676=DIRECTION('',(0.,-1.,0.));
#9677=DIRECTION('',(1.,0.,0.));
#9678=DIRECTION('center_axis',(-0.148340332916316,0.,-0.988936370870379));
#9679=DIRECTION('ref_axis',(0.988936370870379,0.,-0.148340332916316));
#9680=DIRECTION('',(-0.988936370870379,0.,0.148340332916316));
#9681=DIRECTION('',(0.,-1.,0.));
#9682=DIRECTION('',(0.988936370870379,0.,-0.148340332916316));
#9683=DIRECTION('center_axis',(-0.148340564296949,0.,0.988936336163285));
#9684=DIRECTION('ref_axis',(-0.988936336163285,0.,-0.148340564296949));
#9685=DIRECTION('',(-0.988936336163285,0.,-0.148340564296949));
#9686=DIRECTION('',(-0.988936336163285,0.,-0.148340564296949));
#9687=DIRECTION('',(0.,-1.,0.));
#9688=DIRECTION('center_axis',(-1.,0.,0.));
#9689=DIRECTION('ref_axis',(0.,0.,1.));
#9690=DIRECTION('',(0.,0.,1.));
#9691=DIRECTION('',(0.,0.,-1.));
#9692=DIRECTION('center_axis',(0.,1.,0.));
#9693=DIRECTION('ref_axis',(0.,0.,1.));
#9694=DIRECTION('center_axis',(-1.,0.,0.));
#9695=DIRECTION('ref_axis',(0.,0.,1.));
#9696=DIRECTION('',(0.,0.,1.));
#9697=DIRECTION('',(0.,0.,-1.));
#9698=DIRECTION('center_axis',(0.,1.,0.));
#9699=DIRECTION('ref_axis',(0.,0.,1.));
#9700=DIRECTION('center_axis',(1.,0.,0.));
#9701=DIRECTION('ref_axis',(0.,0.,-1.));
#9702=DIRECTION('',(0.,0.,1.));
#9703=DIRECTION('center_axis',(0.,1.,0.));
#9704=DIRECTION('ref_axis',(0.,0.,1.));
#9705=DIRECTION('',(0.,0.,1.));
#9706=DIRECTION('',(0.,0.,-1.));
#9707=DIRECTION('center_axis',(1.,1.88173394004264E-16,0.));
#9708=DIRECTION('ref_axis',(1.88173394004264E-16,-1.,0.));
#9709=DIRECTION('',(0.,0.,-1.));
#9710=DIRECTION('',(1.88173394004264E-16,-1.,0.));
#9711=DIRECTION('',(0.,0.,-1.));
#9712=DIRECTION('center_axis',(0.,0.,1.));
#9713=DIRECTION('ref_axis',(1.,0.,0.));
#9714=DIRECTION('center_axis',(0.,0.,1.));
#9715=DIRECTION('ref_axis',(1.,0.,0.));
#9716=DIRECTION('center_axis',(1.,0.,0.));
#9717=DIRECTION('ref_axis',(0.,0.,-1.));
#9718=DIRECTION('',(0.,0.,1.));
#9719=DIRECTION('',(0.,1.,0.));
#9720=DIRECTION('center_axis',(0.,0.,1.));
#9721=DIRECTION('ref_axis',(1.,0.,0.));
#9722=DIRECTION('',(-1.,0.,0.));
#9723=DIRECTION('',(0.,1.,0.));
#9724=DIRECTION('center_axis',(-1.,0.,0.));
#9725=DIRECTION('ref_axis',(0.,1.,0.));
#9726=DIRECTION('',(0.,0.,1.));
#9727=DIRECTION('',(0.,0.,-1.));
#9728=DIRECTION('',(0.,1.,0.));
#9729=DIRECTION('',(0.,0.,1.));
#9730=DIRECTION('center_axis',(0.,1.,0.));
#9731=DIRECTION('ref_axis',(0.,0.,1.));
#9732=DIRECTION('center_axis',(0.,1.,0.));
#9733=DIRECTION('ref_axis',(-1.,0.,0.));
#9734=DIRECTION('',(0.,0.,1.));
#9735=DIRECTION('',(0.,0.,1.));
#9736=DIRECTION('',(1.,0.,0.));
#9737=DIRECTION('',(0.,0.,-1.));
#9738=DIRECTION('',(1.,0.,0.));
#9739=DIRECTION('',(1.,0.,0.));
#9740=DIRECTION('center_axis',(0.,-1.,0.));
#9741=DIRECTION('ref_axis',(1.,0.,0.));
#9742=DIRECTION('',(0.,0.,1.));
#9743=DIRECTION('',(-1.,0.,0.));
#9744=DIRECTION('',(-1.,0.,0.));
#9745=DIRECTION('',(0.,0.,-1.));
#9746=DIRECTION('',(-1.,0.,0.));
#9747=DIRECTION('',(0.,0.,1.));
#9748=DIRECTION('center_axis',(0.,0.,-1.));
#9749=DIRECTION('ref_axis',(1.,0.,0.));
#9750=DIRECTION('center_axis',(0.,0.,1.));
#9751=DIRECTION('ref_axis',(1.,0.,0.));
#9752=DIRECTION('',(0.,0.,1.));
#9753=DIRECTION('center_axis',(-1.,0.,0.));
#9754=DIRECTION('ref_axis',(0.,1.,0.));
#9755=DIRECTION('',(0.,1.,0.));
#9756=DIRECTION('center_axis',(0.,0.,1.));
#9757=DIRECTION('ref_axis',(1.,0.,0.));
#9758=DIRECTION('center_axis',(0.,0.,1.));
#9759=DIRECTION('ref_axis',(1.,0.,0.));
#9760=DIRECTION('',(0.,-1.,0.));
#9761=DIRECTION('',(9.40866970021319E-17,1.,0.));
#9762=DIRECTION('center_axis',(1.,-9.40866970021319E-17,0.));
#9763=DIRECTION('ref_axis',(9.40866970021319E-17,1.,0.));
#9764=DIRECTION('center_axis',(0.,0.,-1.));
#9765=DIRECTION('ref_axis',(1.,0.,0.));
#9766=DIRECTION('center_axis',(0.,0.,1.));
#9767=DIRECTION('ref_axis',(1.,0.,0.));
#9768=DIRECTION('',(0.,0.,1.));
#9769=DIRECTION('center_axis',(1.,0.,0.));
#9770=DIRECTION('ref_axis',(0.,-1.,0.));
#9771=DIRECTION('',(0.,-1.,0.));
#9772=DIRECTION('center_axis',(0.,0.,1.));
#9773=DIRECTION('ref_axis',(1.,0.,0.));
#9774=DIRECTION('center_axis',(0.,1.,0.));
#9775=DIRECTION('ref_axis',(-1.,0.,0.));
#9776=DIRECTION('',(0.,0.,1.));
#9777=DIRECTION('',(1.44179811404595E-23,0.,-1.));
#9778=DIRECTION('',(-1.,0.,0.));
#9779=DIRECTION('',(0.,0.,-1.));
#9780=DIRECTION('center_axis',(1.,1.88173394004264E-16,0.));
#9781=DIRECTION('ref_axis',(1.88173394004264E-16,-1.,0.));
#9782=DIRECTION('',(1.24289275125926E-23,-0.957826327646487,-0.287347744148522));
#9783=DIRECTION('',(0.,-1.,0.));
#9784=DIRECTION('',(0.,0.,1.));
#9785=DIRECTION('',(0.,1.,0.));
#9786=DIRECTION('',(0.,-0.98058064197139,0.196116303735761));
#9787=DIRECTION('',(0.,0.,1.));
#9788=DIRECTION('center_axis',(-0.00847427197214091,0.999964092712604,0.));
#9789=DIRECTION('ref_axis',(-0.999964092712604,-0.00847427197214091,0.));
#9790=DIRECTION('center_axis',(0.,1.,0.));
#9791=DIRECTION('ref_axis',(-1.,0.,0.));
#9792=DIRECTION('',(-1.,0.,0.));
#9793=DIRECTION('',(0.,0.,-1.));
#9794=DIRECTION('',(0.,0.,1.));
#9795=DIRECTION('center_axis',(-0.00847427197214091,0.999964092712604,0.));
#9796=DIRECTION('ref_axis',(-0.999964092712604,-0.00847427197214091,0.));
#9797=DIRECTION('center_axis',(-1.,0.,0.));
#9798=DIRECTION('ref_axis',(0.,0.,1.));
#9799=DIRECTION('',(0.,-0.98058064197139,0.196116303735761));
#9800=DIRECTION('',(0.,-1.,0.));
#9801=DIRECTION('',(0.,0.,-1.));
#9802=DIRECTION('center_axis',(0.,-0.196116303735761,-0.98058064197139));
#9803=DIRECTION('ref_axis',(0.,-0.98058064197139,0.196116303735761));
#9804=DIRECTION('',(-1.,0.,0.));
#9805=DIRECTION('center_axis',(0.,0.,-1.));
#9806=DIRECTION('ref_axis',(0.,-1.,0.));
#9807=DIRECTION('',(1.,0.,0.));
#9808=DIRECTION('center_axis',(0.,1.,0.));
#9809=DIRECTION('ref_axis',(-1.,0.,0.));
#9810=DIRECTION('',(-1.,0.,0.));
#9811=DIRECTION('',(0.,0.,-1.));
#9812=DIRECTION('center_axis',(-1.,0.,0.));
#9813=DIRECTION('ref_axis',(0.,0.,1.));
#9814=DIRECTION('',(0.,1.,0.));
#9815=DIRECTION('',(-1.24289275125926E-23,0.957826327646487,0.287347744148522));
#9816=DIRECTION('center_axis',(0.,0.,1.));
#9817=DIRECTION('ref_axis',(0.,1.,0.));
#9818=DIRECTION('',(-1.,0.,0.));
#9819=DIRECTION('center_axis',(0.,-0.287347744148522,0.957826327646487));
#9820=DIRECTION('ref_axis',(-1.24289275125926E-23,0.957826327646487,0.287347744148522));
#9821=DIRECTION('center_axis',(0.,-1.,0.));
#9822=DIRECTION('ref_axis',(0.,0.,-1.));
#9823=DIRECTION('',(-1.,0.,0.));
#9824=DIRECTION('',(0.,0.,1.));
#9825=DIRECTION('',(1.,0.,0.));
#9826=DIRECTION('',(0.,0.,-1.));
#9827=DIRECTION('center_axis',(-1.,0.,0.));
#9828=DIRECTION('ref_axis',(0.,0.,1.));
#9829=DIRECTION('',(0.,-1.,0.));
#9830=DIRECTION('',(0.,0.,1.));
#9831=DIRECTION('',(0.,1.,0.));
#9832=DIRECTION('',(0.,0.,1.));
#9833=DIRECTION('',(0.,-1.,0.));
#9834=DIRECTION('',(0.,0.,-1.));
#9835=DIRECTION('',(0.,1.,0.));
#9836=DIRECTION('',(0.,0.,-1.));
#9837=DIRECTION('',(0.,-1.,0.));
#9838=DIRECTION('',(0.,0.,1.));
#9839=DIRECTION('',(0.,1.,0.));
#9840=DIRECTION('',(0.,0.000317602852136426,-0.999999949564213));
#9841=DIRECTION('',(0.,-1.,-7.60237733506276E-15));
#9842=DIRECTION('',(0.,-9.31322560737691E-9,1.));
#9843=DIRECTION('',(0.,1.,5.02110915659618E-15));
#9844=DIRECTION('',(0.,-8.0580703400213E-15,1.));
#9845=DIRECTION('',(0.,-1.,-8.13585310233122E-15));
#9846=DIRECTION('',(0.,-7.96175862416508E-15,1.));
#9847=DIRECTION('',(0.,-1.,0.));
#9848=DIRECTION('',(0.,-1.,0.));
#9849=DIRECTION('',(0.,0.,-1.));
#9850=DIRECTION('',(0.,-1.,0.));
#9851=DIRECTION('center_axis',(0.,0.,-1.));
#9852=DIRECTION('ref_axis',(-1.,0.,0.));
#9853=DIRECTION('',(0.,-1.,0.));
#9854=DIRECTION('',(-1.,0.,0.));
#9855=DIRECTION('',(1.,0.,0.));
#9856=DIRECTION('',(0.,1.,0.));
#9857=DIRECTION('',(-1.,0.,0.));
#9858=DIRECTION('center_axis',(0.,0.,-1.));
#9859=DIRECTION('ref_axis',(-1.,0.,0.));
#9860=DIRECTION('center_axis',(0.,0.,-1.));
#9861=DIRECTION('ref_axis',(-1.,0.,0.));
#9862=DIRECTION('center_axis',(0.,0.,-1.));
#9863=DIRECTION('ref_axis',(-1.,0.,0.));
#9864=DIRECTION('center_axis',(0.,0.,-1.));
#9865=DIRECTION('ref_axis',(-1.,0.,0.));
#9866=DIRECTION('center_axis',(0.948683346821374,-0.31622761970422,0.));
#9867=DIRECTION('ref_axis',(-0.31622761970422,-0.948683346821374,0.));
#9868=DIRECTION('',(-0.31622761970422,-0.948683346821374,0.));
#9869=DIRECTION('',(0.,0.,-1.));
#9870=DIRECTION('',(-0.31622761970422,-0.948683346821374,0.));
#9871=DIRECTION('',(0.,0.,1.));
#9872=DIRECTION('',(-0.31622761970422,-0.948683346821374,3.43006958711666E-31));
#9873=DIRECTION('',(0.,0.,-1.));
#9874=DIRECTION('center_axis',(0.,1.,0.));
#9875=DIRECTION('ref_axis',(1.,0.,0.));
#9876=DIRECTION('',(1.,0.,0.));
#9877=DIRECTION('',(0.,0.,1.));
#9878=DIRECTION('',(1.,0.,0.));
#9879=DIRECTION('center_axis',(-0.948683247865987,-0.316227916570377,0.));
#9880=DIRECTION('ref_axis',(-0.316227916570377,0.948683247865987,0.));
#9881=DIRECTION('',(-0.316227916570377,0.948683247865987,0.));
#9882=DIRECTION('',(0.,0.,1.));
#9883=DIRECTION('',(-0.316227916570377,0.948683247865987,3.43007280717561E-31));
#9884=DIRECTION('',(0.,0.,-1.));
#9885=DIRECTION('',(-0.316227916570377,0.948683247865987,0.));
#9886=DIRECTION('center_axis',(-0.948683247865988,-0.316227916570377,0.));
#9887=DIRECTION('ref_axis',(-0.316227916570377,0.948683247865988,0.));
#9888=DIRECTION('',(-0.316227916570377,0.948683247865988,0.));
#9889=DIRECTION('',(0.,0.,1.));
#9890=DIRECTION('',(-0.316227916570377,0.948683247865988,3.43007280717561E-31));
#9891=DIRECTION('',(0.,0.,-1.));
#9892=DIRECTION('',(-0.316227916570377,0.948683247865988,0.));
#9893=DIRECTION('',(0.,0.,1.));
#9894=DIRECTION('center_axis',(-0.948683247865988,-0.316227916570377,0.));
#9895=DIRECTION('ref_axis',(-0.316227916570377,0.948683247865988,0.));
#9896=DIRECTION('',(-0.316227916570377,0.948683247865988,0.));
#9897=DIRECTION('',(0.,0.,1.));
#9898=DIRECTION('',(-0.316227916570377,0.948683247865988,3.43007280717561E-31));
#9899=DIRECTION('',(0.,0.,-1.));
#9900=DIRECTION('',(-0.316227916570377,0.948683247865988,0.));
#9901=DIRECTION('',(0.,0.,-1.));
#9902=DIRECTION('center_axis',(0.,1.,0.));
#9903=DIRECTION('ref_axis',(0.,0.,1.));
#9904=DIRECTION('',(0.,0.,-1.));
#9905=DIRECTION('',(-1.,0.,0.));
#9906=DIRECTION('center_axis',(0.,0.,1.));
#9907=DIRECTION('ref_axis',(1.,0.,0.));
#9908=DIRECTION('',(-0.31622761970422,-0.948683346821374,0.));
#9909=DIRECTION('',(1.,0.,0.));
#9910=DIRECTION('',(-0.316227916570377,0.948683247865987,0.));
#9911=DIRECTION('',(1.,-1.94628436872293E-16,0.));
#9912=DIRECTION('center_axis',(0.,0.,1.));
#9913=DIRECTION('ref_axis',(1.,0.,0.));
#9914=DIRECTION('',(1.,-1.94628436872293E-16,0.));
#9915=DIRECTION('center_axis',(0.,0.,1.));
#9916=DIRECTION('ref_axis',(1.,0.,0.));
#9917=DIRECTION('',(-0.31622761970422,-0.948683346821374,0.));
#9918=DIRECTION('',(1.,0.,0.));
#9919=DIRECTION('',(1.,-1.94628436872293E-16,0.));
#9920=DIRECTION('center_axis',(0.,0.,1.));
#9921=DIRECTION('ref_axis',(1.,0.,0.));
#9922=DIRECTION('',(1.,-1.94628436872293E-16,0.));
#9923=DIRECTION('',(-0.316227619704221,-0.948683346821374,0.));
#9924=DIRECTION('',(1.,0.,0.));
#9925=DIRECTION('center_axis',(-0.948683247865987,-0.316227916570377,0.));
#9926=DIRECTION('ref_axis',(-0.316227916570377,0.948683247865987,0.));
#9927=DIRECTION('',(0.,0.,-1.));
#9928=DIRECTION('',(-0.316227916570377,0.948683247865987,0.));
#9929=DIRECTION('',(0.,0.,1.));
#9930=DIRECTION('',(-0.316227916570377,0.948683247865987,3.43007280717561E-31));
#9931=DIRECTION('',(0.,0.,-1.));
#9932=DIRECTION('center_axis',(0.,1.,0.));
#9933=DIRECTION('ref_axis',(1.,0.,0.));
#9934=DIRECTION('',(0.,0.,-1.));
#9935=DIRECTION('',(1.,0.,0.));
#9936=DIRECTION('center_axis',(0.948683346821374,-0.31622761970422,0.));
#9937=DIRECTION('ref_axis',(-0.31622761970422,-0.948683346821374,0.));
#9938=DIRECTION('',(0.,0.,1.));
#9939=DIRECTION('',(-0.31622761970422,-0.948683346821374,3.43006958711666E-31));
#9940=DIRECTION('',(0.,0.,-1.));
#9941=DIRECTION('',(-0.31622761970422,-0.948683346821374,0.));
#9942=DIRECTION('center_axis',(0.,0.,-1.));
#9943=DIRECTION('ref_axis',(2.22044604925031E-16,1.,0.));
#9944=DIRECTION('',(1.,-1.94628436872293E-16,0.));
#9945=DIRECTION('',(-2.22044604925031E-16,-1.,0.));
#9946=DIRECTION('',(1.,-2.22044604925031E-16,0.));
#9947=DIRECTION('',(1.,0.,0.));
#9948=DIRECTION('',(0.,-1.,0.));
#9949=DIRECTION('',(0.999999999999976,-2.17462501572424E-7,0.));
#9950=DIRECTION('',(2.22044604925031E-16,1.,0.));
#9951=DIRECTION('center_axis',(1.,0.,0.));
#9952=DIRECTION('ref_axis',(0.,0.,-1.));
#9953=DIRECTION('',(0.,0.,-1.));
#9954=DIRECTION('',(0.,0.,-1.));
#9955=DIRECTION('',(-7.05219998256959E-20,-0.000317602852136426,0.999999949564213));
#9956=DIRECTION('',(2.22044604925031E-16,1.,7.60237733506276E-15));
#9957=DIRECTION('',(-1.19283403007209E-30,-5.37204689334753E-15,1.));
#9958=DIRECTION('',(-2.22044604925031E-16,-1.,-5.02110915659618E-15));
#9959=DIRECTION('',(1.78925104510814E-30,8.0580703400213E-15,-1.));
#9960=DIRECTION('',(2.22044604925031E-16,1.,8.13585310233122E-15));
#9961=DIRECTION('',(1.7678655482112E-30,7.96175862416508E-15,-1.));
#9962=DIRECTION('',(0.,-1.,0.));
#9963=DIRECTION('center_axis',(0.,1.,0.));
#9964=DIRECTION('ref_axis',(1.,0.,0.));
#9965=DIRECTION('',(1.,0.,0.));
#9966=DIRECTION('',(0.,0.,-1.));
#9967=DIRECTION('center_axis',(0.,1.,0.));
#9968=DIRECTION('ref_axis',(1.,0.,0.));
#9969=DIRECTION('',(1.,0.,0.));
#9970=DIRECTION('',(0.,0.,-1.));
#9971=DIRECTION('center_axis',(0.,-1.,0.));
#9972=DIRECTION('ref_axis',(0.,0.,-1.));
#9973=DIRECTION('',(-1.,0.,0.));
#9974=DIRECTION('',(1.,0.,0.));
#9975=DIRECTION('center_axis',(0.,-1.,0.));
#9976=DIRECTION('ref_axis',(0.,0.,-1.));
#9977=DIRECTION('',(1.,0.,0.));
#9978=DIRECTION('',(-1.,0.,0.));
#9979=DIRECTION('center_axis',(0.,-1.,0.));
#9980=DIRECTION('ref_axis',(0.,0.,-1.));
#9981=DIRECTION('',(-1.,0.,0.));
#9982=DIRECTION('',(1.,0.,0.));
#9983=DIRECTION('center_axis',(0.,-1.,0.));
#9984=DIRECTION('ref_axis',(0.,0.,-1.));
#9985=DIRECTION('',(0.,0.,-1.));
#9986=DIRECTION('',(1.,0.,0.));
#9987=DIRECTION('',(0.,0.,1.));
#9988=DIRECTION('',(-1.,0.,0.));
#9989=DIRECTION('center_axis',(0.,-1.,0.));
#9990=DIRECTION('ref_axis',(0.,0.,-1.));
#9991=DIRECTION('',(-1.,0.,0.));
#9992=DIRECTION('',(0.,0.,-1.));
#9993=DIRECTION('',(1.,0.,0.));
#9994=DIRECTION('center_axis',(0.,1.,0.));
#9995=DIRECTION('ref_axis',(0.,0.,1.));
#9996=DIRECTION('',(-1.,0.,0.));
#9997=DIRECTION('',(0.,0.,-1.));
#9998=DIRECTION('center_axis',(0.,0.,-1.));
#9999=DIRECTION('ref_axis',(-1.,0.,0.));
#10000=DIRECTION('',(0.,-1.,0.));
#10001=DIRECTION('center_axis',(1.,0.,0.));
#10002=DIRECTION('ref_axis',(0.,-1.,0.));
#10003=DIRECTION('center_axis',(-2.13192827527111E-16,-0.999999949564213,
-0.000317602852136426));
#10004=DIRECTION('ref_axis',(-7.05219998256959E-20,-0.000317602852136426,
0.999999949564213));
#10005=DIRECTION('',(0.,0.000317602852136426,-0.999999949564213));
#10006=DIRECTION('',(-1.,0.,0.));
#10007=DIRECTION('',(1.,0.,0.));
#10008=DIRECTION('center_axis',(-1.62077240173499E-30,-7.60237733506276E-15,
1.));
#10009=DIRECTION('ref_axis',(2.22044604925031E-16,1.,7.60237733506276E-15));
#10010=DIRECTION('',(0.,1.,7.60237733506276E-15));
#10011=DIRECTION('',(1.,0.,0.));
#10012=DIRECTION('center_axis',(1.07046451240673E-30,5.02110915659618E-15,
-1.));
#10013=DIRECTION('ref_axis',(-2.22044604925031E-16,-1.,-5.02110915659618E-15));
#10014=DIRECTION('',(0.,-1.,-5.02110915659618E-15));
#10015=DIRECTION('',(-1.,0.,0.));
#10016=DIRECTION('',(1.,0.,0.));
#10017=DIRECTION('center_axis',(1.07046451240673E-30,5.02110915659618E-15,
-1.));
#10018=DIRECTION('ref_axis',(-2.22044604925031E-16,-1.,-5.02110915659618E-15));
#10019=DIRECTION('',(-1.,0.,0.));
#10020=DIRECTION('',(2.22044604925031E-16,1.,5.02110915659618E-15));
#10021=DIRECTION('',(-1.,0.,0.));
#10022=DIRECTION('center_axis',(2.1319283827966E-16,1.,8.0580703400213E-15));
#10023=DIRECTION('ref_axis',(1.78925104510814E-30,8.0580703400213E-15,-1.));
#10024=DIRECTION('',(0.,8.0580703400213E-15,-1.));
#10025=DIRECTION('',(-1.,0.,0.));
#10026=DIRECTION('center_axis',(2.1319283827966E-16,1.,8.0580703400213E-15));
#10027=DIRECTION('ref_axis',(1.78925104510814E-30,8.0580703400213E-15,-1.));
#10028=DIRECTION('',(-1.78925104510814E-30,-8.0580703400213E-15,1.));
#10029=DIRECTION('',(-1.,0.,0.));
#10030=DIRECTION('center_axis',(-1.73450561471237E-30,-8.13585310233122E-15,
1.));
#10031=DIRECTION('ref_axis',(2.22044604925031E-16,1.,8.13585310233122E-15));
#10032=DIRECTION('',(0.,1.,8.13585310233122E-15));
#10033=DIRECTION('',(-1.,0.,0.));
#10034=DIRECTION('center_axis',(2.1319283827966E-16,1.,7.96175862416508E-15));
#10035=DIRECTION('ref_axis',(1.7678655482112E-30,7.96175862416508E-15,-1.));
#10036=DIRECTION('',(0.,7.96175862416508E-15,-1.));
#10037=DIRECTION('',(-1.,0.,0.));
#10038=DIRECTION('center_axis',(0.,1.,9.31322560737691E-9));
#10039=DIRECTION('ref_axis',(2.06795150056769E-24,9.31322560737691E-9,-1.));
#10040=DIRECTION('',(-1.,0.,0.));
#10041=DIRECTION('',(2.06795150056769E-24,9.31322560737691E-9,-1.));
#10042=DIRECTION('center_axis',(0.,0.,-1.));
#10043=DIRECTION('ref_axis',(-2.22044604925031E-16,-1.,0.));
#10044=DIRECTION('',(-1.,0.,0.));
#10045=DIRECTION('',(-2.22044604925031E-16,-1.,0.));
#10046=DIRECTION('',(-1.,0.,0.));
#10047=DIRECTION('center_axis',(0.,1.,0.));
#10048=DIRECTION('ref_axis',(0.,0.,-1.));
#10049=DIRECTION('',(-1.,0.,0.));
#10050=DIRECTION('',(0.,0.,-1.));
#10051=DIRECTION('center_axis',(0.,1.,5.37204689334753E-15));
#10052=DIRECTION('ref_axis',(-1.19283403007209E-30,-5.37204689334753E-15,
1.));
#10053=DIRECTION('',(0.,5.37204689334753E-15,-1.));
#10054=DIRECTION('center_axis',(-1.62077240173499E-30,-7.60237733506276E-15,
1.));
#10055=DIRECTION('ref_axis',(2.22044604925031E-16,1.,7.60237733506276E-15));
#10056=DIRECTION('',(-1.,0.,0.));
#10057=DIRECTION('',(-2.22044604925031E-16,-1.,-7.60237733506276E-15));
#10058=DIRECTION('center_axis',(-2.13192827527111E-16,-0.999999949564213,
-0.000317602852136426));
#10059=DIRECTION('ref_axis',(-7.05219998256959E-20,-0.000317602852136426,
0.999999949564213));
#10060=DIRECTION('',(7.05219998256959E-20,0.000317602852136426,-0.999999949564213));
#10061=DIRECTION('center_axis',(2.1319283827966E-16,1.,7.96175862416508E-15));
#10062=DIRECTION('ref_axis',(1.7678655482112E-30,7.96175862416508E-15,-1.));
#10063=DIRECTION('',(-1.,0.,0.));
#10064=DIRECTION('',(-1.7678655482112E-30,-7.96175862416508E-15,1.));
#10065=DIRECTION('',(-1.,0.,0.));
#10066=DIRECTION('center_axis',(-1.73450561471237E-30,-8.13585310233122E-15,
1.));
#10067=DIRECTION('ref_axis',(2.22044604925031E-16,1.,8.13585310233122E-15));
#10068=DIRECTION('',(-2.22044604925031E-16,-1.,-8.13585310233122E-15));
#10069=DIRECTION('center_axis',(0.,1.,0.));
#10070=DIRECTION('ref_axis',(1.,0.,0.));
#10071=DIRECTION('',(0.,0.,-1.));
#10072=DIRECTION('center_axis',(0.,0.,-1.));
#10073=DIRECTION('ref_axis',(-1.,0.,0.));
#10074=DIRECTION('center_axis',(0.,0.,1.));
#10075=DIRECTION('ref_axis',(-1.,0.,0.));
#10076=DIRECTION('',(0.,0.,-1.));
#10077=DIRECTION('center_axis',(0.,0.,-1.));
#10078=DIRECTION('ref_axis',(-1.,0.,0.));
#10079=DIRECTION('center_axis',(0.,0.,1.));
#10080=DIRECTION('ref_axis',(-1.,0.,0.));
#10081=DIRECTION('',(0.,0.,-1.));
#10082=DIRECTION('center_axis',(0.,0.,-1.));
#10083=DIRECTION('ref_axis',(-1.,0.,0.));
#10084=DIRECTION('center_axis',(0.,0.,1.));
#10085=DIRECTION('ref_axis',(-1.,0.,0.));
#10086=DIRECTION('',(0.,0.,-1.));
#10087=DIRECTION('center_axis',(0.,0.,-1.));
#10088=DIRECTION('ref_axis',(-1.,0.,0.));
#10089=DIRECTION('center_axis',(0.,0.,-1.));
#10090=DIRECTION('ref_axis',(-1.,0.,0.));
#10091=DIRECTION('',(0.,0.,-1.));
#10092=DIRECTION('center_axis',(0.,0.,-1.));
#10093=DIRECTION('ref_axis',(-1.,0.,0.));
#10094=DIRECTION('center_axis',(0.,0.,-1.));
#10095=DIRECTION('ref_axis',(-1.,0.,0.));
#10096=DIRECTION('center_axis',(0.,0.,-1.));
#10097=DIRECTION('ref_axis',(-1.,0.,0.));
#10098=DIRECTION('',(0.,0.,-1.));
#10099=DIRECTION('center_axis',(0.,0.,-1.));
#10100=DIRECTION('ref_axis',(-1.,0.,0.));
#10101=DIRECTION('center_axis',(0.,0.,-1.));
#10102=DIRECTION('ref_axis',(-1.,0.,0.));
#10103=DIRECTION('center_axis',(0.,0.,1.));
#10104=DIRECTION('ref_axis',(-1.,0.,0.));
#10105=DIRECTION('',(0.,0.,-1.));
#10106=DIRECTION('center_axis',(0.,0.,1.));
#10107=DIRECTION('ref_axis',(-1.,0.,0.));
#10108=DIRECTION('center_axis',(0.,0.,1.));
#10109=DIRECTION('ref_axis',(-1.,0.,0.));
#10110=DIRECTION('center_axis',(0.,0.,-1.));
#10111=DIRECTION('ref_axis',(-1.,0.,0.));
#10112=DIRECTION('center_axis',(0.,0.,1.));
#10113=DIRECTION('ref_axis',(-1.,0.,0.));
#10114=DIRECTION('center_axis',(0.,0.,1.));
#10115=DIRECTION('ref_axis',(-1.,0.,0.));
#10116=DIRECTION('center_axis',(0.,0.,-1.));
#10117=DIRECTION('ref_axis',(-1.,0.,0.));
#10118=DIRECTION('center_axis',(0.,0.,-1.));
#10119=DIRECTION('ref_axis',(-1.,0.,0.));
#10120=DIRECTION('',(-1.,2.22044604925031E-16,0.));
#10121=DIRECTION('',(0.,1.,0.));
#10122=DIRECTION('center_axis',(2.22044604925031E-16,1.,0.));
#10123=DIRECTION('ref_axis',(0.,0.,1.));
#10124=DIRECTION('',(0.,0.,-1.));
#10125=DIRECTION('center_axis',(2.17462501572424E-7,0.999999999999976,0.));
#10126=DIRECTION('ref_axis',(0.999999999999976,-2.17462501572424E-7,0.));
#10127=DIRECTION('',(0.,0.,-1.));
#10128=DIRECTION('center_axis',(0.,-4.8849813083507E-15,1.));
#10129=DIRECTION('ref_axis',(-2.22044604925031E-16,-1.,-4.8849813083507E-15));
#10130=DIRECTION('',(1.,0.,0.));
#10131=DIRECTION('',(0.,-1.,0.));
#10132=DIRECTION('center_axis',(-1.,0.,0.));
#10133=DIRECTION('ref_axis',(0.,0.,1.));
#10134=DIRECTION('',(0.,1.,0.));
#10135=DIRECTION('',(0.,-1.,0.));
#10136=DIRECTION('center_axis',(0.948683346821374,-0.31622761970422,0.));
#10137=DIRECTION('ref_axis',(-0.31622761970422,-0.948683346821374,0.));
#10138=DIRECTION('',(-0.31622761970422,-0.948683346821374,0.));
#10139=DIRECTION('',(0.,0.,1.));
#10140=DIRECTION('',(-0.31622761970422,-0.948683346821374,3.43006958711666E-31));
#10141=DIRECTION('center_axis',(0.,-4.8849813083507E-15,1.));
#10142=DIRECTION('ref_axis',(-2.22044604925031E-16,-1.,-4.8849813083507E-15));
#10143=DIRECTION('',(1.,0.,0.));
#10144=DIRECTION('',(0.,1.,0.));
#10145=DIRECTION('center_axis',(-1.,0.,0.));
#10146=DIRECTION('ref_axis',(0.,0.,1.));
#10147=DIRECTION('',(0.,0.,1.));
#10148=DIRECTION('center_axis',(0.948683346821374,-0.316227619704221,0.));
#10149=DIRECTION('ref_axis',(-0.316227619704221,-0.948683346821374,0.));
#10150=DIRECTION('',(-0.316227619704221,-0.948683346821374,0.));
#10151=DIRECTION('',(0.,0.,1.));
#10152=DIRECTION('',(-0.316227619704221,-0.948683346821374,3.43006958711667E-31));
#10153=DIRECTION('center_axis',(1.08468374467889E-30,0.,1.));
#10154=DIRECTION('ref_axis',(1.,-2.22044604925031E-16,-1.08468374467889E-30));
#10155=DIRECTION('',(1.,-2.22044604925031E-16,-1.08468374467889E-30));
#10156=DIRECTION('center_axis',(1.08468374467889E-30,0.,1.));
#10157=DIRECTION('ref_axis',(1.,-2.22044604925031E-16,-1.08468374467889E-30));
#10158=DIRECTION('',(1.,-2.22044604925031E-16,-1.08468374467889E-30));
#10159=DIRECTION('center_axis',(1.08468374467889E-30,0.,1.));
#10160=DIRECTION('ref_axis',(1.,-2.22044604925031E-16,-1.08468374467889E-30));
#10161=DIRECTION('',(1.,-2.22044604925031E-16,-1.08468374467889E-30));
#10162=DIRECTION('center_axis',(1.08468374467889E-30,0.,1.));
#10163=DIRECTION('ref_axis',(1.,-2.22044604925031E-16,-1.08468374467889E-30));
#10164=DIRECTION('',(1.,-2.22044604925031E-16,-1.08468374467889E-30));
#10165=DIRECTION('center_axis',(1.08468374467889E-30,0.,1.));
#10166=DIRECTION('ref_axis',(1.,-2.22044604925031E-16,-1.08468374467889E-30));
#10167=DIRECTION('',(1.,-2.22044604925031E-16,-1.08468374467889E-30));
#10168=DIRECTION('center_axis',(0.,1.,0.));
#10169=DIRECTION('ref_axis',(0.,0.,1.));
#10170=DIRECTION('center_axis',(0.,0.,1.));
#10171=DIRECTION('ref_axis',(-1.,0.,0.));
#10172=DIRECTION('',(0.,0.,1.));
#10173=DIRECTION('center_axis',(0.,0.,1.));
#10174=DIRECTION('ref_axis',(-1.,0.,0.));
#10175=DIRECTION('center_axis',(0.,0.,1.));
#10176=DIRECTION('ref_axis',(-1.,0.,0.));
#10177=DIRECTION('center_axis',(0.,0.,1.));
#10178=DIRECTION('ref_axis',(-1.,0.,0.));
#10179=DIRECTION('center_axis',(0.,0.,1.));
#10180=DIRECTION('ref_axis',(-1.,0.,0.));
#10181=DIRECTION('',(0.,0.,1.));
#10182=DIRECTION('center_axis',(0.,0.,-1.));
#10183=DIRECTION('ref_axis',(-1.,0.,0.));
#10184=DIRECTION('',(1.,-2.22044604925031E-16,0.));
#10185=DIRECTION('',(-2.22044604925031E-16,-1.,0.));
#10186=DIRECTION('',(1.,-2.22044604925031E-16,0.));
#10187=DIRECTION('',(-2.22044604925031E-16,-1.,0.));
#10188=DIRECTION('',(1.,-2.22044604925031E-16,0.));
#10189=DIRECTION('',(2.22044604925031E-16,1.,0.));
#10190=DIRECTION('',(1.,-2.22044604925031E-16,0.));
#10191=DIRECTION('',(2.22044604925031E-16,1.,0.));
#10192=DIRECTION('',(-1.,2.22044604925031E-16,0.));
#10193=DIRECTION('',(2.22044604925031E-16,1.,0.));
#10194=DIRECTION('',(-1.,2.22044604925031E-16,0.));
#10195=DIRECTION('',(-2.22044604925031E-16,-1.,0.));
#10196=DIRECTION('',(-1.,2.22044604925031E-16,0.));
#10197=DIRECTION('',(-2.22044604925031E-16,-1.,0.));
#10198=DIRECTION('',(-1.,2.22044604925031E-16,0.));
#10199=DIRECTION('',(-1.06450087740416E-15,1.,0.));
#10200=DIRECTION('',(1.,0.,0.));
#10201=DIRECTION('',(3.55271371056423E-15,1.,0.));
#10202=DIRECTION('',(1.,-3.94745959082569E-15,0.));
#10203=DIRECTION('',(0.,-1.,0.));
#10204=DIRECTION('',(1.,-5.92118967054357E-15,0.));
#10205=DIRECTION('',(1.06450087740416E-15,-1.,0.));
#10206=DIRECTION('',(-1.,2.96059473233375E-15,0.));
#10207=DIRECTION('',(3.5527136788005E-15,-1.,0.));
#10208=DIRECTION('',(-1.,0.,0.));
#10209=DIRECTION('',(-3.55271367880049E-15,1.,0.));
#10210=DIRECTION('',(-1.,-2.96059468821745E-15,0.));
#10211=DIRECTION('',(-1.06450087740416E-15,1.,0.));
#10212=DIRECTION('center_axis',(0.,-1.,0.));
#10213=DIRECTION('ref_axis',(-1.,0.,0.));
#10214=DIRECTION('',(0.,0.,-1.));
#10215=DIRECTION('',(1.,0.,0.));
#10216=DIRECTION('',(0.,0.,-1.));
#10217=DIRECTION('center_axis',(1.,1.06450087740416E-15,0.));
#10218=DIRECTION('ref_axis',(1.06450087740416E-15,-1.,0.));
#10219=DIRECTION('',(0.,0.,1.));
#10220=DIRECTION('',(0.,0.,-1.));
#10221=DIRECTION('',(-1.06450087740416E-15,1.,0.));
#10222=DIRECTION('',(0.,0.,-1.));
#10223=DIRECTION('',(1.06450087740416E-15,-1.,0.));
#10224=DIRECTION('center_axis',(-2.96059468821745E-15,1.,0.));
#10225=DIRECTION('ref_axis',(1.,2.96059468821745E-15,0.));
#10226=DIRECTION('',(0.,0.,-1.));
#10227=DIRECTION('',(-1.,-2.96059468821745E-15,0.));
#10228=DIRECTION('center_axis',(1.,3.55271367880049E-15,0.));
#10229=DIRECTION('ref_axis',(3.55271367880049E-15,-1.,0.));
#10230=DIRECTION('',(0.,0.,-1.));
#10231=DIRECTION('',(-3.55271367880049E-15,1.,0.));
#10232=DIRECTION('center_axis',(0.,1.,0.));
#10233=DIRECTION('ref_axis',(1.,0.,0.));
#10234=DIRECTION('',(0.,0.,-1.));
#10235=DIRECTION('',(-1.,0.,0.));
#10236=DIRECTION('center_axis',(-1.,-3.5527136788005E-15,0.));
#10237=DIRECTION('ref_axis',(-3.5527136788005E-15,1.,0.));
#10238=DIRECTION('',(0.,0.,-1.));
#10239=DIRECTION('',(3.5527136788005E-15,-1.,0.));
#10240=DIRECTION('center_axis',(2.96059473233375E-15,1.,0.));
#10241=DIRECTION('ref_axis',(1.,-2.96059473233375E-15,0.));
#10242=DIRECTION('',(0.,0.,-1.));
#10243=DIRECTION('',(-1.,2.96059473233375E-15,0.));
#10244=DIRECTION('center_axis',(-1.,-1.06450087740416E-15,0.));
#10245=DIRECTION('ref_axis',(-1.06450087740416E-15,1.,0.));
#10246=DIRECTION('',(0.,0.,-1.));
#10247=DIRECTION('',(1.06450087740416E-15,-1.,0.));
#10248=DIRECTION('center_axis',(-5.92118967054357E-15,-1.,0.));
#10249=DIRECTION('ref_axis',(-1.,5.92118967054357E-15,0.));
#10250=DIRECTION('',(0.,0.,-1.));
#10251=DIRECTION('',(1.,-5.92118967054357E-15,0.));
#10252=DIRECTION('center_axis',(-1.,0.,0.));
#10253=DIRECTION('ref_axis',(0.,1.,0.));
#10254=DIRECTION('',(0.,0.,-1.));
#10255=DIRECTION('',(0.,-1.,0.));
#10256=DIRECTION('center_axis',(-3.94745959082569E-15,-1.,0.));
#10257=DIRECTION('ref_axis',(-1.,3.94745959082569E-15,0.));
#10258=DIRECTION('',(0.,0.,-1.));
#10259=DIRECTION('',(1.,-3.94745959082569E-15,0.));
#10260=DIRECTION('center_axis',(1.,-3.55271371056423E-15,0.));
#10261=DIRECTION('ref_axis',(-3.55271371056423E-15,-1.,0.));
#10262=DIRECTION('',(3.55271371056423E-15,1.,0.));
#10263=DIRECTION('center_axis',(2.22044604925031E-16,1.,0.));
#10264=DIRECTION('ref_axis',(1.,-2.22044604925031E-16,0.));
#10265=DIRECTION('',(0.,0.,-1.));
#10266=DIRECTION('',(1.,-2.22044604925031E-16,0.));
#10267=DIRECTION('',(0.,0.,-1.));
#10268=DIRECTION('center_axis',(-1.,2.22044604925031E-16,0.));
#10269=DIRECTION('ref_axis',(2.22044604925031E-16,1.,0.));
#10270=DIRECTION('',(0.,0.,-1.));
#10271=DIRECTION('',(2.22044604925031E-16,1.,0.));
#10272=DIRECTION('center_axis',(2.22044604925031E-16,1.,0.));
#10273=DIRECTION('ref_axis',(1.,-2.22044604925031E-16,0.));
#10274=DIRECTION('',(0.,0.,-1.));
#10275=DIRECTION('',(1.,-2.22044604925031E-16,0.));
#10276=DIRECTION('',(1.,-2.22044604925031E-16,0.));
#10277=DIRECTION('center_axis',(1.,-2.22044604925031E-16,0.));
#10278=DIRECTION('ref_axis',(-2.22044604925031E-16,-1.,0.));
#10279=DIRECTION('',(0.,0.,-1.));
#10280=DIRECTION('',(-2.22044604925031E-16,-1.,0.));
#10281=DIRECTION('',(-2.22044604925031E-16,-1.,0.));
#10282=DIRECTION('center_axis',(0.,0.,-1.));
#10283=DIRECTION('ref_axis',(-2.22044604925031E-16,-1.,0.));
#10284=DIRECTION('',(1.,-2.22044604925031E-16,0.));
#10285=DIRECTION('',(2.22044604925031E-16,1.,0.));
#10286=DIRECTION('',(-1.,0.,0.));
#10287=DIRECTION('',(0.25565688048359,-0.966767582959524,0.));
#10288=DIRECTION('',(-1.,0.,0.));
#10289=DIRECTION('',(0.255657014005716,0.966767547650252,0.));
#10290=DIRECTION('',(-1.,0.,0.));
#10291=DIRECTION('center_axis',(2.22044604925031E-16,1.,0.));
#10292=DIRECTION('ref_axis',(1.,-2.22044604925031E-16,0.));
#10293=DIRECTION('',(0.,0.,-1.));
#10294=DIRECTION('',(1.,-2.22044604925031E-16,0.));
#10295=DIRECTION('',(1.,-2.22044604925031E-16,0.));
#10296=DIRECTION('center_axis',(-2.22044604925031E-16,-1.,0.));
#10297=DIRECTION('ref_axis',(1.,-2.22044604925031E-16,0.));
#10298=DIRECTION('',(0.,0.,-1.));
#10299=DIRECTION('',(1.,-2.22044604925031E-16,0.));
#10300=DIRECTION('',(0.,0.,-1.));
#10301=DIRECTION('',(-1.,2.22044604925031E-16,0.));
#10302=DIRECTION('',(0.,0.,1.));
#10303=DIRECTION('center_axis',(1.,-2.22044604925031E-16,0.));
#10304=DIRECTION('ref_axis',(-2.22044604925031E-16,-1.,0.));
#10305=DIRECTION('',(0.,0.,-1.));
#10306=DIRECTION('',(-2.22044604925031E-16,-1.,0.));
#10307=DIRECTION('',(-2.22044604925031E-16,-1.,0.));
#10308=DIRECTION('center_axis',(1.,-2.22044604925031E-16,0.));
#10309=DIRECTION('ref_axis',(-2.22044604925031E-16,-1.,0.));
#10310=DIRECTION('',(0.,0.,1.));
#10311=DIRECTION('',(-2.22044604925031E-16,-1.,0.));
#10312=DIRECTION('',(-2.22044604925031E-16,-1.,0.));
#10313=DIRECTION('center_axis',(-0.966767547650252,0.255657014005716,0.));
#10314=DIRECTION('ref_axis',(0.255657014005716,0.966767547650252,0.));
#10315=DIRECTION('',(0.,0.,-1.));
#10316=DIRECTION('',(0.255657014005716,0.966767547650252,0.));
#10317=DIRECTION('',(0.,0.,-1.));
#10318=DIRECTION('center_axis',(0.,-1.,0.));
#10319=DIRECTION('ref_axis',(-1.,0.,0.));
#10320=DIRECTION('',(0.,0.,-1.));
#10321=DIRECTION('',(-1.,0.,0.));
#10322=DIRECTION('center_axis',(0.966767582959524,0.25565688048359,0.));
#10323=DIRECTION('ref_axis',(0.25565688048359,-0.966767582959524,0.));
#10324=DIRECTION('',(0.,0.,1.));
#10325=DIRECTION('',(0.25565688048359,-0.966767582959524,0.));
#10326=DIRECTION('center_axis',(0.,0.,-1.));
#10327=DIRECTION('ref_axis',(-1.,0.,0.));
#10328=DIRECTION('',(1.,-2.22044604925031E-16,0.));
#10329=DIRECTION('center_axis',(1.,0.,0.));
#10330=DIRECTION('ref_axis',(0.,0.,-1.));
#10331=DIRECTION('',(2.22044604925031E-16,1.,0.));
#10332=DIRECTION('',(0.,0.,1.));
#10333=DIRECTION('center_axis',(2.22044604925031E-16,1.,0.));
#10334=DIRECTION('ref_axis',(0.,0.,1.));
#10335=DIRECTION('',(1.,-2.22044604925031E-16,0.));
#10336=DIRECTION('',(0.,0.,1.));
#10337=DIRECTION('',(-1.,2.22044604925031E-16,0.));
#10338=DIRECTION('',(0.,0.,-1.));
#10339=DIRECTION('center_axis',(0.,0.,-1.));
#10340=DIRECTION('ref_axis',(2.22044604925031E-16,1.,0.));
#10341=DIRECTION('',(-2.22044604925031E-16,-1.,0.));
#10342=DIRECTION('',(0.839949119626872,-0.542665160516171,0.));
#10343=DIRECTION('',(-1.,2.22044604925031E-16,0.));
#10344=DIRECTION('',(-0.858714157822176,-0.51245487133576,0.));
#10345=DIRECTION('center_axis',(-1.,2.22044604925031E-16,0.));
#10346=DIRECTION('ref_axis',(-2.22044604925031E-16,-1.,0.));
#10347=DIRECTION('',(-2.22044604925031E-16,-1.,0.));
#10348=DIRECTION('',(0.,0.,1.));
#10349=DIRECTION('center_axis',(2.22044604925031E-16,1.,0.));
#10350=DIRECTION('ref_axis',(-1.,2.22044604925031E-16,0.));
#10351=DIRECTION('',(0.,0.,1.));
#10352=DIRECTION('',(-1.,2.22044604925031E-16,0.));
#10353=DIRECTION('center_axis',(2.22044604925031E-16,1.,0.));
#10354=DIRECTION('ref_axis',(1.,-2.22044604925031E-16,0.));
#10355=DIRECTION('',(0.,0.,1.));
#10356=DIRECTION('',(1.,-2.22044604925031E-16,0.));
#10357=DIRECTION('',(0.,0.,-1.));
#10358=DIRECTION('',(1.,-2.22044604925031E-16,0.));
#10359=DIRECTION('center_axis',(-1.,2.22044604925031E-16,0.));
#10360=DIRECTION('ref_axis',(2.22044604925031E-16,1.,0.));
#10361=DIRECTION('',(2.22044604925031E-16,1.,0.));
#10362=DIRECTION('',(0.,0.,-1.));
#10363=DIRECTION('',(2.22044604925031E-16,1.,0.));
#10364=DIRECTION('center_axis',(2.22044604925031E-16,1.,0.));
#10365=DIRECTION('ref_axis',(1.,-2.22044604925031E-16,0.));
#10366=DIRECTION('',(0.,0.,1.));
#10367=DIRECTION('',(1.,-2.22044604925031E-16,0.));
#10368=DIRECTION('',(0.,0.,-1.));
#10369=DIRECTION('',(1.,-2.22044604925031E-16,0.));
#10370=DIRECTION('center_axis',(-1.,2.22044604925031E-16,0.));
#10371=DIRECTION('ref_axis',(2.22044604925031E-16,1.,0.));
#10372=DIRECTION('',(0.,0.,1.));
#10373=DIRECTION('',(2.22044604925031E-16,1.,0.));
#10374=DIRECTION('',(0.,0.,-1.));
#10375=DIRECTION('',(2.22044604925031E-16,1.,0.));
#10376=DIRECTION('center_axis',(-1.,2.22044604925031E-16,0.));
#10377=DIRECTION('ref_axis',(2.22044604925031E-16,1.,0.));
#10378=DIRECTION('',(0.,0.,-1.));
#10379=DIRECTION('',(2.22044604925031E-16,1.,0.));
#10380=DIRECTION('',(2.22044604925031E-16,1.,0.));
#10381=DIRECTION('center_axis',(-2.22044604925031E-16,-1.,0.));
#10382=DIRECTION('ref_axis',(-1.,2.22044604925031E-16,0.));
#10383=DIRECTION('',(-1.,2.22044604925031E-16,0.));
#10384=DIRECTION('',(0.,0.,-1.));
#10385=DIRECTION('',(-1.,2.22044604925031E-16,0.));
#10386=DIRECTION('center_axis',(0.,0.,1.));
#10387=DIRECTION('ref_axis',(-2.22044604925031E-16,-1.,0.));
#10388=DIRECTION('',(-0.839949119626872,0.542665160516171,0.));
#10389=DIRECTION('',(-0.839949119626872,0.542665160516171,0.));
#10390=DIRECTION('center_axis',(0.,0.,1.));
#10391=DIRECTION('ref_axis',(-2.22044604925031E-16,-1.,0.));
#10392=DIRECTION('',(0.858714157822176,0.51245487133576,0.));
#10393=DIRECTION('',(-1.,2.22044604925031E-16,0.));
#10394=DIRECTION('',(0.858714157822176,0.51245487133576,0.));
#10395=DIRECTION('center_axis',(0.,0.,1.));
#10396=DIRECTION('ref_axis',(-2.22044604925031E-16,-1.,0.));
#10397=DIRECTION('',(-0.839949119626872,0.542665160516171,0.));
#10398=DIRECTION('',(-0.839949119626872,0.542665160516171,0.));
#10399=DIRECTION('',(2.22044604925031E-16,1.,0.));
#10400=DIRECTION('',(-1.,2.22044604925031E-16,0.));
#10401=DIRECTION('center_axis',(0.,0.,1.));
#10402=DIRECTION('ref_axis',(-2.22044604925031E-16,-1.,0.));
#10403=DIRECTION('',(0.858714157822176,0.51245487133576,0.));
#10404=DIRECTION('',(0.858714157822176,0.51245487133576,0.));
#10405=DIRECTION('',(-2.22044604925031E-16,-1.,0.));
#10406=DIRECTION('',(-1.,2.22044604925031E-16,0.));
#10407=DIRECTION('center_axis',(-1.,2.22044604925031E-16,0.));
#10408=DIRECTION('ref_axis',(2.22044604925031E-16,1.,0.));
#10409=DIRECTION('',(2.22044604925031E-16,1.,0.));
#10410=DIRECTION('',(0.,0.,-1.));
#10411=DIRECTION('center_axis',(-2.22044604925031E-16,-1.,0.));
#10412=DIRECTION('ref_axis',(-1.,2.22044604925031E-16,0.));
#10413=DIRECTION('',(-1.,2.22044604925031E-16,0.));
#10414=DIRECTION('',(0.,0.,-1.));
#10415=DIRECTION('center_axis',(-1.,2.22044604925031E-16,0.));
#10416=DIRECTION('ref_axis',(2.22044604925031E-16,1.,0.));
#10417=DIRECTION('',(2.22044604925031E-16,1.,0.));
#10418=DIRECTION('',(0.,0.,-1.));
#10419=DIRECTION('center_axis',(-2.22044604925031E-16,-1.,0.));
#10420=DIRECTION('ref_axis',(-1.,2.22044604925031E-16,0.));
#10421=DIRECTION('',(0.,0.,-1.));
#10422=DIRECTION('',(0.,0.,-1.));
#10423=DIRECTION('',(-1.,2.22044604925031E-16,0.));
#10424=DIRECTION('center_axis',(-1.,2.22044604925031E-16,0.));
#10425=DIRECTION('ref_axis',(2.22044604925031E-16,1.,0.));
#10426=DIRECTION('',(2.22044604925031E-16,1.,0.));
#10427=DIRECTION('',(0.,0.,1.));
#10428=DIRECTION('center_axis',(-2.22044604925031E-16,-1.,0.));
#10429=DIRECTION('ref_axis',(-1.,2.22044604925031E-16,0.));
#10430=DIRECTION('',(-1.,2.22044604925031E-16,0.));
#10431=DIRECTION('',(0.,0.,-1.));
#10432=DIRECTION('center_axis',(1.,-2.22044604925031E-16,0.));
#10433=DIRECTION('ref_axis',(-2.22044604925031E-16,-1.,0.));
#10434=DIRECTION('',(-2.22044604925031E-16,-1.,0.));
#10435=DIRECTION('',(0.,0.,-1.));
#10436=DIRECTION('center_axis',(-2.22044604925031E-16,-1.,0.));
#10437=DIRECTION('ref_axis',(-1.,2.22044604925031E-16,0.));
#10438=DIRECTION('',(-1.,2.22044604925031E-16,0.));
#10439=DIRECTION('center_axis',(0.,0.,1.));
#10440=DIRECTION('ref_axis',(-2.22044604925031E-16,-1.,0.));
#10441=DIRECTION('',(0.858714157822176,0.51245487133576,0.));
#10442=DIRECTION('',(-0.839949119626872,0.542665160516171,0.));
#10443=DIRECTION('center_axis',(0.,0.,1.));
#10444=DIRECTION('ref_axis',(-2.22044604925031E-16,-1.,0.));
#10445=DIRECTION('',(0.858714157822176,0.51245487133576,0.));
#10446=DIRECTION('center_axis',(0.,0.,1.));
#10447=DIRECTION('ref_axis',(-2.22044604925031E-16,-1.,0.));
#10448=DIRECTION('',(-0.839949119626872,0.542665160516171,0.));
#10449=DIRECTION('center_axis',(0.,0.,1.));
#10450=DIRECTION('ref_axis',(-2.22044604925031E-16,-1.,0.));
#10451=DIRECTION('',(0.839949119626872,-0.542665160516171,0.));
#10452=DIRECTION('center_axis',(-0.542665160516171,-0.839949119626873,0.));
#10453=DIRECTION('ref_axis',(0.839949119626872,-0.542665160516171,0.));
#10454=DIRECTION('',(0.839949119626872,-0.542665160516171,0.));
#10455=DIRECTION('',(-0.839949119626872,0.542665160516171,0.));
#10456=DIRECTION('center_axis',(0.,0.,1.));
#10457=DIRECTION('ref_axis',(-2.22044604925031E-16,-1.,0.));
#10458=DIRECTION('center_axis',(0.,0.,1.));
#10459=DIRECTION('ref_axis',(-2.22044604925031E-16,-1.,0.));
#10460=DIRECTION('',(-0.858714157822176,-0.51245487133576,0.));
#10461=DIRECTION('center_axis',(-0.51245487133576,0.858714157822176,0.));
#10462=DIRECTION('ref_axis',(-0.858714157822176,-0.51245487133576,0.));
#10463=DIRECTION('',(0.858714157822176,0.51245487133576,0.));
#10464=DIRECTION('',(-0.858714157822176,-0.51245487133576,0.));
#10465=DIRECTION('center_axis',(0.,0.,1.));
#10466=DIRECTION('ref_axis',(-2.22044604925031E-16,-1.,0.));
#10467=DIRECTION('center_axis',(0.,0.,1.));
#10468=DIRECTION('ref_axis',(-2.22044604925031E-16,-1.,0.));
#10469=DIRECTION('center_axis',(0.,0.,1.));
#10470=DIRECTION('ref_axis',(-2.22044604925031E-16,-1.,0.));
#10471=DIRECTION('center_axis',(0.,0.,-1.));
#10472=DIRECTION('ref_axis',(2.27653999472022E-16,1.,0.));
#10473=DIRECTION('center_axis',(0.,0.,-1.));
#10474=DIRECTION('ref_axis',(2.27653999472022E-16,1.,0.));
#10475=DIRECTION('',(0.,0.,-1.));
#10476=DIRECTION('center_axis',(0.,0.,-1.));
#10477=DIRECTION('ref_axis',(2.27653999472022E-16,1.,0.));
#10478=DIRECTION('center_axis',(0.,0.,1.));
#10479=DIRECTION('ref_axis',(2.22044604925031E-16,1.,0.));
#10480=DIRECTION('center_axis',(0.,0.,1.));
#10481=DIRECTION('ref_axis',(-2.22044604925031E-16,-1.,0.));
#10482=DIRECTION('center_axis',(0.,0.,-1.));
#10483=DIRECTION('ref_axis',(-0.707106781186547,0.707106781186547,0.));
#10484=DIRECTION('center_axis',(0.,0.,1.));
#10485=DIRECTION('ref_axis',(-0.707106781186547,0.707106781186547,0.));
#10486=DIRECTION('',(0.,0.,1.));
#10487=DIRECTION('center_axis',(0.,0.,-1.));
#10488=DIRECTION('ref_axis',(-0.707106781186547,0.707106781186547,0.));
#10489=DIRECTION('',(0.,0.,-1.));
#10490=DIRECTION('center_axis',(0.,0.,1.));
#10491=DIRECTION('ref_axis',(-1.,2.22044604925031E-16,0.));
#10492=DIRECTION('',(2.12482875526347E-16,1.,0.));
#10493=DIRECTION('',(1.,-2.22044604925031E-16,0.));
#10494=DIRECTION('',(-2.22044604925031E-16,-1.,0.));
#10495=DIRECTION('',(-1.,0.,0.));
#10496=DIRECTION('',(5.3749191650567E-45,-1.,0.));
#10497=DIRECTION('',(-1.,0.,0.));
#10498=DIRECTION('',(0.,1.,0.));
#10499=DIRECTION('',(0.316227916570377,-0.948683247865987,0.));
#10500=DIRECTION('',(1.,-2.22044604925031E-16,0.));
#10501=DIRECTION('',(9.65411325761006E-17,1.,0.));
#10502=DIRECTION('',(1.,0.,0.));
#10503=DIRECTION('',(9.65411325761006E-17,-1.,0.));
#10504=DIRECTION('',(-1.,0.,0.));
#10505=DIRECTION('center_axis',(0.,0.,-1.));
#10506=DIRECTION('ref_axis',(1.,0.,0.));
#10507=DIRECTION('center_axis',(0.,0.,-1.));
#10508=DIRECTION('ref_axis',(1.,0.,0.));
#10509=DIRECTION('center_axis',(-1.,0.,0.));
#10510=DIRECTION('ref_axis',(0.,0.,1.));
#10511=DIRECTION('',(-2.22044604925031E-16,-1.,0.));
#10512=DIRECTION('',(0.,0.,-1.));
#10513=DIRECTION('center_axis',(-0.62453979730524,0.780992984335922,0.));
#10514=DIRECTION('ref_axis',(0.780992984335922,0.62453979730524,0.));
#10515=DIRECTION('',(0.,0.,1.));
#10516=DIRECTION('',(-0.780992984335922,-0.62453979730524,0.));
#10517=DIRECTION('',(0.,0.,1.));
#10518=DIRECTION('',(-0.780992984335922,-0.62453979730524,0.));
#10519=DIRECTION('center_axis',(0.936743798680991,-0.350015793404679,0.));
#10520=DIRECTION('ref_axis',(-0.350015793404679,-0.936743798680991,0.));
#10521=DIRECTION('',(0.,0.,-1.));
#10522=DIRECTION('',(0.350015793404679,0.936743798680991,0.));
#10523=DIRECTION('',(0.,0.,-1.));
#10524=DIRECTION('',(0.350015793404679,0.936743798680991,0.));
#10525=DIRECTION('center_axis',(0.,-1.,0.));
#10526=DIRECTION('ref_axis',(0.,0.,-1.));
#10527=DIRECTION('',(1.,0.,0.));
#10528=DIRECTION('',(-1.,0.,0.));
#10529=DIRECTION('',(0.,0.,-1.));
#10530=DIRECTION('',(0.,0.,-1.));
#10531=DIRECTION('',(1.,0.,0.));
#10532=DIRECTION('',(0.,0.,-1.));
#10533=DIRECTION('',(-1.,0.,4.87995082476899E-17));
#10534=DIRECTION('',(0.,0.,-1.));
#10535=DIRECTION('center_axis',(1.,-2.22044604925031E-16,0.));
#10536=DIRECTION('ref_axis',(-2.22044604925031E-16,-1.,0.));
#10537=DIRECTION('',(2.22044604925031E-16,1.,0.));
#10538=DIRECTION('',(0.,0.,-1.));
#10539=DIRECTION('',(0.,0.,1.));
#10540=DIRECTION('',(2.22044604925031E-16,1.,0.));
#10541=DIRECTION('',(0.,0.,1.));
#10542=DIRECTION('',(2.22044604925031E-16,1.,0.));
#10543=DIRECTION('',(0.,0.,1.));
#10544=DIRECTION('center_axis',(0.,0.,1.));
#10545=DIRECTION('ref_axis',(0.707106781186548,0.707106781186547,0.));
#10546=DIRECTION('center_axis',(0.,0.,-1.));
#10547=DIRECTION('ref_axis',(-0.707106781186547,0.707106781186548,0.));
#10548=DIRECTION('',(0.,0.,-1.));
#10549=DIRECTION('center_axis',(0.,0.,-1.));
#10550=DIRECTION('ref_axis',(0.707106781186548,0.707106781186547,0.));
#10551=DIRECTION('center_axis',(0.,0.,1.));
#10552=DIRECTION('ref_axis',(-2.22044604925031E-16,-1.,0.));
#10553=DIRECTION('',(-1.,2.22044604925031E-16,0.));
#10554=DIRECTION('',(-2.22044604925031E-16,-1.,0.));
#10555=DIRECTION('',(-1.,2.22044604925031E-16,0.));
#10556=DIRECTION('',(1.,-2.22044604925031E-16,0.));
#10557=DIRECTION('',(-2.22044604925031E-16,-1.,0.));
#10558=DIRECTION('',(1.,-2.22044604925031E-16,0.));
#10559=DIRECTION('',(2.22044604925031E-16,1.,0.));
#10560=DIRECTION('',(1.,-2.22044604925031E-16,0.));
#10561=DIRECTION('',(2.22044604925031E-16,1.,0.));
#10562=DIRECTION('',(-1.,6.93889390390723E-17,0.));
#10563=DIRECTION('',(2.22044604925031E-16,1.,0.));
#10564=DIRECTION('',(-1.,2.22044604925031E-16,0.));
#10565=DIRECTION('',(-2.22044604925031E-16,-1.,0.));
#10566=DIRECTION('',(-1.,2.22044604925031E-16,0.));
#10567=DIRECTION('',(2.22044604925031E-16,1.,0.));
#10568=DIRECTION('center_axis',(0.,0.,1.));
#10569=DIRECTION('ref_axis',(-2.22044604925031E-16,-1.,0.));
#10570=DIRECTION('',(1.,-2.22044604925031E-16,0.));
#10571=DIRECTION('',(-2.22044604925031E-16,-1.,0.));
#10572=DIRECTION('',(1.,-2.22044604925031E-16,0.));
#10573=DIRECTION('',(2.22044604925031E-16,1.,0.));
#10574=DIRECTION('center_axis',(2.22044604925031E-16,1.,0.));
#10575=DIRECTION('ref_axis',(0.,0.,1.));
#10576=DIRECTION('',(0.,0.,-1.));
#10577=DIRECTION('',(0.,0.,-1.));
#10578=DIRECTION('center_axis',(2.22044604925031E-16,1.,0.));
#10579=DIRECTION('ref_axis',(0.,0.,1.));
#10580=DIRECTION('',(0.,0.,1.));
#10581=DIRECTION('',(-1.,2.22044604925031E-16,0.));
#10582=DIRECTION('',(0.,0.,-1.));
#10583=DIRECTION('center_axis',(1.,-2.22044604925031E-16,0.));
#10584=DIRECTION('ref_axis',(-2.22044604925031E-16,-1.,0.));
#10585=DIRECTION('',(0.,0.,1.));
#10586=DIRECTION('',(2.22044604925031E-16,1.,0.));
#10587=DIRECTION('',(2.22044604925031E-16,1.,0.));
#10588=DIRECTION('',(2.22044604925031E-16,1.,0.));
#10589=DIRECTION('',(0.,0.,1.));
#10590=DIRECTION('center_axis',(6.93889390390723E-17,1.,0.));
#10591=DIRECTION('ref_axis',(1.,-6.93889390390723E-17,0.));
#10592=DIRECTION('',(-1.,6.93889390390723E-17,0.));
#10593=DIRECTION('',(-1.,6.93889390390723E-17,0.));
#10594=DIRECTION('',(0.,0.,1.));
#10595=DIRECTION('center_axis',(1.,-2.22044604925031E-16,0.));
#10596=DIRECTION('ref_axis',(-2.22044604925031E-16,-1.,0.));
#10597=DIRECTION('',(2.22044604925031E-16,1.,0.));
#10598=DIRECTION('',(2.22044604925031E-16,1.,0.));
#10599=DIRECTION('',(0.,0.,1.));
#10600=DIRECTION('center_axis',(2.22044604925031E-16,1.,0.));
#10601=DIRECTION('ref_axis',(1.,-2.22044604925031E-16,0.));
#10602=DIRECTION('',(-1.,2.22044604925031E-16,0.));
#10603=DIRECTION('',(0.,0.,1.));
#10604=DIRECTION('center_axis',(-1.,2.22044604925031E-16,0.));
#10605=DIRECTION('ref_axis',(2.22044604925031E-16,1.,0.));
#10606=DIRECTION('',(-2.22044604925031E-16,-1.,0.));
#10607=DIRECTION('',(-2.22044604925031E-16,-1.,0.));
#10608=DIRECTION('',(0.,0.,1.));
#10609=DIRECTION('center_axis',(2.22044604925031E-16,1.,0.));
#10610=DIRECTION('ref_axis',(1.,-2.22044604925031E-16,0.));
#10611=DIRECTION('',(-1.,2.22044604925031E-16,0.));
#10612=DIRECTION('',(-1.,2.22044604925031E-16,0.));
#10613=DIRECTION('',(0.,0.,1.));
#10614=DIRECTION('center_axis',(1.,-2.22044604925031E-16,0.));
#10615=DIRECTION('ref_axis',(-2.22044604925031E-16,-1.,0.));
#10616=DIRECTION('',(2.22044604925031E-16,1.,0.));
#10617=DIRECTION('center_axis',(2.22044604925031E-16,1.,0.));
#10618=DIRECTION('ref_axis',(1.,-2.22044604925031E-16,0.));
#10619=DIRECTION('',(-1.,2.22044604925031E-16,0.));
#10620=DIRECTION('',(0.,0.,1.));
#10621=DIRECTION('',(-1.,2.22044604925031E-16,0.));
#10622=DIRECTION('center_axis',(-2.22044604925031E-16,-1.,0.));
#10623=DIRECTION('ref_axis',(-1.,2.22044604925031E-16,0.));
#10624=DIRECTION('',(1.,-2.22044604925031E-16,0.));
#10625=DIRECTION('',(1.,-2.22044604925031E-16,0.));
#10626=DIRECTION('',(0.,0.,-1.));
#10627=DIRECTION('center_axis',(-1.,2.22044604925031E-16,0.));
#10628=DIRECTION('ref_axis',(2.22044604925031E-16,1.,0.));
#10629=DIRECTION('',(-2.22044604925031E-16,-1.,0.));
#10630=DIRECTION('',(-2.22044604925031E-16,-1.,0.));
#10631=DIRECTION('',(0.,0.,1.));
#10632=DIRECTION('center_axis',(-2.22044604925031E-16,-1.,0.));
#10633=DIRECTION('ref_axis',(-1.,2.22044604925031E-16,0.));
#10634=DIRECTION('',(1.,-2.22044604925031E-16,0.));
#10635=DIRECTION('',(0.,0.,1.));
#10636=DIRECTION('center_axis',(1.,-2.22044604925031E-16,0.));
#10637=DIRECTION('ref_axis',(-2.22044604925031E-16,-1.,0.));
#10638=DIRECTION('',(2.22044604925031E-16,1.,0.));
#10639=DIRECTION('',(2.22044604925031E-16,1.,0.));
#10640=DIRECTION('',(0.,0.,1.));
#10641=DIRECTION('center_axis',(-2.22044604925031E-16,-1.,0.));
#10642=DIRECTION('ref_axis',(-1.,2.22044604925031E-16,0.));
#10643=DIRECTION('',(1.,-2.22044604925031E-16,0.));
#10644=DIRECTION('',(1.,-2.22044604925031E-16,0.));
#10645=DIRECTION('center_axis',(-1.,2.22044604925031E-16,0.));
#10646=DIRECTION('ref_axis',(2.22044604925031E-16,1.,0.));
#10647=DIRECTION('',(-2.22044604925031E-16,-1.,0.));
#10648=DIRECTION('center_axis',(0.,0.,1.));
#10649=DIRECTION('ref_axis',(-2.22044604925031E-16,-1.,0.));
#10650=DIRECTION('center_axis',(0.,0.,1.));
#10651=DIRECTION('ref_axis',(2.51330015417112E-16,1.,0.));
#10652=DIRECTION('center_axis',(0.,0.,1.));
#10653=DIRECTION('ref_axis',(-2.22044604925031E-16,-1.,0.));
#10654=DIRECTION('center_axis',(0.,0.,1.));
#10655=DIRECTION('ref_axis',(2.51330015417112E-16,1.,0.));
#10656=DIRECTION('center_axis',(0.,0.,1.));
#10657=DIRECTION('ref_axis',(-2.22044604925031E-16,-1.,0.));
#10658=DIRECTION('center_axis',(0.,0.,1.));
#10659=DIRECTION('ref_axis',(2.51330015417112E-16,1.,0.));
#10660=DIRECTION('center_axis',(0.,0.,1.));
#10661=DIRECTION('ref_axis',(-2.22044604925031E-16,-1.,0.));
#10662=DIRECTION('center_axis',(0.,0.,1.));
#10663=DIRECTION('ref_axis',(2.51330015417112E-16,1.,0.));
#10664=DIRECTION('center_axis',(0.,0.,1.));
#10665=DIRECTION('ref_axis',(-2.22044604925031E-16,-1.,0.));
#10666=DIRECTION('center_axis',(0.,0.,1.));
#10667=DIRECTION('ref_axis',(2.51330015417112E-16,1.,0.));
#10668=DIRECTION('center_axis',(0.,0.,1.));
#10669=DIRECTION('ref_axis',(2.51330015417112E-16,1.,0.));
#10670=DIRECTION('center_axis',(0.,0.,1.));
#10671=DIRECTION('ref_axis',(2.51330015417112E-16,1.,0.));
#10672=DIRECTION('',(0.,0.,1.));
#10673=DIRECTION('center_axis',(0.,0.,1.));
#10674=DIRECTION('ref_axis',(2.51330015417112E-16,1.,0.));
#10675=DIRECTION('',(0.,0.,1.));
#10676=DIRECTION('center_axis',(-1.,2.22044604925031E-16,0.));
#10677=DIRECTION('ref_axis',(-2.22044604925031E-16,-1.,0.));
#10678=DIRECTION('',(2.22044604925031E-16,1.,0.));
#10679=DIRECTION('',(2.22044604925031E-16,1.,0.));
#10680=DIRECTION('',(0.,0.,1.));
#10681=DIRECTION('center_axis',(2.22044604925031E-16,1.,0.));
#10682=DIRECTION('ref_axis',(-1.,2.22044604925031E-16,0.));
#10683=DIRECTION('',(1.,-2.22044604925031E-16,0.));
#10684=DIRECTION('',(1.,-2.22044604925031E-16,0.));
#10685=DIRECTION('',(0.,0.,1.));
#10686=DIRECTION('center_axis',(0.,0.,1.));
#10687=DIRECTION('ref_axis',(-3.73794695331848E-16,-1.,0.));
#10688=DIRECTION('center_axis',(0.,0.,1.));
#10689=DIRECTION('ref_axis',(2.51330015417112E-16,1.,0.));
#10690=DIRECTION('center_axis',(0.,0.,1.));
#10691=DIRECTION('ref_axis',(2.51330015417112E-16,1.,0.));
#10692=DIRECTION('center_axis',(0.,0.,1.));
#10693=DIRECTION('ref_axis',(2.51330015417112E-16,1.,0.));
#10694=DIRECTION('center_axis',(0.,0.,1.));
#10695=DIRECTION('ref_axis',(2.51330015417112E-16,1.,0.));
#10696=DIRECTION('',(0.,0.,1.));
#10697=DIRECTION('center_axis',(2.22044604925031E-16,1.,0.));
#10698=DIRECTION('ref_axis',(-1.,2.22044604925031E-16,0.));
#10699=DIRECTION('',(1.,-2.22044604925031E-16,0.));
#10700=DIRECTION('',(1.,-2.22044604925031E-16,0.));
#10701=DIRECTION('',(0.,0.,1.));
#10702=DIRECTION('center_axis',(1.,-2.22044604925031E-16,0.));
#10703=DIRECTION('ref_axis',(2.22044604925031E-16,1.,0.));
#10704=DIRECTION('',(-2.22044604925031E-16,-1.,0.));
#10705=DIRECTION('',(-2.22044604925031E-16,-1.,0.));
#10706=DIRECTION('',(0.,0.,1.));
#10707=DIRECTION('center_axis',(0.,0.,1.));
#10708=DIRECTION('ref_axis',(2.22044604925031E-16,1.,0.));
#10709=DIRECTION('center_axis',(0.,0.,-1.));
#10710=DIRECTION('ref_axis',(2.77555756156289E-16,1.,0.));
#10711=DIRECTION('center_axis',(0.,0.,-1.));
#10712=DIRECTION('ref_axis',(2.77555756156289E-16,1.,0.));
#10713=DIRECTION('center_axis',(0.,0.,1.));
#10714=DIRECTION('ref_axis',(2.77555756156289E-16,1.,0.));
#10715=DIRECTION('',(0.,0.,-1.));
#10716=DIRECTION('center_axis',(0.,0.,1.));
#10717=DIRECTION('ref_axis',(-2.22044604925031E-16,-1.,0.));
#10718=DIRECTION('center_axis',(0.,0.,1.));
#10719=DIRECTION('ref_axis',(2.51330015417112E-16,1.,0.));
#10720=DIRECTION('center_axis',(0.,0.,1.));
#10721=DIRECTION('ref_axis',(-2.22044604925031E-16,-1.,0.));
#10722=DIRECTION('center_axis',(0.,0.,1.));
#10723=DIRECTION('ref_axis',(2.51330015417112E-16,1.,0.));
#10724=DIRECTION('',(-1.,2.22044604925031E-16,0.));
#10725=DIRECTION('',(-2.22044604925031E-16,-1.,0.));
#10726=DIRECTION('center_axis',(0.,0.,1.));
#10727=DIRECTION('ref_axis',(2.51330015417112E-16,1.,0.));
#10728=DIRECTION('center_axis',(0.,0.,1.));
#10729=DIRECTION('ref_axis',(-2.22044604925031E-16,-1.,0.));
#10730=DIRECTION('center_axis',(0.,0.,1.));
#10731=DIRECTION('ref_axis',(2.51330015417112E-16,1.,0.));
#10732=DIRECTION('center_axis',(0.,0.,1.));
#10733=DIRECTION('ref_axis',(-2.22044604925031E-16,-1.,0.));
#10734=DIRECTION('center_axis',(0.,0.,1.));
#10735=DIRECTION('ref_axis',(2.51330015417112E-16,1.,0.));
#10736=DIRECTION('center_axis',(0.,0.,1.));
#10737=DIRECTION('ref_axis',(2.51330015417112E-16,1.,0.));
#10738=DIRECTION('',(0.,0.,1.));
#10739=DIRECTION('center_axis',(1.,-2.22044604925031E-16,0.));
#10740=DIRECTION('ref_axis',(2.22044604925031E-16,1.,0.));
#10741=DIRECTION('',(-2.22044604925031E-16,-1.,0.));
#10742=DIRECTION('',(0.,0.,1.));
#10743=DIRECTION('center_axis',(-2.22044604925031E-16,-1.,0.));
#10744=DIRECTION('ref_axis',(1.,-2.22044604925031E-16,0.));
#10745=DIRECTION('',(-1.,2.22044604925031E-16,0.));
#10746=DIRECTION('',(0.,0.,-1.));
#10747=DIRECTION('center_axis',(0.,0.,1.));
#10748=DIRECTION('ref_axis',(2.51330015417112E-16,1.,0.));
#10749=DIRECTION('center_axis',(0.,0.,1.));
#10750=DIRECTION('ref_axis',(2.51330015417112E-16,1.,0.));
#10751=DIRECTION('center_axis',(0.,0.,1.));
#10752=DIRECTION('ref_axis',(2.51330015417112E-16,1.,0.));
#10753=DIRECTION('',(0.,0.,1.));
#10754=DIRECTION('center_axis',(-2.22044604925031E-16,-1.,0.));
#10755=DIRECTION('ref_axis',(1.,-2.22044604925031E-16,0.));
#10756=DIRECTION('',(-1.,2.22044604925031E-16,0.));
#10757=DIRECTION('',(-1.,2.22044604925031E-16,0.));
#10758=DIRECTION('',(0.,0.,1.));
#10759=DIRECTION('center_axis',(-1.,2.22044604925031E-16,0.));
#10760=DIRECTION('ref_axis',(-2.22044604925031E-16,-1.,0.));
#10761=DIRECTION('',(2.22044604925031E-16,1.,0.));
#10762=DIRECTION('',(2.22044604925031E-16,1.,0.));
#10763=DIRECTION('center_axis',(0.,0.,1.));
#10764=DIRECTION('ref_axis',(-0.707106781186548,-0.707106781186547,0.));
#10765=DIRECTION('center_axis',(0.,0.,-1.));
#10766=DIRECTION('ref_axis',(-0.707106781186548,-0.707106781186547,0.));
#10767=DIRECTION('',(0.,0.,-1.));
#10768=DIRECTION('center_axis',(0.,0.,-1.));
#10769=DIRECTION('ref_axis',(0.707106781186547,-0.707106781186548,0.));
#10770=DIRECTION('',(0.,0.,-1.));
#10771=DIRECTION('center_axis',(1.,-2.22044604925031E-16,0.));
#10772=DIRECTION('ref_axis',(2.22044604925031E-16,1.,0.));
#10773=DIRECTION('',(-2.22044604925031E-16,-1.,0.));
#10774=DIRECTION('',(-2.22044604925031E-16,-1.,0.));
#10775=DIRECTION('center_axis',(0.,0.,1.));
#10776=DIRECTION('ref_axis',(-2.22044604925031E-16,-1.,0.));
#10777=DIRECTION('',(2.22044604925031E-16,1.,0.));
#10778=DIRECTION('',(0.,1.,0.));
#10779=DIRECTION('center_axis',(0.,0.,-1.));
#10780=DIRECTION('ref_axis',(2.08166817117217E-16,1.,0.));
#10781=DIRECTION('center_axis',(0.,0.,1.));
#10782=DIRECTION('ref_axis',(2.08166817117217E-16,1.,0.));
#10783=DIRECTION('',(0.,0.,-1.));
#10784=DIRECTION('center_axis',(0.,0.,-1.));
#10785=DIRECTION('ref_axis',(2.08166817117217E-16,1.,0.));
#10786=DIRECTION('center_axis',(0.,0.,1.));
#10787=DIRECTION('ref_axis',(2.22044604925031E-16,1.,0.));
#10788=DIRECTION('center_axis',(-1.,2.22044604925031E-16,0.));
#10789=DIRECTION('ref_axis',(-2.22044604925031E-16,-1.,0.));
#10790=DIRECTION('',(2.22044604925031E-16,1.,0.));
#10791=DIRECTION('center_axis',(0.,0.,1.));
#10792=DIRECTION('ref_axis',(2.22044604925031E-16,1.,0.));
#10793=DIRECTION('',(0.,-1.,0.));
#10794=DIRECTION('center_axis',(-1.,0.,0.));
#10795=DIRECTION('ref_axis',(0.,0.,-1.));
#10796=DIRECTION('',(0.,-1.,0.));
#10797=DIRECTION('',(0.,0.,1.));
#10798=DIRECTION('center_axis',(0.,0.,1.));
#10799=DIRECTION('ref_axis',(-1.,0.,0.));
#10800=DIRECTION('',(0.,-1.,0.));
#10801=DIRECTION('',(0.31622761970422,0.948683346821374,0.));
#10802=DIRECTION('',(-1.,0.,0.));
#10803=DIRECTION('',(0.316227619704221,0.948683346821374,0.));
#10804=DIRECTION('',(-1.,0.,0.));
#10805=DIRECTION('',(0.316227916570378,-0.948683247865987,0.));
#10806=DIRECTION('',(-1.,-1.81764966880515E-16,0.));
#10807=DIRECTION('',(0.31622761970422,0.948683346821374,0.));
#10808=DIRECTION('',(-1.,0.,0.));
#10809=DIRECTION('',(0.316227916570377,-0.948683247865988,0.));
#10810=DIRECTION('',(-1.,0.,0.));
#10811=DIRECTION('',(0.316227619704219,0.948683346821374,0.));
#10812=DIRECTION('',(-1.,0.,0.));
#10813=DIRECTION('',(0.316227916570376,-0.948683247865988,0.));
#10814=DIRECTION('',(-1.,-1.81764966880515E-16,0.));
#10815=DIRECTION('',(0.316227619704219,0.948683346821374,0.));
#10816=DIRECTION('',(-1.,0.,0.));
#10817=DIRECTION('',(0.316227916570378,-0.948683247865987,0.));
#10818=DIRECTION('',(-1.,0.,0.));
#10819=DIRECTION('',(0.316227916570377,-0.948683247865987,0.));
#10820=DIRECTION('center_axis',(0.,0.,-1.));
#10821=DIRECTION('ref_axis',(-1.,0.,0.));
#10822=DIRECTION('',(-1.,0.,0.));
#10823=DIRECTION('',(0.,1.,0.));
#10824=DIRECTION('',(-1.,0.,0.));
#10825=DIRECTION('',(-5.3749191650567E-45,1.,0.));
#10826=DIRECTION('center_axis',(0.,1.,0.));
#10827=DIRECTION('ref_axis',(0.,0.,1.));
#10828=DIRECTION('',(0.,0.,1.));
#10829=DIRECTION('',(0.,0.,1.));
#10830=DIRECTION('',(-1.,0.,0.));
#10831=DIRECTION('',(0.,0.,-1.));
#10832=DIRECTION('',(1.,0.,0.));
#10833=DIRECTION('center_axis',(-1.,0.,0.));
#10834=DIRECTION('ref_axis',(0.,0.,1.));
#10835=DIRECTION('',(0.,0.,1.));
#10836=DIRECTION('',(0.,-1.,0.));
#10837=DIRECTION('center_axis',(0.,-1.,0.));
#10838=DIRECTION('ref_axis',(0.,0.,-1.));
#10839=DIRECTION('',(1.,0.,0.));
#10840=DIRECTION('',(0.,0.,-1.));
#10841=DIRECTION('center_axis',(0.,0.,-1.));
#10842=DIRECTION('ref_axis',(1.,0.,0.));
#10843=DIRECTION('',(0.,0.,-1.));
#10844=DIRECTION('center_axis',(0.,0.,1.));
#10845=DIRECTION('ref_axis',(1.,0.,0.));
#10846=DIRECTION('center_axis',(0.,1.,0.));
#10847=DIRECTION('ref_axis',(1.,0.,0.));
#10848=DIRECTION('',(0.,0.,1.));
#10849=DIRECTION('',(1.,0.,0.));
#10850=DIRECTION('',(0.,0.,-1.));
#10851=DIRECTION('center_axis',(3.41037739359215E-15,1.,0.));
#10852=DIRECTION('ref_axis',(-1.,3.41037739359215E-15,0.));
#10853=DIRECTION('',(-1.,3.41037739359215E-15,0.));
#10854=DIRECTION('',(0.,0.,1.));
#10855=DIRECTION('',(-1.,3.41037739359215E-15,0.));
#10856=DIRECTION('',(0.,0.,1.));
#10857=DIRECTION('center_axis',(0.,1.,0.));
#10858=DIRECTION('ref_axis',(-1.,0.,0.));
#10859=DIRECTION('',(0.,0.,1.));
#10860=DIRECTION('',(-1.,0.,0.));
#10861=DIRECTION('center_axis',(-1.,-5.3749191650567E-45,0.));
#10862=DIRECTION('ref_axis',(0.,0.,-1.));
#10863=DIRECTION('',(-5.3749191650567E-45,1.,0.));
#10864=DIRECTION('',(5.3749191650567E-45,-1.,0.));
#10865=DIRECTION('center_axis',(1.,-2.22044604925031E-16,0.));
#10866=DIRECTION('ref_axis',(2.22044604925031E-16,1.,0.));
#10867=DIRECTION('',(2.22044604925031E-16,1.,0.));
#10868=DIRECTION('',(0.,0.,1.));
#10869=DIRECTION('',(2.22044604925031E-16,1.,0.));
#10870=DIRECTION('center_axis',(0.,0.,1.));
#10871=DIRECTION('ref_axis',(-2.22044604925031E-16,-1.,0.));
#10872=DIRECTION('',(-2.22044604925031E-16,-1.,0.));
#10873=DIRECTION('',(1.,-2.22044604925031E-16,0.));
#10874=DIRECTION('center_axis',(-1.,2.22044604925031E-16,0.));
#10875=DIRECTION('ref_axis',(-2.22044604925031E-16,-1.,0.));
#10876=DIRECTION('',(-2.22044604925031E-16,-1.,0.));
#10877=DIRECTION('',(0.,0.,1.));
#10878=DIRECTION('center_axis',(0.,0.,1.));
#10879=DIRECTION('ref_axis',(-2.22044604925031E-16,-1.,0.));
#10880=DIRECTION('',(0.,-1.,0.));
#10881=DIRECTION('',(1.,-2.22044604925031E-16,0.));
#10882=DIRECTION('',(0.31622761970422,0.948683346821374,0.));
#10883=DIRECTION('',(1.,0.,0.));
#10884=DIRECTION('',(0.,1.,0.));
#10885=DIRECTION('',(-1.,0.,0.));
#10886=DIRECTION('center_axis',(-1.,9.65411325761006E-17,0.));
#10887=DIRECTION('ref_axis',(9.65411325761006E-17,1.,0.));
#10888=DIRECTION('',(0.,-1.,0.));
#10889=DIRECTION('',(0.,0.,-1.));
#10890=DIRECTION('center_axis',(1.,0.,0.));
#10891=DIRECTION('ref_axis',(0.,0.,-1.));
#10892=DIRECTION('',(2.22044604925031E-16,1.,0.));
#10893=DIRECTION('',(0.,0.,1.));
#10894=DIRECTION('center_axis',(0.,0.,-1.));
#10895=DIRECTION('ref_axis',(2.22044604925031E-16,1.,0.));
#10896=DIRECTION('',(-1.,0.,0.));
#10897=DIRECTION('',(-0.316227619704219,-0.948683346821374,0.));
#10898=DIRECTION('',(1.,1.81764966880515E-16,0.));
#10899=DIRECTION('',(-0.316227916570376,0.948683247865988,0.));
#10900=DIRECTION('',(1.,-2.22044604925031E-16,0.));
#10901=DIRECTION('',(-0.316227619704219,-0.948683346821374,0.));
#10902=DIRECTION('',(1.,0.,0.));
#10903=DIRECTION('',(-0.316227916570377,0.948683247865988,0.));
#10904=DIRECTION('',(1.,-2.22044604925031E-16,0.));
#10905=DIRECTION('',(-0.31622761970422,-0.948683346821374,0.));
#10906=DIRECTION('',(1.,1.81764966880515E-16,0.));
#10907=DIRECTION('',(-0.316227916570378,0.948683247865987,0.));
#10908=DIRECTION('',(1.,-2.22044604925031E-16,0.));
#10909=DIRECTION('',(-9.65411325761006E-17,1.,0.));
#10910=DIRECTION('',(-1.,0.,0.));
#10911=DIRECTION('center_axis',(0.,0.,1.));
#10912=DIRECTION('ref_axis',(1.,0.,0.));
#10913=DIRECTION('center_axis',(0.,1.,0.));
#10914=DIRECTION('ref_axis',(1.,0.,0.));
#10915=DIRECTION('',(0.,0.,-1.));
#10916=DIRECTION('center_axis',(0.,0.,-1.));
#10917=DIRECTION('ref_axis',(1.,0.,0.));
#10918=DIRECTION('',(0.,0.,-1.));
#10919=DIRECTION('center_axis',(-0.948683346821374,0.316227619704221,0.));
#10920=DIRECTION('ref_axis',(0.316227619704221,0.948683346821374,0.));
#10921=DIRECTION('',(-0.316227619704221,-0.948683346821374,0.));
#10922=DIRECTION('',(0.,0.,-1.));
#10923=DIRECTION('',(0.,0.,-1.));
#10924=DIRECTION('center_axis',(0.,-1.,0.));
#10925=DIRECTION('ref_axis',(-1.,0.,0.));
#10926=DIRECTION('',(1.,0.,0.));
#10927=DIRECTION('',(0.,0.,1.));
#10928=DIRECTION('center_axis',(0.,-1.,0.));
#10929=DIRECTION('ref_axis',(-1.,0.,0.));
#10930=DIRECTION('',(1.,0.,0.));
#10931=DIRECTION('',(0.,0.,-1.));
#10932=DIRECTION('',(0.,0.,-1.));
#10933=DIRECTION('center_axis',(0.948683247865987,0.316227916570378,0.));
#10934=DIRECTION('ref_axis',(0.316227916570378,-0.948683247865987,0.));
#10935=DIRECTION('',(-0.316227916570378,0.948683247865987,0.));
#10936=DIRECTION('',(0.,0.,-1.));
#10937=DIRECTION('center_axis',(0.,-1.,0.));
#10938=DIRECTION('ref_axis',(-1.,0.,0.));
#10939=DIRECTION('',(1.,0.,0.));
#10940=DIRECTION('',(0.,0.,-1.));
#10941=DIRECTION('center_axis',(1.81764966880515E-16,-1.,0.));
#10942=DIRECTION('ref_axis',(-1.,-1.81764966880515E-16,0.));
#10943=DIRECTION('',(0.,0.,-1.));
#10944=DIRECTION('',(0.,0.,-1.));
#10945=DIRECTION('center_axis',(0.948683247865988,0.316227916570376,0.));
#10946=DIRECTION('ref_axis',(0.316227916570376,-0.948683247865988,0.));
#10947=DIRECTION('',(-0.316227916570376,0.948683247865988,0.));
#10948=DIRECTION('',(0.,0.,1.));
#10949=DIRECTION('',(0.,0.,-1.));
#10950=DIRECTION('center_axis',(0.,-1.,0.));
#10951=DIRECTION('ref_axis',(-1.,0.,0.));
#10952=DIRECTION('',(1.,0.,0.));
#10953=DIRECTION('',(0.,0.,-1.));
#10954=DIRECTION('center_axis',(-0.948683346821374,0.316227619704219,0.));
#10955=DIRECTION('ref_axis',(0.316227619704219,0.948683346821374,0.));
#10956=DIRECTION('',(0.,0.,-1.));
#10957=DIRECTION('',(-0.316227619704219,-0.948683346821374,0.));
#10958=DIRECTION('',(0.,0.,-1.));
#10959=DIRECTION('center_axis',(0.,-1.,0.));
#10960=DIRECTION('ref_axis',(-1.,0.,0.));
#10961=DIRECTION('',(0.,0.,-1.));
#10962=DIRECTION('center_axis',(0.948683247865988,0.316227916570377,0.));
#10963=DIRECTION('ref_axis',(0.316227916570377,-0.948683247865988,0.));
#10964=DIRECTION('',(-0.316227916570377,0.948683247865988,0.));
#10965=DIRECTION('',(0.,0.,1.));
#10966=DIRECTION('',(0.,0.,-1.));
#10967=DIRECTION('center_axis',(0.,-1.,0.));
#10968=DIRECTION('ref_axis',(-1.,0.,0.));
#10969=DIRECTION('',(1.,0.,0.));
#10970=DIRECTION('',(0.,0.,-1.));
#10971=DIRECTION('center_axis',(-0.948683346821374,0.316227619704221,0.));
#10972=DIRECTION('ref_axis',(0.31622761970422,0.948683346821374,0.));
#10973=DIRECTION('',(0.,0.,-1.));
#10974=DIRECTION('',(-0.31622761970422,-0.948683346821374,0.));
#10975=DIRECTION('',(0.,0.,-1.));
#10976=DIRECTION('center_axis',(1.81764966880515E-16,-1.,0.));
#10977=DIRECTION('ref_axis',(-1.,-1.81764966880515E-16,0.));
#10978=DIRECTION('',(0.,0.,-1.));
#10979=DIRECTION('center_axis',(0.948683247865987,0.316227916570378,0.));
#10980=DIRECTION('ref_axis',(0.316227916570378,-0.948683247865987,0.));
#10981=DIRECTION('',(-0.316227916570378,0.948683247865987,0.));
#10982=DIRECTION('',(0.,0.,1.));
#10983=DIRECTION('',(0.,0.,-1.));
#10984=DIRECTION('center_axis',(0.,-1.,0.));
#10985=DIRECTION('ref_axis',(-1.,0.,0.));
#10986=DIRECTION('',(1.,0.,0.));
#10987=DIRECTION('center_axis',(-0.948683346821374,0.316227619704219,0.));
#10988=DIRECTION('ref_axis',(0.316227619704219,0.948683346821374,0.));
#10989=DIRECTION('',(0.,0.,-1.));
#10990=DIRECTION('',(-0.316227619704219,-0.948683346821374,0.));
#10991=DIRECTION('center_axis',(-0.948683346821374,0.31622761970422,0.));
#10992=DIRECTION('ref_axis',(0.31622761970422,0.948683346821374,0.));
#10993=DIRECTION('',(0.,0.,1.));
#10994=DIRECTION('',(0.31622761970422,0.948683346821374,-3.43006958711666E-31));
#10995=DIRECTION('',(0.,0.,-1.));
#10996=DIRECTION('',(0.,0.,-1.));
#10997=DIRECTION('',(0.31622761970422,0.948683346821374,0.));
#10998=DIRECTION('center_axis',(0.948683247865987,0.316227916570377,0.));
#10999=DIRECTION('ref_axis',(0.316227916570377,-0.948683247865987,0.));
#11000=DIRECTION('',(0.316227916570377,-0.948683247865987,0.));
#11001=DIRECTION('',(0.,0.,1.));
#11002=DIRECTION('center_axis',(0.,0.,1.));
#11003=DIRECTION('ref_axis',(1.,0.,0.));
#11004=DIRECTION('',(1.,-2.19446339928318E-16,0.));
#11005=DIRECTION('center_axis',(-2.22044604925031E-16,-1.,0.));
#11006=DIRECTION('ref_axis',(0.,0.,-1.));
#11007=DIRECTION('center_axis',(-2.22044604925031E-16,-1.,0.));
#11008=DIRECTION('ref_axis',(0.,0.,-1.));
#11009=DIRECTION('',(1.,-2.19446339928318E-16,0.));
#11010=DIRECTION('center_axis',(-2.22044604925031E-16,-1.,0.));
#11011=DIRECTION('ref_axis',(0.,0.,-1.));
#11012=DIRECTION('',(1.,-2.19446339928318E-16,0.));
#11013=DIRECTION('center_axis',(-2.22044604925031E-16,-1.,0.));
#11014=DIRECTION('ref_axis',(0.,0.,-1.));
#11015=DIRECTION('',(1.,-2.19446339928318E-16,0.));
#11016=DIRECTION('center_axis',(0.,1.,0.));
#11017=DIRECTION('ref_axis',(0.,0.,1.));
#11018=DIRECTION('center_axis',(1.,0.,-1.93082264651827E-16));
#11019=DIRECTION('ref_axis',(1.93082264651827E-16,0.,1.));
#11020=DIRECTION('',(0.,0.,-1.));
#11021=DIRECTION('',(0.,1.,0.));
#11022=DIRECTION('center_axis',(1.08468374467889E-30,0.,1.));
#11023=DIRECTION('ref_axis',(1.,-2.22044604925031E-16,-1.08468374467889E-30));
#11024=DIRECTION('',(1.,-2.22044604925031E-16,-1.08468374467889E-30));
#11025=DIRECTION('center_axis',(0.,0.,1.));
#11026=DIRECTION('ref_axis',(1.,0.,0.));
#11027=DIRECTION('center_axis',(0.,0.,1.));
#11028=DIRECTION('ref_axis',(1.,0.,0.));
#11029=DIRECTION('center_axis',(0.,0.,1.));
#11030=DIRECTION('ref_axis',(1.,0.,0.));
#11031=DIRECTION('center_axis',(0.,1.,0.));
#11032=DIRECTION('ref_axis',(0.,0.,1.));
#11033=DIRECTION('center_axis',(1.,9.65411325761006E-17,0.));
#11034=DIRECTION('ref_axis',(9.65411325761006E-17,-1.,0.));
#11035=DIRECTION('center_axis',(-1.,0.,0.));
#11036=DIRECTION('ref_axis',(0.,-0.707106781186548,-0.707106781186548));
#11037=DIRECTION('center_axis',(-1.,0.,0.));
#11038=DIRECTION('ref_axis',(0.,-0.707106781186548,-0.707106781186548));
#11039=DIRECTION('',(1.,0.,0.));
#11040=DIRECTION('center_axis',(1.,0.,0.));
#11041=DIRECTION('ref_axis',(0.,-0.707106781186548,-0.707106781186548));
#11042=DIRECTION('',(-1.,0.,0.));
#11043=DIRECTION('center_axis',(0.,0.,1.));
#11044=DIRECTION('ref_axis',(-1.,0.,0.));
#11045=DIRECTION('',(0.,1.,0.));
#11046=DIRECTION('',(1.,0.,0.));
#11047=DIRECTION('',(0.,1.,0.));
#11048=DIRECTION('center_axis',(0.,0.,-1.));
#11049=DIRECTION('ref_axis',(-1.,0.,0.));
#11050=DIRECTION('center_axis',(0.,-1.,0.));
#11051=DIRECTION('ref_axis',(-1.,0.,0.));
#11052=DIRECTION('',(1.,0.,0.));
#11053=DIRECTION('',(0.,0.,-1.));
#11054=DIRECTION('',(-1.,0.,0.));
#11055=DIRECTION('',(0.,0.,-1.));
#11056=DIRECTION('center_axis',(0.,0.,-1.));
#11057=DIRECTION('ref_axis',(-1.,0.,0.));
#11058=DIRECTION('center_axis',(0.,0.,1.));
#11059=DIRECTION('ref_axis',(-1.,0.,0.));
#11060=DIRECTION('',(0.,0.,1.));
#11061=DIRECTION('center_axis',(1.,0.,0.));
#11062=DIRECTION('ref_axis',(0.,-1.,0.));
#11063=DIRECTION('',(0.,0.,-1.));
#11064=DIRECTION('',(0.,-1.,0.));
#11065=DIRECTION('',(0.,0.,-1.));
#11066=DIRECTION('center_axis',(0.,1.,0.));
#11067=DIRECTION('ref_axis',(1.,0.,0.));
#11068=DIRECTION('',(1.,0.,0.));
#11069=DIRECTION('',(0.,0.,-1.));
#11070=DIRECTION('center_axis',(-1.,0.,0.));
#11071=DIRECTION('ref_axis',(0.,1.,0.));
#11072=DIRECTION('',(0.,1.,0.));
#11073=DIRECTION('',(0.,0.,-1.));
#11074=DIRECTION('center_axis',(0.,0.,1.));
#11075=DIRECTION('ref_axis',(-1.,0.,0.));
#11076=DIRECTION('center_axis',(0.,1.,0.));
#11077=DIRECTION('ref_axis',(1.,0.,0.));
#11078=DIRECTION('',(0.,0.,-1.));
#11079=DIRECTION('',(1.,0.,0.));
#11080=DIRECTION('',(0.,0.,-1.));
#11081=DIRECTION('center_axis',(0.,-1.,0.));
#11082=DIRECTION('ref_axis',(-1.,0.,0.));
#11083=DIRECTION('',(-1.,0.,0.));
#11084=DIRECTION('',(0.,0.,-1.));
#11085=DIRECTION('',(-1.,0.,0.));
#11086=DIRECTION('',(0.,0.,-1.));
#11087=DIRECTION('center_axis',(0.966767582959524,0.25565688048359,0.));
#11088=DIRECTION('ref_axis',(0.25565688048359,-0.966767582959524,0.));
#11089=DIRECTION('',(-0.25565688048359,0.966767582959524,0.));
#11090=DIRECTION('',(0.25565688048359,-0.966767582959524,0.));
#11091=DIRECTION('center_axis',(-0.966767547650252,0.255657014005716,0.));
#11092=DIRECTION('ref_axis',(0.255657014005716,0.966767547650252,0.));
#11093=DIRECTION('',(-0.255657014005716,-0.966767547650252,0.));
#11094=DIRECTION('',(0.255657014005716,0.966767547650252,0.));
#11095=DIRECTION('center_axis',(0.,0.,1.));
#11096=DIRECTION('ref_axis',(-1.,0.,0.));
#11097=DIRECTION('center_axis',(0.,0.,-1.));
#11098=DIRECTION('ref_axis',(-1.,0.,0.));
#11099=DIRECTION('',(3.38618022510678E-15,-0.999999999999999,-2.1468937738689E-14));
#11100=DIRECTION('',(-1.8821749714281E-16,2.14828155264968E-14,-1.));
#11101=CARTESIAN_POINT('',(0.,0.,0.));
#11102=CARTESIAN_POINT('',(0.,0.,0.));
#11103=CARTESIAN_POINT('Origin',(16.0500007623341,67.9,-22.3000003229827));
#11104=CARTESIAN_POINT('',(16.0500007623341,67.9,-22.3000003229827));
#11105=CARTESIAN_POINT('',(-16.05,67.9,-22.3000003229827));
#11106=CARTESIAN_POINT('',(16.0500007623341,67.9,-22.3000003229827));
#11107=CARTESIAN_POINT('',(-16.05,77.9,-22.3000003229827));
#11108=CARTESIAN_POINT('',(-16.05,67.9,-22.3000003229827));
#11109=CARTESIAN_POINT('',(16.0500007623341,77.9,-22.3000003229827));
#11110=CARTESIAN_POINT('',(-16.05,77.9,-22.3000003229827));
#11111=CARTESIAN_POINT('',(16.0500007623341,67.9,-22.3000003229827));
#11112=CARTESIAN_POINT('Origin',(16.0500007623341,5.9,-22.3000003229827));
#11113=CARTESIAN_POINT('',(16.0500007623341,5.9,-22.3000003229827));
#11114=CARTESIAN_POINT('',(-16.05,5.9,-22.3000003229827));
#11115=CARTESIAN_POINT('',(16.0500007623341,5.9,-22.3000003229827));
#11116=CARTESIAN_POINT('',(-16.05,25.1,-22.2999998480082));
#11117=CARTESIAN_POINT('',(-16.05,25.1,-22.2999998480082));
#11118=CARTESIAN_POINT('',(16.0499996412545,25.1,-22.2999998480082));
#11119=CARTESIAN_POINT('',(16.0499996412545,25.1,-22.2999998480082));
#11120=CARTESIAN_POINT('',(16.0499996412545,25.1,-22.2999998480082));
#11121=CARTESIAN_POINT('Origin',(-16.05,-5.9,-22.2999998480082));
#11122=CARTESIAN_POINT('',(-16.05,-5.9,-22.2999998480082));
#11123=CARTESIAN_POINT('',(16.0499996412545,-5.9,-22.2999998480082));
#11124=CARTESIAN_POINT('',(16.0499996412545,-5.9,-22.2999998480082));
#11125=CARTESIAN_POINT('',(16.05,-16.0000002384186,-22.2999998480082));
#11126=CARTESIAN_POINT('',(16.0499996412545,-5.9,-22.2999998480082));
#11127=CARTESIAN_POINT('',(-16.0000002384186,-16.0000002384186,-22.2999998480082));
#11128=CARTESIAN_POINT('',(8.03749994039536,-16.0000002384186,-22.2999998480082));
#11129=CARTESIAN_POINT('',(-16.0000002384186,-6.9,-22.2999998480082));
#11130=CARTESIAN_POINT('',(-16.0000002384186,-13.7250001788139,-22.2999998480082));
#11131=CARTESIAN_POINT('',(-16.05,-6.9,-22.2999998480082));
#11132=CARTESIAN_POINT('',(16.0499996412545,-6.9,-22.2999998480082));
#11133=CARTESIAN_POINT('',(-16.05,-5.9,-22.2999998480082));
#11134=CARTESIAN_POINT('Origin',(-16.05,56.1,-22.2999998480082));
#11135=CARTESIAN_POINT('',(-16.05,56.1,-22.2999998480082));
#11136=CARTESIAN_POINT('',(16.0499996412545,56.1,-22.2999998480082));
#11137=CARTESIAN_POINT('',(16.0499996412545,56.1,-22.2999998480082));
#11138=CARTESIAN_POINT('',(16.0500007623341,36.9,-22.3000003229827));
#11139=CARTESIAN_POINT('',(16.0499996412545,56.1,-22.2999998480082));
#11140=CARTESIAN_POINT('',(-16.05,36.9,-22.3000003229827));
#11141=CARTESIAN_POINT('',(16.0500007623341,36.9,-22.3000003229827));
#11142=CARTESIAN_POINT('',(-16.05,56.1,-22.2999998480082));
#11143=CARTESIAN_POINT('Origin',(0.0249998807907104,-11.4500001192093,0.));
#11144=CARTESIAN_POINT('',(16.05,-11.4,0.));
#11145=CARTESIAN_POINT('',(16.0457628640139,-11.4,0.));
#11146=CARTESIAN_POINT('',(2.52500019058352,-11.4,0.));
#11147=CARTESIAN_POINT('',(16.0457628640139,-15.9000179536437,0.));
#11148=CARTESIAN_POINT('',(16.0457628640139,-15.9000179536437,0.));
#11149=CARTESIAN_POINT('',(0.0457628640139318,-15.9000179536437,0.));
#11150=CARTESIAN_POINT('',(-5.95423713598607,-15.9000179536437,0.));
#11151=CARTESIAN_POINT('',(0.0457628640139318,-10.9000179536437,0.));
#11152=CARTESIAN_POINT('',(0.0457628640139318,-6.8000179536437,0.));
#11153=CARTESIAN_POINT('',(-4.7,-10.9000179536437,0.));
#11154=CARTESIAN_POINT('',(-0.454237135986069,-10.9000179536437,0.));
#11155=CARTESIAN_POINT('',(-5.95,-9.65001795364369,0.));
#11156=CARTESIAN_POINT('Origin',(-4.7,-9.65001795364369,0.));
#11157=CARTESIAN_POINT('',(-5.95,-6.9,0.));
#11158=CARTESIAN_POINT('',(-5.95,-5.9,0.));
#11159=CARTESIAN_POINT('',(-16.0000002384186,-6.9,0.));
#11160=CARTESIAN_POINT('',(3.15818856039399,-6.9,0.));
#11161=CARTESIAN_POINT('',(-16.0000002384186,-16.0000002384186,0.));
#11162=CARTESIAN_POINT('',(-16.0000002384186,-6.9,0.));
#11163=CARTESIAN_POINT('',(16.05,-16.0000002384186,0.));
#11164=CARTESIAN_POINT('',(-16.0000002384186,-16.0000002384186,0.));
#11165=CARTESIAN_POINT('',(16.05,-16.0000002384186,0.));
#11166=CARTESIAN_POINT('Origin',(-16.0000002384186,-16.0000002384186,0.));
#11167=CARTESIAN_POINT('',(-16.0000002384186,-16.0000002384186,0.));
#11168=CARTESIAN_POINT('',(-16.0000002384186,-6.9,1.075));
#11169=CARTESIAN_POINT('Origin',(16.05,-16.0000002384186,0.));
#11170=CARTESIAN_POINT('',(16.05,-16.0000002384186,-6.79999984800816));
#11171=CARTESIAN_POINT('Origin',(6.29137723999727,-6.9,2.15));
#11172=CARTESIAN_POINT('',(-5.95,-6.9,2.15));
#11173=CARTESIAN_POINT('',(-5.95,-6.9,0.5375));
#11174=CARTESIAN_POINT('',(-16.05,-6.9,2.15));
#11175=CARTESIAN_POINT('',(-8.475,-6.9,2.15));
#11176=CARTESIAN_POINT('',(-16.05,-6.9,10.825));
#11177=CARTESIAN_POINT('Origin',(16.05,24.1,0.));
#11178=CARTESIAN_POINT('',(16.0457628640139,15.9,0.));
#11179=CARTESIAN_POINT('',(16.0457628640139,19.6,0.));
#11180=CARTESIAN_POINT('',(16.0457628640139,15.0999820463563,0.));
#11181=CARTESIAN_POINT('',(16.05,15.9,0.));
#11182=CARTESIAN_POINT('',(8.02500019058352,15.9,0.));
#11183=CARTESIAN_POINT('',(16.05,19.6,0.));
#11184=CARTESIAN_POINT('',(16.05,24.1,0.));
#11185=CARTESIAN_POINT('',(2.52500019058352,19.6,0.));
#11186=CARTESIAN_POINT('Origin',(16.05,24.1,0.));
#11187=CARTESIAN_POINT('',(0.0457628640139318,15.9,0.));
#11188=CARTESIAN_POINT('',(0.0457628640139318,20.0999820463563,0.));
#11189=CARTESIAN_POINT('',(0.0457628640139318,24.1999820463563,0.));
#11190=CARTESIAN_POINT('',(-4.7,20.0999820463563,0.));
#11191=CARTESIAN_POINT('',(-0.454237135986069,20.0999820463563,0.));
#11192=CARTESIAN_POINT('',(-5.95,21.3499820463563,0.));
#11193=CARTESIAN_POINT('Origin',(-4.7,21.3499820463563,0.));
#11194=CARTESIAN_POINT('',(-5.95,15.9,0.));
#11195=CARTESIAN_POINT('',(-5.95,24.1,0.));
#11196=CARTESIAN_POINT('',(8.02500019058352,15.9,0.));
#11197=CARTESIAN_POINT('Origin',(-5.95,24.1,0.));
#11198=CARTESIAN_POINT('',(-5.95,21.3499820463563,2.15));
#11199=CARTESIAN_POINT('',(-5.95,21.3499820463563,0.));
#11200=CARTESIAN_POINT('',(-5.95,15.9,2.15));
#11201=CARTESIAN_POINT('',(-5.95,24.1,2.15));
#11202=CARTESIAN_POINT('',(-5.95,15.9,-0.625000080745666));
#11203=CARTESIAN_POINT('Origin',(3.81167046814568E-7,15.9,-1.25000016149133));
#11204=CARTESIAN_POINT('',(16.0457628640139,15.9,4.3));
#11205=CARTESIAN_POINT('',(16.0457628640139,15.9,-0.625000080745666));
#11206=CARTESIAN_POINT('',(16.0500007623341,15.9,4.3));
#11207=CARTESIAN_POINT('',(16.0500007623341,15.9,4.3));
#11208=CARTESIAN_POINT('',(16.0500007623341,15.9,-6.80000032298267));
#11209=CARTESIAN_POINT('Origin',(16.0457628640139,37.3999820463563,0.));
#11210=CARTESIAN_POINT('',(16.0457628640139,15.0999820463563,4.3));
#11211=CARTESIAN_POINT('',(16.0457628640139,18.9499820463563,4.3));
#11212=CARTESIAN_POINT('',(16.0457628640139,19.6,4.3));
#11213=CARTESIAN_POINT('',(16.0457628640139,19.6,1.54999991925433));
#11214=CARTESIAN_POINT('',(16.0457628640139,20.0999820463563,4.3));
#11215=CARTESIAN_POINT('',(16.0457628640139,34.1999910231782,4.3));
#11216=CARTESIAN_POINT('',(16.0457628640139,20.0999820463563,7.19999983906746));
#11217=CARTESIAN_POINT('',(16.0457628640139,20.0999820463563,1.54999991925433));
#11218=CARTESIAN_POINT('',(16.0457628640139,19.0999820463563,6.9));
#11219=CARTESIAN_POINT('',(16.0457628640139,20.0999820463563,7.19999983906746));
#11220=CARTESIAN_POINT('',(16.0457628640139,17.0999820463563,6.9));
#11221=CARTESIAN_POINT('',(16.0457628640139,19.0999820463563,6.9));
#11222=CARTESIAN_POINT('',(16.0457628640139,17.0999820463563,8.2));
#11223=CARTESIAN_POINT('',(16.0457628640139,17.0999820463563,0.));
#11224=CARTESIAN_POINT('',(16.0457628640139,19.0999820463563,8.2));
#11225=CARTESIAN_POINT('',(16.0457628640139,17.0999820463563,8.2));
#11226=CARTESIAN_POINT('',(16.0457628640139,20.0999820463563,7.99999982118607));
#11227=CARTESIAN_POINT('',(16.0457628640139,20.0999820463563,7.99999982118607));
#11228=CARTESIAN_POINT('',(16.0457628640139,20.0999820463563,12.));
#11229=CARTESIAN_POINT('',(16.0457628640139,20.0999820463563,8.8));
#11230=CARTESIAN_POINT('',(16.0457628640139,15.0999820463563,12.));
#11231=CARTESIAN_POINT('',(16.0457628640139,15.0999820463563,12.));
#11232=CARTESIAN_POINT('',(16.0457628640139,15.0999820463563,0.));
#11233=CARTESIAN_POINT('Origin',(16.05,55.1,0.));
#11234=CARTESIAN_POINT('',(16.05,50.6,0.));
#11235=CARTESIAN_POINT('',(16.0457628640139,50.6,0.));
#11236=CARTESIAN_POINT('',(2.52500019058352,50.6,0.));
#11237=CARTESIAN_POINT('',(16.0457628640139,46.9,0.));
#11238=CARTESIAN_POINT('',(16.0457628640139,46.0999820463563,0.));
#11239=CARTESIAN_POINT('',(16.05,46.9,0.));
#11240=CARTESIAN_POINT('',(8.02500019058352,46.9,0.));
#11241=CARTESIAN_POINT('',(16.05,55.1,0.));
#11242=CARTESIAN_POINT('Origin',(-5.95,55.1,0.));
#11243=CARTESIAN_POINT('',(-5.95,52.3499820463563,2.15));
#11244=CARTESIAN_POINT('',(-5.95,52.3499820463563,0.));
#11245=CARTESIAN_POINT('',(-5.95,52.3499820463563,0.));
#11246=CARTESIAN_POINT('',(-5.95,46.9,2.15));
#11247=CARTESIAN_POINT('',(-5.95,55.1,2.15));
#11248=CARTESIAN_POINT('',(-5.95,46.9,0.));
#11249=CARTESIAN_POINT('',(-5.95,46.9,-0.625000080745666));
#11250=CARTESIAN_POINT('',(-5.95,55.1,0.));
#11251=CARTESIAN_POINT('Origin',(16.05,55.1,0.));
#11252=CARTESIAN_POINT('',(-4.7,51.0999820463563,0.));
#11253=CARTESIAN_POINT('Origin',(-4.7,52.3499820463563,0.));
#11254=CARTESIAN_POINT('',(0.0457628640139318,46.9,0.));
#11255=CARTESIAN_POINT('',(8.02500019058352,46.9,0.));
#11256=CARTESIAN_POINT('',(0.0457628640139318,51.0999820463563,0.));
#11257=CARTESIAN_POINT('',(0.0457628640139318,55.1999820463563,0.));
#11258=CARTESIAN_POINT('',(-0.454237135986069,51.0999820463563,0.));
#11259=CARTESIAN_POINT('Origin',(3.81167046814568E-7,46.9,-1.25000016149133));
#11260=CARTESIAN_POINT('',(16.0457628640139,46.9,4.3));
#11261=CARTESIAN_POINT('',(16.0457628640139,46.9,-0.625000080745666));
#11262=CARTESIAN_POINT('',(16.0500007623341,46.9,4.3));
#11263=CARTESIAN_POINT('',(16.0500007623341,46.9,4.3));
#11264=CARTESIAN_POINT('',(16.0500007623341,46.9,-6.80000032298267));
#11265=CARTESIAN_POINT('Origin',(16.0457628640139,68.3999820463563,0.));
#11266=CARTESIAN_POINT('',(16.0457628640139,46.0999820463563,4.3));
#11267=CARTESIAN_POINT('',(16.0457628640139,49.9499820463563,4.3));
#11268=CARTESIAN_POINT('',(16.0457628640139,50.6,4.3));
#11269=CARTESIAN_POINT('',(16.0457628640139,50.6,1.54999991925433));
#11270=CARTESIAN_POINT('',(16.0457628640139,51.0999820463563,4.3));
#11271=CARTESIAN_POINT('',(16.0457628640139,65.1999910231782,4.3));
#11272=CARTESIAN_POINT('',(16.0457628640139,51.0999820463563,7.19999983906746));
#11273=CARTESIAN_POINT('',(16.0457628640139,51.0999820463563,1.54999991925433));
#11274=CARTESIAN_POINT('',(16.0457628640139,50.0999820463563,6.9));
#11275=CARTESIAN_POINT('',(16.0457628640139,51.0999820463563,7.19999983906746));
#11276=CARTESIAN_POINT('',(16.0457628640139,48.0999820463563,6.9));
#11277=CARTESIAN_POINT('',(16.0457628640139,50.0999820463563,6.9));
#11278=CARTESIAN_POINT('',(16.0457628640139,48.0999820463563,8.2));
#11279=CARTESIAN_POINT('',(16.0457628640139,48.0999820463563,0.));
#11280=CARTESIAN_POINT('',(16.0457628640139,50.0999820463563,8.2));
#11281=CARTESIAN_POINT('',(16.0457628640139,48.0999820463563,8.2));
#11282=CARTESIAN_POINT('',(16.0457628640139,51.0999820463563,7.99999982118607));
#11283=CARTESIAN_POINT('',(16.0457628640139,51.0999820463563,7.99999982118607));
#11284=CARTESIAN_POINT('',(16.0457628640139,51.0999820463563,12.));
#11285=CARTESIAN_POINT('',(16.0457628640139,51.0999820463563,8.8));
#11286=CARTESIAN_POINT('',(16.0457628640139,46.0999820463563,12.));
#11287=CARTESIAN_POINT('',(16.0457628640139,46.0999820463563,12.));
#11288=CARTESIAN_POINT('',(16.0457628640139,46.0999820463563,0.));
#11289=CARTESIAN_POINT('Origin',(3.81167046814568E-7,77.9,-1.25000016149133));
#11290=CARTESIAN_POINT('',(-16.05,77.9,4.3));
#11291=CARTESIAN_POINT('',(-16.05,77.9,-6.80000032298267));
#11292=CARTESIAN_POINT('',(16.0500007623341,77.9,4.3));
#11293=CARTESIAN_POINT('',(16.0500007623341,77.9,4.3));
#11294=CARTESIAN_POINT('',(16.0500007623341,77.9,-6.80000032298267));
#11295=CARTESIAN_POINT('Origin',(-5.95,60.1,2.15));
#11296=CARTESIAN_POINT('',(-5.95,60.1,2.15));
#11297=CARTESIAN_POINT('',(-5.95,58.1,2.15));
#11298=CARTESIAN_POINT('',(-16.05,60.1,2.15));
#11299=CARTESIAN_POINT('',(-8.475,60.1,2.15));
#11300=CARTESIAN_POINT('',(-16.05,46.9,2.15));
#11301=CARTESIAN_POINT('',(-16.05,55.1,2.15));
#11302=CARTESIAN_POINT('',(-2.97499980941648,46.9,2.15));
#11303=CARTESIAN_POINT('Origin',(-11.,60.1,6.5));
#11304=CARTESIAN_POINT('',(-5.95,60.1,4.3));
#11305=CARTESIAN_POINT('',(-5.95,60.1,13.));
#11306=CARTESIAN_POINT('',(-5.95,60.1,6.3));
#11307=CARTESIAN_POINT('',(-5.95,60.1,5.9));
#11308=CARTESIAN_POINT('',(-8.95,60.1,6.3));
#11309=CARTESIAN_POINT('',(-9.975,60.1,6.3));
#11310=CARTESIAN_POINT('',(-8.95,60.1,8.8));
#11311=CARTESIAN_POINT('',(-8.95,60.1,3.25));
#11312=CARTESIAN_POINT('',(-5.95,60.1,8.8));
#11313=CARTESIAN_POINT('',(-9.975,60.1,8.8));
#11314=CARTESIAN_POINT('',(-5.95,60.1,13.));
#11315=CARTESIAN_POINT('',(-5.95,60.1,8.7));
#11316=CARTESIAN_POINT('',(-16.05,60.1,13.));
#11317=CARTESIAN_POINT('',(-12.375,60.1,13.));
#11318=CARTESIAN_POINT('',(-16.05,60.1,3.25));
#11319=CARTESIAN_POINT('Origin',(-4.7,52.3499820463563,0.));
#11320=CARTESIAN_POINT('',(-4.7,51.0999820463563,4.3));
#11321=CARTESIAN_POINT('',(-4.7,51.0999820463563,0.));
#11322=CARTESIAN_POINT('',(-5.95,52.3499820463563,4.3));
#11323=CARTESIAN_POINT('Origin',(-4.7,52.3499820463563,4.3));
#11324=CARTESIAN_POINT('',(-5.95,52.3499820463563,0.));
#11325=CARTESIAN_POINT('Origin',(-5.95,56.1,0.));
#11326=CARTESIAN_POINT('',(-5.95,64.95,4.3));
#11327=CARTESIAN_POINT('Origin',(-9.80423713598607,62.4999820463563,4.3));
#11328=CARTESIAN_POINT('',(0.0457628640139318,51.0999820463563,4.3));
#11329=CARTESIAN_POINT('',(-7.87923713598607,51.0999820463563,4.3));
#11330=CARTESIAN_POINT('',(0.0457628640139318,51.0042193344919,4.3));
#11331=CARTESIAN_POINT('',(0.0457628640139318,59.5499820463563,4.3));
#11332=CARTESIAN_POINT('',(11.3457628640139,51.0999820463563,4.3));
#11333=CARTESIAN_POINT('',(11.3457628640139,51.0999820463563,4.3));
#11334=CARTESIAN_POINT('',(3.12288143200697,51.0999820463563,4.3));
#11335=CARTESIAN_POINT('',(16.05,50.6,4.3));
#11336=CARTESIAN_POINT('',(-4.89999980941648,50.6,4.3));
#11337=CARTESIAN_POINT('',(16.0499996412545,56.1,4.3));
#11338=CARTESIAN_POINT('',(-16.05,68.9,4.3));
#11339=CARTESIAN_POINT('',(-16.05,68.9,4.3));
#11340=CARTESIAN_POINT('',(-5.95,68.9,4.3));
#11341=CARTESIAN_POINT('',(-8.02499980941648,68.9,4.30000000000001));
#11342=CARTESIAN_POINT('',(-5.95,64.95,4.3));
#11343=CARTESIAN_POINT('',(12.6,62.,4.3));
#11344=CARTESIAN_POINT('Origin',(13.7,62.,4.3));
#11345=CARTESIAN_POINT('',(-3.55,56.1,4.3));
#11346=CARTESIAN_POINT('',(11.45,56.1,4.3));
#11347=CARTESIAN_POINT('',(-16.05,56.1,4.3));
#11348=CARTESIAN_POINT('',(-3.55,67.9,4.3));
#11349=CARTESIAN_POINT('',(-3.55,56.1,4.3));
#11350=CARTESIAN_POINT('',(11.45,67.9,4.3));
#11351=CARTESIAN_POINT('',(-16.05,67.9,4.3));
#11352=CARTESIAN_POINT('',(11.45,67.9,4.3));
#11353=CARTESIAN_POINT('Origin',(5.04576286401393,49.5999820463563,6.3));
#11354=CARTESIAN_POINT('',(0.0457628640139318,51.0042193344919,6.3));
#11355=CARTESIAN_POINT('',(0.0457628640139318,48.0999820463563,6.3));
#11356=CARTESIAN_POINT('',(0.0457628640139318,50.2999820463563,6.3));
#11357=CARTESIAN_POINT('',(14.5457628640139,48.0999820463563,6.3));
#11358=CARTESIAN_POINT('',(16.0457628640139,48.0999820463563,6.3));
#11359=CARTESIAN_POINT('',(14.5457628640139,51.0999820463563,6.3));
#11360=CARTESIAN_POINT('',(14.5457628640139,53.6749820463563,6.3));
#11361=CARTESIAN_POINT('',(11.3457628640139,51.0999820463563,6.3));
#11362=CARTESIAN_POINT('',(11.3457628640139,51.0999820463563,6.3));
#11363=CARTESIAN_POINT('',(11.3457628640139,51.0999820463563,6.3));
#11364=CARTESIAN_POINT('Origin',(5.04576286401393,47.0999820463563,12.));
#11365=CARTESIAN_POINT('',(0.0457628640139318,51.0042193344919,12.));
#11366=CARTESIAN_POINT('',(0.0457628640139318,46.0999820463563,12.));
#11367=CARTESIAN_POINT('',(0.0457628640139318,49.0499820463563,12.));
#11368=CARTESIAN_POINT('',(-5.95423713598607,46.0999820463563,12.));
#11369=CARTESIAN_POINT('',(11.3457628640139,51.0999820463563,12.));
#11370=CARTESIAN_POINT('',(10.5457628640139,51.0999820463563,12.));
#11371=CARTESIAN_POINT('',(8.18963360010011,51.0732351881876,12.));
#11372=CARTESIAN_POINT('Origin',(-5.95423713598607,51.0999820463563,0.));
#11373=CARTESIAN_POINT('',(0.0457628640139318,51.0999820463563,1.54999991925433));
#11374=CARTESIAN_POINT('Origin',(0.0457628640139318,56.5999820463563,0.));
#11375=CARTESIAN_POINT('',(0.0457628640139318,46.0999820463563,4.3));
#11376=CARTESIAN_POINT('',(0.0457628640139318,46.9,4.3));
#11377=CARTESIAN_POINT('',(0.0457628640139318,44.0499820463563,4.3));
#11378=CARTESIAN_POINT('',(0.0457628640139318,46.0999820463563,0.));
#11379=CARTESIAN_POINT('',(0.0457628640139318,51.0042193344919,8.8));
#11380=CARTESIAN_POINT('',(0.0457628640139318,51.0042193344919,10.4));
#11381=CARTESIAN_POINT('',(0.0457628640139318,48.0999820463563,8.8));
#11382=CARTESIAN_POINT('',(0.0457628640139318,50.2999820463563,8.8));
#11383=CARTESIAN_POINT('',(0.0457628640139318,48.0999820463563,0.));
#11384=CARTESIAN_POINT('',(0.0457628640139318,51.0042193344919,3.15));
#11385=CARTESIAN_POINT('',(0.0457628640139318,46.9,-0.625000080745666));
#11386=CARTESIAN_POINT('Origin',(5.04576286401393,49.5999820463563,8.8));
#11387=CARTESIAN_POINT('',(11.3457628640139,51.0999820463563,8.8));
#11388=CARTESIAN_POINT('',(11.3457628640139,51.0999820463563,8.8));
#11389=CARTESIAN_POINT('',(14.5457628640139,51.0999820463563,8.8));
#11390=CARTESIAN_POINT('',(11.3457628640139,51.0999820463563,8.8));
#11391=CARTESIAN_POINT('',(14.5457628640139,48.0999820463563,8.8));
#11392=CARTESIAN_POINT('',(14.5457628640139,53.6749820463563,8.8));
#11393=CARTESIAN_POINT('',(10.5457628640139,48.0999820463563,8.8));
#11394=CARTESIAN_POINT('Origin',(-5.95423713598607,46.0999820463563,0.));
#11395=CARTESIAN_POINT('',(-7.87923713598607,46.0999820463563,4.3));
#11396=CARTESIAN_POINT('Origin',(-8.95,56.1,8.8));
#11397=CARTESIAN_POINT('',(-8.95,67.9,8.8));
#11398=CARTESIAN_POINT('',(-8.95,56.1,8.8));
#11399=CARTESIAN_POINT('',(-6.95,67.9,8.8));
#11400=CARTESIAN_POINT('',(-8.95,67.9,8.8));
#11401=CARTESIAN_POINT('',(-6.95,68.9,8.8));
#11402=CARTESIAN_POINT('',(-6.95,68.9,8.8));
#11403=CARTESIAN_POINT('',(-5.95,68.9,8.8));
#11404=CARTESIAN_POINT('',(-2.97499980941647,68.9,8.8));
#11405=CARTESIAN_POINT('',(-5.95,58.55,8.8));
#11406=CARTESIAN_POINT('Origin',(-8.95,56.1,0.));
#11407=CARTESIAN_POINT('',(-8.95,67.9,6.3));
#11408=CARTESIAN_POINT('',(-8.95,62.,6.3));
#11409=CARTESIAN_POINT('',(-8.95,67.9,6.85));
#11410=CARTESIAN_POINT('',(-8.95,67.9,0.));
#11411=CARTESIAN_POINT('',(-8.95,68.9,6.85));
#11412=CARTESIAN_POINT('',(-8.95,67.9,6.85));
#11413=CARTESIAN_POINT('',(-8.95,68.9,8.25));
#11414=CARTESIAN_POINT('',(-8.95,68.9,8.45));
#11415=CARTESIAN_POINT('',(-8.95,67.9,8.25));
#11416=CARTESIAN_POINT('',(-8.95,67.9,8.25));
#11417=CARTESIAN_POINT('',(-8.95,67.9,0.));
#11418=CARTESIAN_POINT('Origin',(-8.95,67.9,6.3));
#11419=CARTESIAN_POINT('',(-5.95,68.9,6.3));
#11420=CARTESIAN_POINT('',(-5.95,65.45,6.3));
#11421=CARTESIAN_POINT('',(-6.95,68.9,6.3));
#11422=CARTESIAN_POINT('',(-2.97499980941647,68.9,6.3));
#11423=CARTESIAN_POINT('',(-6.95,67.9,6.3));
#11424=CARTESIAN_POINT('',(-6.95,68.9,6.3));
#11425=CARTESIAN_POINT('',(-8.95,67.9,6.3));
#11426=CARTESIAN_POINT('Origin',(-8.94999979995191,68.9,8.24999981559813));
#11427=CARTESIAN_POINT('',(-6.94999984465539,68.9,7.95000007047784));
#11428=CARTESIAN_POINT('',(-6.94999984465539,68.9,7.95000007047784));
#11429=CARTESIAN_POINT('',(-6.94999984465539,67.9,7.95000007047784));
#11430=CARTESIAN_POINT('',(-6.94999984465539,68.9,7.95000007047784));
#11431=CARTESIAN_POINT('',(-6.94999984465539,67.9,7.95000007047784));
#11432=CARTESIAN_POINT('Origin',(-6.94999984465539,68.9,7.15000007047784));
#11433=CARTESIAN_POINT('',(-6.94999984465539,68.9,7.15000007047784));
#11434=CARTESIAN_POINT('',(-6.94999984465539,68.9,7.15000007047784));
#11435=CARTESIAN_POINT('',(-6.94999984465539,67.9,7.15000007047784));
#11436=CARTESIAN_POINT('',(-6.94999984465539,67.9,7.15000007047784));
#11437=CARTESIAN_POINT('',(-6.94999984465539,68.9,7.15000007047784));
#11438=CARTESIAN_POINT('Origin',(-6.95,68.4,8.525));
#11439=CARTESIAN_POINT('',(-6.95,67.9,8.5875));
#11440=CARTESIAN_POINT('',(-6.95,68.9,3.63749991925433));
#11441=CARTESIAN_POINT('Origin',(-11.,67.9,8.65));
#11442=CARTESIAN_POINT('Origin',(-6.95,68.4,6.575));
#11443=CARTESIAN_POINT('',(-6.94999984465539,67.9,8.24999981559813));
#11444=CARTESIAN_POINT('',(-6.95,68.9,2.66249991925433));
#11445=CARTESIAN_POINT('Origin',(-11.,67.9,8.65));
#11446=CARTESIAN_POINT('Origin',(-5.95,62.,5.3));
#11447=CARTESIAN_POINT('',(-5.95,68.9,7.75));
#11448=CARTESIAN_POINT('Origin',(3.81167046814568E-7,50.6,3.09999983850867));
#11449=CARTESIAN_POINT('',(16.05,50.6,1.54999991925433));
#11450=CARTESIAN_POINT('Origin',(-13.7,62.,4.3));
#11451=CARTESIAN_POINT('',(-14.8,62.,4.3));
#11452=CARTESIAN_POINT('Origin',(-13.7,62.,4.3));
#11453=CARTESIAN_POINT('Origin',(-5.95,62.,10.9));
#11454=CARTESIAN_POINT('',(-5.95,68.9,13.));
#11455=CARTESIAN_POINT('',(-5.95,68.9,10.825));
#11456=CARTESIAN_POINT('',(-5.95,67.9,13.));
#11457=CARTESIAN_POINT('Origin',(-13.75,62.,13.));
#11458=CARTESIAN_POINT('',(-16.05,68.9,13.));
#11459=CARTESIAN_POINT('',(-13.525,68.9,13.));
#11460=CARTESIAN_POINT('',(-16.05,67.9,13.));
#11461=CARTESIAN_POINT('Origin',(3.81167046814568E-7,68.9,-1.25000016149133));
#11462=CARTESIAN_POINT('',(-16.05,68.9,-6.80000032298267));
#11463=CARTESIAN_POINT('Origin',(3.81167046814568E-7,67.9,-1.25000016149133));
#11464=CARTESIAN_POINT('',(11.45,67.9,-4.2));
#11465=CARTESIAN_POINT('',(11.45,67.9,0.));
#11466=CARTESIAN_POINT('',(-3.55,67.9,0.));
#11467=CARTESIAN_POINT('',(-3.55,67.9,0.));
#11468=CARTESIAN_POINT('',(-11.45,67.9,0.));
#11469=CARTESIAN_POINT('',(-11.35,67.9,0.));
#11470=CARTESIAN_POINT('',(-11.45,67.9,-4.2));
#11471=CARTESIAN_POINT('',(-11.45,67.9,0.));
#11472=CARTESIAN_POINT('',(-16.05,67.9,-4.2));
#11473=CARTESIAN_POINT('',(-16.05,67.9,-4.2));
#11474=CARTESIAN_POINT('',(-16.05,67.9,-6.80000032298267));
#11475=CARTESIAN_POINT('',(16.05,67.9,-4.2));
#11476=CARTESIAN_POINT('',(16.0500007623341,67.9,4.3));
#11477=CARTESIAN_POINT('',(16.05,67.9,-4.2));
#11478=CARTESIAN_POINT('Origin',(6.29137723999727,56.1,2.15));
#11479=CARTESIAN_POINT('',(11.45,56.1,-4.2));
#11480=CARTESIAN_POINT('',(11.45,56.1,0.));
#11481=CARTESIAN_POINT('',(16.05,56.1,-4.2));
#11482=CARTESIAN_POINT('',(16.05,56.1,-4.2));
#11483=CARTESIAN_POINT('',(16.0499996412545,56.1,-6.79999984800816));
#11484=CARTESIAN_POINT('',(-16.05,56.1,-4.2));
#11485=CARTESIAN_POINT('',(-16.05,56.1,-6.79999984800816));
#11486=CARTESIAN_POINT('',(-11.45,56.1,-4.2));
#11487=CARTESIAN_POINT('',(16.05,56.1,-4.2));
#11488=CARTESIAN_POINT('',(-11.45,56.1,0.));
#11489=CARTESIAN_POINT('',(-11.45,56.1,0.));
#11490=CARTESIAN_POINT('',(-3.55,56.1,0.));
#11491=CARTESIAN_POINT('',(16.05,56.1,0.));
#11492=CARTESIAN_POINT('',(-3.55,56.1,0.));
#11493=CARTESIAN_POINT('Origin',(13.7,62.,0.));
#11494=CARTESIAN_POINT('',(12.6,62.,-4.2));
#11495=CARTESIAN_POINT('Origin',(13.7,62.,-4.2));
#11496=CARTESIAN_POINT('',(12.6,62.,0.));
#11497=CARTESIAN_POINT('Origin',(11.45,56.1,0.));
#11498=CARTESIAN_POINT('',(11.45,67.9,-4.2));
#11499=CARTESIAN_POINT('Origin',(13.75,62.,-4.2));
#11500=CARTESIAN_POINT('',(16.05,67.9,-4.2));
#11501=CARTESIAN_POINT('Origin',(-9.8,62.,0.));
#11502=CARTESIAN_POINT('',(-11.45,67.9,0.));
#11503=CARTESIAN_POINT('',(-3.55,56.1,0.));
#11504=CARTESIAN_POINT('Origin',(-3.55,56.1,0.));
#11505=CARTESIAN_POINT('Origin',(-13.7,62.,0.));
#11506=CARTESIAN_POINT('',(-14.8,62.,-4.2));
#11507=CARTESIAN_POINT('Origin',(-13.7,62.,-4.2));
#11508=CARTESIAN_POINT('',(-14.8,62.,0.));
#11509=CARTESIAN_POINT('Origin',(-11.45,67.9,0.));
#11510=CARTESIAN_POINT('',(-11.45,67.9,-4.2));
#11511=CARTESIAN_POINT('Origin',(-13.75,62.,-4.2));
#11512=CARTESIAN_POINT('',(-16.05,56.1,-4.2));
#11513=CARTESIAN_POINT('Origin',(16.0457628640139,51.0999820463563,0.));
#11514=CARTESIAN_POINT('',(11.3457628640139,51.0999820463563,0.));
#11515=CARTESIAN_POINT('',(14.5457628640139,51.0999820463563,7.19999983906746));
#11516=CARTESIAN_POINT('',(14.5457628640139,51.0999820463563,6.3));
#11517=CARTESIAN_POINT('',(16.0457628640139,51.0999820463563,7.19999983906746));
#11518=CARTESIAN_POINT('Origin',(11.3457628640139,51.0999820463563,0.));
#11519=CARTESIAN_POINT('Origin',(16.0457628640139,51.0999820463563,8.8));
#11520=CARTESIAN_POINT('',(14.5457628640139,51.0999820463563,7.99999982118607));
#11521=CARTESIAN_POINT('',(16.0457628640139,51.0999820463563,7.99999982118607));
#11522=CARTESIAN_POINT('',(14.5457628640139,51.0999820463563,8.8));
#11523=CARTESIAN_POINT('',(11.3457628640139,51.0999820463563,8.8));
#11524=CARTESIAN_POINT('Origin',(11.3457628640139,51.0999820463563,8.8));
#11525=CARTESIAN_POINT('Origin',(14.5457628640139,57.7499820463563,2.59999983850867));
#11526=CARTESIAN_POINT('',(14.5457628640139,50.0999820463563,8.2));
#11527=CARTESIAN_POINT('',(14.5457628640139,51.0999820463563,7.99999982118607));
#11528=CARTESIAN_POINT('',(14.5457628640139,48.0999820463563,8.2));
#11529=CARTESIAN_POINT('',(14.5457628640139,48.0999820463563,8.2));
#11530=CARTESIAN_POINT('',(14.5457628640139,48.0999820463563,1.29999991925433));
#11531=CARTESIAN_POINT('Origin',(16.0457628640139,51.0999820463563,7.99999982118607));
#11532=CARTESIAN_POINT('',(16.0457628640139,50.0999820463563,8.2));
#11533=CARTESIAN_POINT('Origin',(16.0457628640139,50.0999820463563,8.2));
#11534=CARTESIAN_POINT('',(16.0457628640139,48.0999820463563,8.2));
#11535=CARTESIAN_POINT('Origin',(16.0457628640139,48.0999820463563,0.));
#11536=CARTESIAN_POINT('',(14.5457628640139,48.0999820463563,6.9));
#11537=CARTESIAN_POINT('',(16.0457628640139,48.0999820463563,6.9));
#11538=CARTESIAN_POINT('',(14.5457628640139,48.0999820463563,1.29999991925433));
#11539=CARTESIAN_POINT('Origin',(14.5457628640139,57.7499820463563,2.59999983850867));
#11540=CARTESIAN_POINT('',(14.5457628640139,50.0999820463563,6.9));
#11541=CARTESIAN_POINT('',(14.5457628640139,50.0999820463563,6.9));
#11542=CARTESIAN_POINT('',(14.5457628640139,51.0999820463563,7.19999983906746));
#11543=CARTESIAN_POINT('Origin',(16.0457628640139,48.0999820463563,6.9));
#11544=CARTESIAN_POINT('',(16.0457628640139,50.0999820463563,6.9));
#11545=CARTESIAN_POINT('Origin',(16.0457628640139,50.0999820463563,6.9));
#11546=CARTESIAN_POINT('Origin',(-9.80423713598607,31.4999820463563,4.3));
#11547=CARTESIAN_POINT('',(-16.05,46.9,4.3));
#11548=CARTESIAN_POINT('',(16.0500007623341,46.9,4.3));
#11549=CARTESIAN_POINT('',(-16.05,37.9,4.3));
#11550=CARTESIAN_POINT('',(-16.05,37.9,4.3));
#11551=CARTESIAN_POINT('',(-5.95,37.9,4.3));
#11552=CARTESIAN_POINT('',(-8.02499980941648,37.9,4.30000000000001));
#11553=CARTESIAN_POINT('',(-5.95,29.1,4.3));
#11554=CARTESIAN_POINT('',(-5.95,33.95,4.3));
#11555=CARTESIAN_POINT('',(-5.95,21.3499820463563,4.3));
#11556=CARTESIAN_POINT('',(-5.95,33.95,4.3));
#11557=CARTESIAN_POINT('',(-4.7,20.0999820463563,4.3));
#11558=CARTESIAN_POINT('Origin',(-4.7,21.3499820463563,4.3));
#11559=CARTESIAN_POINT('',(0.0457628640139318,20.0999820463563,4.3));
#11560=CARTESIAN_POINT('',(-7.87923713598607,20.0999820463563,4.3));
#11561=CARTESIAN_POINT('',(0.0457628640139318,20.0042193344919,4.3));
#11562=CARTESIAN_POINT('',(0.0457628640139318,28.5499820463563,4.3));
#11563=CARTESIAN_POINT('',(11.3457628640139,20.0999820463563,4.3));
#11564=CARTESIAN_POINT('',(11.3457628640139,20.0999820463563,4.3));
#11565=CARTESIAN_POINT('',(3.12288143200697,20.0999820463563,4.3));
#11566=CARTESIAN_POINT('',(16.05,19.6,4.3));
#11567=CARTESIAN_POINT('',(-4.89999980941648,19.6,4.3));
#11568=CARTESIAN_POINT('',(16.0499996412545,25.1,4.3));
#11569=CARTESIAN_POINT('',(-3.55,25.1,4.3));
#11570=CARTESIAN_POINT('',(11.45,25.1,4.3));
#11571=CARTESIAN_POINT('',(-16.05,25.1,4.3));
#11572=CARTESIAN_POINT('',(-3.55,36.9,4.3));
#11573=CARTESIAN_POINT('',(-3.55,25.1,4.3));
#11574=CARTESIAN_POINT('',(11.45,36.9,4.3));
#11575=CARTESIAN_POINT('',(-16.05,36.9,4.3));
#11576=CARTESIAN_POINT('',(11.45,36.9,4.3));
#11577=CARTESIAN_POINT('',(12.6,31.,4.3));
#11578=CARTESIAN_POINT('Origin',(13.7,31.,4.3));
#11579=CARTESIAN_POINT('Origin',(3.81167046814568E-7,46.9,-1.25000016149133));
#11580=CARTESIAN_POINT('',(-16.05,46.9,4.3));
#11581=CARTESIAN_POINT('Origin',(-5.95,29.1,2.15));
#11582=CARTESIAN_POINT('',(-5.95,29.1,2.15));
#11583=CARTESIAN_POINT('',(-5.95,27.1,2.15));
#11584=CARTESIAN_POINT('',(-16.05,29.1,2.15));
#11585=CARTESIAN_POINT('',(-8.475,29.1,2.15));
#11586=CARTESIAN_POINT('',(-16.05,15.9,2.15));
#11587=CARTESIAN_POINT('',(-16.05,24.1,2.15));
#11588=CARTESIAN_POINT('',(-2.97499980941648,15.9,2.15));
#11589=CARTESIAN_POINT('Origin',(-11.,29.1,6.5));
#11590=CARTESIAN_POINT('',(-5.95,29.1,13.));
#11591=CARTESIAN_POINT('',(-5.95,29.1,6.3));
#11592=CARTESIAN_POINT('',(-5.95,29.1,5.9));
#11593=CARTESIAN_POINT('',(-8.95,29.1,6.3));
#11594=CARTESIAN_POINT('',(-9.975,29.1,6.3));
#11595=CARTESIAN_POINT('',(-8.95,29.1,8.8));
#11596=CARTESIAN_POINT('',(-8.95,29.1,3.25));
#11597=CARTESIAN_POINT('',(-5.95,29.1,8.8));
#11598=CARTESIAN_POINT('',(-9.975,29.1,8.8));
#11599=CARTESIAN_POINT('',(-5.95,29.1,13.));
#11600=CARTESIAN_POINT('',(-5.95,29.1,8.7));
#11601=CARTESIAN_POINT('',(-16.05,29.1,13.));
#11602=CARTESIAN_POINT('',(-12.375,29.1,13.));
#11603=CARTESIAN_POINT('',(-16.05,29.1,3.25));
#11604=CARTESIAN_POINT('Origin',(-4.7,21.3499820463563,0.));
#11605=CARTESIAN_POINT('',(-4.7,20.0999820463563,0.));
#11606=CARTESIAN_POINT('',(-5.95,21.3499820463563,0.));
#11607=CARTESIAN_POINT('Origin',(-5.95,25.1,0.));
#11608=CARTESIAN_POINT('Origin',(5.04576286401393,18.5999820463563,6.3));
#11609=CARTESIAN_POINT('',(0.0457628640139318,20.0042193344919,6.3));
#11610=CARTESIAN_POINT('',(0.0457628640139318,17.0999820463563,6.3));
#11611=CARTESIAN_POINT('',(0.0457628640139318,19.2999820463563,6.3));
#11612=CARTESIAN_POINT('',(14.5457628640139,17.0999820463563,6.3));
#11613=CARTESIAN_POINT('',(16.0457628640139,17.0999820463563,6.3));
#11614=CARTESIAN_POINT('',(14.5457628640139,20.0999820463563,6.3));
#11615=CARTESIAN_POINT('',(14.5457628640139,22.6749820463563,6.3));
#11616=CARTESIAN_POINT('',(11.3457628640139,20.0999820463563,6.3));
#11617=CARTESIAN_POINT('',(11.3457628640139,20.0999820463563,6.3));
#11618=CARTESIAN_POINT('',(11.3457628640139,20.0999820463563,6.3));
#11619=CARTESIAN_POINT('Origin',(5.04576286401393,16.0999820463563,12.));
#11620=CARTESIAN_POINT('',(0.0457628640139318,20.0042193344919,12.));
#11621=CARTESIAN_POINT('',(0.0457628640139318,15.0999820463563,12.));
#11622=CARTESIAN_POINT('',(0.0457628640139318,18.0499820463563,12.));
#11623=CARTESIAN_POINT('',(-5.95423713598607,15.0999820463563,12.));
#11624=CARTESIAN_POINT('',(11.3457628640139,20.0999820463563,12.));
#11625=CARTESIAN_POINT('',(10.5457628640139,20.0999820463563,12.));
#11626=CARTESIAN_POINT('',(8.18963360010011,20.0732351881875,12.));
#11627=CARTESIAN_POINT('Origin',(-5.95423713598607,20.0999820463563,0.));
#11628=CARTESIAN_POINT('',(0.0457628640139318,20.0999820463563,1.54999991925433));
#11629=CARTESIAN_POINT('Origin',(0.0457628640139318,25.5999820463563,0.));
#11630=CARTESIAN_POINT('',(0.0457628640139318,15.0999820463563,4.3));
#11631=CARTESIAN_POINT('',(0.0457628640139318,15.9,4.3));
#11632=CARTESIAN_POINT('',(0.0457628640139318,13.0499820463563,4.3));
#11633=CARTESIAN_POINT('',(0.0457628640139318,15.0999820463563,0.));
#11634=CARTESIAN_POINT('',(0.0457628640139318,20.0042193344919,8.8));
#11635=CARTESIAN_POINT('',(0.0457628640139318,20.0042193344919,10.4));
#11636=CARTESIAN_POINT('',(0.0457628640139318,17.0999820463563,8.8));
#11637=CARTESIAN_POINT('',(0.0457628640139318,19.2999820463563,8.8));
#11638=CARTESIAN_POINT('',(0.0457628640139318,17.0999820463563,0.));
#11639=CARTESIAN_POINT('',(0.0457628640139318,20.0042193344919,3.15));
#11640=CARTESIAN_POINT('',(0.0457628640139318,15.9,-0.625000080745666));
#11641=CARTESIAN_POINT('Origin',(5.04576286401393,18.5999820463563,8.8));
#11642=CARTESIAN_POINT('',(11.3457628640139,20.0999820463563,8.8));
#11643=CARTESIAN_POINT('',(11.3457628640139,20.0999820463563,8.8));
#11644=CARTESIAN_POINT('',(14.5457628640139,20.0999820463563,8.8));
#11645=CARTESIAN_POINT('',(11.3457628640139,20.0999820463563,8.8));
#11646=CARTESIAN_POINT('',(14.5457628640139,17.0999820463563,8.8));
#11647=CARTESIAN_POINT('',(14.5457628640139,22.6749820463563,8.8));
#11648=CARTESIAN_POINT('',(10.5457628640139,17.0999820463563,8.8));
#11649=CARTESIAN_POINT('Origin',(-5.95423713598607,15.0999820463563,0.));
#11650=CARTESIAN_POINT('',(-7.87923713598607,15.0999820463563,4.3));
#11651=CARTESIAN_POINT('Origin',(-8.95,25.1,8.8));
#11652=CARTESIAN_POINT('',(-8.95,36.9,8.8));
#11653=CARTESIAN_POINT('',(-8.95,25.1,8.8));
#11654=CARTESIAN_POINT('',(-6.95,36.9,8.8));
#11655=CARTESIAN_POINT('',(-8.95,36.9,8.8));
#11656=CARTESIAN_POINT('',(-6.95,37.9,8.8));
#11657=CARTESIAN_POINT('',(-6.95,37.9,8.8));
#11658=CARTESIAN_POINT('',(-5.95,37.9,8.8));
#11659=CARTESIAN_POINT('',(-2.97499980941647,37.9,8.8));
#11660=CARTESIAN_POINT('',(-5.95,27.55,8.8));
#11661=CARTESIAN_POINT('Origin',(-8.95,25.1,0.));
#11662=CARTESIAN_POINT('',(-8.95,36.9,6.3));
#11663=CARTESIAN_POINT('',(-8.95,31.,6.3));
#11664=CARTESIAN_POINT('',(-8.95,36.9,6.85));
#11665=CARTESIAN_POINT('',(-8.95,36.9,0.));
#11666=CARTESIAN_POINT('',(-8.95,37.9,6.85));
#11667=CARTESIAN_POINT('',(-8.95,36.9,6.85));
#11668=CARTESIAN_POINT('',(-8.95,37.9,8.25));
#11669=CARTESIAN_POINT('',(-8.95,37.9,8.45));
#11670=CARTESIAN_POINT('',(-8.95,36.9,8.25));
#11671=CARTESIAN_POINT('',(-8.95,36.9,8.25));
#11672=CARTESIAN_POINT('',(-8.95,36.9,0.));
#11673=CARTESIAN_POINT('Origin',(-8.95,36.9,6.3));
#11674=CARTESIAN_POINT('',(-5.95,37.9,6.3));
#11675=CARTESIAN_POINT('',(-5.95,34.45,6.3));
#11676=CARTESIAN_POINT('',(-6.95,37.9,6.3));
#11677=CARTESIAN_POINT('',(-2.97499980941647,37.9,6.3));
#11678=CARTESIAN_POINT('',(-6.95,36.9,6.3));
#11679=CARTESIAN_POINT('',(-6.95,37.9,6.3));
#11680=CARTESIAN_POINT('',(-8.95,36.9,6.3));
#11681=CARTESIAN_POINT('Origin',(-8.94999979995191,37.9,8.24999981559813));
#11682=CARTESIAN_POINT('',(-6.94999984465539,37.9,7.95000007047784));
#11683=CARTESIAN_POINT('',(-6.94999984465539,37.9,7.95000007047784));
#11684=CARTESIAN_POINT('',(-6.94999984465539,36.9,7.95000007047784));
#11685=CARTESIAN_POINT('',(-6.94999984465539,37.9,7.95000007047784));
#11686=CARTESIAN_POINT('',(-6.94999984465539,36.9,7.95000007047784));
#11687=CARTESIAN_POINT('Origin',(-6.94999984465539,37.9,7.15000007047784));
#11688=CARTESIAN_POINT('',(-6.94999984465539,37.9,7.15000007047784));
#11689=CARTESIAN_POINT('',(-6.94999984465539,37.9,7.15000007047784));
#11690=CARTESIAN_POINT('',(-6.94999984465539,36.9,7.15000007047784));
#11691=CARTESIAN_POINT('',(-6.94999984465539,36.9,7.15000007047784));
#11692=CARTESIAN_POINT('',(-6.94999984465539,37.9,7.15000007047784));
#11693=CARTESIAN_POINT('Origin',(-6.95,37.4,8.525));
#11694=CARTESIAN_POINT('',(-6.95,36.9,8.5875));
#11695=CARTESIAN_POINT('',(-6.95,37.9,3.63749991925433));
#11696=CARTESIAN_POINT('Origin',(-11.,36.9,8.65));
#11697=CARTESIAN_POINT('Origin',(-6.95,37.4,6.575));
#11698=CARTESIAN_POINT('',(-6.94999984465539,36.9,8.24999981559813));
#11699=CARTESIAN_POINT('',(-6.95,37.9,2.66249991925433));
#11700=CARTESIAN_POINT('Origin',(-11.,36.9,8.65));
#11701=CARTESIAN_POINT('Origin',(-5.95,31.,5.3));
#11702=CARTESIAN_POINT('',(-5.95,37.9,7.75));
#11703=CARTESIAN_POINT('Origin',(3.81167046814568E-7,19.6,3.09999983850867));
#11704=CARTESIAN_POINT('',(16.05,19.6,1.54999991925433));
#11705=CARTESIAN_POINT('Origin',(-13.7,31.,4.3));
#11706=CARTESIAN_POINT('',(-14.8,31.,4.3));
#11707=CARTESIAN_POINT('Origin',(-13.7,31.,4.3));
#11708=CARTESIAN_POINT('Origin',(-5.95,31.,10.9));
#11709=CARTESIAN_POINT('',(-5.95,37.9,13.));
#11710=CARTESIAN_POINT('',(-5.95,37.9,10.825));
#11711=CARTESIAN_POINT('',(-5.95,36.9,13.));
#11712=CARTESIAN_POINT('Origin',(-13.75,31.,13.));
#11713=CARTESIAN_POINT('',(-16.05,37.9,13.));
#11714=CARTESIAN_POINT('',(-13.525,37.9,13.));
#11715=CARTESIAN_POINT('',(-16.05,36.9,13.));
#11716=CARTESIAN_POINT('Origin',(3.81167046814568E-7,37.9,-1.25000016149133));
#11717=CARTESIAN_POINT('',(-16.05,37.9,-6.80000032298267));
#11718=CARTESIAN_POINT('Origin',(3.81167046814568E-7,36.9,-1.25000016149133));
#11719=CARTESIAN_POINT('',(11.45,36.9,-4.2));
#11720=CARTESIAN_POINT('',(11.45,36.9,0.));
#11721=CARTESIAN_POINT('',(-3.55,36.9,0.));
#11722=CARTESIAN_POINT('',(-3.55,36.9,0.));
#11723=CARTESIAN_POINT('',(-11.45,36.9,0.));
#11724=CARTESIAN_POINT('',(-11.35,36.9,0.));
#11725=CARTESIAN_POINT('',(-11.45,36.9,-4.2));
#11726=CARTESIAN_POINT('',(-11.45,36.9,0.));
#11727=CARTESIAN_POINT('',(-16.05,36.9,-4.2));
#11728=CARTESIAN_POINT('',(-16.05,36.9,-4.2));
#11729=CARTESIAN_POINT('',(-16.05,36.9,-6.80000032298267));
#11730=CARTESIAN_POINT('',(16.05,36.9,-4.2));
#11731=CARTESIAN_POINT('',(16.0500007623341,36.9,4.3));
#11732=CARTESIAN_POINT('',(16.05,36.9,-4.2));
#11733=CARTESIAN_POINT('Origin',(6.29137723999727,25.1,2.15));
#11734=CARTESIAN_POINT('',(11.45,25.1,-4.2));
#11735=CARTESIAN_POINT('',(11.45,25.1,0.));
#11736=CARTESIAN_POINT('',(16.05,25.1,-4.2));
#11737=CARTESIAN_POINT('',(16.05,25.1,-4.2));
#11738=CARTESIAN_POINT('',(16.0499996412545,25.1,-6.79999984800816));
#11739=CARTESIAN_POINT('',(-16.05,25.1,-4.2));
#11740=CARTESIAN_POINT('',(-16.05,25.1,-6.79999984800816));
#11741=CARTESIAN_POINT('',(-11.45,25.1,-4.2));
#11742=CARTESIAN_POINT('',(16.05,25.1,-4.2));
#11743=CARTESIAN_POINT('',(-11.45,25.1,0.));
#11744=CARTESIAN_POINT('',(-11.45,25.1,0.));
#11745=CARTESIAN_POINT('',(-3.55,25.1,0.));
#11746=CARTESIAN_POINT('',(16.05,25.1,0.));
#11747=CARTESIAN_POINT('',(-3.55,25.1,0.));
#11748=CARTESIAN_POINT('Origin',(13.7,31.,0.));
#11749=CARTESIAN_POINT('',(12.6,31.,-4.2));
#11750=CARTESIAN_POINT('Origin',(13.7,31.,-4.2));
#11751=CARTESIAN_POINT('',(12.6,31.,0.));
#11752=CARTESIAN_POINT('Origin',(11.45,25.1,0.));
#11753=CARTESIAN_POINT('',(11.45,36.9,-4.2));
#11754=CARTESIAN_POINT('Origin',(13.75,31.,-4.2));
#11755=CARTESIAN_POINT('',(16.05,36.9,-4.2));
#11756=CARTESIAN_POINT('Origin',(-9.8,31.,0.));
#11757=CARTESIAN_POINT('',(-11.45,36.9,0.));
#11758=CARTESIAN_POINT('',(-3.55,25.1,0.));
#11759=CARTESIAN_POINT('Origin',(-3.55,25.1,0.));
#11760=CARTESIAN_POINT('Origin',(-13.7,31.,0.));
#11761=CARTESIAN_POINT('',(-14.8,31.,-4.2));
#11762=CARTESIAN_POINT('Origin',(-13.7,31.,-4.2));
#11763=CARTESIAN_POINT('',(-14.8,31.,0.));
#11764=CARTESIAN_POINT('Origin',(-11.45,36.9,0.));
#11765=CARTESIAN_POINT('',(-11.45,36.9,-4.2));
#11766=CARTESIAN_POINT('Origin',(-13.75,31.,-4.2));
#11767=CARTESIAN_POINT('',(-16.05,25.1,-4.2));
#11768=CARTESIAN_POINT('Origin',(16.0457628640139,20.0999820463563,0.));
#11769=CARTESIAN_POINT('',(11.3457628640139,20.0999820463563,0.));
#11770=CARTESIAN_POINT('',(14.5457628640139,20.0999820463563,7.19999983906746));
#11771=CARTESIAN_POINT('',(14.5457628640139,20.0999820463563,6.3));
#11772=CARTESIAN_POINT('',(16.0457628640139,20.0999820463563,7.19999983906746));
#11773=CARTESIAN_POINT('Origin',(11.3457628640139,20.0999820463563,0.));
#11774=CARTESIAN_POINT('Origin',(16.0457628640139,20.0999820463563,8.8));
#11775=CARTESIAN_POINT('',(14.5457628640139,20.0999820463563,7.99999982118607));
#11776=CARTESIAN_POINT('',(16.0457628640139,20.0999820463563,7.99999982118607));
#11777=CARTESIAN_POINT('',(14.5457628640139,20.0999820463563,8.8));
#11778=CARTESIAN_POINT('',(11.3457628640139,20.0999820463563,8.8));
#11779=CARTESIAN_POINT('Origin',(11.3457628640139,20.0999820463563,8.8));
#11780=CARTESIAN_POINT('Origin',(14.5457628640139,26.7499820463563,2.59999983850867));
#11781=CARTESIAN_POINT('',(14.5457628640139,19.0999820463563,8.2));
#11782=CARTESIAN_POINT('',(14.5457628640139,20.0999820463563,7.99999982118607));
#11783=CARTESIAN_POINT('',(14.5457628640139,17.0999820463563,8.2));
#11784=CARTESIAN_POINT('',(14.5457628640139,17.0999820463563,8.2));
#11785=CARTESIAN_POINT('',(14.5457628640139,17.0999820463563,1.29999991925433));
#11786=CARTESIAN_POINT('Origin',(16.0457628640139,20.0999820463563,7.99999982118607));
#11787=CARTESIAN_POINT('',(16.0457628640139,19.0999820463563,8.2));
#11788=CARTESIAN_POINT('Origin',(16.0457628640139,19.0999820463563,8.2));
#11789=CARTESIAN_POINT('',(16.0457628640139,17.0999820463563,8.2));
#11790=CARTESIAN_POINT('Origin',(16.0457628640139,17.0999820463563,0.));
#11791=CARTESIAN_POINT('',(14.5457628640139,17.0999820463563,6.9));
#11792=CARTESIAN_POINT('',(16.0457628640139,17.0999820463563,6.9));
#11793=CARTESIAN_POINT('',(14.5457628640139,17.0999820463563,1.29999991925433));
#11794=CARTESIAN_POINT('Origin',(14.5457628640139,26.7499820463563,2.59999983850867));
#11795=CARTESIAN_POINT('',(14.5457628640139,19.0999820463563,6.9));
#11796=CARTESIAN_POINT('',(14.5457628640139,19.0999820463563,6.9));
#11797=CARTESIAN_POINT('',(14.5457628640139,20.0999820463563,7.19999983906746));
#11798=CARTESIAN_POINT('Origin',(16.0457628640139,17.0999820463563,6.9));
#11799=CARTESIAN_POINT('',(16.0457628640139,19.0999820463563,6.9));
#11800=CARTESIAN_POINT('Origin',(16.0457628640139,19.0999820463563,6.9));
#11801=CARTESIAN_POINT('Origin',(-9.80423713598607,0.499982046356302,4.3));
#11802=CARTESIAN_POINT('',(-16.05,15.9,4.3));
#11803=CARTESIAN_POINT('',(16.0500007623341,15.9,4.3));
#11804=CARTESIAN_POINT('',(-16.05,6.9,4.3));
#11805=CARTESIAN_POINT('',(-16.05,6.9,4.3));
#11806=CARTESIAN_POINT('',(-5.95,6.9,4.3));
#11807=CARTESIAN_POINT('',(-8.02499980941648,6.9,4.30000000000001));
#11808=CARTESIAN_POINT('',(-5.95,-1.9,4.3));
#11809=CARTESIAN_POINT('',(-5.95,2.95,4.3));
#11810=CARTESIAN_POINT('',(-5.95,-9.65001795364369,4.3));
#11811=CARTESIAN_POINT('',(-5.95,2.95,4.3));
#11812=CARTESIAN_POINT('',(-4.7,-10.9000179536437,4.3));
#11813=CARTESIAN_POINT('Origin',(-4.7,-9.65001795364369,4.3));
#11814=CARTESIAN_POINT('',(0.0457628640139318,-10.9000179536437,4.3));
#11815=CARTESIAN_POINT('',(-7.87923713598607,-10.9000179536437,4.3));
#11816=CARTESIAN_POINT('',(0.0457628640139318,-10.9957806655081,4.3));
#11817=CARTESIAN_POINT('',(0.0457628640139318,-2.4500179536437,4.3));
#11818=CARTESIAN_POINT('',(11.3457628640139,-10.9000179536437,4.3));
#11819=CARTESIAN_POINT('',(11.3457628640139,-10.9000179536437,4.3));
#11820=CARTESIAN_POINT('',(16.0457628640139,-10.9000179536437,4.3));
#11821=CARTESIAN_POINT('',(3.12288143200697,-10.9000179536437,4.3));
#11822=CARTESIAN_POINT('',(16.0457628640139,-11.4,4.3));
#11823=CARTESIAN_POINT('',(16.0457628640139,3.19999102317815,4.3));
#11824=CARTESIAN_POINT('',(16.05,-11.4,4.3));
#11825=CARTESIAN_POINT('',(-4.89999980941648,-11.4,4.3));
#11826=CARTESIAN_POINT('',(16.0499996412545,-5.9,4.3));
#11827=CARTESIAN_POINT('',(-3.55,-5.9,4.3));
#11828=CARTESIAN_POINT('',(11.45,-5.9,4.3));
#11829=CARTESIAN_POINT('',(-16.05,-5.9,4.3));
#11830=CARTESIAN_POINT('',(-3.55,5.9,4.3));
#11831=CARTESIAN_POINT('',(-3.55,-5.9,4.3));
#11832=CARTESIAN_POINT('',(11.45,5.9,4.3));
#11833=CARTESIAN_POINT('',(-16.05,5.9,4.3));
#11834=CARTESIAN_POINT('',(11.45,5.9,4.3));
#11835=CARTESIAN_POINT('',(12.6,7.74765081057207E-18,4.3));
#11836=CARTESIAN_POINT('Origin',(13.7,1.42458798716781E-16,4.3));
#11837=CARTESIAN_POINT('Origin',(3.81167046814568E-7,15.9,-1.25000016149133));
#11838=CARTESIAN_POINT('',(-16.05,15.9,4.3));
#11839=CARTESIAN_POINT('Origin',(-5.95,-1.9,2.15));
#11840=CARTESIAN_POINT('',(-5.95,-1.9,2.15));
#11841=CARTESIAN_POINT('',(-5.95,-3.9,2.15));
#11842=CARTESIAN_POINT('',(-16.05,-1.9,2.15));
#11843=CARTESIAN_POINT('',(-8.475,-1.9,2.15));
#11844=CARTESIAN_POINT('',(-16.05,-1.9,2.15));
#11845=CARTESIAN_POINT('Origin',(-11.,-1.9,6.5));
#11846=CARTESIAN_POINT('',(-5.95,-1.9,13.));
#11847=CARTESIAN_POINT('',(-5.95,-1.9,6.3));
#11848=CARTESIAN_POINT('',(-5.95,-1.9,5.9));
#11849=CARTESIAN_POINT('',(-8.95,-1.9,6.3));
#11850=CARTESIAN_POINT('',(-9.975,-1.9,6.3));
#11851=CARTESIAN_POINT('',(-8.95,-1.9,8.8));
#11852=CARTESIAN_POINT('',(-8.95,-1.9,3.25));
#11853=CARTESIAN_POINT('',(-5.95,-1.9,8.8));
#11854=CARTESIAN_POINT('',(-9.975,-1.9,8.8));
#11855=CARTESIAN_POINT('',(-5.95,-1.9,13.));
#11856=CARTESIAN_POINT('',(-5.95,-1.9,8.7));
#11857=CARTESIAN_POINT('',(-16.05,-1.9,13.));
#11858=CARTESIAN_POINT('',(-12.375,-1.9,13.));
#11859=CARTESIAN_POINT('',(-16.05,-1.9,3.25));
#11860=CARTESIAN_POINT('Origin',(-4.7,-9.65001795364369,0.));
#11861=CARTESIAN_POINT('',(-4.7,-10.9000179536437,0.));
#11862=CARTESIAN_POINT('',(-5.95,-9.65001795364369,0.));
#11863=CARTESIAN_POINT('Origin',(-5.95,-5.9,0.));
#11864=CARTESIAN_POINT('Origin',(5.04576286401393,-12.4000179536437,6.3));
#11865=CARTESIAN_POINT('',(0.0457628640139318,-10.9957806655081,6.3));
#11866=CARTESIAN_POINT('',(0.0457628640139318,-13.9000179536437,6.3));
#11867=CARTESIAN_POINT('',(0.0457628640139318,-11.7000179536437,6.3));
#11868=CARTESIAN_POINT('',(14.5457628640139,-13.9000179536437,6.3));
#11869=CARTESIAN_POINT('',(16.0457628640139,-13.9000179536437,6.3));
#11870=CARTESIAN_POINT('',(14.5457628640139,-10.9000179536437,6.3));
#11871=CARTESIAN_POINT('',(14.5457628640139,-8.3250179536437,6.3));
#11872=CARTESIAN_POINT('',(11.3457628640139,-10.9000179536437,6.3));
#11873=CARTESIAN_POINT('',(11.3457628640139,-10.9000179536437,6.3));
#11874=CARTESIAN_POINT('',(11.3457628640139,-10.9000179536437,6.3));
#11875=CARTESIAN_POINT('Origin',(5.04576286401393,-14.9000179536437,12.));
#11876=CARTESIAN_POINT('',(0.0457628640139318,-10.9957806655081,12.));
#11877=CARTESIAN_POINT('',(0.0457628640139318,-15.9000179536437,12.));
#11878=CARTESIAN_POINT('',(0.0457628640139318,-12.9500179536437,12.));
#11879=CARTESIAN_POINT('',(16.0457628640139,-15.9000179536437,12.));
#11880=CARTESIAN_POINT('',(-5.95423713598607,-15.9000179536437,12.));
#11881=CARTESIAN_POINT('',(16.0457628640139,-10.9000179536437,12.));
#11882=CARTESIAN_POINT('',(16.0457628640139,-15.9000179536437,12.));
#11883=CARTESIAN_POINT('',(11.3457628640139,-10.9000179536437,12.));
#11884=CARTESIAN_POINT('',(10.5457628640139,-10.9000179536437,12.));
#11885=CARTESIAN_POINT('',(8.18963360010011,-10.9267648118125,12.));
#11886=CARTESIAN_POINT('Origin',(-5.95423713598607,-10.9000179536437,0.));
#11887=CARTESIAN_POINT('',(0.0457628640139318,-10.9000179536437,1.54999991925433));
#11888=CARTESIAN_POINT('Origin',(0.0457628640139318,-5.4000179536437,0.));
#11889=CARTESIAN_POINT('',(0.0457628640139318,-13.9000179536437,8.8));
#11890=CARTESIAN_POINT('',(0.0457628640139318,-10.9957806655081,8.8));
#11891=CARTESIAN_POINT('',(0.0457628640139318,-11.7000179536437,8.8));
#11892=CARTESIAN_POINT('',(0.0457628640139318,-13.9000179536437,0.));
#11893=CARTESIAN_POINT('',(0.0457628640139318,-10.9957806655081,3.15));
#11894=CARTESIAN_POINT('',(0.0457628640139318,-15.9000179536437,0.));
#11895=CARTESIAN_POINT('',(0.0457628640139318,-10.9957806655081,10.4));
#11896=CARTESIAN_POINT('Origin',(5.04576286401393,-12.4000179536437,8.8));
#11897=CARTESIAN_POINT('',(11.3457628640139,-10.9000179536437,8.8));
#11898=CARTESIAN_POINT('',(11.3457628640139,-10.9000179536437,8.8));
#11899=CARTESIAN_POINT('',(14.5457628640139,-10.9000179536437,8.8));
#11900=CARTESIAN_POINT('',(11.3457628640139,-10.9000179536437,8.8));
#11901=CARTESIAN_POINT('',(14.5457628640139,-13.9000179536437,8.8));
#11902=CARTESIAN_POINT('',(14.5457628640139,-8.3250179536437,8.8));
#11903=CARTESIAN_POINT('',(10.5457628640139,-13.9000179536437,8.8));
#11904=CARTESIAN_POINT('Origin',(-5.95423713598607,-15.9000179536437,0.));
#11905=CARTESIAN_POINT('',(16.0457628640139,-15.9000179536437,0.));
#11906=CARTESIAN_POINT('Origin',(-8.95,-5.9,8.8));
#11907=CARTESIAN_POINT('',(-8.95,5.9,8.8));
#11908=CARTESIAN_POINT('',(-8.95,-5.9,8.8));
#11909=CARTESIAN_POINT('',(-6.95,5.9,8.8));
#11910=CARTESIAN_POINT('',(-8.95,5.9,8.8));
#11911=CARTESIAN_POINT('',(-6.95,6.9,8.8));
#11912=CARTESIAN_POINT('',(-6.95,6.9,8.8));
#11913=CARTESIAN_POINT('',(-5.95,6.9,8.8));
#11914=CARTESIAN_POINT('',(-2.97499980941647,6.9,8.8));
#11915=CARTESIAN_POINT('',(-5.95,-3.45,8.8));
#11916=CARTESIAN_POINT('Origin',(-8.95,-5.9,0.));
#11917=CARTESIAN_POINT('',(-8.95,5.9,6.3));
#11918=CARTESIAN_POINT('',(-8.95,0.,6.3));
#11919=CARTESIAN_POINT('',(-8.95,5.9,6.85));
#11920=CARTESIAN_POINT('',(-8.95,5.9,0.));
#11921=CARTESIAN_POINT('',(-8.95,6.9,6.85));
#11922=CARTESIAN_POINT('',(-8.95,5.9,6.85));
#11923=CARTESIAN_POINT('',(-8.95,6.9,8.25));
#11924=CARTESIAN_POINT('',(-8.95,6.9,8.45));
#11925=CARTESIAN_POINT('',(-8.95,5.9,8.25));
#11926=CARTESIAN_POINT('',(-8.95,5.9,8.25));
#11927=CARTESIAN_POINT('',(-8.95,5.9,0.));
#11928=CARTESIAN_POINT('Origin',(-8.95,5.9,6.3));
#11929=CARTESIAN_POINT('',(-5.95,6.9,6.3));
#11930=CARTESIAN_POINT('',(-5.95,3.45,6.3));
#11931=CARTESIAN_POINT('',(-6.95,6.9,6.3));
#11932=CARTESIAN_POINT('',(-2.97499980941647,6.9,6.3));
#11933=CARTESIAN_POINT('',(-6.95,5.9,6.3));
#11934=CARTESIAN_POINT('',(-6.95,6.9,6.3));
#11935=CARTESIAN_POINT('',(-8.95,5.9,6.3));
#11936=CARTESIAN_POINT('Origin',(-8.94999979995191,6.9,8.24999981559813));
#11937=CARTESIAN_POINT('',(-6.94999984465539,6.9,7.95000007047784));
#11938=CARTESIAN_POINT('',(-6.94999984465539,6.9,7.95000007047784));
#11939=CARTESIAN_POINT('',(-6.94999984465539,5.9,7.95000007047784));
#11940=CARTESIAN_POINT('',(-6.94999984465539,6.9,7.95000007047784));
#11941=CARTESIAN_POINT('',(-6.94999984465539,5.9,7.95000007047784));
#11942=CARTESIAN_POINT('Origin',(-6.94999984465539,6.9,7.15000007047784));
#11943=CARTESIAN_POINT('',(-6.94999984465539,6.9,7.15000007047784));
#11944=CARTESIAN_POINT('',(-6.94999984465539,6.9,7.15000007047784));
#11945=CARTESIAN_POINT('',(-6.94999984465539,5.9,7.15000007047784));
#11946=CARTESIAN_POINT('',(-6.94999984465539,5.9,7.15000007047784));
#11947=CARTESIAN_POINT('',(-6.94999984465539,6.9,7.15000007047784));
#11948=CARTESIAN_POINT('Origin',(-6.95,6.4,8.525));
#11949=CARTESIAN_POINT('',(-6.95,5.9,8.5875));
#11950=CARTESIAN_POINT('',(-6.95,6.9,3.63749991925433));
#11951=CARTESIAN_POINT('Origin',(-11.,5.9,8.65));
#11952=CARTESIAN_POINT('Origin',(-6.95,6.4,6.575));
#11953=CARTESIAN_POINT('',(-6.94999984465539,5.9,8.24999981559813));
#11954=CARTESIAN_POINT('',(-6.95,6.9,2.66249991925433));
#11955=CARTESIAN_POINT('Origin',(-11.,5.9,8.65));
#11956=CARTESIAN_POINT('Origin',(-5.95,0.,5.3));
#11957=CARTESIAN_POINT('',(-5.95,6.9,7.75));
#11958=CARTESIAN_POINT('Origin',(3.81167046814568E-7,-11.4,3.09999983850867));
#11959=CARTESIAN_POINT('',(16.0457628640139,-11.4,1.54999991925433));
#11960=CARTESIAN_POINT('',(16.05,-11.4,1.54999991925433));
#11961=CARTESIAN_POINT('Origin',(16.05,5.9,0.));
#11962=CARTESIAN_POINT('',(16.05,-5.9,-4.2));
#11963=CARTESIAN_POINT('',(16.0499996412545,-5.9,-6.79999984800816));
#11964=CARTESIAN_POINT('',(16.05,5.9,-4.2));
#11965=CARTESIAN_POINT('',(16.05,5.9,-4.2));
#11966=CARTESIAN_POINT('',(16.0500007623341,5.9,4.3));
#11967=CARTESIAN_POINT('Origin',(-13.7,-1.66533453693773E-15,4.3));
#11968=CARTESIAN_POINT('',(-14.8,-1.4790773768702E-15,4.3));
#11969=CARTESIAN_POINT('Origin',(-13.7,-1.61378852477641E-15,4.3));
#11970=CARTESIAN_POINT('Origin',(-5.95,0.,10.9));
#11971=CARTESIAN_POINT('',(-5.95,6.9,13.));
#11972=CARTESIAN_POINT('',(-5.95,6.9,10.825));
#11973=CARTESIAN_POINT('',(-5.95,5.9,13.));
#11974=CARTESIAN_POINT('Origin',(-13.75,0.,13.));
#11975=CARTESIAN_POINT('',(-16.05,6.9,13.));
#11976=CARTESIAN_POINT('',(-13.525,6.9,13.));
#11977=CARTESIAN_POINT('',(-16.05,5.9,13.));
#11978=CARTESIAN_POINT('Origin',(-16.05,-5.9,0.));
#11979=CARTESIAN_POINT('',(-16.05,6.9,-6.80000032298267));
#11980=CARTESIAN_POINT('',(-16.05,5.9,-4.2));
#11981=CARTESIAN_POINT('',(-16.05,5.9,-6.80000032298267));
#11982=CARTESIAN_POINT('',(-16.05,-5.9,-4.2));
#11983=CARTESIAN_POINT('',(-16.05,-5.9,-4.2));
#11984=CARTESIAN_POINT('',(-16.05,-5.9,-6.79999984800816));
#11985=CARTESIAN_POINT('Origin',(3.81167046814568E-7,6.9,-1.25000016149133));
#11986=CARTESIAN_POINT('Origin',(3.81167046814568E-7,5.9,-1.25000016149133));
#11987=CARTESIAN_POINT('',(11.45,5.9,-4.2));
#11988=CARTESIAN_POINT('',(11.45,5.9,0.));
#11989=CARTESIAN_POINT('',(-3.55,5.9,0.));
#11990=CARTESIAN_POINT('',(-3.55,5.9,0.));
#11991=CARTESIAN_POINT('',(-11.45,5.9,0.));
#11992=CARTESIAN_POINT('',(-11.35,5.9,0.));
#11993=CARTESIAN_POINT('',(-11.45,5.9,-4.2));
#11994=CARTESIAN_POINT('',(-11.45,5.9,0.));
#11995=CARTESIAN_POINT('',(-16.05,5.9,-4.2));
#11996=CARTESIAN_POINT('',(16.05,5.9,-4.2));
#11997=CARTESIAN_POINT('Origin',(6.29137723999727,-5.9,2.15));
#11998=CARTESIAN_POINT('',(11.45,-5.9,-4.2));
#11999=CARTESIAN_POINT('',(11.45,-5.9,0.));
#12000=CARTESIAN_POINT('',(16.05,-5.9,-4.2));
#12001=CARTESIAN_POINT('',(-11.45,-5.9,-4.2));
#12002=CARTESIAN_POINT('',(16.05,-5.9,-4.2));
#12003=CARTESIAN_POINT('',(-11.45,-5.9,0.));
#12004=CARTESIAN_POINT('',(-11.45,-5.9,0.));
#12005=CARTESIAN_POINT('',(-3.55,-5.9,0.));
#12006=CARTESIAN_POINT('',(16.05,-5.9,0.));
#12007=CARTESIAN_POINT('',(-3.55,-5.9,0.));
#12008=CARTESIAN_POINT('Origin',(13.7,1.42458798716781E-16,0.));
#12009=CARTESIAN_POINT('',(12.6,7.74765081057207E-18,-4.2));
#12010=CARTESIAN_POINT('Origin',(13.7,1.42458798716781E-16,-4.2));
#12011=CARTESIAN_POINT('',(12.6,2.7716994662299E-16,0.));
#12012=CARTESIAN_POINT('Origin',(11.45,-5.9,0.));
#12013=CARTESIAN_POINT('',(11.45,5.9,-4.2));
#12014=CARTESIAN_POINT('Origin',(13.75,-1.11022302462516E-15,-4.2));
#12015=CARTESIAN_POINT('Origin',(-9.8,0.,0.));
#12016=CARTESIAN_POINT('',(-11.45,5.9,0.));
#12017=CARTESIAN_POINT('',(-3.55,-5.9,0.));
#12018=CARTESIAN_POINT('Origin',(-3.55,-5.9,0.));
#12019=CARTESIAN_POINT('Origin',(-13.7,-1.61378852477641E-15,0.));
#12020=CARTESIAN_POINT('',(-14.8,-1.74849967268262E-15,-4.2));
#12021=CARTESIAN_POINT('Origin',(-13.7,-1.61378852477641E-15,-4.2));
#12022=CARTESIAN_POINT('',(-14.8,-1.4790773768702E-15,0.));
#12023=CARTESIAN_POINT('Origin',(-11.45,5.9,0.));
#12024=CARTESIAN_POINT('',(-11.45,5.9,-4.2));
#12025=CARTESIAN_POINT('Origin',(-13.75,0.,-4.2));
#12026=CARTESIAN_POINT('Origin',(16.0457628640139,-10.9000179536437,0.));
#12027=CARTESIAN_POINT('',(11.3457628640139,-10.9000179536437,0.));
#12028=CARTESIAN_POINT('',(14.5457628640139,-10.9000179536437,7.19999983906746));
#12029=CARTESIAN_POINT('',(14.5457628640139,-10.9000179536437,6.3));
#12030=CARTESIAN_POINT('',(16.0457628640139,-10.9000179536437,7.19999983906746));
#12031=CARTESIAN_POINT('',(16.0457628640139,-10.9000179536437,7.19999983906746));
#12032=CARTESIAN_POINT('',(16.0457628640139,-10.9000179536437,1.54999991925433));
#12033=CARTESIAN_POINT('Origin',(16.0457628640139,6.3999820463563,0.));
#12034=CARTESIAN_POINT('',(16.0457628640139,-11.9000179536437,6.9));
#12035=CARTESIAN_POINT('',(16.0457628640139,-10.9000179536437,7.19999983906746));
#12036=CARTESIAN_POINT('',(16.0457628640139,-13.9000179536437,6.9));
#12037=CARTESIAN_POINT('',(16.0457628640139,-11.9000179536437,6.9));
#12038=CARTESIAN_POINT('',(16.0457628640139,-13.9000179536437,8.2));
#12039=CARTESIAN_POINT('',(16.0457628640139,-13.9000179536437,0.));
#12040=CARTESIAN_POINT('',(16.0457628640139,-11.9000179536437,8.2));
#12041=CARTESIAN_POINT('',(16.0457628640139,-13.9000179536437,8.2));
#12042=CARTESIAN_POINT('',(16.0457628640139,-10.9000179536437,7.99999982118607));
#12043=CARTESIAN_POINT('',(16.0457628640139,-10.9000179536437,7.99999982118607));
#12044=CARTESIAN_POINT('',(16.0457628640139,-10.9000179536437,8.8));
#12045=CARTESIAN_POINT('Origin',(11.3457628640139,-10.9000179536437,0.));
#12046=CARTESIAN_POINT('Origin',(16.0457628640139,-10.9000179536437,8.8));
#12047=CARTESIAN_POINT('',(14.5457628640139,-10.9000179536437,7.99999982118607));
#12048=CARTESIAN_POINT('',(16.0457628640139,-10.9000179536437,7.99999982118607));
#12049=CARTESIAN_POINT('',(14.5457628640139,-10.9000179536437,8.8));
#12050=CARTESIAN_POINT('',(11.3457628640139,-10.9000179536437,8.8));
#12051=CARTESIAN_POINT('Origin',(11.3457628640139,-10.9000179536437,8.8));
#12052=CARTESIAN_POINT('Origin',(14.5457628640139,-4.2500179536437,2.59999983850867));
#12053=CARTESIAN_POINT('',(14.5457628640139,-11.9000179536437,8.2));
#12054=CARTESIAN_POINT('',(14.5457628640139,-10.9000179536437,7.99999982118607));
#12055=CARTESIAN_POINT('',(14.5457628640139,-13.9000179536437,8.2));
#12056=CARTESIAN_POINT('',(14.5457628640139,-13.9000179536437,8.2));
#12057=CARTESIAN_POINT('',(14.5457628640139,-13.9000179536437,1.29999991925433));
#12058=CARTESIAN_POINT('Origin',(16.0457628640139,-10.9000179536437,7.99999982118607));
#12059=CARTESIAN_POINT('',(16.0457628640139,-11.9000179536437,8.2));
#12060=CARTESIAN_POINT('Origin',(16.0457628640139,-11.9000179536437,8.2));
#12061=CARTESIAN_POINT('',(16.0457628640139,-13.9000179536437,8.2));
#12062=CARTESIAN_POINT('Origin',(16.0457628640139,-13.9000179536437,0.));
#12063=CARTESIAN_POINT('',(14.5457628640139,-13.9000179536437,6.9));
#12064=CARTESIAN_POINT('',(16.0457628640139,-13.9000179536437,6.9));
#12065=CARTESIAN_POINT('',(14.5457628640139,-13.9000179536437,1.29999991925433));
#12066=CARTESIAN_POINT('Origin',(14.5457628640139,-4.2500179536437,2.59999983850867));
#12067=CARTESIAN_POINT('',(14.5457628640139,-11.9000179536437,6.9));
#12068=CARTESIAN_POINT('',(14.5457628640139,-11.9000179536437,6.9));
#12069=CARTESIAN_POINT('',(14.5457628640139,-10.9000179536437,7.19999983906746));
#12070=CARTESIAN_POINT('Origin',(16.0457628640139,-13.9000179536437,6.9));
#12071=CARTESIAN_POINT('',(16.0457628640139,-11.9000179536437,6.9));
#12072=CARTESIAN_POINT('Origin',(16.0457628640139,-11.9000179536437,6.9));
#12073=CARTESIAN_POINT('Origin',(32.,113.,-8.18177370247955));
#12074=CARTESIAN_POINT('',(84.,113.,8.));
#12075=CARTESIAN_POINT('',(-20.,113.,8.));
#12076=CARTESIAN_POINT('',(33.5,113.,8.));
#12077=CARTESIAN_POINT('',(84.,113.,0.));
#12078=CARTESIAN_POINT('',(84.,113.,-1.59088681398687));
#12079=CARTESIAN_POINT('',(-20.0000000000002,113.000000447035,-3.5527136788005E-14));
#12080=CARTESIAN_POINT('',(58.,113.,0.));
#12081=CARTESIAN_POINT('',(-20.,113.,-4.59088685123978));
#12082=CARTESIAN_POINT('Origin',(-20.,0.,-1.));
#12083=CARTESIAN_POINT('',(-20.0000000000001,99.000001117587,0.));
#12084=CARTESIAN_POINT('',(-20.,55.5000005587935,0.));
#12085=CARTESIAN_POINT('',(-20.0000000000001,99.000001117587,-30.));
#12086=CARTESIAN_POINT('',(-20.,99.000001117587,-0.5));
#12087=CARTESIAN_POINT('',(-20.0000000000001,82.000001117587,-30.));
#12088=CARTESIAN_POINT('',(-20.0000000000001,111.000001117587,-30.));
#12089=CARTESIAN_POINT('',(-20.0000000000001,82.000001117587,0.));
#12090=CARTESIAN_POINT('',(-20.,82.000001117587,-0.5));
#12091=CARTESIAN_POINT('',(-20.,40.,0.));
#12092=CARTESIAN_POINT('',(-20.,66.5000002235174,-3.5527136788005E-14));
#12093=CARTESIAN_POINT('',(-20.,40.,-42.));
#12094=CARTESIAN_POINT('',(-20.,40.,-5.));
#12095=CARTESIAN_POINT('',(-20.,36.9984125518797,-42.));
#12096=CARTESIAN_POINT('',(-20.,36.6326097477363,-42.));
#12097=CARTESIAN_POINT('',(-20.,36.9984125518799,-5.));
#12098=CARTESIAN_POINT('',(-20.,36.9984125518799,-15.));
#12099=CARTESIAN_POINT('',(-20.,37.000000551343,-5.00000007450581));
#12100=CARTESIAN_POINT('',(-20.,16.,-5.));
#12101=CARTESIAN_POINT('',(-20.,37.000000551343,0.));
#12102=CARTESIAN_POINT('',(-20.,37.000000551343,-3.0000000372529));
#12103=CARTESIAN_POINT('',(-20.,37.978412550871,0.));
#12104=CARTESIAN_POINT('',(-20.,18.5000002756715,0.));
#12105=CARTESIAN_POINT('',(-20.,37.9784061988136,0.0199999999999922));
#12106=CARTESIAN_POINT('',(-20.,37.9792063584076,-2.49937143577538));
#12107=CARTESIAN_POINT('',(-20.,38.000000612624,0.0199999999999926));
#12108=CARTESIAN_POINT('',(-20.,35.9892032526094,0.0199999999999771));
#12109=CARTESIAN_POINT('',(-20.,38.0000005664304,4.98));
#12110=CARTESIAN_POINT('',(-20.,38.0000006174669,-0.49999982304871));
#12111=CARTESIAN_POINT('',(-20.,31.0184125518797,4.97999999999995));
#12112=CARTESIAN_POINT('',(-20.,36.4892064291424,4.97999999999999));
#12113=CARTESIAN_POINT('',(-20.,31.0184125518797,0.0199999999999517));
#12114=CARTESIAN_POINT('',(-20.,31.0184125518797,2.48999999999996));
#12115=CARTESIAN_POINT('',(-20.,32.0184125518797,0.0199999999999599));
#12116=CARTESIAN_POINT('',(-20.,32.5092064291424,0.0199999999999638));
#12117=CARTESIAN_POINT('',(-20.,32.0184125518797,-5.00000007450581));
#12118=CARTESIAN_POINT('',(-20.,32.0184125518797,0.00999999999997204));
#12119=CARTESIAN_POINT('',(-20.,27.0084125518797,-5.00000007450588));
#12120=CARTESIAN_POINT('',(-20.,30.,-5.));
#12121=CARTESIAN_POINT('',(-20.,27.,-5.));
#12122=CARTESIAN_POINT('',(-20.,30.,-5.));
#12123=CARTESIAN_POINT('',(-20.,27.,8.));
#12124=CARTESIAN_POINT('',(-20.,27.,-5.));
#12125=CARTESIAN_POINT('',(-20.,49.,8.));
#12126=CARTESIAN_POINT('Origin',(84.,133.,0.));
#12127=CARTESIAN_POINT('',(84.,40.,0.));
#12128=CARTESIAN_POINT('',(84.,55.7500001117587,0.));
#12129=CARTESIAN_POINT('',(32.,40.,0.));
#12130=CARTESIAN_POINT('',(-16.0000000000001,82.000001117587,0.));
#12131=CARTESIAN_POINT('',(34.,82.000001117587,0.));
#12132=CARTESIAN_POINT('',(-16.0000000000001,99.000001117587,0.));
#12133=CARTESIAN_POINT('',(-16.0000000000001,114.500000558793,0.));
#12134=CARTESIAN_POINT('',(32.,99.000001117587,0.));
#12135=CARTESIAN_POINT('',(34.5000004768372,61.0000011175871,0.));
#12136=CARTESIAN_POINT('Origin',(32.0000004768372,61.0000011175871,0.));
#12137=CARTESIAN_POINT('',(34.5000004768372,81.0000011175871,0.));
#12138=CARTESIAN_POINT('Origin',(32.0000004768372,81.0000011175871,0.));
#12139=CARTESIAN_POINT('',(44.5000004768372,71.0000011175871,0.));
#12140=CARTESIAN_POINT('Origin',(42.0000004768372,71.0000011175871,0.));
#12141=CARTESIAN_POINT('',(24.5000004768372,71.0000011175871,0.));
#12142=CARTESIAN_POINT('Origin',(22.0000004768372,71.0000011175871,0.));
#12143=CARTESIAN_POINT('Origin',(28.8400948743129,33.125,8.));
#12144=CARTESIAN_POINT('',(28.8400948743129,33.125,8.));
#12145=CARTESIAN_POINT('',(26.7984292572468,27.,8.));
#12146=CARTESIAN_POINT('',(24.1793418890986,19.1427338562126,8.));
#12147=CARTESIAN_POINT('',(28.8400948743129,33.125,-39.));
#12148=CARTESIAN_POINT('',(28.8400948743129,33.125,8.));
#12149=CARTESIAN_POINT('',(26.8012334397651,27.0084125518797,-39.));
#12150=CARTESIAN_POINT('',(28.5643460898898,32.2977532214516,-39.));
#12151=CARTESIAN_POINT('',(26.8012334397651,27.0084125518797,-5.00000007450588));
#12152=CARTESIAN_POINT('',(26.8012334397651,27.0084125518796,9.40911299229803));
#12153=CARTESIAN_POINT('',(26.7984292572468,27.,-5.00000007450588));
#12154=CARTESIAN_POINT('',(25.4778239506799,23.0381820435681,-5.00000007450588));
#12155=CARTESIAN_POINT('',(26.7984292572468,27.,4.75));
#12156=CARTESIAN_POINT('Origin',(10.4932384018149,33.125,8.));
#12157=CARTESIAN_POINT('',(10.4932384018149,33.125,8.));
#12158=CARTESIAN_POINT('',(21.2466192009074,33.125,8.));
#12159=CARTESIAN_POINT('',(10.4932384018149,33.125,-39.));
#12160=CARTESIAN_POINT('',(10.4932384018149,33.125,-39.));
#12161=CARTESIAN_POINT('',(21.4966191866061,33.125,-39.));
#12162=CARTESIAN_POINT('Origin',(12.5349061485054,27.,8.));
#12163=CARTESIAN_POINT('',(12.5349061485054,27.,8.));
#12164=CARTESIAN_POINT('',(2.85815726079336,56.0302313063976,8.));
#12165=CARTESIAN_POINT('',(12.5349061485054,27.,-5.));
#12166=CARTESIAN_POINT('',(12.5349061485054,27.,4.75));
#12167=CARTESIAN_POINT('',(12.5321019630621,27.0084125518797,-5.00000007450588));
#12168=CARTESIAN_POINT('',(10.907116706641,31.8833657423356,-5.00000007450588));
#12169=CARTESIAN_POINT('',(12.5321019630621,27.0084125518797,-39.));
#12170=CARTESIAN_POINT('',(12.5321019630622,27.0084125518796,9.40911299229803));
#12171=CARTESIAN_POINT('',(13.0731556541103,25.3852523373727,-39.));
#12172=CARTESIAN_POINT('Origin',(38.2015728151721,27.,8.));
#12173=CARTESIAN_POINT('',(38.2015728151721,27.,8.));
#12174=CARTESIAN_POINT('',(36.1599050684816,33.125,8.));
#12175=CARTESIAN_POINT('',(27.2414893721567,59.8802329356904,8.));
#12176=CARTESIAN_POINT('',(38.2015728151721,27.,-5.));
#12177=CARTESIAN_POINT('',(38.2015728151721,27.,4.75));
#12178=CARTESIAN_POINT('',(38.1987686297288,27.0084125518797,-5.00000007450588));
#12179=CARTESIAN_POINT('',(35.2904488180043,35.7333673716284,-5.00000007450588));
#12180=CARTESIAN_POINT('',(38.1987686297288,27.0084125518797,-39.));
#12181=CARTESIAN_POINT('',(38.1987686297288,27.0084125518796,9.40911299229803));
#12182=CARTESIAN_POINT('',(36.1599050684816,33.125,-39.));
#12183=CARTESIAN_POINT('',(37.4564877654737,29.2352539666655,-39.));
#12184=CARTESIAN_POINT('',(36.1599050684816,33.125,-39.));
#12185=CARTESIAN_POINT('Origin',(63.8682394818388,27.,8.));
#12186=CARTESIAN_POINT('',(63.8682394818388,27.,8.));
#12187=CARTESIAN_POINT('',(61.8265717351483,33.125,8.));
#12188=CARTESIAN_POINT('',(66.4748278472838,19.18023904025,8.));
#12189=CARTESIAN_POINT('',(63.8682394818388,27.,-5.));
#12190=CARTESIAN_POINT('',(63.8682394818388,27.,4.75));
#12191=CARTESIAN_POINT('',(63.8654352963955,27.0084125518796,-5.00000007450588));
#12192=CARTESIAN_POINT('',(59.6737809293677,39.5833690009212,-5.00000007450588));
#12193=CARTESIAN_POINT('',(63.8654352963955,27.0084125518796,-39.));
#12194=CARTESIAN_POINT('',(63.8654352963955,27.0084125518796,9.40911299229803));
#12195=CARTESIAN_POINT('',(61.8265717351483,33.125,-39.));
#12196=CARTESIAN_POINT('',(61.839819876837,33.0852555959582,-39.));
#12197=CARTESIAN_POINT('',(61.8265717351483,33.125,8.));
#12198=CARTESIAN_POINT('Origin',(-20.0000000000001,99.000001117587,0.));
#12199=CARTESIAN_POINT('',(-16.0000000000001,99.000001117587,-30.));
#12200=CARTESIAN_POINT('',(-16.0000000000001,99.000001117587,0.));
#12201=CARTESIAN_POINT('',(-19.0000000000001,99.000001117587,-30.));
#12202=CARTESIAN_POINT('Origin',(32.4999999713972,30.0667062759398,-39.));
#12203=CARTESIAN_POINT('',(3.17342820764619,33.125,-39.));
#12204=CARTESIAN_POINT('',(1.13456677309842,27.0084125518797,-39.));
#12205=CARTESIAN_POINT('',(4.18101156900857,36.1477516380538,-39.));
#12206=CARTESIAN_POINT('',(-15.1734282648517,33.125,-39.));
#12207=CARTESIAN_POINT('',(8.66328585327275,33.125,-39.));
#12208=CARTESIAN_POINT('',(-13.1345647036045,27.0084125518797,-39.));
#12209=CARTESIAN_POINT('',(-11.310176457253,21.5352507080799,-39.));
#12210=CARTESIAN_POINT('',(-13.1345647036045,27.0084125518797,-39.));
#12211=CARTESIAN_POINT('Origin',(32.4999999713972,30.0667062759398,-39.));
#12212=CARTESIAN_POINT('',(-13.1345647036045,27.0084125518797,-39.));
#12213=CARTESIAN_POINT('Origin',(32.4999999713972,30.0667062759398,-39.));
#12214=CARTESIAN_POINT('',(54.5067615409795,33.125,-39.));
#12215=CARTESIAN_POINT('',(52.4679001064318,27.0084125518796,-39.));
#12216=CARTESIAN_POINT('',(52.9476806107711,28.4477548048493,-39.));
#12217=CARTESIAN_POINT('',(34.3299525199394,33.125,-39.));
#12218=CARTESIAN_POINT('',(-13.1345647036045,27.0084125518797,-39.));
#12219=CARTESIAN_POINT('Origin',(32.4999999713972,30.0667062759398,-39.));
#12220=CARTESIAN_POINT('',(78.1345667730984,27.0084125518796,-39.));
#12221=CARTESIAN_POINT('',(-13.1345647036045,27.0084125518797,-39.));
#12222=CARTESIAN_POINT('',(80.1734282076462,33.125,-39.));
#12223=CARTESIAN_POINT('',(77.3310151316524,24.5977563882471,-39.));
#12224=CARTESIAN_POINT('',(47.1632858532728,33.125,-39.));
#12225=CARTESIAN_POINT('Origin',(-13.1317605181613,27.,8.));
#12226=CARTESIAN_POINT('',(-15.1734282648517,33.125,8.));
#12227=CARTESIAN_POINT('',(-15.1734282648517,33.125,8.));
#12228=CARTESIAN_POINT('',(-13.1317605181613,27.,8.));
#12229=CARTESIAN_POINT('',(-6.6751684868062,7.63023415237164,8.));
#12230=CARTESIAN_POINT('',(-13.1317605181613,27.,-5.));
#12231=CARTESIAN_POINT('',(-13.1317605181613,27.,4.75));
#12232=CARTESIAN_POINT('',(-13.1345647036045,27.0084125518797,-5.00000007450588));
#12233=CARTESIAN_POINT('',(-13.4762154047224,28.0333641130428,-5.00000007450588));
#12234=CARTESIAN_POINT('',(-13.1345647036045,27.0084125518796,9.40911299229803));
#12235=CARTESIAN_POINT('Origin',(-15.1734282648517,33.125,8.));
#12236=CARTESIAN_POINT('',(3.17342820764619,33.125,8.));
#12237=CARTESIAN_POINT('',(3.17342820764619,33.125,8.));
#12238=CARTESIAN_POINT('',(9.91328586757413,33.125,8.));
#12239=CARTESIAN_POINT('Origin',(3.17342820764619,33.125,8.));
#12240=CARTESIAN_POINT('',(1.13456677309842,27.0084125518797,-5.00000007450588));
#12241=CARTESIAN_POINT('',(1.13456677309841,27.0084125518796,9.40911299229803));
#12242=CARTESIAN_POINT('',(1.13176259058013,27.,-5.00000007450588));
#12243=CARTESIAN_POINT('',(1.09448942979867,26.8881804601703,-5.00000007450588));
#12244=CARTESIAN_POINT('',(1.13176259058013,27.,8.));
#12245=CARTESIAN_POINT('',(1.13176259058013,27.,4.75));
#12246=CARTESIAN_POINT('',(-0.203992631782706,22.9927322728148,8.));
#12247=CARTESIAN_POINT('Origin',(-43.5376140315402,78.9984125518797,-42.));
#12248=CARTESIAN_POINT('',(-20.0256140315402,27.0084125518797,-42.));
#12249=CARTESIAN_POINT('',(84.0093864154947,27.0084125518796,-42.));
#12250=CARTESIAN_POINT('',(-13.1345647036045,27.0084125518797,-42.));
#12251=CARTESIAN_POINT('',(-20.0256140315402,36.9984125518797,-42.));
#12252=CARTESIAN_POINT('',(-20.0256140315402,84.9984125518797,-42.));
#12253=CARTESIAN_POINT('',(-46.7876139197815,36.9984125518797,-42.));
#12254=CARTESIAN_POINT('',(84.,40.,-42.));
#12255=CARTESIAN_POINT('',(-20.,40.,-42.));
#12256=CARTESIAN_POINT('',(84.,37.9800005672528,-42.));
#12257=CARTESIAN_POINT('',(84.,40.,-42.));
#12258=CARTESIAN_POINT('',(84.0093859684599,37.9800005652117,-42.));
#12259=CARTESIAN_POINT('',(84.,37.9800005672528,-42.));
#12260=CARTESIAN_POINT('',(84.0093864154947,168.99841255188,-42.));
#12261=CARTESIAN_POINT('Origin',(84.0093859684599,81.9984125518797,-8.18177370247955));
#12262=CARTESIAN_POINT('',(84.0093859684599,27.0084125518796,-5.));
#12263=CARTESIAN_POINT('',(84.0093859684599,27.0084125518796,1.31822614105825));
#12264=CARTESIAN_POINT('',(84.0093859684599,37.9800005672528,-5.00000642656285));
#12265=CARTESIAN_POINT('',(84.0093859684599,37.9800005652117,-5.));
#12266=CARTESIAN_POINT('',(84.0093859684599,37.9784061988136,0.0199999999999922));
#12267=CARTESIAN_POINT('',(84.0093859684599,37.9805080565114,-6.59788009029013));
#12268=CARTESIAN_POINT('',(84.0093859684599,38.9784125518797,0.02));
#12269=CARTESIAN_POINT('',(84.0093859684599,59.9884093753466,0.0200000000001593));
#12270=CARTESIAN_POINT('',(84.0093859684599,38.9784125518796,4.98));
#12271=CARTESIAN_POINT('',(84.0093859684599,38.9784125518797,-4.08088685123989));
#12272=CARTESIAN_POINT('',(84.0093859684599,31.0184125518796,4.97999999999995));
#12273=CARTESIAN_POINT('',(84.0093859684599,60.4884125518796,4.98000000000011));
#12274=CARTESIAN_POINT('',(84.0093859684599,31.0184125518797,0.0199999999999512));
#12275=CARTESIAN_POINT('',(84.0093859684599,31.0184125518797,-1.60088685124001));
#12276=CARTESIAN_POINT('',(84.0093859684599,32.0184125518797,0.01999999999996));
#12277=CARTESIAN_POINT('',(84.0093859684599,56.5084125518796,0.0200000000001588));
#12278=CARTESIAN_POINT('',(84.0093859684599,32.0184125518797,-5.00000007450581));
#12279=CARTESIAN_POINT('',(84.0093859684599,32.0184125518797,-4.08088685124));
#12280=CARTESIAN_POINT('',(84.0093859684599,77.2488094139098,-5.));
#12281=CARTESIAN_POINT('Origin',(61.8265717351483,33.125,8.));
#12282=CARTESIAN_POINT('',(80.1734282076462,33.125,8.));
#12283=CARTESIAN_POINT('',(46.9132858675741,33.125,8.));
#12284=CARTESIAN_POINT('',(80.1734282076462,33.125,8.));
#12285=CARTESIAN_POINT('Origin',(36.1599050684816,33.125,8.));
#12286=CARTESIAN_POINT('',(54.5067615409795,33.125,8.));
#12287=CARTESIAN_POINT('',(34.0799525342408,33.125,8.));
#12288=CARTESIAN_POINT('',(54.5067615409795,33.125,8.));
#12289=CARTESIAN_POINT('Origin',(32.,27.,1.5));
#12290=CARTESIAN_POINT('',(-20.,27.,8.));
#12291=CARTESIAN_POINT('',(84.,27.,-5.));
#12292=CARTESIAN_POINT('Origin',(32.,27.,1.5));
#12293=CARTESIAN_POINT('',(84.,27.,-5.));
#12294=CARTESIAN_POINT('',(-20.,27.,8.));
#12295=CARTESIAN_POINT('Origin',(32.,27.,1.5));
#12296=CARTESIAN_POINT('',(-20.,27.,8.));
#12297=CARTESIAN_POINT('',(84.,27.,-5.));
#12298=CARTESIAN_POINT('Origin',(32.,27.,1.5));
#12299=CARTESIAN_POINT('',(78.1317625905801,27.,8.));
#12300=CARTESIAN_POINT('',(78.1317625905801,27.,-5.00000007450588));
#12301=CARTESIAN_POINT('',(78.1317625905801,27.,4.75));
#12302=CARTESIAN_POINT('',(84.,27.,-5.));
#12303=CARTESIAN_POINT('',(84.,27.,-5.));
#12304=CARTESIAN_POINT('',(84.,27.,8.));
#12305=CARTESIAN_POINT('',(84.,27.,8.));
#12306=CARTESIAN_POINT('',(-20.,27.,8.));
#12307=CARTESIAN_POINT('Origin',(32.,27.,1.5));
#12308=CARTESIAN_POINT('',(52.4650959239135,27.,8.));
#12309=CARTESIAN_POINT('',(-20.,27.,8.));
#12310=CARTESIAN_POINT('',(52.4650959239135,27.,-5.00000007450588));
#12311=CARTESIAN_POINT('',(52.4650959239135,27.,4.75));
#12312=CARTESIAN_POINT('',(84.,27.,-5.));
#12313=CARTESIAN_POINT('Origin',(-16.0000000000001,82.000001117587,0.));
#12314=CARTESIAN_POINT('',(-16.0000000000001,82.000001117587,-30.));
#12315=CARTESIAN_POINT('',(-17.0000000000001,82.000001117587,-30.));
#12316=CARTESIAN_POINT('',(-16.0000000000001,82.000001117587,0.));
#12317=CARTESIAN_POINT('Origin',(-18.0000000000001,96.000001117587,-30.));
#12318=CARTESIAN_POINT('',(-16.0000000000001,81.000001117587,-30.));
#12319=CARTESIAN_POINT('Origin',(-16.0000000000001,111.000001117587,0.));
#12320=CARTESIAN_POINT('Origin',(83.4623859684599,37.9800005672528,-5.00000642656285));
#12321=CARTESIAN_POINT('',(84.,37.9784061988136,0.0199999999999922));
#12322=CARTESIAN_POINT('',(84.,37.9800005672528,-5.));
#12323=CARTESIAN_POINT('',(84.,37.9784121485535,0.00126673104766484));
#12324=CARTESIAN_POINT('',(-19.5376140315402,37.9784061988136,0.0199999999999922));
#12325=CARTESIAN_POINT('',(83.4623859684599,37.9800005672528,-5.00000642656285));
#12326=CARTESIAN_POINT('Origin',(83.4623859684599,37.9784061988136,0.0199999999999922));
#12327=CARTESIAN_POINT('',(84.,38.9784125518797,0.02));
#12328=CARTESIAN_POINT('',(84.,35.9892032526094,0.0199999999999771));
#12329=CARTESIAN_POINT('',(83.4623859684599,38.9784125518797,0.02));
#12330=CARTESIAN_POINT('Origin',(83.4623859684599,38.9784125518796,4.98));
#12331=CARTESIAN_POINT('',(84.,38.9784125518796,4.98));
#12332=CARTESIAN_POINT('',(84.,31.0184125518797,4.97999999999995));
#12333=CARTESIAN_POINT('',(84.,36.4892064291424,4.97999999999999));
#12334=CARTESIAN_POINT('',(-19.5376140315402,31.0184125518797,4.97999999999995));
#12335=CARTESIAN_POINT('',(83.4623859684599,38.9784125518796,4.98));
#12336=CARTESIAN_POINT('Origin',(83.4623859684599,38.9784125518796,4.98));
#12337=CARTESIAN_POINT('',(-20.0256140315402,38.0000005664304,4.98));
#12338=CARTESIAN_POINT('',(-19.5376140315402,38.0000005664304,4.98));
#12339=CARTESIAN_POINT('',(-20.0256140315402,31.0184125518797,4.97999999999995));
#12340=CARTESIAN_POINT('',(-20.0256140315402,61.2384125518797,4.98000000000011));
#12341=CARTESIAN_POINT('',(-19.5376140315402,31.0184125518797,4.97999999999995));
#12342=CARTESIAN_POINT('Origin',(83.4623859684599,31.0184125518796,4.97999999999995));
#12343=CARTESIAN_POINT('',(84.,31.0184125518797,0.0199999999999517));
#12344=CARTESIAN_POINT('',(84.,31.0184125518797,2.48999999999996));
#12345=CARTESIAN_POINT('',(-19.5376140315402,31.0184125518797,0.0199999999999517));
#12346=CARTESIAN_POINT('Origin',(83.4623859684599,31.0184125518796,4.97999999999995));
#12347=CARTESIAN_POINT('',(-20.0256140315402,31.0184125518797,0.0199999999999517));
#12348=CARTESIAN_POINT('',(-20.0256140315402,31.0184125518796,6.48999999999976));
#12349=CARTESIAN_POINT('',(-19.5376140315402,31.0184125518797,0.0199999999999517));
#12350=CARTESIAN_POINT('Origin',(83.4623859684599,31.0184125518797,0.0199999999999517));
#12351=CARTESIAN_POINT('',(84.,32.0184125518797,0.0199999999999599));
#12352=CARTESIAN_POINT('',(84.,32.5092064291424,0.0199999999999638));
#12353=CARTESIAN_POINT('',(-19.5376140315402,32.0184125518797,0.0199999999999599));
#12354=CARTESIAN_POINT('Origin',(83.4623859684599,32.0184125518797,0.0199999999999599));
#12355=CARTESIAN_POINT('',(84.,32.0184125518797,-5.00000007450581));
#12356=CARTESIAN_POINT('',(84.,32.0184125518797,0.00999999999997204));
#12357=CARTESIAN_POINT('',(-19.5376140315402,32.0184125518797,-5.00000007450581));
#12358=CARTESIAN_POINT('Origin',(-19.5376140315402,38.0000005664304,4.98));
#12359=CARTESIAN_POINT('',(-20.0256140315402,38.000000612624,0.0199999999999926));
#12360=CARTESIAN_POINT('',(-19.5376140315402,38.000000612624,0.0199999999999926));
#12361=CARTESIAN_POINT('',(-20.0256140315402,38.0000005755574,3.99999978813151));
#12362=CARTESIAN_POINT('Origin',(-19.5376140315402,37.978412550871,0.));
#12363=CARTESIAN_POINT('',(-20.0256140315402,37.000000551343,0.));
#12364=CARTESIAN_POINT('',(-19.5376140315402,37.000000551343,0.));
#12365=CARTESIAN_POINT('',(-20.0256140315402,37.978412550871,0.));
#12366=CARTESIAN_POINT('',(-20.0256140315402,60.2492065516113,0.));
#12367=CARTESIAN_POINT('',(-19.5376140315402,37.978412550871,0.));
#12368=CARTESIAN_POINT('Origin',(-19.5376140315402,37.000000551343,0.));
#12369=CARTESIAN_POINT('',(-20.0256140315402,37.000000551343,-5.));
#12370=CARTESIAN_POINT('',(-19.5376140315402,37.000000551343,-5.));
#12371=CARTESIAN_POINT('',(-20.0256140315402,37.000000551343,1.4999999627471));
#12372=CARTESIAN_POINT('Origin',(83.4623859684599,38.9784125518797,0.02));
#12373=CARTESIAN_POINT('',(84.,38.9784125518797,2.51000003725293));
#12374=CARTESIAN_POINT('Origin',(83.4623859684599,37.9784061988136,0.0199999999999922));
#12375=CARTESIAN_POINT('',(-20.0256140315402,37.9784061988136,0.0199999999999922));
#12376=CARTESIAN_POINT('',(-19.5376140315402,37.9784061988136,0.0199999999999922));
#12377=CARTESIAN_POINT('',(-20.0256140315402,60.7384093753467,0.0200000000001654));
#12378=CARTESIAN_POINT('Origin',(83.4623859684599,37.9800005672528,-5.00000642656285));
#12379=CARTESIAN_POINT('',(-20.0256140315402,37.9779384435544,1.49276774268209));
#12380=CARTESIAN_POINT('Origin',(83.4623859684599,32.0184125518797,0.0199999999999599));
#12381=CARTESIAN_POINT('',(-20.0256140315402,32.0184125518797,0.0199999999999599));
#12382=CARTESIAN_POINT('',(-19.5376140315402,32.0184125518797,0.0199999999999599));
#12383=CARTESIAN_POINT('',(-20.0256140315402,32.0184125518797,-5.00000007450581));
#12384=CARTESIAN_POINT('',(-20.0256140315402,32.0184125518797,4.00999999999978));
#12385=CARTESIAN_POINT('',(-19.5376140315402,32.0184125518797,-5.00000007450581));
#12386=CARTESIAN_POINT('Origin',(83.4623859684599,31.0184125518797,0.0199999999999517));
#12387=CARTESIAN_POINT('',(-20.0256140315402,57.2584125518797,0.0200000000001649));
#12388=CARTESIAN_POINT('Origin',(-20.,40.,0.));
#12389=CARTESIAN_POINT('',(84.,40.,-5.));
#12390=CARTESIAN_POINT('Origin',(32.0000004768372,61.0000011175871,8.));
#12391=CARTESIAN_POINT('',(34.5000004768372,61.0000011175871,3.));
#12392=CARTESIAN_POINT('Origin',(32.0000004768372,61.0000011175871,3.));
#12393=CARTESIAN_POINT('',(34.5000004768372,61.0000011175871,8.));
#12394=CARTESIAN_POINT('Origin',(42.0000004768372,71.0000011175871,8.));
#12395=CARTESIAN_POINT('',(44.5000004768372,71.0000011175871,3.));
#12396=CARTESIAN_POINT('Origin',(42.0000004768372,71.0000011175871,3.));
#12397=CARTESIAN_POINT('',(44.5000004768372,71.0000011175871,8.));
#12398=CARTESIAN_POINT('Origin',(22.0000004768372,71.0000011175871,8.));
#12399=CARTESIAN_POINT('',(24.5000004768372,71.0000011175871,3.));
#12400=CARTESIAN_POINT('Origin',(22.0000004768372,71.0000011175871,3.));
#12401=CARTESIAN_POINT('',(24.5000004768372,71.0000011175871,8.));
#12402=CARTESIAN_POINT('Origin',(22.0000004768372,71.0000011175871,18.));
#12403=CARTESIAN_POINT('',(27.0000004768372,71.0000011175871,8.));
#12404=CARTESIAN_POINT('Origin',(22.0000004768372,71.0000011175871,8.));
#12405=CARTESIAN_POINT('',(27.0000004768372,71.0000011175871,3.));
#12406=CARTESIAN_POINT('',(27.0000004768372,71.0000011175871,18.));
#12407=CARTESIAN_POINT('Origin',(22.0000004768372,71.0000011175871,3.));
#12408=CARTESIAN_POINT('Origin',(42.0000004768372,71.0000011175871,18.));
#12409=CARTESIAN_POINT('',(47.0000004768372,71.0000011175871,8.));
#12410=CARTESIAN_POINT('Origin',(42.0000004768372,71.0000011175871,8.));
#12411=CARTESIAN_POINT('',(47.0000004768372,71.0000011175871,3.));
#12412=CARTESIAN_POINT('',(47.0000004768372,71.0000011175871,18.));
#12413=CARTESIAN_POINT('Origin',(42.0000004768372,71.0000011175871,3.));
#12414=CARTESIAN_POINT('Origin',(32.0000004768372,81.0000011175871,8.));
#12415=CARTESIAN_POINT('',(34.5000004768372,81.0000011175871,3.));
#12416=CARTESIAN_POINT('Origin',(32.0000004768372,81.0000011175871,3.));
#12417=CARTESIAN_POINT('',(34.5000004768372,81.0000011175871,8.));
#12418=CARTESIAN_POINT('Origin',(42.0000004768372,71.0000011175871,3.));
#12419=CARTESIAN_POINT('Origin',(32.0000004768372,81.0000011175871,3.));
#12420=CARTESIAN_POINT('',(37.0000004768372,81.0000011175871,3.));
#12421=CARTESIAN_POINT('Origin',(32.0000004768372,81.0000011175871,3.));
#12422=CARTESIAN_POINT('Origin',(22.0000004768372,71.0000011175871,3.));
#12423=CARTESIAN_POINT('Origin',(32.0000004768372,61.0000011175871,3.));
#12424=CARTESIAN_POINT('',(37.0000004768372,61.0000011175871,3.));
#12425=CARTESIAN_POINT('Origin',(32.0000004768372,61.0000011175871,3.));
#12426=CARTESIAN_POINT('Origin',(32.,35.,-5.));
#12427=CARTESIAN_POINT('',(-20.0256140315402,36.9984125518797,-5.00000007450583));
#12428=CARTESIAN_POINT('',(-9.01880690401138,36.9984125518799,-5.));
#12429=CARTESIAN_POINT('',(-20.0256140315402,80.9988094139098,-5.));
#12430=CARTESIAN_POINT('Origin',(-50.0376138080228,36.9984125518799,-25.));
#12431=CARTESIAN_POINT('',(-20.0256140315402,36.9984125518799,-6.94750000000002));
#12432=CARTESIAN_POINT('Origin',(84.,37.9800005672528,-5.));
#12433=CARTESIAN_POINT('',(84.,37.9800005672528,-5.));
#12434=CARTESIAN_POINT('Origin',(83.4623859684599,36.9984125518797,-5.00000007450583));
#12435=CARTESIAN_POINT('',(84.,27.0084125518796,-5.00000007450588));
#12436=CARTESIAN_POINT('',(57.7311929842299,27.0084125518796,-5.00000007450588));
#12437=CARTESIAN_POINT('',(84.,40.,-5.));
#12438=CARTESIAN_POINT('Origin',(84.,30.,5.00000007450581));
#12439=CARTESIAN_POINT('',(84.,64.,8.));
#12440=CARTESIAN_POINT('',(84.,40.,-5.));
#12441=CARTESIAN_POINT('Origin',(54.5067615409795,33.125,8.));
#12442=CARTESIAN_POINT('',(63.1126705030836,58.9427401589568,8.));
#12443=CARTESIAN_POINT('',(52.4679001064318,27.0084125518796,-5.00000007450588));
#12444=CARTESIAN_POINT('',(52.4679001064318,27.0084125518796,9.40911299229803));
#12445=CARTESIAN_POINT('',(49.8611584715612,19.1881836269658,-5.00000007450588));
#12446=CARTESIAN_POINT('Origin',(83.4623859684599,36.9984125518797,-5.00000007450583));
#12447=CARTESIAN_POINT('',(-20.0256140315402,27.0084125518797,-5.00000007450588));
#12448=CARTESIAN_POINT('',(57.7311929842299,27.0084125518796,-5.00000007450588));
#12449=CARTESIAN_POINT('',(-20.0256140315402,77.9988094139098,-5.));
#12450=CARTESIAN_POINT('Origin',(-20.0256140315402,83.4984125518797,8.));
#12451=CARTESIAN_POINT('',(-20.0256140315402,27.0084125518796,9.40911299229803));
#12452=CARTESIAN_POINT('Origin',(80.1734282076462,33.125,8.));
#12453=CARTESIAN_POINT('',(87.4960050239649,55.0927417423545,8.));
#12454=CARTESIAN_POINT('',(78.1345667730984,27.0084125518796,-5.00000007450588));
#12455=CARTESIAN_POINT('',(78.1345667730984,27.0084125518796,9.40911299229803));
#12456=CARTESIAN_POINT('',(74.2444929924425,15.3381852103636,-5.00000007450588));
#12457=CARTESIAN_POINT('Origin',(-20.0256140315402,26.9984125518797,-5.00000007450588));
#12458=CARTESIAN_POINT('',(57.7311929842299,27.0084125518796,-5.00000007450588));
#12459=CARTESIAN_POINT('Origin',(-20.0256140315402,26.9984125518797,-5.00000007450588));
#12460=CARTESIAN_POINT('',(57.7311929842299,27.0084125518796,-5.00000007450588));
#12461=CARTESIAN_POINT('Origin',(-20.0256140315402,26.9984125518797,-5.00000007450588));
#12462=CARTESIAN_POINT('',(57.7311929842299,27.0084125518796,-5.00000007450588));
#12463=CARTESIAN_POINT('Origin',(-20.0256140315402,26.9984125518797,-5.00000007450588));
#12464=CARTESIAN_POINT('',(57.7311929842299,27.0084125518796,-5.00000007450588));
#12465=CARTESIAN_POINT('Origin',(-20.0256140315402,26.9984125518797,-5.00000007450588));
#12466=CARTESIAN_POINT('',(57.7311929842299,27.0084125518796,-5.00000007450588));
#12467=CARTESIAN_POINT('Origin',(31.9999999999999,27.0084125518796,10.8182259845961));
#12468=CARTESIAN_POINT('Origin',(32.0000004768372,81.0000011175871,8.));
#12469=CARTESIAN_POINT('',(37.0000004768372,81.0000011175871,8.));
#12470=CARTESIAN_POINT('',(37.0000004768372,81.0000011175871,8.));
#12471=CARTESIAN_POINT('Origin',(32.0000004768372,81.0000011175871,8.));
#12472=CARTESIAN_POINT('Origin',(35.,0.,8.));
#12473=CARTESIAN_POINT('',(37.0000004768372,61.0000011175871,8.));
#12474=CARTESIAN_POINT('Origin',(32.0000004768372,61.0000011175871,8.));
#12475=CARTESIAN_POINT('Origin',(32.0000004768372,61.0000011175871,8.));
#12476=CARTESIAN_POINT('',(37.0000004768372,61.0000011175871,8.));
#12477=CARTESIAN_POINT('Origin',(-24.6606740859429,-65.5310567486627,-42.3587591562861));
#12478=CARTESIAN_POINT('',(-19.6106740859429,-63.10924986633,-42.3587591562861));
#12479=CARTESIAN_POINT('',(-19.4106740859429,-63.10924986633,-42.3587591562861));
#12480=CARTESIAN_POINT('',(-20.1606740561406,-63.10924986633,-42.3587591562861));
#12481=CARTESIAN_POINT('',(-19.6106740859429,-61.55924986633,-42.3587591562861));
#12482=CARTESIAN_POINT('',(-19.6106740859429,-63.5451533074963,-42.3587591562861));
#12483=CARTESIAN_POINT('',(-22.6106741306464,-61.55924986633,-42.3587591562861));
#12484=CARTESIAN_POINT('',(-23.6356741082946,-61.55924986633,-42.3587591562861));
#12485=CARTESIAN_POINT('',(-22.6106741306464,-59.05924986633,-42.3587591562861));
#12486=CARTESIAN_POINT('',(-22.6106741306464,-62.2951533074963,-42.3587591562861));
#12487=CARTESIAN_POINT('',(-26.7106740859429,-59.05924986633,-42.3587591562861));
#12488=CARTESIAN_POINT('',(-25.6856740859429,-59.05924986633,-42.3587591562861));
#12489=CARTESIAN_POINT('',(-26.7106740859429,-61.55924986633,-42.3587591562861));
#12490=CARTESIAN_POINT('',(-26.7106740859429,-63.5451533074963,-42.3587591562861));
#12491=CARTESIAN_POINT('',(-29.7106740859429,-61.5592498663299,-42.3587591562861));
#12492=CARTESIAN_POINT('',(-27.1856740859429,-61.5592498663299,-42.3587591562861));
#12493=CARTESIAN_POINT('',(-29.7106740859429,-69.5028636533471,-42.3587591562861));
#12494=CARTESIAN_POINT('',(-29.7106740859429,-67.5169602010049,-42.3587591562861));
#12495=CARTESIAN_POINT('',(-26.710674190251,-69.5028636533472,-42.3587591562861));
#12496=CARTESIAN_POINT('',(-25.685674138097,-69.5028636533472,-42.3587591562861));
#12497=CARTESIAN_POINT('',(-26.710674190251,-72.0028636309954,-42.3587591562861));
#12498=CARTESIAN_POINT('',(-26.710674190251,-68.766960189829,-42.3587591562861));
#12499=CARTESIAN_POINT('',(-22.6106741306464,-72.0028636309954,-42.3587591562861));
#12500=CARTESIAN_POINT('',(-23.6356741082946,-72.0028636309954,-42.3587591562861));
#12501=CARTESIAN_POINT('',(-22.6106741306464,-69.5028636533472,-42.3587591562861));
#12502=CARTESIAN_POINT('',(-22.6106741306464,-67.5169602010049,-42.3587591562861));
#12503=CARTESIAN_POINT('',(-19.6106740859429,-69.5028636533472,-42.3587591562861));
#12504=CARTESIAN_POINT('',(-22.1356740859429,-69.5028636533472,-42.3587591562861));
#12505=CARTESIAN_POINT('',(-19.6106740859429,-67.9528636309954,-42.3587591562861));
#12506=CARTESIAN_POINT('',(-19.6106740859429,-63.5451533074963,-42.3587591562861));
#12507=CARTESIAN_POINT('',(-19.4106740859429,-67.9528636309954,-42.3587591562861));
#12508=CARTESIAN_POINT('',(-22.1606740859429,-67.9528636309954,-42.3587591562861));
#12509=CARTESIAN_POINT('',(-19.4106740859429,-69.7028636533472,-42.3587591562861));
#12510=CARTESIAN_POINT('',(-19.4106740859429,-63.4451533074963,-42.3587591562861));
#12511=CARTESIAN_POINT('',(-22.4106741306464,-69.7028636533472,-42.3587591562861));
#12512=CARTESIAN_POINT('',(-22.0356740859429,-69.7028636533472,-42.3587591562861));
#12513=CARTESIAN_POINT('',(-22.4106741306464,-72.2028636309954,-42.3587591562861));
#12514=CARTESIAN_POINT('',(-22.4106741306464,-67.6169602010049,-42.3587591562861));
#12515=CARTESIAN_POINT('',(-26.910674190251,-72.2028636309954,-42.3587591562861));
#12516=CARTESIAN_POINT('',(-23.5356741082947,-72.2028636309954,-42.3587591562861));
#12517=CARTESIAN_POINT('',(-26.910674190251,-69.7028636533472,-42.3587591562861));
#12518=CARTESIAN_POINT('',(-26.910674190251,-68.866960189829,-42.3587591562861));
#12519=CARTESIAN_POINT('',(-29.9106740859429,-69.7028636533471,-42.3587591562861));
#12520=CARTESIAN_POINT('',(-25.785674138097,-69.7028636533472,-42.3587591562861));
#12521=CARTESIAN_POINT('',(-29.9106740859429,-61.3592498663299,-42.3587591562861));
#12522=CARTESIAN_POINT('',(-29.9106740859429,-67.6169602010049,-42.3587591562861));
#12523=CARTESIAN_POINT('',(-26.9106740859429,-61.35924986633,-42.3587591562861));
#12524=CARTESIAN_POINT('',(-27.2856740859429,-61.3592498663299,-42.3587591562861));
#12525=CARTESIAN_POINT('',(-26.9106740859429,-58.85924986633,-42.3587591562861));
#12526=CARTESIAN_POINT('',(-26.9106740859429,-63.4451533074963,-42.3587591562861));
#12527=CARTESIAN_POINT('',(-22.4106741306464,-58.85924986633,-42.3587591562861));
#12528=CARTESIAN_POINT('',(-25.7856740859429,-58.85924986633,-42.3587591562861));
#12529=CARTESIAN_POINT('',(-22.4106741306464,-61.35924986633,-42.3587591562861));
#12530=CARTESIAN_POINT('',(-22.4106741306464,-62.1951533074963,-42.3587591562861));
#12531=CARTESIAN_POINT('',(-19.4106740859429,-61.35924986633,-42.3587591562861));
#12532=CARTESIAN_POINT('',(-23.5356741082946,-61.35924986633,-42.3587591562861));
#12533=CARTESIAN_POINT('',(-19.4106740859429,-63.4451533074963,-42.3587591562861));
#12534=CARTESIAN_POINT('Origin',(-19.4106740859429,-69.7028636533472,-9.23975915628609));
#12535=CARTESIAN_POINT('',(-19.4106740859429,-69.7028636533472,-9.23975915628609));
#12536=CARTESIAN_POINT('',(-19.4106740859429,-69.7028636533472,-9.23975915628609));
#12537=CARTESIAN_POINT('',(-22.4106741306464,-69.7028636533472,-9.23975915628609));
#12538=CARTESIAN_POINT('',(-22.4106741306464,-69.7028636533472,-9.23975915628609));
#12539=CARTESIAN_POINT('',(-22.4106741306464,-69.7028636533472,-9.23975915628609));
#12540=CARTESIAN_POINT('Origin',(-19.4106740859429,-61.35924986633,-9.23975915628609));
#12541=CARTESIAN_POINT('',(-19.4106740859429,-63.10924986633,-37.2397591562861));
#12542=CARTESIAN_POINT('',(-19.4106740859429,-63.10924986633,-24.2397591562861));
#12543=CARTESIAN_POINT('',(-19.4106740859429,-61.35924986633,-9.23975915628609));
#12544=CARTESIAN_POINT('',(-19.4106740859429,-61.35924986633,-9.23975915628609));
#12545=CARTESIAN_POINT('',(-19.4106740859429,-69.7028636533472,-9.23975915628609));
#12546=CARTESIAN_POINT('',(-19.4106740859429,-67.9528636309954,-37.2397591562861));
#12547=CARTESIAN_POINT('',(-19.4106740859429,-67.9528636309954,-24.2397591562861));
#12548=CARTESIAN_POINT('',(-19.4106740859429,-62.23424986633,-37.2397591562861));
#12549=CARTESIAN_POINT('Origin',(-22.4106741306464,-61.35924986633,-9.23975915628609));
#12550=CARTESIAN_POINT('',(-22.4106741306464,-61.35924986633,-9.23975915628609));
#12551=CARTESIAN_POINT('',(-22.4106741306464,-61.35924986633,-9.23975915628609));
#12552=CARTESIAN_POINT('',(-19.4106740859429,-61.35924986633,-9.23975915628609));
#12553=CARTESIAN_POINT('Origin',(-22.4106741306464,-58.85924986633,-9.23975915628609));
#12554=CARTESIAN_POINT('',(-22.4106741306464,-58.85924986633,-9.23975915628609));
#12555=CARTESIAN_POINT('',(-22.4106741306464,-58.85924986633,-9.23975915628609));
#12556=CARTESIAN_POINT('',(-22.4106741306464,-61.35924986633,-9.23975915628609));
#12557=CARTESIAN_POINT('Origin',(-26.9106740859429,-58.85924986633,-9.23975915628609));
#12558=CARTESIAN_POINT('',(-26.9106740859429,-58.85924986633,-9.23975915628609));
#12559=CARTESIAN_POINT('',(-26.9106740859429,-58.85924986633,-9.23975915628609));
#12560=CARTESIAN_POINT('',(-22.4106741306464,-58.85924986633,-9.23975915628609));
#12561=CARTESIAN_POINT('Origin',(-26.9106740859429,-61.35924986633,-9.23975915628609));
#12562=CARTESIAN_POINT('',(-26.9106740859429,-61.35924986633,-9.23975915628609));
#12563=CARTESIAN_POINT('',(-26.9106740859429,-61.35924986633,-9.23975915628609));
#12564=CARTESIAN_POINT('',(-26.9106740859429,-58.85924986633,-9.23975915628609));
#12565=CARTESIAN_POINT('Origin',(-29.9106740859429,-61.3592498663299,-9.23975915628609));
#12566=CARTESIAN_POINT('',(-29.9106740859429,-61.3592498663299,-9.23975915628609));
#12567=CARTESIAN_POINT('',(-29.9106740859429,-61.3592498663299,-9.23975915628609));
#12568=CARTESIAN_POINT('',(-26.9106740859429,-61.35924986633,-9.23975915628609));
#12569=CARTESIAN_POINT('Origin',(-29.9106740859429,-69.7028636533471,-9.23975915628609));
#12570=CARTESIAN_POINT('',(-29.9106740859429,-69.7028636533471,-9.23975915628609));
#12571=CARTESIAN_POINT('',(-29.9106740859429,-69.7028636533471,-9.23975915628609));
#12572=CARTESIAN_POINT('',(-29.9106740859429,-61.3592498663299,-9.23975915628609));
#12573=CARTESIAN_POINT('Origin',(-26.910674190251,-69.7028636533472,-9.23975915628609));
#12574=CARTESIAN_POINT('',(-26.910674190251,-69.7028636533472,-9.23975915628609));
#12575=CARTESIAN_POINT('',(-26.910674190251,-69.7028636533472,-9.23975915628609));
#12576=CARTESIAN_POINT('',(-29.9106740859429,-69.7028636533471,-9.23975915628609));
#12577=CARTESIAN_POINT('Origin',(-26.910674190251,-72.2028636309954,-9.23975915628609));
#12578=CARTESIAN_POINT('',(-26.910674190251,-72.2028636309954,-9.23975915628609));
#12579=CARTESIAN_POINT('',(-26.910674190251,-72.2028636309954,-9.23975915628609));
#12580=CARTESIAN_POINT('',(-26.910674190251,-69.7028636533472,-9.23975915628609));
#12581=CARTESIAN_POINT('Origin',(-22.4106741306464,-72.2028636309954,-9.23975915628609));
#12582=CARTESIAN_POINT('',(-22.4106741306464,-72.2028636309954,-9.23975915628609));
#12583=CARTESIAN_POINT('',(-22.4106741306464,-72.2028636309954,-9.23975915628609));
#12584=CARTESIAN_POINT('',(-26.910674190251,-72.2028636309954,-9.23975915628609));
#12585=CARTESIAN_POINT('Origin',(-22.4106741306464,-69.7028636533472,-9.23975915628609));
#12586=CARTESIAN_POINT('',(-22.4106741306464,-72.2028636309954,-9.23975915628609));
#12587=CARTESIAN_POINT('Origin',(-29.7106740859429,-61.5592498663299,-9.23975915628609));
#12588=CARTESIAN_POINT('',(-26.7106740859429,-61.55924986633,-42.3857591562861));
#12589=CARTESIAN_POINT('',(-26.7106740859429,-61.55924986633,-9.23975915628609));
#12590=CARTESIAN_POINT('',(-29.7106740859429,-61.5592498663299,-42.3857591562861));
#12591=CARTESIAN_POINT('',(-27.8360376594366,-61.55924986633,-42.3857591562861));
#12592=CARTESIAN_POINT('',(-29.7106740859429,-61.5592498663299,-9.23975915628609));
#12593=CARTESIAN_POINT('Origin',(-26.7106740859429,-61.55924986633,-9.23975915628609));
#12594=CARTESIAN_POINT('',(-26.7106740859429,-59.05924986633,-42.3857591562861));
#12595=CARTESIAN_POINT('',(-26.7106740859429,-59.05924986633,-9.23975915628609));
#12596=CARTESIAN_POINT('',(-26.7106740859429,-63.3800193775885,-42.3857591562861));
#12597=CARTESIAN_POINT('Origin',(-26.7106740859429,-59.05924986633,-9.23975915628609));
#12598=CARTESIAN_POINT('',(-22.6106741306464,-59.05924986633,-42.3857591562861));
#12599=CARTESIAN_POINT('',(-22.6106741306464,-59.05924986633,-9.23975915628609));
#12600=CARTESIAN_POINT('',(-25.5308076261229,-59.05924986633,-42.3857591562861));
#12601=CARTESIAN_POINT('',(-25.6856740859429,-59.05924986633,-42.3857591562861));
#12602=CARTESIAN_POINT('',(-26.3360376594366,-59.0592498663299,-42.3857591562861));
#12603=CARTESIAN_POINT('Origin',(-22.6106741306464,-59.05924986633,-9.23975915628609));
#12604=CARTESIAN_POINT('',(-22.6106741306464,-61.55924986633,-42.3857591562861));
#12605=CARTESIAN_POINT('',(-22.6106741306464,-61.55924986633,-9.23975915628609));
#12606=CARTESIAN_POINT('',(-22.6106741306464,-60.9458578465316,-42.3857591562861));
#12607=CARTESIAN_POINT('',(-22.6106741306464,-62.1300193775885,-42.3857591562861));
#12608=CARTESIAN_POINT('',(-22.6106741306464,-62.2951533074963,-42.3857591562861));
#12609=CARTESIAN_POINT('Origin',(-15.6606740263383,-63.10924986633,-37.2397591562861));
#12610=CARTESIAN_POINT('',(-4.66067402633825,-67.9528636309954,-37.2397591562861));
#12611=CARTESIAN_POINT('',(-17.6606740561406,-67.9528636309954,-37.2397591562861));
#12612=CARTESIAN_POINT('',(-4.66067402633826,-63.10924986633,-37.2397591562861));
#12613=CARTESIAN_POINT('',(-4.66067402633826,-65.5310567486627,-37.2397591562861));
#12614=CARTESIAN_POINT('',(-7.49999983236194,-63.10924986633,-37.2397591562861));
#12615=CARTESIAN_POINT('',(-15.6606740263383,-63.10924986633,-37.2397591562861));
#12616=CARTESIAN_POINT('',(-7.00000010430813,-65.0000009685755,-37.2397591562861));
#12617=CARTESIAN_POINT('',(-7.76669246256708,-62.1007505487726,-37.2397591562861));
#12618=CARTESIAN_POINT('',(-10.5000001564622,-65.0000009685755,-37.2397591562861));
#12619=CARTESIAN_POINT('',(-11.3303370653232,-65.0000009685755,-37.2397591562861));
#12620=CARTESIAN_POINT('',(-10.0000001490116,-63.10924986633,-37.2397591562861));
#12621=CARTESIAN_POINT('',(-10.4349924151526,-64.7541740551673,-37.2397591562861));
#12622=CARTESIAN_POINT('',(-15.6606740263383,-63.10924986633,-37.2397591562861));
#12623=CARTESIAN_POINT('Origin',(-22.6106741306464,-61.55924986633,-9.23975915628609));
#12624=CARTESIAN_POINT('',(-19.6106740859429,-61.55924986633,-42.3857591562861));
#12625=CARTESIAN_POINT('',(-19.6106740859429,-61.55924986633,-9.23975915628609));
#12626=CARTESIAN_POINT('',(-21.6612524162955,-61.5592498663299,-42.3857591562861));
#12627=CARTESIAN_POINT('',(-23.6356741082947,-61.55924986633,-42.3857591562861));
#12628=CARTESIAN_POINT('',(-24.2860376817883,-61.55924986633,-42.3857591562861));
#12629=CARTESIAN_POINT('Origin',(-19.6606740859429,-67.9528636309954,-39.2397591562861));
#12630=CARTESIAN_POINT('',(-19.6106740859429,-67.9528636309954,-42.3857591562861));
#12631=CARTESIAN_POINT('',(-19.6106740859429,-67.9528636309954,-24.2397591562861));
#12632=CARTESIAN_POINT('',(-19.2621281862025,-67.9528636309954,-42.3857591562861));
#12633=CARTESIAN_POINT('',(-22.8110376594366,-67.9528636309954,-42.3857591562861));
#12634=CARTESIAN_POINT('',(-19.2621281862025,-67.9528636309954,-43.2397591562861));
#12635=CARTESIAN_POINT('',(-19.2621281862025,-67.9528636309954,-41.2397591562861));
#12636=CARTESIAN_POINT('',(-4.66067402633825,-67.9528636309954,-43.2397591562861));
#12637=CARTESIAN_POINT('',(-19.6606740859429,-67.9528636309954,-43.2397591562861));
#12638=CARTESIAN_POINT('',(-4.66067402633825,-67.9528636309954,-39.2397591562861));
#12639=CARTESIAN_POINT('Origin',(-19.6106740859429,-61.55924986633,-9.23975915628609));
#12640=CARTESIAN_POINT('',(-19.6106740859429,-69.5028636533472,-42.3857591562861));
#12641=CARTESIAN_POINT('',(-19.6106740859429,-69.5028636533472,-9.23975915628609));
#12642=CARTESIAN_POINT('',(-19.6106740859429,-68.1608653770701,-42.3857591562861));
#12643=CARTESIAN_POINT('',(-19.6106740859429,-63.5451533074963,-42.3857591562861));
#12644=CARTESIAN_POINT('',(-19.6106740859429,-63.3800193775885,-42.3857591562861));
#12645=CARTESIAN_POINT('Origin',(-19.6106740859429,-61.55924986633,-9.23975915628609));
#12646=CARTESIAN_POINT('',(-19.6106740859429,-63.1092498663299,-42.3857591562861));
#12647=CARTESIAN_POINT('',(-19.6106740859429,-63.1092498663299,-24.2397591562861));
#12648=CARTESIAN_POINT('',(-19.6106740859429,-62.884065135243,-42.3857591562861));
#12649=CARTESIAN_POINT('',(-19.6106740859429,-63.3800193775885,-42.3857591562861));
#12650=CARTESIAN_POINT('',(-19.6106740859429,-63.5451533074963,-42.3857591562861));
#12651=CARTESIAN_POINT('Origin',(-10.5000001564622,-65.0000009685755,-37.2397591562861));
#12652=CARTESIAN_POINT('',(-10.5000001564622,-65.0000009685755,-42.2397591562861));
#12653=CARTESIAN_POINT('',(-10.5000001564622,-65.0000009685755,-37.2397591562861));
#12654=CARTESIAN_POINT('',(-10.0000001490116,-63.10924986633,-42.2397591562861));
#12655=CARTESIAN_POINT('',(-10.0000001490116,-63.10924986633,-42.2397591562861));
#12656=CARTESIAN_POINT('',(-10.0000001490116,-63.10924986633,-38.2397591562861));
#12657=CARTESIAN_POINT('Origin',(-7.00000010430813,-65.0000009685755,-37.2397591562861));
#12658=CARTESIAN_POINT('',(-7.00000010430813,-65.0000009685755,-42.2397591562861));
#12659=CARTESIAN_POINT('',(-7.00000010430813,-65.0000009685755,-37.2397591562861));
#12660=CARTESIAN_POINT('',(-9.00000013411045,-65.0000009685755,-42.2397591562861));
#12661=CARTESIAN_POINT('Origin',(-7.49999983236194,-63.10924986633,-37.2397591562861));
#12662=CARTESIAN_POINT('',(-7.49999983236194,-63.10924986633,-42.2397591562861));
#12663=CARTESIAN_POINT('',(-7.49999983236194,-63.10924986633,-38.2397591562861));
#12664=CARTESIAN_POINT('',(-7.49999983236194,-63.10924986633,-42.2397591562861));
#12665=CARTESIAN_POINT('Origin',(-8.75000013038516,-64.0546254174527,-42.2397591562861));
#12666=CARTESIAN_POINT('',(-12.2053370783617,-63.10924986633,-42.2397591562861));
#12667=CARTESIAN_POINT('Origin',(-4.66067402633825,-67.9528636309954,-39.2397591562861));
#12668=CARTESIAN_POINT('',(-4.66067402633826,-63.10924986633,-43.2397591562861));
#12669=CARTESIAN_POINT('',(-4.66067402633826,-64.3201533074963,-43.2397591562861));
#12670=CARTESIAN_POINT('',(-4.66067402633826,-63.10924986633,-39.2397591562861));
#12671=CARTESIAN_POINT('Origin',(-53.8046513050864,-75.9150628451843,-46.2397591562861));
#12672=CARTESIAN_POINT('',(-32.660674279658,-75.9150628451843,-42.3857591562861));
#12673=CARTESIAN_POINT('',(-32.604284881489,-75.9150628451843,-42.3857591562861));
#12674=CARTESIAN_POINT('',(-39.8830262690083,-75.9150628451843,-42.3857591562861));
#12675=CARTESIAN_POINT('',(-32.660674279658,-75.9150628451843,-43.2397591562861));
#12676=CARTESIAN_POINT('',(-32.660674279658,-75.9150628451843,-44.7397591562861));
#12677=CARTESIAN_POINT('',(-32.604284881489,-75.9150628451843,-43.2397591562861));
#12678=CARTESIAN_POINT('',(-35.7326626806135,-75.9150628451843,-43.2397591562861));
#12679=CARTESIAN_POINT('',(-32.604284881489,-75.9150628451843,-44.7397591562861));
#12680=CARTESIAN_POINT('Origin',(-17.6606740561406,-65.5310567486627,-43.2397591562861));
#12681=CARTESIAN_POINT('',(-32.660674279658,-54.4528634298297,-43.2397591562861));
#12682=CARTESIAN_POINT('',(-32.660674279658,-54.4528634298297,-43.2397591562861));
#12683=CARTESIAN_POINT('',(-19.2621281862025,-63.10924986633,-43.2397591562861));
#12684=CARTESIAN_POINT('',(-24.8445334007769,-59.5026304282632,-43.2397591562861));
#12685=CARTESIAN_POINT('',(-18.6606740710417,-63.10924986633,-43.2397591562861));
#12686=CARTESIAN_POINT('',(-18.1388192640737,-67.2825065349627,-43.2397591562861));
#12687=CARTESIAN_POINT('Origin',(-32.660674279658,-54.4528634298297,-43.2397591562861));
#12688=CARTESIAN_POINT('',(-32.660674279658,-54.4528634298297,-42.3857591562861));
#12689=CARTESIAN_POINT('',(-32.660674279658,-54.4528634298297,-42.3857591562861));
#12690=CARTESIAN_POINT('',(-32.660674279658,-54.4528634298297,-43.2397591562861));
#12691=CARTESIAN_POINT('Origin',(-15.6606740263383,-63.10924986633,-39.2397591562861));
#12692=CARTESIAN_POINT('',(-19.2621281862025,-63.10924986633,-42.3857591562861));
#12693=CARTESIAN_POINT('',(-19.2621281862025,-63.10924986633,-41.2397591562861));
#12694=CARTESIAN_POINT('',(-20.8110376296343,-63.1092498663299,-42.3857591562861));
#12695=CARTESIAN_POINT('Origin',(-26.660674190251,-71.9528636309954,-9.23975915628609));
#12696=CARTESIAN_POINT('',(-25.9648776836079,-71.9528636309954,-42.3857591562861));
#12697=CARTESIAN_POINT('',(-25.9648776836079,-71.9528636309954,-42.3587591562861));
#12698=CARTESIAN_POINT('',(-25.9648776836079,-71.9528636309954,-43.2397591562861));
#12699=CARTESIAN_POINT('',(-22.6606741306464,-71.9528636309954,-42.3587591562861));
#12700=CARTESIAN_POINT('',(-22.8110376594366,-71.9528636309954,-42.3587591562861));
#12701=CARTESIAN_POINT('',(-22.6606741306464,-71.9528636309954,-42.3857591562861));
#12702=CARTESIAN_POINT('',(-22.6606741306464,-71.9528636309954,-9.23975915628609));
#12703=CARTESIAN_POINT('',(-25.660674138097,-71.9528636309954,-42.3857591562861));
#12704=CARTESIAN_POINT('Origin',(-22.6606741306464,-71.9528636309954,-9.23975915628609));
#12705=CARTESIAN_POINT('',(-22.6606741306464,-69.9810139867618,-42.3587591562861));
#12706=CARTESIAN_POINT('',(-22.6606741306464,-71.9518263102127,-42.3587591562861));
#12707=CARTESIAN_POINT('',(-22.6606741306464,-69.9810139867618,-42.3857591562861));
#12708=CARTESIAN_POINT('',(-22.6606741306464,-69.9810139867618,-31.2397591562861));
#12709=CARTESIAN_POINT('',(-22.6606741306464,-68.7419601898291,-42.3857591562861));
#12710=CARTESIAN_POINT('Origin',(-22.6606741306464,-69.4528636533472,-9.23975915628609));
#12711=CARTESIAN_POINT('',(-21.775659285184,-69.4528636533472,-42.3857591562861));
#12712=CARTESIAN_POINT('',(-21.775659285184,-69.4528636533472,-42.3587591562861));
#12713=CARTESIAN_POINT('',(-21.775659285184,-69.4528636533472,-31.2397591562861));
#12714=CARTESIAN_POINT('',(-19.6606740859429,-69.4528636533472,-42.3587591562861));
#12715=CARTESIAN_POINT('',(-24.3110376817883,-69.4528636533472,-42.3587591562861));
#12716=CARTESIAN_POINT('',(-19.6606740859429,-69.4528636533472,-42.3857591562861));
#12717=CARTESIAN_POINT('',(-19.6606740859429,-69.4528636533472,-9.23975915628609));
#12718=CARTESIAN_POINT('',(-23.6606741082946,-69.4528636533472,-42.3857591562861));
#12719=CARTESIAN_POINT('Origin',(-19.6606740859429,-69.4528636533472,-9.23975915628609));
#12720=CARTESIAN_POINT('',(-19.6606740859429,-62.8517616809125,-42.3857591562861));
#12721=CARTESIAN_POINT('',(-19.6606740859429,-62.8517616809125,-42.3587591562861));
#12722=CARTESIAN_POINT('',(-19.6606740859429,-62.8517616809125,-43.2397591562861));
#12723=CARTESIAN_POINT('',(-19.6606740859429,-61.60924986633,-42.3587591562861));
#12724=CARTESIAN_POINT('',(-19.6606740859429,-63.3669601395376,-42.3587591562861));
#12725=CARTESIAN_POINT('',(-19.6606740859429,-61.60924986633,-42.3857591562861));
#12726=CARTESIAN_POINT('',(-19.6606740859429,-61.60924986633,-9.23975915628609));
#12727=CARTESIAN_POINT('',(-19.6606740859429,-67.4919602010049,-42.3857591562861));
#12728=CARTESIAN_POINT('Origin',(-19.6606740859429,-69.4528636533472,-9.23975915628609));
#12729=CARTESIAN_POINT('',(-19.6606740859429,-68.190703878431,-42.3587591562861));
#12730=CARTESIAN_POINT('',(-19.6606740859429,-68.190703878431,-42.3857591562861));
#12731=CARTESIAN_POINT('',(-19.6606740859429,-68.190703878431,-43.2397591562861));
#12732=CARTESIAN_POINT('',(-19.6606740859429,-67.4919602010049,-42.3857591562861));
#12733=CARTESIAN_POINT('',(-19.6606740859429,-69.9518263102127,-42.3587591562861));
#12734=CARTESIAN_POINT('Origin',(-19.6606740859429,-61.60924986633,-9.23975915628609));
#12735=CARTESIAN_POINT('',(-21.5838613120989,-61.60924986633,-42.3587591562861));
#12736=CARTESIAN_POINT('',(-22.8110376594366,-61.60924986633,-42.3587591562861));
#12737=CARTESIAN_POINT('',(-21.5838613120989,-61.60924986633,-42.3857591562861));
#12738=CARTESIAN_POINT('',(-21.5838613120989,-61.60924986633,-31.2397591562861));
#12739=CARTESIAN_POINT('',(-22.1606740859429,-61.60924986633,-42.3857591562861));
#12740=CARTESIAN_POINT('Origin',(-24.6606740859429,-65.5310567486627,-42.3857591562861));
#12741=CARTESIAN_POINT('',(-27.8479450726255,-57.5622189927183,-42.3857591562861));
#12742=CARTESIAN_POINT('',(-27.8479450726255,-57.5622189927183,-42.3857591562861));
#12743=CARTESIAN_POINT('Origin',(-24.6606740859429,-65.5310567486627,-42.3857591562861));
#12744=CARTESIAN_POINT('',(-21.1265883326798,-69.065517563355,-42.3857591562861));
#12745=CARTESIAN_POINT('',(-21.8594436539016,-69.5028636533472,-42.3857591562861));
#12746=CARTESIAN_POINT('',(-22.1356740859429,-69.5028636533472,-42.3857591562861));
#12747=CARTESIAN_POINT('',(-21.1265883326798,-69.065517563355,-42.3857591562861));
#12748=CARTESIAN_POINT('Origin',(-24.6606740859429,-65.5310567486627,-42.3857591562861));
#12749=CARTESIAN_POINT('',(-25.4534165219264,-59.10924986633,-42.3857591562861));
#12750=CARTESIAN_POINT('',(-27.8479450726255,-57.5622189927183,-42.3857591562861));
#12751=CARTESIAN_POINT('',(-22.6606741306464,-60.9135543922011,-42.3857591562861));
#12752=CARTESIAN_POINT('',(-27.8479450726255,-57.5622189927183,-42.3857591562861));
#12753=CARTESIAN_POINT('',(-22.6606741306464,-59.10924986633,-42.3857591562861));
#12754=CARTESIAN_POINT('',(-22.6606741306464,-63.5701533074963,-42.3857591562861));
#12755=CARTESIAN_POINT('',(-23.6606741082946,-59.10924986633,-42.3857591562861));
#12756=CARTESIAN_POINT('Origin',(-24.6606740859429,-65.5310567486627,-42.3857591562861));
#12757=CARTESIAN_POINT('',(-26.0486620523254,-72.0028636309954,-42.3857591562861));
#12758=CARTESIAN_POINT('',(-21.1265883326798,-69.065517563355,-42.3857591562861));
#12759=CARTESIAN_POINT('',(-22.6106741306464,-69.9511754854009,-42.3857591562861));
#12760=CARTESIAN_POINT('',(-21.1265883326798,-69.065517563355,-42.3857591562861));
#12761=CARTESIAN_POINT('',(-22.6106741306464,-72.0028636309954,-42.3857591562861));
#12762=CARTESIAN_POINT('',(-22.6106741306464,-67.5169602010049,-42.3857591562861));
#12763=CARTESIAN_POINT('',(-23.6356741082947,-72.0028636309954,-42.3857591562861));
#12764=CARTESIAN_POINT('Origin',(-29.7106740859429,-69.5028636533471,-9.23975915628609));
#12765=CARTESIAN_POINT('',(-29.7106740859429,-69.5028636533471,-42.3857591562861));
#12766=CARTESIAN_POINT('',(-29.7106740859429,-67.3518262710971,-42.3857591562861));
#12767=CARTESIAN_POINT('',(-29.7106740859429,-69.5028636533471,-9.23975915628609));
#12768=CARTESIAN_POINT('Origin',(-26.710674190251,-69.5028636533472,-9.23975915628609));
#12769=CARTESIAN_POINT('',(-26.710674190251,-69.5028636533472,-42.3857591562861));
#12770=CARTESIAN_POINT('',(-26.3360377115906,-69.5028636533472,-42.3857591562861));
#12771=CARTESIAN_POINT('',(-26.710674190251,-69.5028636533472,-9.23975915628609));
#12772=CARTESIAN_POINT('Origin',(-26.710674190251,-72.0028636309954,-9.23975915628609));
#12773=CARTESIAN_POINT('',(-26.710674190251,-72.0028636309954,-42.3857591562861));
#12774=CARTESIAN_POINT('',(-26.710674190251,-68.6018262599213,-42.3857591562861));
#12775=CARTESIAN_POINT('',(-26.710674190251,-72.0028636309954,-9.23975915628609));
#12776=CARTESIAN_POINT('Origin',(-22.6606741306464,-59.10924986633,-9.23975915628609));
#12777=CARTESIAN_POINT('',(-25.4534165219264,-59.10924986633,-42.3587591562861));
#12778=CARTESIAN_POINT('',(-25.4534165219263,-59.10924986633,-41.2397591562861));
#12779=CARTESIAN_POINT('',(-22.6606741306464,-59.10924986633,-42.3587591562861));
#12780=CARTESIAN_POINT('',(-22.6606741306464,-59.10924986633,-9.23975915628609));
#12781=CARTESIAN_POINT('',(-22.8110376594366,-59.10924986633,-42.3587591562861));
#12782=CARTESIAN_POINT('Origin',(-22.6606741306464,-61.60924986633,-9.23975915628609));
#12783=CARTESIAN_POINT('',(-22.6606741306464,-60.9135543922011,-42.3587591562861));
#12784=CARTESIAN_POINT('',(-22.6606741306464,-60.1951532572049,-42.3587591562861));
#12785=CARTESIAN_POINT('',(-22.6606741306464,-60.9135543922011,-31.2397591562861));
#12786=CARTESIAN_POINT('Origin',(-22.6106741306464,-72.0028636309954,-9.23975915628609));
#12787=CARTESIAN_POINT('',(-24.2860376817883,-72.0028636309954,-42.3857591562861));
#12788=CARTESIAN_POINT('',(-22.6106741306464,-72.0028636309954,-9.23975915628609));
#12789=CARTESIAN_POINT('Origin',(-22.6106741306464,-69.5028636533472,-9.23975915628609));
#12790=CARTESIAN_POINT('',(-22.6106741306464,-69.5028636533472,-42.3857591562861));
#12791=CARTESIAN_POINT('',(-22.6106741306464,-67.3518262710971,-42.3857591562861));
#12792=CARTESIAN_POINT('',(-22.6106741306464,-69.5028636533472,-9.23975915628609));
#12793=CARTESIAN_POINT('Origin',(-19.6106740859429,-69.5028636533472,-9.23975915628609));
#12794=CARTESIAN_POINT('',(-22.7860376594366,-69.5028636533472,-42.3857591562861));
#12795=CARTESIAN_POINT('Origin',(-25.9614012329302,-65.2007888888471,-42.3857591562861));
#12796=CARTESIAN_POINT('',(-21.1265883326798,-69.065517563355,-42.3857591562861));
#12797=CARTESIAN_POINT('',(-27.8479450726255,-57.5622189927183,-42.3857591562861));
#12798=CARTESIAN_POINT('Origin',(-25.9614012329302,-65.2007888888471,-42.3857591562861));
#12799=CARTESIAN_POINT('',(-21.1265883326798,-69.065517563355,-42.3857591562861));
#12800=CARTESIAN_POINT('Origin',(-25.9614012329302,-65.2007888888471,-42.3857591562861));
#12801=CARTESIAN_POINT('',(-27.8479450726255,-57.5622189927183,-42.3857591562861));
#12802=CARTESIAN_POINT('Origin',(-25.9614012329302,-58.7810566480798,-42.3587591562861));
#12803=CARTESIAN_POINT('',(-19.2621281862025,-63.10924986633,-42.3587591562861));
#12804=CARTESIAN_POINT('Origin',(-32.660674279658,-54.4528634298297,-43.2397591562861));
#12805=CARTESIAN_POINT('',(-19.2621281862025,-63.10924986633,-42.3587591562861));
#12806=CARTESIAN_POINT('',(-27.8479450726255,-57.5622189927183,-42.3857591562861));
#12807=CARTESIAN_POINT('Origin',(-25.9614012329302,-58.7810566480798,-42.3587591562861));
#12808=CARTESIAN_POINT('Origin',(-25.9614012329302,-71.9507889894299,-42.3587591562861));
#12809=CARTESIAN_POINT('',(-19.2621281862025,-67.9528636309954,-42.3587591562861));
#12810=CARTESIAN_POINT('Origin',(-19.2621281862025,-67.9528636309954,-43.2397591562861));
#12811=CARTESIAN_POINT('',(-21.1265883326798,-69.065517563355,-42.3857591562861));
#12812=CARTESIAN_POINT('',(-19.2621281862025,-67.9528636309954,-42.3587591562861));
#12813=CARTESIAN_POINT('Origin',(-25.9614012329302,-71.9507889894299,-42.3587591562861));
#12814=CARTESIAN_POINT('Origin',(-25.9614012329302,-65.2007888888471,-42.3857591562861));
#12815=CARTESIAN_POINT('Origin',(-25.9614012329302,-65.2007888888471,-42.3857591562861));
#12816=CARTESIAN_POINT('Origin',(-24.6606740859429,-65.5310567598385,-9.23975915628609));
#12817=CARTESIAN_POINT('',(-24.6606740859429,-66.6740567598386,-9.23975915628609));
#12818=CARTESIAN_POINT('Origin',(-24.6606740859429,-65.5310567598385,-9.23975915628609));
#12819=CARTESIAN_POINT('',(-24.6606740859429,-66.6740567598386,-12.7397591562861));
#12820=CARTESIAN_POINT('',(-24.6606740859429,-66.6740567598385,-9.23975915628609));
#12821=CARTESIAN_POINT('Origin',(-24.6606740859429,-65.5310567598385,-12.7397591562861));
#12822=CARTESIAN_POINT('Origin',(-24.6606740859429,-65.5310567598385,-12.7397591562861));
#12823=CARTESIAN_POINT('Origin',(-24.6606740859429,-65.5310567486627,-9.23975915628609));
#12824=CARTESIAN_POINT('Origin',(-20.0256140315402,22.3560219016879,9.40911299229803));
#12825=CARTESIAN_POINT('',(-20.0256140315402,27.3560219016879,-42.));
#12826=CARTESIAN_POINT('',(-25.0256140315402,22.3560219016879,-42.));
#12827=CARTESIAN_POINT('Origin',(-20.0256140315402,22.3560219016879,-42.));
#12828=CARTESIAN_POINT('',(-25.0256140315402,22.3560219016879,-38.));
#12829=CARTESIAN_POINT('',(-25.0256140315402,22.3560219016879,9.40911299229803));
#12830=CARTESIAN_POINT('',(-20.0256140315402,27.356021901688,-38.));
#12831=CARTESIAN_POINT('Origin',(-20.0256140315402,22.3560219016879,-38.));
#12832=CARTESIAN_POINT('',(-20.0256140315402,27.3560219016879,9.40911299229803));
#12833=CARTESIAN_POINT('Origin',(1.4623864154947,27.3560219016879,-38.));
#12834=CARTESIAN_POINT('',(-25.0256140315402,-5.95286342982972,-38.));
#12835=CARTESIAN_POINT('',(-25.0256140315402,27.3560219016879,-38.));
#12836=CARTESIAN_POINT('',(-19.1606740859429,-5.95286342982972,-38.));
#12837=CARTESIAN_POINT('',(-15.5991439320816,-5.95286342982972,-38.));
#12838=CARTESIAN_POINT('',(-19.1606740859429,-6.11098885041823,-38.));
#12839=CARTESIAN_POINT('',(-19.1606740859429,10.7015792359291,-38.));
#12840=CARTESIAN_POINT('',(1.4623864154947,-6.11098885041823,-38.));
#12841=CARTESIAN_POINT('',(1.45619319154234,-6.11098885041823,-38.));
#12842=CARTESIAN_POINT('',(1.4623864154947,26.2660219016879,-38.));
#12843=CARTESIAN_POINT('',(1.4623864154947,10.8725165256349,-38.));
#12844=CARTESIAN_POINT('',(-13.0028031274608,26.2660219016879,-38.));
#12845=CARTESIAN_POINT('',(16.9804927164548,26.2660219016879,-38.));
#12846=CARTESIAN_POINT('',(-13.0028031274608,27.2660219016879,-38.));
#12847=CARTESIAN_POINT('',(-13.0028031274608,27.3110219016879,-38.));
#12848=CARTESIAN_POINT('',(-13.0328031433305,27.356021901688,-38.));
#12849=CARTESIAN_POINT('',(-13.2916414036193,28.1325362717851,-38.));
#12850=CARTESIAN_POINT('',(-9.03761380802274,27.356021901688,-38.));
#12851=CARTESIAN_POINT('',(-14.9127297965268,-1.15311905862874,-38.));
#12852=CARTESIAN_POINT('',(-14.9127297965268,21.8468809413713,-38.));
#12853=CARTESIAN_POINT('',(-14.9127297965268,10.8514514215296,-38.));
#12854=CARTESIAN_POINT('',(-2.91272979652676,21.8468809413713,-38.));
#12855=CARTESIAN_POINT('',(-6.72517169051603,21.8468809413713,-38.));
#12856=CARTESIAN_POINT('',(-2.91272979652676,-1.15311905862874,-38.));
#12857=CARTESIAN_POINT('',(-2.91272979652676,24.6014514215296,-38.));
#12858=CARTESIAN_POINT('',(-2.91272979652676,-1.15311905862874,-38.));
#12859=CARTESIAN_POINT('',(-9.91272979652675,-3.94117422289662,-38.));
#12860=CARTESIAN_POINT('Origin',(-8.91272979652675,-3.94117422289662,-38.));
#12861=CARTESIAN_POINT('',(-9.91272979652676,24.4162191450768,-38.));
#12862=CARTESIAN_POINT('Origin',(-8.91272979652676,24.4162191450768,-38.));
#12863=CARTESIAN_POINT('Origin',(-25.0256140315402,83.856021901688,8.));
#12864=CARTESIAN_POINT('',(-25.0256140315402,-5.95286342982973,-42.));
#12865=CARTESIAN_POINT('',(-25.0256140315402,85.356021901688,-42.));
#12866=CARTESIAN_POINT('',(-25.0256140315402,-5.95286342982972,-5.61987957814305));
#12867=CARTESIAN_POINT('Origin',(-34.0287710455215,9.68383800520028,6.76024084371394));
#12868=CARTESIAN_POINT('',(-13.0028031274608,26.4977582388857,-9.23975915628609));
#12869=CARTESIAN_POINT('',(-13.0028031274608,26.4977582388857,6.76024084371394));
#12870=CARTESIAN_POINT('',(-13.0028031274608,26.4977582388857,7.38012048146162));
#12871=CARTESIAN_POINT('',(-34.0287710455215,9.68383800520028,-9.23975915628609));
#12872=CARTESIAN_POINT('',(-28.0652709377314,14.4526940938576,-9.23975915628609));
#12873=CARTESIAN_POINT('',(-34.0287710455215,9.68383800520028,6.76024084371394));
#12874=CARTESIAN_POINT('',(-34.0287710455215,9.68383800520029,-3.23975915628609));
#12875=CARTESIAN_POINT('',(-13.0000001937151,26.4999996721745,6.76024084371394));
#12876=CARTESIAN_POINT('Origin',(1.00000001490116,26.4999996721745,6.76024084371394));
#12877=CARTESIAN_POINT('',(0.91257385302935,26.2660219016879,6.76024084371394));
#12878=CARTESIAN_POINT('',(0.91257385302935,26.2660219016879,-9.23975915628609));
#12879=CARTESIAN_POINT('',(0.912573853029344,26.2660219016879,-4.11987954834071));
#12880=CARTESIAN_POINT('',(-9.6606740859429,-2.03105675983855,6.76024084371394));
#12881=CARTESIAN_POINT('',(-9.66067408594289,-2.03105675983855,6.76024084371394));
#12882=CARTESIAN_POINT('',(-9.6606740859429,-2.03105675983855,-9.23975915628609));
#12883=CARTESIAN_POINT('',(-9.6606740859429,-2.03105675983855,-3.23975915628609));
#12884=CARTESIAN_POINT('',(-2.41150883087938,17.3698123616394,-9.23975915628609));
#12885=CARTESIAN_POINT('Origin',(32.4985990174149,26.2660219016879,-14.9999999403954));
#12886=CARTESIAN_POINT('',(-13.0028031274608,26.2660219016879,6.76024084371394));
#12887=CARTESIAN_POINT('',(7.99210675105237,26.2660219016879,6.76024084371395));
#12888=CARTESIAN_POINT('',(-13.0028031274608,26.2660219016879,-9.23975915628609));
#12889=CARTESIAN_POINT('',(7.99210675105237,26.2660219016879,-9.23975915628609));
#12890=CARTESIAN_POINT('',(-13.0028031274608,26.2660219016879,8.00000011920929));
#12891=CARTESIAN_POINT('',(1.4623864154947,26.2660219016879,-25.0000001564622));
#12892=CARTESIAN_POINT('',(1.4623864154947,26.2660219016879,-10.0000000074506));
#12893=CARTESIAN_POINT('',(78.0000011622906,26.2660219016879,-25.0000001564622));
#12894=CARTESIAN_POINT('',(57.9804924929374,26.2660219016879,-25.0000001564622));
#12895=CARTESIAN_POINT('',(78.0000011622906,26.2660219016879,8.00000011920929));
#12896=CARTESIAN_POINT('',(78.0000011622906,26.2660219016879,-19.0000001564622));
#12897=CARTESIAN_POINT('',(-13.0028031274608,26.2660219016879,8.));
#12898=CARTESIAN_POINT('',(78.0000011622906,26.2660219016879,8.00000011920929));
#12899=CARTESIAN_POINT('',(-13.0028031274608,26.2660219016879,8.00000011920929));
#12900=CARTESIAN_POINT('Origin',(-19.1606740859429,-5.95286342982972,-19.2397591562861));
#12901=CARTESIAN_POINT('',(-19.1606740859429,-6.11098885041823,-42.));
#12902=CARTESIAN_POINT('',(-19.1606740859429,-5.95286342982972,-42.));
#12903=CARTESIAN_POINT('',(-19.1606740859429,36.6515792359291,-42.));
#12904=CARTESIAN_POINT('',(-19.1606740859429,-6.11098885041822,-28.6198795781431));
#12905=CARTESIAN_POINT('',(-19.1606740859429,-5.95286342982972,-9.23975915628609));
#12906=CARTESIAN_POINT('',(-19.1606740859429,-5.95286342982972,-19.2397591562861));
#12907=CARTESIAN_POINT('',(-19.1606740859429,-12.60924986633,-9.23975915628609));
#12908=CARTESIAN_POINT('',(-19.1606740859429,-12.60924986633,-9.23975915628609));
#12909=CARTESIAN_POINT('',(-19.1606740859429,-12.60924986633,-42.2397591562861));
#12910=CARTESIAN_POINT('',(-19.1606740859429,-12.60924986633,-19.2397591562861));
#12911=CARTESIAN_POINT('',(-19.1606740859429,-5.95286342982972,-42.2397591562861));
#12912=CARTESIAN_POINT('',(-19.1606740859429,-11.3184601082092,-42.2397591562861));
#12913=CARTESIAN_POINT('',(-19.1606740859429,-5.95286342982972,-19.2397591562861));
#12914=CARTESIAN_POINT('Origin',(-24.6606740859429,-2.03105675983855,-3.23975915628609));
#12915=CARTESIAN_POINT('',(-39.6606740859429,-2.03105675983855,-9.23975915628609));
#12916=CARTESIAN_POINT('Origin',(-24.6606740859429,-2.03105675983855,-9.23975915628609));
#12917=CARTESIAN_POINT('',(-39.6606740859429,-2.03105675983855,6.76024084371394));
#12918=CARTESIAN_POINT('',(-39.6606740859429,-2.03105675983855,-3.23975915628609));
#12919=CARTESIAN_POINT('Origin',(-24.6606740859429,-2.03105675983855,6.76024084371394));
#12920=CARTESIAN_POINT('Origin',(-25.9106741828004,-16.6840567865887,-42.2397591562861));
#12921=CARTESIAN_POINT('',(-19.1606740859429,-27.4150628451843,-42.2397591562861));
#12922=CARTESIAN_POINT('',(-32.660674279658,-27.4150628451843,-42.2397591562861));
#12923=CARTESIAN_POINT('',(-39.8576627439434,-27.4150628451843,-42.2397591562861));
#12924=CARTESIAN_POINT('',(-32.660674279658,-5.95286342982972,-42.2397591562861));
#12925=CARTESIAN_POINT('',(-32.660674279658,-21.8184602646714,-42.2397591562861));
#12926=CARTESIAN_POINT('',(-29.2856742312292,-5.95286342982972,-42.2397591562861));
#12927=CARTESIAN_POINT('',(-22.1606741306464,-12.60924986633,-42.2397591562861));
#12928=CARTESIAN_POINT('',(-22.5356741343717,-12.60924986633,-42.2397591562861));
#12929=CARTESIAN_POINT('',(-22.1606741306464,-10.1092498663299,-42.2397591562861));
#12930=CARTESIAN_POINT('',(-22.1606741306464,-14.6466533264593,-42.2397591562861));
#12931=CARTESIAN_POINT('',(-27.1606740859429,-10.1092498663299,-42.2397591562861));
#12932=CARTESIAN_POINT('',(-24.0356741567234,-10.10924986633,-42.2397591562861));
#12933=CARTESIAN_POINT('',(-27.1606740859429,-12.60924986633,-42.2397591562861));
#12934=CARTESIAN_POINT('',(-27.1606740859429,-13.3966533264593,-42.2397591562861));
#12935=CARTESIAN_POINT('',(-30.1606740859429,-12.6092498663299,-42.2397591562861));
#12936=CARTESIAN_POINT('',(-26.5356741343717,-12.6092498663299,-42.2397591562861));
#12937=CARTESIAN_POINT('',(-30.1606740859429,-21.4528636533472,-42.2397591562861));
#12938=CARTESIAN_POINT('',(-30.1606740859429,-14.6466533264593,-42.2397591562861));
#12939=CARTESIAN_POINT('',(-27.160674190251,-21.4528636533471,-42.2397591562861));
#12940=CARTESIAN_POINT('',(-28.0356741343717,-21.4528636533472,-42.2397591562861));
#12941=CARTESIAN_POINT('',(-27.160674190251,-23.9528636309954,-42.2397591562861));
#12942=CARTESIAN_POINT('',(-27.160674190251,-19.0684602199679,-42.2397591562861));
#12943=CARTESIAN_POINT('',(-22.1606741306464,-23.9528636309954,-42.2397591562861));
#12944=CARTESIAN_POINT('',(-26.5356741865257,-23.9528636309954,-42.2397591562861));
#12945=CARTESIAN_POINT('',(-22.1606741306464,-21.4528636533472,-42.2397591562861));
#12946=CARTESIAN_POINT('',(-22.1606741306464,-20.3184602087921,-42.2397591562861));
#12947=CARTESIAN_POINT('',(-19.1606740859429,-21.4528636533472,-42.2397591562861));
#12948=CARTESIAN_POINT('',(-24.0356741567234,-21.4528636533472,-42.2397591562861));
#12949=CARTESIAN_POINT('',(-19.1606740859429,-19.0684602199679,-42.2397591562861));
#12950=CARTESIAN_POINT('Origin',(-53.8046513050864,-27.4150628451843,-26.2397591562861));
#12951=CARTESIAN_POINT('',(-32.660674279658,-27.4152501433477,-26.2397593127483));
#12952=CARTESIAN_POINT('',(-19.1606740859429,-27.4152501433477,-26.2397591562861));
#12953=CARTESIAN_POINT('',(18.1953486949135,-27.4152501433477,-26.2397593127483));
#12954=CARTESIAN_POINT('',(-32.660674279658,-27.4150628451843,-26.2397591562861));
#12955=CARTESIAN_POINT('',(-32.660674279658,-47.6840569430509,-26.2397591562861));
#12956=CARTESIAN_POINT('',(-19.1606740859429,-27.4150628451843,-26.2397591562861));
#12957=CARTESIAN_POINT('',(-53.8046513050864,-27.4150628451843,-26.2397591562861));
#12958=CARTESIAN_POINT('',(-19.1606740859429,-24.4339632492657,-26.2397591562861));
#12959=CARTESIAN_POINT('Origin',(-53.8046513050864,-27.4150628451843,-46.2397591562861));
#12960=CARTESIAN_POINT('',(-32.660674279658,-27.4150628451843,-36.2397591562861));
#12961=CARTESIAN_POINT('',(-19.1606740859429,-27.4150628451843,-30.7397591562861));
#12962=CARTESIAN_POINT('Origin',(-31.7326626955147,-27.4152501433477,-18.2397594096058));
#12963=CARTESIAN_POINT('',(-19.1606740859429,-27.4152501433477,-9.23975915628609));
#12964=CARTESIAN_POINT('',(-19.1606740859429,-27.4152501433477,-24.739759193539));
#12965=CARTESIAN_POINT('',(-32.660674279658,-27.4152501433477,-9.23975915628609));
#12966=CARTESIAN_POINT('',(-28.1966683907288,-27.4152501433476,-9.23975915628609));
#12967=CARTESIAN_POINT('',(-32.660674279658,-27.4152501433477,-25.2397591562861));
#12968=CARTESIAN_POINT('Origin',(-30.1606740859429,-12.6092498663299,-19.2397591562861));
#12969=CARTESIAN_POINT('',(-30.1606740859429,-12.6092498663299,-9.23975915628609));
#12970=CARTESIAN_POINT('',(-30.1606740859429,-12.6092498663299,-19.2397591562861));
#12971=CARTESIAN_POINT('',(-30.1606740859429,-13.8573365453269,-9.23975915628609));
#12972=CARTESIAN_POINT('',(-30.1606740859429,-12.6092498663299,-9.23975915628609));
#12973=CARTESIAN_POINT('',(-30.1606740859429,-20.2047769743502,-9.23975915628609));
#12974=CARTESIAN_POINT('',(-30.1606740859429,-12.6092498663299,-9.23975915628609));
#12975=CARTESIAN_POINT('',(-30.1606740859429,-21.4528636533472,-9.23975915628609));
#12976=CARTESIAN_POINT('',(-30.1606740859429,-12.6092498663299,-9.23975915628609));
#12977=CARTESIAN_POINT('',(-30.1606740859429,-21.4528636533472,-19.2397591562861));
#12978=CARTESIAN_POINT('Origin',(-30.1606740859429,-21.4528636533472,-19.2397591562861));
#12979=CARTESIAN_POINT('',(-29.2180992138545,-21.4528636533472,-9.23975915628609));
#12980=CARTESIAN_POINT('',(-30.1606740859429,-21.4528636533472,-9.23975915628609));
#12981=CARTESIAN_POINT('',(-27.160674190251,-21.4528636533471,-9.23975915628609));
#12982=CARTESIAN_POINT('',(-30.1606740859429,-21.4528636533472,-9.23975915628609));
#12983=CARTESIAN_POINT('',(-27.160674190251,-21.4528636533471,-19.2397591562861));
#12984=CARTESIAN_POINT('Origin',(-27.160674190251,-21.4528636533471,-19.2397591562861));
#12985=CARTESIAN_POINT('',(-27.160674190251,-22.8682221231343,-9.23975915628609));
#12986=CARTESIAN_POINT('',(-27.160674190251,-21.4528636533471,-9.23975915628609));
#12987=CARTESIAN_POINT('',(-27.160674190251,-23.9528636309954,-9.23975915628609));
#12988=CARTESIAN_POINT('',(-27.160674190251,-21.4528636533471,-9.23975915628609));
#12989=CARTESIAN_POINT('',(-27.160674190251,-23.9528636309954,-19.2397591562861));
#12990=CARTESIAN_POINT('Origin',(-27.160674190251,-23.9528636309954,-19.2397591562861));
#12991=CARTESIAN_POINT('',(-22.1606741306464,-23.9528636309954,-9.23975915628609));
#12992=CARTESIAN_POINT('',(-27.160674190251,-23.9528636309954,-9.23975915628609));
#12993=CARTESIAN_POINT('',(-22.1606741306464,-23.9528636309954,-19.2397591562861));
#12994=CARTESIAN_POINT('Origin',(-22.1606741306464,-23.9528636309954,-19.2397591562861));
#12995=CARTESIAN_POINT('',(-22.1606741306464,-22.8682221869545,-9.23975915628609));
#12996=CARTESIAN_POINT('',(-22.1606741306464,-23.9528636309954,-9.23975915628609));
#12997=CARTESIAN_POINT('',(-22.1606741306464,-21.4528636533472,-9.23975915628609));
#12998=CARTESIAN_POINT('',(-22.1606741306464,-23.9528636309954,-9.23975915628609));
#12999=CARTESIAN_POINT('',(-22.1606741306464,-21.4528636533472,-19.2397591562861));
#13000=CARTESIAN_POINT('Origin',(-22.1606741306464,-21.4528636533472,-19.2397591562861));
#13001=CARTESIAN_POINT('',(-20.1032489580313,-21.4528636533472,-9.23975915628609));
#13002=CARTESIAN_POINT('',(-22.1606741306464,-21.4528636533472,-9.23975915628609));
#13003=CARTESIAN_POINT('',(-19.1606740859429,-21.4528636533472,-9.23975915628609));
#13004=CARTESIAN_POINT('',(-22.1606741306464,-21.4528636533472,-9.23975915628609));
#13005=CARTESIAN_POINT('',(-19.1606740859429,-21.4528636533472,-19.2397591562861));
#13006=CARTESIAN_POINT('Origin',(-19.1606740859429,-21.4528636533472,-19.2397591562861));
#13007=CARTESIAN_POINT('',(-19.1606740859429,-12.60924986633,-9.23975915628609));
#13008=CARTESIAN_POINT('Origin',(-32.660674279658,-5.95286342982972,-19.2397591562861));
#13009=CARTESIAN_POINT('',(-38.0991441555991,-5.95286342982972,-42.));
#13010=CARTESIAN_POINT('',(-32.660674279658,-5.95286342982972,-9.23975915628609));
#13011=CARTESIAN_POINT('',(-32.660674279658,-5.95286342982972,-19.2397591562861));
#13012=CARTESIAN_POINT('',(-19.1606740859429,-5.95286342982972,-9.23975915628609));
#13013=CARTESIAN_POINT('Origin',(-19.1606740859429,-12.60924986633,-19.2397591562861));
#13014=CARTESIAN_POINT('',(-20.1032489580313,-12.60924986633,-9.23975915628609));
#13015=CARTESIAN_POINT('',(-32.660674279658,-12.60924986633,-9.23975915628609));
#13016=CARTESIAN_POINT('',(-22.1606741306464,-12.60924986633,-9.23975915628609));
#13017=CARTESIAN_POINT('',(-32.660674279658,-12.60924986633,-9.23975915628609));
#13018=CARTESIAN_POINT('',(-22.1606741306464,-12.60924986633,-19.2397591562861));
#13019=CARTESIAN_POINT('Origin',(-22.1606741306464,-12.60924986633,-19.2397591562861));
#13020=CARTESIAN_POINT('',(-22.1606741306464,-11.1938913327226,-9.23975915628609));
#13021=CARTESIAN_POINT('',(-22.1606741306464,-12.60924986633,-9.23975915628609));
#13022=CARTESIAN_POINT('',(-22.1606741306464,-10.1092498663299,-9.23975915628609));
#13023=CARTESIAN_POINT('',(-22.1606741306464,-12.60924986633,-9.23975915628609));
#13024=CARTESIAN_POINT('',(-22.1606741306464,-10.1092498663299,-19.2397591562861));
#13025=CARTESIAN_POINT('Origin',(-22.1606741306464,-10.1092498663299,-19.2397591562861));
#13026=CARTESIAN_POINT('',(-27.1606740859429,-10.1092498663299,-9.23975915628609));
#13027=CARTESIAN_POINT('',(-22.1606741306464,-10.1092498663299,-9.23975915628609));
#13028=CARTESIAN_POINT('',(-27.1606740859429,-10.1092498663299,-19.2397591562861));
#13029=CARTESIAN_POINT('Origin',(-27.1606740859429,-10.1092498663299,-19.2397591562861));
#13030=CARTESIAN_POINT('',(-27.1606740859429,-11.1938913518687,-9.23975915628609));
#13031=CARTESIAN_POINT('',(-27.1606740859429,-10.1092498663299,-9.23975915628609));
#13032=CARTESIAN_POINT('',(-27.1606740859429,-12.60924986633,-9.23975915628609));
#13033=CARTESIAN_POINT('',(-27.1606740859429,-10.1092498663299,-9.23975915628609));
#13034=CARTESIAN_POINT('',(-27.1606740859429,-12.60924986633,-19.2397591562861));
#13035=CARTESIAN_POINT('Origin',(-27.1606740859429,-12.60924986633,-19.2397591562861));
#13036=CARTESIAN_POINT('',(-29.2180992138545,-12.6092498663299,-9.23975915628609));
#13037=CARTESIAN_POINT('',(-32.660674279658,-12.60924986633,-9.23975915628609));
#13038=CARTESIAN_POINT('',(-32.660674279658,-12.60924986633,-9.23975915628609));
#13039=CARTESIAN_POINT('Origin',(-32.660674279658,-26.9528637427541,-19.2397591562861));
#13040=CARTESIAN_POINT('',(-32.660674279658,-5.95286342982972,-9.23975915628609));
#13041=CARTESIAN_POINT('Origin',(-25.9106741828004,-16.4528635862919,-9.23975915628609));
#13042=CARTESIAN_POINT('Origin',(-24.6606740859429,-17.0310567598385,-9.23975915628609));
#13043=CARTESIAN_POINT('Origin',(-25.9106741828004,-16.4528635862919,-9.23975915628609));
#13044=CARTESIAN_POINT('Origin',(-24.6606740859429,-17.0310567598385,-9.23975915628609));
#13045=CARTESIAN_POINT('Origin',(-25.9106741828004,-16.4528635862919,-9.23975915628609));
#13046=CARTESIAN_POINT('Origin',(-24.6606740859429,-17.0310567598385,-9.23975915628609));
#13047=CARTESIAN_POINT('Origin',(-25.9106741828004,-16.4528635862919,-9.23975915628609));
#13048=CARTESIAN_POINT('Origin',(-24.6606740859429,-17.0310567598385,-9.23975915628609));
#13049=CARTESIAN_POINT('Origin',(-25.9106741828004,-16.4528635862919,-9.23975915628609));
#13050=CARTESIAN_POINT('Origin',(-24.6606740859429,-17.0310567598385,-9.23975915628609));
#13051=CARTESIAN_POINT('Origin',(-24.6606740859429,-17.0310567598385,-3.23975915628609));
#13052=CARTESIAN_POINT('',(-19.6606740859429,-20.9454532650485,6.76024084371394));
#13053=CARTESIAN_POINT('',(-19.6606740859429,-13.1166602546286,6.76024084371394));
#13054=CARTESIAN_POINT('Origin',(-24.6606740859429,-17.0310567598385,6.76024084371394));
#13055=CARTESIAN_POINT('',(-19.6606740859429,-13.1166602546286,-9.23975915628609));
#13056=CARTESIAN_POINT('',(-19.6606740859429,-13.1166602546286,-3.23975915628609));
#13057=CARTESIAN_POINT('',(-19.6606740859429,-20.9454532650485,-9.23975915628609));
#13058=CARTESIAN_POINT('Origin',(-24.6606740859429,-17.0310567598385,-9.23975915628609));
#13059=CARTESIAN_POINT('',(-19.6606740859429,-20.9454532650485,-3.23975915628609));
#13060=CARTESIAN_POINT('Origin',(-19.6606740859429,-20.9454532650485,-3.23975915628609));
#13061=CARTESIAN_POINT('',(-19.6606740859429,-20.9528636533472,6.76024084371394));
#13062=CARTESIAN_POINT('',(-19.6606740859429,-18.9882550124435,6.76024084371394));
#13063=CARTESIAN_POINT('',(-19.6606740859429,-20.9528636533472,-9.23975915628609));
#13064=CARTESIAN_POINT('',(-19.6606740859429,-18.9919602065929,-9.23975915628609));
#13065=CARTESIAN_POINT('',(-19.6606740859429,-20.9528636533472,-3.23975915628609));
#13066=CARTESIAN_POINT('Origin',(-19.6606740859429,-20.9528636533472,-3.23975915628609));
#13067=CARTESIAN_POINT('',(-19.6664843929068,-20.9528636533472,6.76024084371394));
#13068=CARTESIAN_POINT('',(-22.1606740859429,-20.9528636533472,6.76024084371394));
#13069=CARTESIAN_POINT('',(-19.6664843929068,-20.9528636533472,-9.23975915628609));
#13070=CARTESIAN_POINT('',(-22.1635792394248,-20.9528636533471,-9.23975915628609));
#13071=CARTESIAN_POINT('',(-19.6664843929068,-20.9528636533472,-3.23975915628609));
#13072=CARTESIAN_POINT('Origin',(-24.6606740859429,-17.0310567598385,-3.23975915628609));
#13073=CARTESIAN_POINT('',(-29.654863778979,-20.9528636533472,6.76024084371394));
#13074=CARTESIAN_POINT('Origin',(-24.6606740859429,-17.0310567598385,6.76024084371394));
#13075=CARTESIAN_POINT('Origin',(-24.6606740859429,-17.0310567598385,-9.23975915628609));
#13076=CARTESIAN_POINT('Origin',(-24.6606740859429,-17.0310567598385,-9.23975915628609));
#13077=CARTESIAN_POINT('',(-29.654863778979,-20.9528636533472,-9.23975915628609));
#13078=CARTESIAN_POINT('Origin',(-24.6606740859429,-17.0310567598385,-9.23975915628609));
#13079=CARTESIAN_POINT('',(-29.654863778979,-20.9528636533472,-3.23975915628609));
#13080=CARTESIAN_POINT('Origin',(-29.654863778979,-20.9528636533472,-3.23975915628609));
#13081=CARTESIAN_POINT('',(-29.6606740859429,-20.9528636533472,6.76024084371394));
#13082=CARTESIAN_POINT('',(-27.157768932461,-20.9528636533471,6.76024084371394));
#13083=CARTESIAN_POINT('',(-29.6606740859429,-20.9528636533472,-9.23975915628609));
#13084=CARTESIAN_POINT('',(-27.1606740859429,-20.9528636533472,-9.23975915628609));
#13085=CARTESIAN_POINT('',(-29.6606740859429,-20.9528636533472,-3.23975915628609));
#13086=CARTESIAN_POINT('Origin',(-29.6606740859429,-20.9528636533472,-3.23975915628609));
#13087=CARTESIAN_POINT('',(-29.6606740859429,-20.9454532650485,6.76024084371394));
#13088=CARTESIAN_POINT('',(-29.6606740859429,-18.9919602065929,6.76024084371394));
#13089=CARTESIAN_POINT('',(-29.6606740859429,-20.9454532650485,-9.23975915628609));
#13090=CARTESIAN_POINT('',(-29.6606740859429,-18.9882550124435,-9.23975915628609));
#13091=CARTESIAN_POINT('',(-29.6606740859429,-20.9454532650485,-3.23975915628609));
#13092=CARTESIAN_POINT('Origin',(-24.6606740859429,0.418943240161456,-0.239759156286093));
#13093=CARTESIAN_POINT('',(-24.6606740859429,-1.08105675983856,-0.239759156286093));
#13094=CARTESIAN_POINT('Origin',(-24.6606740859429,0.418943240161456,-0.239759156286093));
#13095=CARTESIAN_POINT('Origin',(-24.6606740859429,0.418943240161456,6.76024084371391));
#13096=CARTESIAN_POINT('',(-24.6606740859429,-1.08105675983856,6.76024084371394));
#13097=CARTESIAN_POINT('Origin',(-24.6606740859429,0.418943240161456,6.76024084371394));
#13098=CARTESIAN_POINT('',(-24.6606740859429,-1.08105675983854,6.76024084371391));
#13099=CARTESIAN_POINT('Origin',(-24.6606740859429,-17.0310567598385,-9.23975915628609));
#13100=CARTESIAN_POINT('Origin',(-24.6606740859429,-17.0310567598385,-9.23975915628609));
#13101=CARTESIAN_POINT('Origin',(-24.6606740859429,-17.0310567598385,-9.23975915628609));
#13102=CARTESIAN_POINT('',(-29.654863778979,-13.1092498663299,-9.23975915628609));
#13103=CARTESIAN_POINT('Origin',(-24.6606740859429,-17.0310567598385,-9.23975915628609));
#13104=CARTESIAN_POINT('',(-29.6606740859429,-13.1092498663299,-9.23975915628609));
#13105=CARTESIAN_POINT('',(-27.157768932461,-13.1092498663299,-9.23975915628609));
#13106=CARTESIAN_POINT('',(-29.6606740859429,-13.1166602546286,-9.23975915628609));
#13107=CARTESIAN_POINT('',(-29.6606740859429,-15.0701533130842,-9.23975915628609));
#13108=CARTESIAN_POINT('Origin',(-24.6606740859429,-17.0310567598385,-9.23975915628609));
#13109=CARTESIAN_POINT('Origin',(-24.6606740859429,-17.0310567598385,-9.23975915628609));
#13110=CARTESIAN_POINT('Origin',(-24.6606740859429,-17.0310567598385,-9.23975915628609));
#13111=CARTESIAN_POINT('Origin',(-24.6606740859429,-17.0310567598385,-9.23975915628609));
#13112=CARTESIAN_POINT('Origin',(-24.6606740859429,-17.0310567598385,-3.23975915628609));
#13113=CARTESIAN_POINT('',(-29.6606740859429,-13.1166602546286,6.76024084371394));
#13114=CARTESIAN_POINT('Origin',(-24.6606740859429,-17.0310567598385,6.76024084371394));
#13115=CARTESIAN_POINT('',(-29.6606740859429,-13.1166602546286,-3.23975915628609));
#13116=CARTESIAN_POINT('Origin',(-29.6606740859429,-13.1166602546286,-3.23975915628609));
#13117=CARTESIAN_POINT('',(-29.6606740859429,-13.10924986633,6.76024084371394));
#13118=CARTESIAN_POINT('',(-29.6606740859429,-15.0738585072336,6.76024084371394));
#13119=CARTESIAN_POINT('',(-29.6606740859429,-13.1092498663299,-3.23975915628609));
#13120=CARTESIAN_POINT('Origin',(-29.6606740859429,-13.1092498663299,-3.23975915628609));
#13121=CARTESIAN_POINT('',(-29.654863778979,-13.1092498663299,6.76024084371394));
#13122=CARTESIAN_POINT('',(-27.1606740859429,-13.1092498663299,6.76024084371394));
#13123=CARTESIAN_POINT('',(-29.654863778979,-13.1092498663299,-3.23975915628609));
#13124=CARTESIAN_POINT('Origin',(-24.6606740859429,-17.0310567598385,-3.23975915628609));
#13125=CARTESIAN_POINT('',(-19.6664843929068,-13.1092498663299,6.76024084371394));
#13126=CARTESIAN_POINT('Origin',(-24.6606740859429,-17.0310567598385,6.76024084371394));
#13127=CARTESIAN_POINT('',(-19.6664843929068,-13.1092498663299,-9.23975915628609));
#13128=CARTESIAN_POINT('Origin',(-24.6606740859429,-17.0310567598385,-9.23975915628609));
#13129=CARTESIAN_POINT('',(-19.6664843929068,-13.1092498663299,-3.23975915628609));
#13130=CARTESIAN_POINT('Origin',(-19.6664843929068,-13.1092498663299,-3.23975915628609));
#13131=CARTESIAN_POINT('',(-19.6606740859429,-13.1092498663299,6.76024084371394));
#13132=CARTESIAN_POINT('',(-22.1635792394248,-13.10924986633,6.76024084371394));
#13133=CARTESIAN_POINT('',(-19.6606740859429,-13.1092498663299,-9.23975915628609));
#13134=CARTESIAN_POINT('',(-22.1606740859429,-13.1092498663299,-9.23975915628609));
#13135=CARTESIAN_POINT('',(-19.6606740859429,-13.1092498663299,-3.23975915628609));
#13136=CARTESIAN_POINT('Origin',(-19.6606740859429,-13.1092498663299,-3.23975915628609));
#13137=CARTESIAN_POINT('',(-19.6606740859429,-15.0701533130842,6.76024084371394));
#13138=CARTESIAN_POINT('',(-19.6606740859429,-15.0738585072336,-9.23975915628609));
#13139=CARTESIAN_POINT('Origin',(-24.6606740859429,-32.0310567598386,-3.23975915628609));
#13140=CARTESIAN_POINT('',(-9.6606740859429,-32.0310567598386,6.76024084371394));
#13141=CARTESIAN_POINT('',(-39.6606740859429,-32.0310567598385,6.76024084371394));
#13142=CARTESIAN_POINT('Origin',(-24.6606740859429,-32.0310567598386,6.76024084371394));
#13143=CARTESIAN_POINT('',(-39.6606740859429,-32.0310567598385,-9.23975915628609));
#13144=CARTESIAN_POINT('',(-39.6606740859429,-32.0310567598385,-3.23975915628609));
#13145=CARTESIAN_POINT('',(-9.6606740859429,-32.0310567598386,-9.23975915628609));
#13146=CARTESIAN_POINT('Origin',(-24.6606740859429,-32.0310567598386,-9.23975915628609));
#13147=CARTESIAN_POINT('',(-9.6606740859429,-32.0310567598386,-3.23975915628609));
#13148=CARTESIAN_POINT('Origin',(-9.66067408594291,-47.0310567598385,-3.23975915628609));
#13149=CARTESIAN_POINT('',(-9.66067408594292,-54.724758589723,6.76024084371394));
#13150=CARTESIAN_POINT('',(-9.66067408594291,-9.53105675983855,-9.23975915628609));
#13151=CARTESIAN_POINT('Origin',(-24.6606740859429,-17.0310567598385,-9.23975915628609));
#13152=CARTESIAN_POINT('',(-39.6606740859429,-24.5310567598386,-9.23975915628609));
#13153=CARTESIAN_POINT('',(-13.0028031274608,19.7502466789279,-9.23975915628609));
#13154=CARTESIAN_POINT('Origin',(-24.6606740859429,-34.4810567598385,6.76024084371391));
#13155=CARTESIAN_POINT('',(-24.6606740859429,-35.9810567598386,6.76024084371394));
#13156=CARTESIAN_POINT('Origin',(-24.6606740859429,-34.4810567598385,6.76024084371394));
#13157=CARTESIAN_POINT('',(-24.6606740859429,-35.9810567598386,-0.239759156286093));
#13158=CARTESIAN_POINT('',(-24.6606740859429,-35.9810567598385,6.76024084371391));
#13159=CARTESIAN_POINT('Origin',(-24.6606740859429,-34.4810567598385,-0.239759156286093));
#13160=CARTESIAN_POINT('Origin',(-24.6606740859429,-34.4810567598385,-0.239759156286093));
#13161=CARTESIAN_POINT('Origin',(-39.6606740859429,12.9689432401615,-3.23975915628609));
#13162=CARTESIAN_POINT('',(-39.6606740859429,-2.03105675983855,6.76024084371394));
#13163=CARTESIAN_POINT('Origin',(-8.90306385696612,-60.952863727853,6.76024084371394));
#13164=CARTESIAN_POINT('',(-13.0028031274608,19.7502466789279,6.76024084371394));
#13165=CARTESIAN_POINT('Origin',(-13.0028031274608,27.2660219016879,8.00000011920929));
#13166=CARTESIAN_POINT('',(-13.0028031274608,27.2660219016879,8.00000011920929));
#13167=CARTESIAN_POINT('',(-13.0028031274608,27.2660219016879,8.00000011920929));
#13168=CARTESIAN_POINT('',(-13.0028031274608,27.2660219016879,8.00000005960465));
#13169=CARTESIAN_POINT('Origin',(35.,0.257609349808288,8.));
#13170=CARTESIAN_POINT('',(78.0000011622906,27.2576097521396,8.));
#13171=CARTESIAN_POINT('',(78.0000011622906,27.2660219016879,8.00000011920929));
#13172=CARTESIAN_POINT('',(78.0331048661431,27.3569209147521,8.));
#13173=CARTESIAN_POINT('',(71.800004699007,8.65761080021359,8.));
#13174=CARTESIAN_POINT('',(77.8222863663032,27.3569209147521,8.));
#13175=CARTESIAN_POINT('',(56.5165524330715,27.3569209147521,8.));
#13176=CARTESIAN_POINT('',(79.7225148677661,33.0576093498083,8.));
#13177=CARTESIAN_POINT('',(71.6162789663311,8.73888914349024,8.));
#13178=CARTESIAN_POINT('',(62.2774852237628,33.0576093498083,8.));
#13179=CARTESIAN_POINT('',(57.361257433883,33.0576093498083,8.));
#13180=CARTESIAN_POINT('',(64.274682096302,27.0660219016879,8.));
#13181=CARTESIAN_POINT('',(65.833611746024,22.389235426501,8.));
#13182=CARTESIAN_POINT('',(52.0586534117979,27.0660219016879,8.));
#13183=CARTESIAN_POINT('',(49.637341048151,27.0660219016879,8.));
#13184=CARTESIAN_POINT('',(54.0558482010994,33.0576093498083,8.));
#13185=CARTESIAN_POINT('',(47.1844613015305,12.4434380535604,8.));
#13186=CARTESIAN_POINT('',(36.6108185570961,33.0576093498083,8.));
#13187=CARTESIAN_POINT('',(44.5279241005497,33.0576093498083,8.));
#13188=CARTESIAN_POINT('',(38.6080154296353,27.0660219016879,8.));
#13189=CARTESIAN_POINT('',(41.4502796346607,18.5392337972082,8.));
#13190=CARTESIAN_POINT('',(26.3919867451312,27.0660219016879,8.));
#13191=CARTESIAN_POINT('',(36.8040077148177,27.0660219016879,8.));
#13192=CARTESIAN_POINT('',(28.3891815344327,33.0576093498083,8.));
#13193=CARTESIAN_POINT('',(22.8011267806493,16.2934364701626,8.));
#13194=CARTESIAN_POINT('',(10.9441518904294,33.0576093498083,8.));
#13195=CARTESIAN_POINT('',(31.6945907672164,33.0576093498083,8.));
#13196=CARTESIAN_POINT('',(12.9413487629687,27.0660219016879,8.));
#13197=CARTESIAN_POINT('',(17.0669475232973,14.6892321679154,8.));
#13198=CARTESIAN_POINT('',(0.725320078464549,27.0660219016879,8.));
#13199=CARTESIAN_POINT('',(23.9706743814843,27.0660219016879,8.));
#13200=CARTESIAN_POINT('',(2.72251486776607,33.0576093498083,8.));
#13201=CARTESIAN_POINT('',(-1.582207740232,20.1434348867649,8.));
#13202=CARTESIAN_POINT('',(-14.7225147762373,33.0576093498083,8.));
#13203=CARTESIAN_POINT('',(18.861257433883,33.0576093498083,8.));
#13204=CARTESIAN_POINT('',(-12.8222842926804,27.3569209147521,8.));
#13205=CARTESIAN_POINT('',(-7.31638458806595,10.8392305386226,8.));
#13206=CARTESIAN_POINT('',(-13.0331028145104,27.3569209147521,8.));
#13207=CARTESIAN_POINT('',(11.0888578536598,27.3569209147521,8.));
#13208=CARTESIAN_POINT('',(-7.54999552473395,10.9076077469656,8.));
#13209=CARTESIAN_POINT('Origin',(1.49585062001145,-10.6439780983119,-41.119));
#13210=CARTESIAN_POINT('',(1.49585062001145,-10.1014549794281,-41.119));
#13211=CARTESIAN_POINT('',(1.4623864154947,-10.1014549794281,-41.119));
#13212=CARTESIAN_POINT('',(-6.50000009685755,-10.1014549794281,-41.119));
#13213=CARTESIAN_POINT('',(1.49585062001145,-9.64397809831195,-41.119));
#13214=CARTESIAN_POINT('',(1.49585062001145,-10.6439780983119,-41.119));
#13215=CARTESIAN_POINT('',(1.4623864154947,-9.64397809831195,-41.119));
#13216=CARTESIAN_POINT('',(20.3645124101213,-9.64397809831195,-41.119));
#13217=CARTESIAN_POINT('',(1.4623864154947,8.356021901688,-41.119));
#13218=CARTESIAN_POINT('Origin',(3.46238641549466,-9.64397809831195,-25.));
#13219=CARTESIAN_POINT('',(1.4623864154947,-9.64397809831195,-25.));
#13220=CARTESIAN_POINT('',(1.4623864154947,-9.64397809831195,-15.000000037253));
#13221=CARTESIAN_POINT('',(1.49585062001145,-9.64397809831192,-42.));
#13222=CARTESIAN_POINT('',(1.49585062001145,-9.64397809831195,-38.5));
#13223=CARTESIAN_POINT('',(84.0093864154947,-9.64397809831183,-42.));
#13224=CARTESIAN_POINT('',(-20.0376138080228,-9.64397809831195,-42.));
#13225=CARTESIAN_POINT('',(84.0093859684599,-9.64397809831195,-25.));
#13226=CARTESIAN_POINT('',(84.0093859684599,-9.64397809831195,-16.5908868512398));
#13227=CARTESIAN_POINT('',(22.9623864154947,-9.64397809831195,-25.));
#13228=CARTESIAN_POINT('Origin',(1.49585062001145,-10.6439780983119,-42.));
#13229=CARTESIAN_POINT('',(1.49585062001145,-10.1014549794281,-42.));
#13230=CARTESIAN_POINT('',(1.49585062001145,-10.1014549794281,-42.));
#13231=CARTESIAN_POINT('',(1.49585062001145,34.306021901688,-42.));
#13232=CARTESIAN_POINT('Origin',(-20.603809335859,-6.11098885041822,-38.));
#13233=CARTESIAN_POINT('',(1.4623864154947,-6.11098885041823,-42.));
#13234=CARTESIAN_POINT('',(-21.0438070319751,-6.11098885041823,-42.));
#13235=CARTESIAN_POINT('',(1.4623864154947,-6.11098885041822,-21.500000037253));
#13236=CARTESIAN_POINT('Origin',(-8.91272979652675,-3.94117422289662,-38.));
#13237=CARTESIAN_POINT('',(-9.91272979652675,-3.94117422289662,-42.));
#13238=CARTESIAN_POINT('',(-9.91272979652675,-3.94117422289662,-38.));
#13239=CARTESIAN_POINT('Origin',(-8.91272979652675,-3.94117422289662,-42.));
#13240=CARTESIAN_POINT('Origin',(-14.9127297965268,-1.15311905862874,-38.));
#13241=CARTESIAN_POINT('',(-2.91272979652676,-1.15311905862874,-42.));
#13242=CARTESIAN_POINT('',(-2.91272979652675,-1.15311905862874,-38.5));
#13243=CARTESIAN_POINT('',(-14.9127297965268,-1.15311905862874,-42.));
#13244=CARTESIAN_POINT('',(-2.91272979652676,-1.15311905862874,-42.));
#13245=CARTESIAN_POINT('',(-14.9127297965268,-1.15311905862874,-38.5));
#13246=CARTESIAN_POINT('Origin',(81.4623864154947,-8.64397809831207,-39.));
#13247=CARTESIAN_POINT('',(81.4623864154947,-8.64397809831207,-29.));
#13248=CARTESIAN_POINT('',(3.46238641549467,-8.6439780983118,-29.));
#13249=CARTESIAN_POINT('',(61.9623864154947,-8.64397809831198,-29.));
#13250=CARTESIAN_POINT('',(3.46238641549467,-8.6439780983118,-25.));
#13251=CARTESIAN_POINT('',(3.46238641549467,-8.6439780983118,-39.));
#13252=CARTESIAN_POINT('',(81.4623864154947,-8.64397809831207,-25.));
#13253=CARTESIAN_POINT('',(3.46238641549467,-8.6439780983118,-25.));
#13254=CARTESIAN_POINT('',(81.4623864154947,-8.64397809831207,-39.));
#13255=CARTESIAN_POINT('Origin',(1.49585062001145,-10.1014549794281,-42.));
#13256=CARTESIAN_POINT('',(1.4623864154947,-10.1014549794281,-42.));
#13257=CARTESIAN_POINT('',(1.4623864154947,-10.1014549794281,-23.500000037253));
#13258=CARTESIAN_POINT('',(-21.0208817057644,-10.1014549794281,-42.));
#13259=CARTESIAN_POINT('Origin',(1.4623864154947,27.356021901688,-5.00000007450588));
#13260=CARTESIAN_POINT('',(1.4623864154947,27.3560219016879,-25.0000001564622));
#13261=CARTESIAN_POINT('',(1.4623864154947,28.3420162064739,-42.));
#13262=CARTESIAN_POINT('Origin',(3.46238641549467,-8.6439780983118,-39.));
#13263=CARTESIAN_POINT('',(3.46238641549469,21.3560219016882,-29.));
#13264=CARTESIAN_POINT('',(3.46238641549467,-1.14397809831187,-29.));
#13265=CARTESIAN_POINT('',(3.46238641549469,21.3560219016882,-25.));
#13266=CARTESIAN_POINT('',(3.46238641549469,21.3560219016882,-39.));
#13267=CARTESIAN_POINT('',(3.46238641549467,6.3560219016882,-25.));
#13268=CARTESIAN_POINT('Origin',(42.4623864154947,6.35602190168807,-29.));
#13269=CARTESIAN_POINT('',(81.4623864154947,21.3560219016882,-29.));
#13270=CARTESIAN_POINT('',(81.4623864154947,13.8560219016881,-29.));
#13271=CARTESIAN_POINT('',(22.9623864154947,21.3560219016882,-29.));
#13272=CARTESIAN_POINT('Origin',(81.4623864154947,21.3560219016882,-39.));
#13273=CARTESIAN_POINT('',(81.4623864154947,21.3560219016882,-25.));
#13274=CARTESIAN_POINT('',(81.4623864154947,-8.64397809831207,-25.));
#13275=CARTESIAN_POINT('',(81.4623864154947,21.3560219016882,-39.));
#13276=CARTESIAN_POINT('Origin',(42.4623864154947,6.35602190168813,-25.));
#13277=CARTESIAN_POINT('',(84.0093859684599,27.3560219016879,-25.0000001564622));
#13278=CARTESIAN_POINT('',(84.0093859684599,54.8560219016879,-25.0000001564622));
#13279=CARTESIAN_POINT('',(78.0328051952758,27.3560219016879,-25.0000001564622));
#13280=CARTESIAN_POINT('',(57.7311929842299,27.3560219016879,-25.0000001564622));
#13281=CARTESIAN_POINT('',(78.0028052106985,27.2660219016879,-25.0000001564622));
#13282=CARTESIAN_POINT('',(78.287881966226,28.1212526079361,-25.0000001564622));
#13283=CARTESIAN_POINT('',(78.0000011622906,27.2660219016879,-25.0000001564622));
#13284=CARTESIAN_POINT('',(57.7311929842299,27.2660219016879,-25.0000001564622));
#13285=CARTESIAN_POINT('',(78.0000011622906,27.3110219016879,-25.0000001564622));
#13286=CARTESIAN_POINT('',(62.9623860802186,21.356021901688,-25.0000002384186));
#13287=CARTESIAN_POINT('Origin',(-14.9127297965268,-5.65311905862875,-39.));
#13288=CARTESIAN_POINT('',(-14.9127297965268,21.8468809413713,-42.));
#13289=CARTESIAN_POINT('',(-14.9127297965268,48.3014514215296,-42.));
#13290=CARTESIAN_POINT('',(-14.9127297965268,21.8468809413713,-38.));
#13291=CARTESIAN_POINT('Origin',(84.0093859684599,82.3560219016879,-8.18177370247955));
#13292=CARTESIAN_POINT('',(84.0093864154947,27.3560219016879,-42.));
#13293=CARTESIAN_POINT('',(84.0093864154947,169.356021901688,-42.));
#13294=CARTESIAN_POINT('',(84.0093859684599,27.3560219016879,1.31822614105825));
#13295=CARTESIAN_POINT('Origin',(-43.5376140315402,79.256021901688,-42.));
#13296=CARTESIAN_POINT('',(0.821986695435846,27.3560219016879,-42.));
#13297=CARTESIAN_POINT('',(-20.0256140315402,27.3560219016879,-42.));
#13298=CARTESIAN_POINT('',(0.725320078464549,27.0660219016879,-42.));
#13299=CARTESIAN_POINT('',(6.34067220128225,43.9120869305363,-42.));
#13300=CARTESIAN_POINT('',(12.9413487629687,27.0660219016879,-42.));
#13301=CARTESIAN_POINT('',(-15.2981326342857,27.0660219016879,-42.));
#13302=CARTESIAN_POINT('',(12.8446820451662,27.3560219016879,-42.));
#13303=CARTESIAN_POINT('',(1.29029618508836,62.0191611454239,-42.));
#13304=CARTESIAN_POINT('',(26.4886533621025,27.3560219016879,-42.));
#13305=CARTESIAN_POINT('',(-5.76880701577012,27.3560219016879,-42.));
#13306=CARTESIAN_POINT('',(26.3919867451312,27.0660219016879,-42.));
#13307=CARTESIAN_POINT('',(30.7240067221635,40.062088513934,-42.));
#13308=CARTESIAN_POINT('',(38.6080154296353,27.0660219016879,-42.));
#13309=CARTESIAN_POINT('',(-2.46479930095241,27.0660219016879,-42.));
#13310=CARTESIAN_POINT('',(38.5113487118328,27.3560219016879,-42.));
#13311=CARTESIAN_POINT('',(25.6736282964517,65.8691627747167,-42.));
#13312=CARTESIAN_POINT('',(52.1553200287692,27.3560219016879,-42.));
#13313=CARTESIAN_POINT('',(-5.76880701577012,27.3560219016879,-42.));
#13314=CARTESIAN_POINT('',(52.0586534117979,27.0660219016879,-42.));
#13315=CARTESIAN_POINT('',(55.1073412430448,36.2120900973317,-42.));
#13316=CARTESIAN_POINT('',(64.274682096302,27.0660219016879,-42.));
#13317=CARTESIAN_POINT('',(10.3685340323809,27.0660219016879,-42.));
#13318=CARTESIAN_POINT('',(64.1780153784995,27.3560219016879,-42.));
#13319=CARTESIAN_POINT('',(50.0569604078149,69.7191644040095,-42.));
#13320=CARTESIAN_POINT('',(-5.76880701577012,27.3560219016879,-42.));
#13321=CARTESIAN_POINT('',(-2.91272979652676,21.8468809413713,-42.));
#13322=CARTESIAN_POINT('',(-2.91272979652676,48.3514514215296,-42.));
#13323=CARTESIAN_POINT('',(-29.2251719140335,21.8468809413713,-42.));
#13324=CARTESIAN_POINT('',(-9.91272979652676,24.4162191450768,-42.));
#13325=CARTESIAN_POINT('Origin',(-8.91272979652676,24.4162191450768,-42.));
#13326=CARTESIAN_POINT('Origin',(-14.9127297965268,21.8468809413713,-38.));
#13327=CARTESIAN_POINT('',(-2.91272979652676,21.8468809413713,-38.));
#13328=CARTESIAN_POINT('Origin',(-8.91272979652676,24.4162191450768,-38.));
#13329=CARTESIAN_POINT('',(-9.91272979652676,24.4162191450768,-38.));
#13330=CARTESIAN_POINT('Origin',(77.8222863663032,27.3569209147521,8.));
#13331=CARTESIAN_POINT('',(79.7225148677661,33.0576093498083,-39.));
#13332=CARTESIAN_POINT('',(77.8222863663032,27.3569209147521,-39.));
#13333=CARTESIAN_POINT('',(77.9236563883102,27.6610311371133,-39.));
#13334=CARTESIAN_POINT('',(79.7225148677661,33.0576093498083,8.));
#13335=CARTESIAN_POINT('',(77.8222863663032,27.3569209147521,8.));
#13336=CARTESIAN_POINT('Origin',(78.0331048661431,27.3569209147521,8.));
#13337=CARTESIAN_POINT('',(78.0331048661431,27.3569209147521,-39.));
#13338=CARTESIAN_POINT('',(74.5165524330716,27.3569209147521,-39.));
#13339=CARTESIAN_POINT('',(78.0331048661431,27.3569209147521,8.));
#13340=CARTESIAN_POINT('Origin',(-12.8222842926804,27.3569209147521,8.));
#13341=CARTESIAN_POINT('',(-13.0331028145104,27.3569209147521,-39.));
#13342=CARTESIAN_POINT('',(-12.8222842926804,27.3569209147521,-39.));
#13343=CARTESIAN_POINT('',(-9.41114214634021,27.3569209147521,-39.));
#13344=CARTESIAN_POINT('',(-13.0331028145104,27.3569209147521,8.));
#13345=CARTESIAN_POINT('',(-12.8222842926804,27.3569209147521,8.));
#13346=CARTESIAN_POINT('Origin',(-14.7225147762373,33.0576093498083,8.));
#13347=CARTESIAN_POINT('',(-14.7225147762373,33.0576093498083,-39.));
#13348=CARTESIAN_POINT('',(-13.8737693889268,30.5113745348128,-39.));
#13349=CARTESIAN_POINT('',(-14.7225147762373,33.0576093498083,8.));
#13350=CARTESIAN_POINT('Origin',(2.72251486776607,33.0576093498083,8.));
#13351=CARTESIAN_POINT('',(2.72251486776607,33.0576093498083,-39.));
#13352=CARTESIAN_POINT('',(-1.63874256611697,33.0576093498083,-39.));
#13353=CARTESIAN_POINT('',(2.72251486776607,33.0576093498083,8.));
#13354=CARTESIAN_POINT('Origin',(12.9413487629687,27.0660219016879,8.));
#13355=CARTESIAN_POINT('',(0.725320078464549,27.0660219016879,8.));
#13356=CARTESIAN_POINT('',(12.9413487629687,27.0660219016879,8.));
#13357=CARTESIAN_POINT('Origin',(10.9441518904294,33.0576093498083,8.));
#13358=CARTESIAN_POINT('',(12.8446820451662,27.3560219016879,-39.));
#13359=CARTESIAN_POINT('',(10.9441518904294,33.0576093498083,-39.));
#13360=CARTESIAN_POINT('',(11.7928972777399,30.5113745348128,-39.));
#13361=CARTESIAN_POINT('',(12.8446820451662,27.3560219016879,9.40911299229803));
#13362=CARTESIAN_POINT('',(10.9441518904294,33.0576093498083,8.));
#13363=CARTESIAN_POINT('Origin',(28.3891815344327,33.0576093498083,8.));
#13364=CARTESIAN_POINT('',(28.3891815344327,33.0576093498083,-39.));
#13365=CARTESIAN_POINT('',(24.0279241005497,33.0576093498083,-39.));
#13366=CARTESIAN_POINT('',(28.3891815344327,33.0576093498083,8.));
#13367=CARTESIAN_POINT('Origin',(26.3919867451312,27.0660219016879,8.));
#13368=CARTESIAN_POINT('',(26.4886533621025,27.3560219016879,-39.));
#13369=CARTESIAN_POINT('',(26.4886533621025,27.3560219016879,9.40911299229803));
#13370=CARTESIAN_POINT('',(26.5418399110576,27.5155816305812,-39.));
#13371=CARTESIAN_POINT('',(26.3919867451312,27.0660219016879,8.));
#13372=CARTESIAN_POINT('Origin',(38.6080154296353,27.0660219016879,8.));
#13373=CARTESIAN_POINT('',(38.6080154296353,27.0660219016879,8.));
#13374=CARTESIAN_POINT('Origin',(36.6108185570961,33.0576093498083,8.));
#13375=CARTESIAN_POINT('',(38.5113487118329,27.3560219016879,-39.));
#13376=CARTESIAN_POINT('',(36.6108185570961,33.0576093498083,-39.));
#13377=CARTESIAN_POINT('',(37.4595639444066,30.5113745348128,-39.));
#13378=CARTESIAN_POINT('',(38.5113487118328,27.3560219016879,9.40911299229803));
#13379=CARTESIAN_POINT('',(36.6108185570961,33.0576093498083,8.));
#13380=CARTESIAN_POINT('Origin',(54.0558482010994,33.0576093498083,8.));
#13381=CARTESIAN_POINT('',(54.0558482010994,33.0576093498083,-39.));
#13382=CARTESIAN_POINT('',(49.6945907672164,33.0576093498083,-39.));
#13383=CARTESIAN_POINT('',(54.0558482010994,33.0576093498083,8.));
#13384=CARTESIAN_POINT('Origin',(52.0586534117979,27.0660219016879,8.));
#13385=CARTESIAN_POINT('',(52.1553200287692,27.3560219016879,-39.));
#13386=CARTESIAN_POINT('',(52.1553200287692,27.3560219016879,9.40911299229803));
#13387=CARTESIAN_POINT('',(52.2085065777243,27.5155816305812,-39.));
#13388=CARTESIAN_POINT('',(52.0586534117979,27.0660219016879,8.));
#13389=CARTESIAN_POINT('Origin',(64.274682096302,27.0660219016879,8.));
#13390=CARTESIAN_POINT('',(64.274682096302,27.0660219016879,8.));
#13391=CARTESIAN_POINT('Origin',(62.2774852237628,33.0576093498083,8.));
#13392=CARTESIAN_POINT('',(64.1780153784995,27.3560219016879,-39.));
#13393=CARTESIAN_POINT('',(62.2774852237628,33.0576093498083,-39.));
#13394=CARTESIAN_POINT('',(63.1262306110732,30.5113745348128,-39.));
#13395=CARTESIAN_POINT('',(64.1780153784995,27.3560219016879,9.40911299229803));
#13396=CARTESIAN_POINT('',(62.2774852237628,33.0576093498083,8.));
#13397=CARTESIAN_POINT('Origin',(79.7225148677661,33.0576093498083,8.));
#13398=CARTESIAN_POINT('',(75.361257433883,33.0576093498083,-39.));
#13399=CARTESIAN_POINT('Origin',(0.725320078464549,27.0660219016879,8.));
#13400=CARTESIAN_POINT('',(0.821986695435846,27.3560219016879,-39.));
#13401=CARTESIAN_POINT('',(0.821986695435844,27.3560219016879,9.40911299229803));
#13402=CARTESIAN_POINT('',(0.875173244390914,27.5155816305812,-39.));
#13403=CARTESIAN_POINT('Origin',(78.0000011622906,27.2576097521396,8.));
#13404=CARTESIAN_POINT('',(78.0000010281802,27.2576093498083,-5.));
#13405=CARTESIAN_POINT('',(78.0000010281802,27.2576093498083,4.75));
#13406=CARTESIAN_POINT('',(78.0028052106985,27.2660219016879,-5.00000007450588));
#13407=CARTESIAN_POINT('',(73.0984867605883,12.5530589875691,-5.00000007450588));
#13408=CARTESIAN_POINT('',(78.0028052106985,27.2660219016879,-19.0000001564622));
#13409=CARTESIAN_POINT('',(78.0328051952758,27.3560219016879,-39.));
#13410=CARTESIAN_POINT('',(78.0328051952758,27.3560219016879,9.40911299229803));
#13411=CARTESIAN_POINT('',(78.1073821209861,27.5797527938367,-39.));
#13412=CARTESIAN_POINT('Origin',(-15.,33.2576093498083,8.));
#13413=CARTESIAN_POINT('',(-13.0328031433305,27.3560219016879,-39.));
#13414=CARTESIAN_POINT('',(-14.1073803255947,30.5797517431557,-39.));
#13415=CARTESIAN_POINT('',(-13.0328031433305,27.3560219016879,9.40911299229803));
#13416=CARTESIAN_POINT('Origin',(-6.00000000000001,30.3068156257481,-39.));
#13417=CARTESIAN_POINT('',(-13.0328031433305,27.3560219016879,-39.));
#13418=CARTESIAN_POINT('Origin',(31.9999999999999,27.3560219016879,10.8182259845961));
#13419=CARTESIAN_POINT('Origin',(31.9999999999999,27.3560219016879,10.8182259845961));
#13420=CARTESIAN_POINT('',(-13.0328031433305,27.3560219016879,-39.));
#13421=CARTESIAN_POINT('Origin',(31.9999999999999,27.3560219016879,10.8182259845961));
#13422=CARTESIAN_POINT('',(-13.0328031433305,27.3560219016879,-39.));
#13423=CARTESIAN_POINT('Origin',(31.9999999999999,27.3560219016879,10.8182259845961));
#13424=CARTESIAN_POINT('',(-13.0328031433305,27.3560219016879,-39.));
#13425=CARTESIAN_POINT('Origin',(42.4623861919773,21.356021901688,-13.5000000745059));
#13426=CARTESIAN_POINT('Origin',(78.0000011622906,27.2660219016879,-38.));
#13427=CARTESIAN_POINT('',(78.0000011622906,27.2660219016879,-5.00000007450588));
#13428=CARTESIAN_POINT('',(78.0000011622906,27.2660219016879,-19.0000001564622));
#13429=CARTESIAN_POINT('',(78.0000011622906,27.2610219016879,-5.00000007450588));
#13430=CARTESIAN_POINT('Origin',(-20.0256140315402,27.2560219016879,-5.00000007450588));
#13431=CARTESIAN_POINT('',(57.7311929842299,27.2660219016879,-5.00000007450588));
#13432=CARTESIAN_POINT('Origin',(19.6666666666667,30.3068156257481,-39.));
#13433=CARTESIAN_POINT('Origin',(45.3333333333333,30.3068156257481,-39.));
#13434=CARTESIAN_POINT('Origin',(71.,30.3068156257481,-39.));
#13435=CARTESIAN_POINT('Origin',(31.9999999999999,27.2660219016879,10.8182259845961));
#13436=CARTESIAN_POINT('Origin',(-2.91272979652676,17.3468809413712,-39.));
#13437=CARTESIAN_POINT('Origin',(-9.34612771056405,-81.18424986633,-40.2397591562861));
#13438=CARTESIAN_POINT('',(-9.94225542631663,-81.18424986633,-41.2397591562861));
#13439=CARTESIAN_POINT('',(-9.94225542631663,-82.18424986633,-40.2397591562861));
#13440=CARTESIAN_POINT('Origin',(-9.94225542631663,-81.18424986633,-40.2397591562861));
#13441=CARTESIAN_POINT('',(-7.5577445633063,-82.18424986633,-40.2397591562861));
#13442=CARTESIAN_POINT('',(-9.34612771056405,-82.18424986633,-40.2397591562861));
#13443=CARTESIAN_POINT('',(-7.5577445633063,-81.18424986633,-41.2397591562861));
#13444=CARTESIAN_POINT('Origin',(-7.5577445633063,-81.18424986633,-40.2397591562861));
#13445=CARTESIAN_POINT('',(-9.34612771056405,-81.18424986633,-41.2397591562861));
#13446=CARTESIAN_POINT('Origin',(-8.74999999481147,-78.14674986633,-41.2397591562861));
#13447=CARTESIAN_POINT('',(-7.5577445633063,-74.10924986633,-41.2397591562861));
#13448=CARTESIAN_POINT('',(-7.5577445633063,-82.18424986633,-41.2397591562861));
#13449=CARTESIAN_POINT('',(-9.94225542631663,-74.10924986633,-41.2397591562861));
#13450=CARTESIAN_POINT('',(-9.94225542631663,-74.10924986633,-41.2397591562861));
#13451=CARTESIAN_POINT('',(-9.94225542631663,-82.18424986633,-41.2397591562861));
#13452=CARTESIAN_POINT('',(-8.24299999068677,-75.60924986633,-41.2397591562861));
#13453=CARTESIAN_POINT('Origin',(-8.74999999068677,-75.60924986633,-41.2397591562861));
#13454=CARTESIAN_POINT('Origin',(-7.5577445633063,-82.18424986633,-41.2397591562861));
#13455=CARTESIAN_POINT('',(-9.94225542631663,-82.18424986633,-42.2397591562861));
#13456=CARTESIAN_POINT('',(-7.5577445633063,-82.18424986633,-42.2397591562861));
#13457=CARTESIAN_POINT('',(-9.94225542631663,-82.18424986633,-42.2397591562861));
#13458=CARTESIAN_POINT('',(-9.94225542631663,-82.18424986633,-43.2397591562861));
#13459=CARTESIAN_POINT('',(-9.94225542631663,-82.18424986633,-41.2397591562861));
#13460=CARTESIAN_POINT('',(-7.5577445633063,-82.18424986633,-43.2397591562861));
#13461=CARTESIAN_POINT('',(-9.94225542631663,-82.18424986633,-43.2397591562861));
#13462=CARTESIAN_POINT('',(-7.5577445633063,-82.18424986633,-41.2397591562861));
#13463=CARTESIAN_POINT('Origin',(-8.74999999068677,-75.60924986633,-41.2397591562861));
#13464=CARTESIAN_POINT('',(-8.24299999068677,-75.60924986633,-43.2397591562861));
#13465=CARTESIAN_POINT('Origin',(-8.74999999068677,-75.60924986633,-43.2397591562861));
#13466=CARTESIAN_POINT('',(-8.24299999068677,-75.60924986633,-41.2397591562861));
#13467=CARTESIAN_POINT('Origin',(-7.5577445633063,-74.10924986633,-41.2397591562861));
#13468=CARTESIAN_POINT('',(-7.5577445633063,-82.18424986633,-37.2397591562861));
#13469=CARTESIAN_POINT('',(-7.5577445633063,-74.10924986633,-43.2397591562861));
#13470=CARTESIAN_POINT('',(-7.5577445633063,-82.18424986633,-43.2397591562861));
#13471=CARTESIAN_POINT('',(-7.5577445633063,-74.10924986633,-41.2397591562861));
#13472=CARTESIAN_POINT('Origin',(-9.94225542631663,-74.10924986633,-41.2397591562861));
#13473=CARTESIAN_POINT('',(-9.94225542631663,-74.10924986633,-43.2397591562861));
#13474=CARTESIAN_POINT('',(-9.94225542631663,-74.10924986633,-43.2397591562861));
#13475=CARTESIAN_POINT('',(-9.94225542631663,-74.10924986633,-41.2397591562861));
#13476=CARTESIAN_POINT('Origin',(-9.94225542631663,-82.18424986633,-41.2397591562861));
#13477=CARTESIAN_POINT('',(-9.94225542631663,-82.18424986633,-43.2397591562861));
#13478=CARTESIAN_POINT('',(-9.94225542631663,-82.18424986633,-37.2397591562861));
#13479=CARTESIAN_POINT('Origin',(-8.74999999481147,-78.14674986633,-43.2397591562861));
#13480=CARTESIAN_POINT('Origin',(-9.94225542631663,-82.18424986633,-37.2397591562861));
#13481=CARTESIAN_POINT('',(-9.94225542631663,-82.18424986633,-37.2397591562861));
#13482=CARTESIAN_POINT('',(-9.94225542631663,-82.18424986633,-37.2397591562861));
#13483=CARTESIAN_POINT('',(-7.5577445633063,-82.18424986633,-37.2397591562861));
#13484=CARTESIAN_POINT('',(-9.94225542631663,-82.18424986633,-37.2397591562861));
#13485=CARTESIAN_POINT('',(-7.5577445633063,-82.18424986633,-37.2397591562861));
#13486=CARTESIAN_POINT('Origin',(-7.09741158944293,-83.9250009685755,-37.2397591562861));
#13487=CARTESIAN_POINT('',(-7.09741158944293,-83.9250009685755,-37.2397591562861));
#13488=CARTESIAN_POINT('',(-10.4025886574112,-83.9250009685755,-37.2397591562861));
#13489=CARTESIAN_POINT('',(-7.09741158944293,-83.9250009685755,-37.2397591562861));
#13490=CARTESIAN_POINT('',(-10.4025886574112,-83.9250009685755,-42.2397591562861));
#13491=CARTESIAN_POINT('',(-10.4025886574112,-83.9250009685755,-37.2397591562861));
#13492=CARTESIAN_POINT('',(-7.09741158944293,-83.9250009685755,-42.2397591562861));
#13493=CARTESIAN_POINT('',(-7.09741158944293,-83.9250009685755,-42.2397591562861));
#13494=CARTESIAN_POINT('',(-7.09741158944293,-83.9250009685755,-37.2397591562861));
#13495=CARTESIAN_POINT('Origin',(-7.5577445633063,-82.18424986633,-37.2397591562861));
#13496=CARTESIAN_POINT('',(-7.09741158944293,-83.9250009685755,-37.2397591562861));
#13497=CARTESIAN_POINT('',(-7.09741158944293,-83.9250009685755,-42.2397591562861));
#13498=CARTESIAN_POINT('Origin',(-10.4025886574112,-83.9250009685755,-37.2397591562861));
#13499=CARTESIAN_POINT('',(-9.94225542631663,-82.18424986633,-37.2397591562861));
#13500=CARTESIAN_POINT('',(-9.94225542631663,-82.18424986633,-42.2397591562861));
#13501=CARTESIAN_POINT('Origin',(-8.75000012342708,-83.0546254174527,-37.2397591562861));
#13502=CARTESIAN_POINT('Origin',(-8.75000012342708,-83.0546254174527,-42.2397591562861));
#13503=CARTESIAN_POINT('',(19.4823065710712,24.8846908733544,24.3669974444278));
#13504=UNCERTAINTY_MEASURE_WITH_UNIT(LENGTH_MEASURE(0.01),#13510,
'DISTANCE_ACCURACY_VALUE',
'Maximum model space distance between geometric entities at asserted c
onnectivities');
#13505=UNCERTAINTY_MEASURE_WITH_UNIT(LENGTH_MEASURE(0.01),#13510,
'DISTANCE_ACCURACY_VALUE',
'Maximum model space distance between geometric entities at asserted c
onnectivities');
#13506=UNCERTAINTY_MEASURE_WITH_UNIT(LENGTH_MEASURE(0.01),#13510,
'DISTANCE_ACCURACY_VALUE',
'Maximum model space distance between geometric entities at asserted c
onnectivities');
#13507=(
GEOMETRIC_REPRESENTATION_CONTEXT(3)
GLOBAL_UNCERTAINTY_ASSIGNED_CONTEXT((#13504))
GLOBAL_UNIT_ASSIGNED_CONTEXT((#13510,#13512,#13513))
REPRESENTATION_CONTEXT('','3D')
);
#13508=(
GEOMETRIC_REPRESENTATION_CONTEXT(3)
GLOBAL_UNCERTAINTY_ASSIGNED_CONTEXT((#13505))
GLOBAL_UNIT_ASSIGNED_CONTEXT((#13510,#13512,#13513))
REPRESENTATION_CONTEXT('','3D')
);
#13509=(
GEOMETRIC_REPRESENTATION_CONTEXT(3)
GLOBAL_UNCERTAINTY_ASSIGNED_CONTEXT((#13506))
GLOBAL_UNIT_ASSIGNED_CONTEXT((#13510,#13512,#13513))
REPRESENTATION_CONTEXT('','3D')
);
#13510=(
LENGTH_UNIT()
NAMED_UNIT(*)
SI_UNIT(.MILLI.,.METRE.)
);
#13511=(
LENGTH_UNIT()
NAMED_UNIT(*)
SI_UNIT($,.METRE.)
);
#13512=(
NAMED_UNIT(*)
PLANE_ANGLE_UNIT()
SI_UNIT($,.RADIAN.)
);
#13513=(
NAMED_UNIT(*)
SI_UNIT($,.STERADIAN.)
SOLID_ANGLE_UNIT()
);
#13514=SHAPE_DEFINITION_REPRESENTATION(#13516,#13519);
#13515=SHAPE_DEFINITION_REPRESENTATION(#13517,#13520);
#13516=PRODUCT_DEFINITION_SHAPE('',$,#13522);
#13517=PRODUCT_DEFINITION_SHAPE('',$,#13523);
#13518=PRODUCT_DEFINITION_SHAPE($,$,#14);
#13519=SHAPE_REPRESENTATION('',(#8487,#8984),#13507);
#13520=SHAPE_REPRESENTATION('',(#8488),#13508);
#13521=PRODUCT_DEFINITION_CONTEXT('part definition',#13529,'design');
#13522=PRODUCT_DEFINITION('RobotMHF','RobotMHF',#13524,#13521);
#13523=PRODUCT_DEFINITION('Servo_Dual_PinchValve_Triplex',
'Servo_Dual_PinchValve_Triplex',#13525,#13521);
#13524=PRODUCT_DEFINITION_FORMATION('',$,#13531);
#13525=PRODUCT_DEFINITION_FORMATION('',$,#13532);
#13526=PRODUCT_RELATED_PRODUCT_CATEGORY('RobotMHF','RobotMHF',(#13531));
#13527=PRODUCT_RELATED_PRODUCT_CATEGORY('Servo_Dual_PinchValve_Triplex',
'Servo_Dual_PinchValve_Triplex',(#13532));
#13528=APPLICATION_PROTOCOL_DEFINITION('international standard',
'automotive_design',2009,#13529);
#13529=APPLICATION_CONTEXT(
'Core Data for Automotive Mechanical Design Process');
#13530=PRODUCT_CONTEXT('part definition',#13529,'mechanical');
#13531=PRODUCT('RobotMHF','RobotMHF',$,(#13530));
#13532=PRODUCT('Servo_Dual_PinchValve_Triplex',
'Servo_Dual_PinchValve_Triplex',$,(#13530));
#13533=PRESENTATION_STYLE_ASSIGNMENT((#13534));
#13534=SURFACE_STYLE_USAGE(.BOTH.,#13535);
#13535=SURFACE_SIDE_STYLE('',(#13536));
#13536=SURFACE_STYLE_FILL_AREA(#13537);
#13537=FILL_AREA_STYLE('Steel - Satin',(#13538));
#13538=FILL_AREA_STYLE_COLOUR('Steel - Satin',#13539);
#13539=COLOUR_RGB('Steel - Satin',0.627450980392157,0.627450980392157,0.627450980392157);
ENDSEC;
END-ISO-10303-21;
