ISO-10303-21;
HEADER;
/* Generated by software containing ST-Developer
 * from STEP Tools, Inc. (www.steptools.com) 
 */

FILE_DESCRIPTION(
/* description */ (''),
/* implementation_level */ '2;1');

FILE_NAME(
/* name */ 'Input_Plate_BottomSheet.step',
/* time_stamp */ '2026-08-06T10:07:55+01:00',
/* author */ (''),
/* organization */ (''),
/* preprocessor_version */ 'ST-DEVELOPER v20.1',
/* originating_system */ 'Autodesk Translation Framework v15.8.0.0',
/* authorisation */ '');

FILE_SCHEMA (('AUTOMOTIVE_DESIGN { 1 0 10303 214 3 1 1 }'));
ENDSEC;

DATA;
#10=MECHANICAL_DESIGN_GEOMETRIC_PRESENTATION_REPRESENTATION('',(#13),#6997);
#11=SHAPE_REPRESENTATION_RELATIONSHIP('SRR','None',#7004,#12);
#12=ADVANCED_BREP_SHAPE_REPRESENTATION('',(#14),#6996);
#13=STYLED_ITEM('',(#7013),#14);
#14=MANIFOLD_SOLID_BREP('Body1',#4097);
#15=FACE_BOUND('',#469,.T.);
#16=FACE_BOUND('',#470,.T.);
#17=FACE_BOUND('',#471,.T.);
#18=FACE_BOUND('',#472,.T.);
#19=FACE_BOUND('',#473,.T.);
#20=FACE_BOUND('',#474,.T.);
#21=FACE_BOUND('',#475,.T.);
#22=FACE_BOUND('',#476,.T.);
#23=FACE_BOUND('',#477,.T.);
#24=FACE_BOUND('',#478,.T.);
#25=FACE_BOUND('',#479,.T.);
#26=FACE_BOUND('',#480,.T.);
#27=FACE_BOUND('',#481,.T.);
#28=FACE_BOUND('',#482,.T.);
#29=FACE_BOUND('',#484,.T.);
#30=FACE_BOUND('',#485,.T.);
#31=FACE_BOUND('',#486,.T.);
#32=FACE_BOUND('',#487,.T.);
#33=FACE_BOUND('',#488,.T.);
#34=FACE_BOUND('',#489,.T.);
#35=FACE_BOUND('',#490,.T.);
#36=FACE_BOUND('',#491,.T.);
#37=FACE_BOUND('',#492,.T.);
#38=FACE_BOUND('',#493,.T.);
#39=FACE_BOUND('',#494,.T.);
#40=FACE_BOUND('',#495,.T.);
#41=FACE_BOUND('',#496,.T.);
#42=FACE_BOUND('',#497,.T.);
#43=PLANE('',#4117);
#44=PLANE('',#4121);
#45=PLANE('',#4125);
#46=PLANE('',#4129);
#47=PLANE('',#4133);
#48=PLANE('',#4137);
#49=PLANE('',#4147);
#50=PLANE('',#4151);
#51=PLANE('',#4155);
#52=PLANE('',#4159);
#53=PLANE('',#4163);
#54=PLANE('',#4167);
#55=PLANE('',#4177);
#56=PLANE('',#4181);
#57=PLANE('',#4185);
#58=PLANE('',#4189);
#59=PLANE('',#4193);
#60=PLANE('',#4197);
#61=PLANE('',#4207);
#62=PLANE('',#4211);
#63=PLANE('',#4215);
#64=PLANE('',#4219);
#65=PLANE('',#4223);
#66=PLANE('',#4227);
#67=PLANE('',#4237);
#68=PLANE('',#4241);
#69=PLANE('',#4245);
#70=PLANE('',#4249);
#71=PLANE('',#4253);
#72=PLANE('',#4257);
#73=PLANE('',#4267);
#74=PLANE('',#4271);
#75=PLANE('',#4275);
#76=PLANE('',#4279);
#77=PLANE('',#4283);
#78=PLANE('',#4287);
#79=PLANE('',#4297);
#80=PLANE('',#4301);
#81=PLANE('',#4305);
#82=PLANE('',#4309);
#83=PLANE('',#4313);
#84=PLANE('',#4317);
#85=PLANE('',#4327);
#86=PLANE('',#4331);
#87=PLANE('',#4335);
#88=PLANE('',#4339);
#89=PLANE('',#4343);
#90=PLANE('',#4347);
#91=PLANE('',#4351);
#92=PLANE('',#4355);
#93=PLANE('',#4359);
#94=PLANE('',#4363);
#95=PLANE('',#4373);
#96=PLANE('',#4374);
#97=PLANE('',#4378);
#98=PLANE('',#4382);
#99=PLANE('',#4386);
#100=PLANE('',#4426);
#101=PLANE('',#4466);
#102=PLANE('',#4467);
#103=PLANE('',#4468);
#104=PLANE('',#4469);
#105=PLANE('',#4470);
#106=PLANE('',#4471);
#107=PLANE('',#4472);
#108=PLANE('',#4473);
#109=PLANE('',#4474);
#110=PLANE('',#4478);
#111=PLANE('',#4480);
#112=PLANE('',#4482);
#113=PLANE('',#4484);
#114=PLANE('',#4485);
#115=PLANE('',#4489);
#116=PLANE('',#4491);
#117=PLANE('',#4493);
#118=PLANE('',#4495);
#119=PLANE('',#4498);
#120=PLANE('',#4500);
#121=PLANE('',#4501);
#122=PLANE('',#4506);
#123=PLANE('',#4508);
#124=PLANE('',#4510);
#125=PLANE('',#4511);
#126=PLANE('',#4512);
#127=PLANE('',#4517);
#128=PLANE('',#4519);
#129=PLANE('',#4521);
#130=PLANE('',#4522);
#131=PLANE('',#4523);
#132=PLANE('',#4528);
#133=PLANE('',#4530);
#134=PLANE('',#4532);
#135=FACE_OUTER_BOUND('',#339,.T.);
#136=FACE_OUTER_BOUND('',#340,.T.);
#137=FACE_OUTER_BOUND('',#341,.T.);
#138=FACE_OUTER_BOUND('',#342,.T.);
#139=FACE_OUTER_BOUND('',#343,.T.);
#140=FACE_OUTER_BOUND('',#344,.T.);
#141=FACE_OUTER_BOUND('',#345,.T.);
#142=FACE_OUTER_BOUND('',#346,.T.);
#143=FACE_OUTER_BOUND('',#347,.T.);
#144=FACE_OUTER_BOUND('',#348,.T.);
#145=FACE_OUTER_BOUND('',#349,.T.);
#146=FACE_OUTER_BOUND('',#350,.T.);
#147=FACE_OUTER_BOUND('',#351,.T.);
#148=FACE_OUTER_BOUND('',#352,.T.);
#149=FACE_OUTER_BOUND('',#353,.T.);
#150=FACE_OUTER_BOUND('',#354,.T.);
#151=FACE_OUTER_BOUND('',#355,.T.);
#152=FACE_OUTER_BOUND('',#356,.T.);
#153=FACE_OUTER_BOUND('',#357,.T.);
#154=FACE_OUTER_BOUND('',#358,.T.);
#155=FACE_OUTER_BOUND('',#359,.T.);
#156=FACE_OUTER_BOUND('',#360,.T.);
#157=FACE_OUTER_BOUND('',#361,.T.);
#158=FACE_OUTER_BOUND('',#362,.T.);
#159=FACE_OUTER_BOUND('',#363,.T.);
#160=FACE_OUTER_BOUND('',#364,.T.);
#161=FACE_OUTER_BOUND('',#365,.T.);
#162=FACE_OUTER_BOUND('',#366,.T.);
#163=FACE_OUTER_BOUND('',#367,.T.);
#164=FACE_OUTER_BOUND('',#368,.T.);
#165=FACE_OUTER_BOUND('',#369,.T.);
#166=FACE_OUTER_BOUND('',#370,.T.);
#167=FACE_OUTER_BOUND('',#371,.T.);
#168=FACE_OUTER_BOUND('',#372,.T.);
#169=FACE_OUTER_BOUND('',#373,.T.);
#170=FACE_OUTER_BOUND('',#374,.T.);
#171=FACE_OUTER_BOUND('',#375,.T.);
#172=FACE_OUTER_BOUND('',#376,.T.);
#173=FACE_OUTER_BOUND('',#377,.T.);
#174=FACE_OUTER_BOUND('',#378,.T.);
#175=FACE_OUTER_BOUND('',#379,.T.);
#176=FACE_OUTER_BOUND('',#380,.T.);
#177=FACE_OUTER_BOUND('',#381,.T.);
#178=FACE_OUTER_BOUND('',#382,.T.);
#179=FACE_OUTER_BOUND('',#383,.T.);
#180=FACE_OUTER_BOUND('',#384,.T.);
#181=FACE_OUTER_BOUND('',#385,.T.);
#182=FACE_OUTER_BOUND('',#386,.T.);
#183=FACE_OUTER_BOUND('',#387,.T.);
#184=FACE_OUTER_BOUND('',#388,.T.);
#185=FACE_OUTER_BOUND('',#389,.T.);
#186=FACE_OUTER_BOUND('',#390,.T.);
#187=FACE_OUTER_BOUND('',#391,.T.);
#188=FACE_OUTER_BOUND('',#392,.T.);
#189=FACE_OUTER_BOUND('',#393,.T.);
#190=FACE_OUTER_BOUND('',#394,.T.);
#191=FACE_OUTER_BOUND('',#395,.T.);
#192=FACE_OUTER_BOUND('',#396,.T.);
#193=FACE_OUTER_BOUND('',#397,.T.);
#194=FACE_OUTER_BOUND('',#398,.T.);
#195=FACE_OUTER_BOUND('',#399,.T.);
#196=FACE_OUTER_BOUND('',#400,.T.);
#197=FACE_OUTER_BOUND('',#401,.T.);
#198=FACE_OUTER_BOUND('',#402,.T.);
#199=FACE_OUTER_BOUND('',#403,.T.);
#200=FACE_OUTER_BOUND('',#404,.T.);
#201=FACE_OUTER_BOUND('',#405,.T.);
#202=FACE_OUTER_BOUND('',#406,.T.);
#203=FACE_OUTER_BOUND('',#407,.T.);
#204=FACE_OUTER_BOUND('',#408,.T.);
#205=FACE_OUTER_BOUND('',#409,.T.);
#206=FACE_OUTER_BOUND('',#410,.T.);
#207=FACE_OUTER_BOUND('',#411,.T.);
#208=FACE_OUTER_BOUND('',#412,.T.);
#209=FACE_OUTER_BOUND('',#413,.T.);
#210=FACE_OUTER_BOUND('',#414,.T.);
#211=FACE_OUTER_BOUND('',#415,.T.);
#212=FACE_OUTER_BOUND('',#416,.T.);
#213=FACE_OUTER_BOUND('',#417,.T.);
#214=FACE_OUTER_BOUND('',#418,.T.);
#215=FACE_OUTER_BOUND('',#419,.T.);
#216=FACE_OUTER_BOUND('',#420,.T.);
#217=FACE_OUTER_BOUND('',#421,.T.);
#218=FACE_OUTER_BOUND('',#422,.T.);
#219=FACE_OUTER_BOUND('',#423,.T.);
#220=FACE_OUTER_BOUND('',#424,.T.);
#221=FACE_OUTER_BOUND('',#425,.T.);
#222=FACE_OUTER_BOUND('',#426,.T.);
#223=FACE_OUTER_BOUND('',#427,.T.);
#224=FACE_OUTER_BOUND('',#428,.T.);
#225=FACE_OUTER_BOUND('',#429,.T.);
#226=FACE_OUTER_BOUND('',#430,.T.);
#227=FACE_OUTER_BOUND('',#431,.T.);
#228=FACE_OUTER_BOUND('',#432,.T.);
#229=FACE_OUTER_BOUND('',#433,.T.);
#230=FACE_OUTER_BOUND('',#434,.T.);
#231=FACE_OUTER_BOUND('',#435,.T.);
#232=FACE_OUTER_BOUND('',#436,.T.);
#233=FACE_OUTER_BOUND('',#437,.T.);
#234=FACE_OUTER_BOUND('',#438,.T.);
#235=FACE_OUTER_BOUND('',#439,.T.);
#236=FACE_OUTER_BOUND('',#440,.T.);
#237=FACE_OUTER_BOUND('',#441,.T.);
#238=FACE_OUTER_BOUND('',#442,.T.);
#239=FACE_OUTER_BOUND('',#443,.T.);
#240=FACE_OUTER_BOUND('',#444,.T.);
#241=FACE_OUTER_BOUND('',#445,.T.);
#242=FACE_OUTER_BOUND('',#446,.T.);
#243=FACE_OUTER_BOUND('',#447,.T.);
#244=FACE_OUTER_BOUND('',#448,.T.);
#245=FACE_OUTER_BOUND('',#449,.T.);
#246=FACE_OUTER_BOUND('',#450,.T.);
#247=FACE_OUTER_BOUND('',#451,.T.);
#248=FACE_OUTER_BOUND('',#452,.T.);
#249=FACE_OUTER_BOUND('',#453,.T.);
#250=FACE_OUTER_BOUND('',#454,.T.);
#251=FACE_OUTER_BOUND('',#455,.T.);
#252=FACE_OUTER_BOUND('',#456,.T.);
#253=FACE_OUTER_BOUND('',#457,.T.);
#254=FACE_OUTER_BOUND('',#458,.T.);
#255=FACE_OUTER_BOUND('',#459,.T.);
#256=FACE_OUTER_BOUND('',#460,.T.);
#257=FACE_OUTER_BOUND('',#461,.T.);
#258=FACE_OUTER_BOUND('',#462,.T.);
#259=FACE_OUTER_BOUND('',#463,.T.);
#260=FACE_OUTER_BOUND('',#464,.T.);
#261=FACE_OUTER_BOUND('',#465,.T.);
#262=FACE_OUTER_BOUND('',#466,.T.);
#263=FACE_OUTER_BOUND('',#467,.T.);
#264=FACE_OUTER_BOUND('',#468,.T.);
#265=FACE_OUTER_BOUND('',#483,.T.);
#266=FACE_OUTER_BOUND('',#498,.T.);
#267=FACE_OUTER_BOUND('',#499,.T.);
#268=FACE_OUTER_BOUND('',#500,.T.);
#269=FACE_OUTER_BOUND('',#501,.T.);
#270=FACE_OUTER_BOUND('',#502,.T.);
#271=FACE_OUTER_BOUND('',#503,.T.);
#272=FACE_OUTER_BOUND('',#504,.T.);
#273=FACE_OUTER_BOUND('',#505,.T.);
#274=FACE_OUTER_BOUND('',#506,.T.);
#275=FACE_OUTER_BOUND('',#507,.T.);
#276=FACE_OUTER_BOUND('',#508,.T.);
#277=FACE_OUTER_BOUND('',#509,.T.);
#278=FACE_OUTER_BOUND('',#510,.T.);
#279=FACE_OUTER_BOUND('',#511,.T.);
#280=FACE_OUTER_BOUND('',#512,.T.);
#281=FACE_OUTER_BOUND('',#513,.T.);
#282=FACE_OUTER_BOUND('',#514,.T.);
#283=FACE_OUTER_BOUND('',#515,.T.);
#284=FACE_OUTER_BOUND('',#516,.T.);
#285=FACE_OUTER_BOUND('',#517,.T.);
#286=FACE_OUTER_BOUND('',#518,.T.);
#287=FACE_OUTER_BOUND('',#519,.T.);
#288=FACE_OUTER_BOUND('',#520,.T.);
#289=FACE_OUTER_BOUND('',#521,.T.);
#290=FACE_OUTER_BOUND('',#522,.T.);
#291=FACE_OUTER_BOUND('',#523,.T.);
#292=FACE_OUTER_BOUND('',#524,.T.);
#293=FACE_OUTER_BOUND('',#525,.T.);
#294=FACE_OUTER_BOUND('',#526,.T.);
#295=FACE_OUTER_BOUND('',#527,.T.);
#296=FACE_OUTER_BOUND('',#528,.T.);
#297=FACE_OUTER_BOUND('',#529,.T.);
#298=FACE_OUTER_BOUND('',#530,.T.);
#299=FACE_OUTER_BOUND('',#531,.T.);
#300=FACE_OUTER_BOUND('',#532,.T.);
#301=FACE_OUTER_BOUND('',#533,.T.);
#302=FACE_OUTER_BOUND('',#534,.T.);
#303=FACE_OUTER_BOUND('',#535,.T.);
#304=FACE_OUTER_BOUND('',#536,.T.);
#305=FACE_OUTER_BOUND('',#537,.T.);
#306=FACE_OUTER_BOUND('',#538,.T.);
#307=FACE_OUTER_BOUND('',#539,.T.);
#308=FACE_OUTER_BOUND('',#540,.T.);
#309=FACE_OUTER_BOUND('',#541,.T.);
#310=FACE_OUTER_BOUND('',#542,.T.);
#311=FACE_OUTER_BOUND('',#543,.T.);
#312=FACE_OUTER_BOUND('',#544,.T.);
#313=FACE_OUTER_BOUND('',#545,.T.);
#314=FACE_OUTER_BOUND('',#546,.T.);
#315=FACE_OUTER_BOUND('',#547,.T.);
#316=FACE_OUTER_BOUND('',#548,.T.);
#317=FACE_OUTER_BOUND('',#549,.T.);
#318=FACE_OUTER_BOUND('',#550,.T.);
#319=FACE_OUTER_BOUND('',#551,.T.);
#320=FACE_OUTER_BOUND('',#552,.T.);
#321=FACE_OUTER_BOUND('',#553,.T.);
#322=FACE_OUTER_BOUND('',#554,.T.);
#323=FACE_OUTER_BOUND('',#555,.T.);
#324=FACE_OUTER_BOUND('',#556,.T.);
#325=FACE_OUTER_BOUND('',#557,.T.);
#326=FACE_OUTER_BOUND('',#558,.T.);
#327=FACE_OUTER_BOUND('',#559,.T.);
#328=FACE_OUTER_BOUND('',#560,.T.);
#329=FACE_OUTER_BOUND('',#561,.T.);
#330=FACE_OUTER_BOUND('',#562,.T.);
#331=FACE_OUTER_BOUND('',#563,.T.);
#332=FACE_OUTER_BOUND('',#564,.T.);
#333=FACE_OUTER_BOUND('',#565,.T.);
#334=FACE_OUTER_BOUND('',#566,.T.);
#335=FACE_OUTER_BOUND('',#567,.T.);
#336=FACE_OUTER_BOUND('',#568,.T.);
#337=FACE_OUTER_BOUND('',#569,.T.);
#338=FACE_OUTER_BOUND('',#570,.T.);
#339=EDGE_LOOP('',(#2569,#2570,#2571,#2572));
#340=EDGE_LOOP('',(#2573,#2574,#2575,#2576));
#341=EDGE_LOOP('',(#2577,#2578,#2579,#2580));
#342=EDGE_LOOP('',(#2581,#2582,#2583,#2584));
#343=EDGE_LOOP('',(#2585,#2586,#2587,#2588));
#344=EDGE_LOOP('',(#2589,#2590,#2591,#2592));
#345=EDGE_LOOP('',(#2593,#2594,#2595,#2596));
#346=EDGE_LOOP('',(#2597,#2598,#2599,#2600));
#347=EDGE_LOOP('',(#2601,#2602,#2603,#2604));
#348=EDGE_LOOP('',(#2605,#2606,#2607,#2608));
#349=EDGE_LOOP('',(#2609,#2610,#2611,#2612));
#350=EDGE_LOOP('',(#2613,#2614,#2615,#2616));
#351=EDGE_LOOP('',(#2617,#2618,#2619,#2620));
#352=EDGE_LOOP('',(#2621,#2622,#2623,#2624));
#353=EDGE_LOOP('',(#2625,#2626,#2627,#2628));
#354=EDGE_LOOP('',(#2629,#2630,#2631,#2632));
#355=EDGE_LOOP('',(#2633,#2634,#2635,#2636));
#356=EDGE_LOOP('',(#2637,#2638,#2639,#2640));
#357=EDGE_LOOP('',(#2641,#2642,#2643,#2644));
#358=EDGE_LOOP('',(#2645,#2646,#2647,#2648));
#359=EDGE_LOOP('',(#2649,#2650,#2651,#2652));
#360=EDGE_LOOP('',(#2653,#2654,#2655,#2656));
#361=EDGE_LOOP('',(#2657,#2658,#2659,#2660));
#362=EDGE_LOOP('',(#2661,#2662,#2663,#2664));
#363=EDGE_LOOP('',(#2665,#2666,#2667,#2668));
#364=EDGE_LOOP('',(#2669,#2670,#2671,#2672));
#365=EDGE_LOOP('',(#2673,#2674,#2675,#2676));
#366=EDGE_LOOP('',(#2677,#2678,#2679,#2680));
#367=EDGE_LOOP('',(#2681,#2682,#2683,#2684));
#368=EDGE_LOOP('',(#2685,#2686,#2687,#2688));
#369=EDGE_LOOP('',(#2689,#2690,#2691,#2692));
#370=EDGE_LOOP('',(#2693,#2694,#2695,#2696));
#371=EDGE_LOOP('',(#2697,#2698,#2699,#2700));
#372=EDGE_LOOP('',(#2701,#2702,#2703,#2704));
#373=EDGE_LOOP('',(#2705,#2706,#2707,#2708));
#374=EDGE_LOOP('',(#2709,#2710,#2711,#2712));
#375=EDGE_LOOP('',(#2713,#2714,#2715,#2716));
#376=EDGE_LOOP('',(#2717,#2718,#2719,#2720));
#377=EDGE_LOOP('',(#2721,#2722,#2723,#2724));
#378=EDGE_LOOP('',(#2725,#2726,#2727,#2728));
#379=EDGE_LOOP('',(#2729,#2730,#2731,#2732));
#380=EDGE_LOOP('',(#2733,#2734,#2735,#2736));
#381=EDGE_LOOP('',(#2737,#2738,#2739,#2740));
#382=EDGE_LOOP('',(#2741,#2742,#2743,#2744));
#383=EDGE_LOOP('',(#2745,#2746,#2747,#2748));
#384=EDGE_LOOP('',(#2749,#2750,#2751,#2752));
#385=EDGE_LOOP('',(#2753,#2754,#2755,#2756));
#386=EDGE_LOOP('',(#2757,#2758,#2759,#2760));
#387=EDGE_LOOP('',(#2761,#2762,#2763,#2764));
#388=EDGE_LOOP('',(#2765,#2766,#2767,#2768));
#389=EDGE_LOOP('',(#2769,#2770,#2771,#2772));
#390=EDGE_LOOP('',(#2773,#2774,#2775,#2776));
#391=EDGE_LOOP('',(#2777,#2778,#2779,#2780));
#392=EDGE_LOOP('',(#2781,#2782,#2783,#2784));
#393=EDGE_LOOP('',(#2785,#2786,#2787,#2788));
#394=EDGE_LOOP('',(#2789,#2790,#2791,#2792));
#395=EDGE_LOOP('',(#2793,#2794,#2795,#2796));
#396=EDGE_LOOP('',(#2797,#2798,#2799,#2800));
#397=EDGE_LOOP('',(#2801,#2802,#2803,#2804));
#398=EDGE_LOOP('',(#2805,#2806,#2807,#2808));
#399=EDGE_LOOP('',(#2809,#2810,#2811,#2812));
#400=EDGE_LOOP('',(#2813,#2814,#2815,#2816));
#401=EDGE_LOOP('',(#2817,#2818,#2819,#2820));
#402=EDGE_LOOP('',(#2821,#2822,#2823,#2824));
#403=EDGE_LOOP('',(#2825,#2826,#2827,#2828));
#404=EDGE_LOOP('',(#2829,#2830,#2831,#2832));
#405=EDGE_LOOP('',(#2833,#2834,#2835,#2836));
#406=EDGE_LOOP('',(#2837,#2838,#2839,#2840));
#407=EDGE_LOOP('',(#2841,#2842,#2843,#2844));
#408=EDGE_LOOP('',(#2845,#2846,#2847,#2848));
#409=EDGE_LOOP('',(#2849,#2850,#2851,#2852));
#410=EDGE_LOOP('',(#2853,#2854,#2855,#2856));
#411=EDGE_LOOP('',(#2857,#2858,#2859,#2860));
#412=EDGE_LOOP('',(#2861,#2862,#2863,#2864));
#413=EDGE_LOOP('',(#2865,#2866,#2867,#2868));
#414=EDGE_LOOP('',(#2869,#2870,#2871,#2872));
#415=EDGE_LOOP('',(#2873,#2874,#2875,#2876));
#416=EDGE_LOOP('',(#2877,#2878,#2879,#2880));
#417=EDGE_LOOP('',(#2881,#2882,#2883,#2884));
#418=EDGE_LOOP('',(#2885,#2886,#2887,#2888));
#419=EDGE_LOOP('',(#2889,#2890,#2891,#2892));
#420=EDGE_LOOP('',(#2893,#2894,#2895,#2896));
#421=EDGE_LOOP('',(#2897,#2898,#2899,#2900));
#422=EDGE_LOOP('',(#2901,#2902,#2903,#2904));
#423=EDGE_LOOP('',(#2905,#2906,#2907,#2908));
#424=EDGE_LOOP('',(#2909,#2910,#2911,#2912));
#425=EDGE_LOOP('',(#2913,#2914,#2915,#2916));
#426=EDGE_LOOP('',(#2917,#2918,#2919,#2920));
#427=EDGE_LOOP('',(#2921,#2922,#2923,#2924));
#428=EDGE_LOOP('',(#2925,#2926,#2927,#2928));
#429=EDGE_LOOP('',(#2929,#2930,#2931,#2932));
#430=EDGE_LOOP('',(#2933,#2934,#2935,#2936));
#431=EDGE_LOOP('',(#2937,#2938,#2939,#2940));
#432=EDGE_LOOP('',(#2941,#2942,#2943,#2944));
#433=EDGE_LOOP('',(#2945,#2946,#2947,#2948));
#434=EDGE_LOOP('',(#2949,#2950,#2951,#2952));
#435=EDGE_LOOP('',(#2953,#2954,#2955,#2956));
#436=EDGE_LOOP('',(#2957,#2958,#2959,#2960));
#437=EDGE_LOOP('',(#2961,#2962,#2963,#2964));
#438=EDGE_LOOP('',(#2965,#2966,#2967,#2968));
#439=EDGE_LOOP('',(#2969,#2970,#2971,#2972));
#440=EDGE_LOOP('',(#2973,#2974,#2975,#2976));
#441=EDGE_LOOP('',(#2977,#2978,#2979,#2980));
#442=EDGE_LOOP('',(#2981,#2982,#2983,#2984));
#443=EDGE_LOOP('',(#2985,#2986,#2987,#2988));
#444=EDGE_LOOP('',(#2989,#2990,#2991,#2992));
#445=EDGE_LOOP('',(#2993,#2994,#2995,#2996));
#446=EDGE_LOOP('',(#2997,#2998,#2999,#3000));
#447=EDGE_LOOP('',(#3001,#3002,#3003,#3004));
#448=EDGE_LOOP('',(#3005,#3006,#3007,#3008));
#449=EDGE_LOOP('',(#3009,#3010,#3011,#3012));
#450=EDGE_LOOP('',(#3013,#3014,#3015,#3016));
#451=EDGE_LOOP('',(#3017,#3018,#3019,#3020));
#452=EDGE_LOOP('',(#3021,#3022,#3023,#3024));
#453=EDGE_LOOP('',(#3025,#3026,#3027,#3028));
#454=EDGE_LOOP('',(#3029,#3030,#3031,#3032));
#455=EDGE_LOOP('',(#3033,#3034,#3035,#3036));
#456=EDGE_LOOP('',(#3037,#3038,#3039,#3040));
#457=EDGE_LOOP('',(#3041,#3042,#3043,#3044));
#458=EDGE_LOOP('',(#3045,#3046,#3047,#3048));
#459=EDGE_LOOP('',(#3049,#3050,#3051,#3052));
#460=EDGE_LOOP('',(#3053,#3054,#3055,#3056));
#461=EDGE_LOOP('',(#3057,#3058,#3059,#3060));
#462=EDGE_LOOP('',(#3061,#3062,#3063,#3064));
#463=EDGE_LOOP('',(#3065,#3066,#3067,#3068));
#464=EDGE_LOOP('',(#3069,#3070,#3071,#3072));
#465=EDGE_LOOP('',(#3073,#3074,#3075,#3076));
#466=EDGE_LOOP('',(#3077,#3078,#3079,#3080));
#467=EDGE_LOOP('',(#3081,#3082,#3083,#3084));
#468=EDGE_LOOP('',(#3085,#3086,#3087,#3088,#3089,#3090,#3091,#3092,#3093,
#3094,#3095,#3096,#3097,#3098,#3099,#3100,#3101,#3102,#3103,#3104,#3105,
#3106,#3107,#3108,#3109,#3110,#3111,#3112,#3113,#3114,#3115,#3116,#3117,
#3118,#3119,#3120,#3121,#3122,#3123,#3124,#3125,#3126,#3127,#3128,#3129,
#3130,#3131,#3132,#3133,#3134,#3135,#3136,#3137,#3138,#3139,#3140,#3141,
#3142,#3143,#3144,#3145,#3146,#3147,#3148,#3149,#3150,#3151,#3152,#3153,
#3154,#3155,#3156,#3157,#3158,#3159,#3160,#3161,#3162,#3163,#3164,#3165,
#3166,#3167,#3168));
#469=EDGE_LOOP('',(#3169));
#470=EDGE_LOOP('',(#3170));
#471=EDGE_LOOP('',(#3171));
#472=EDGE_LOOP('',(#3172));
#473=EDGE_LOOP('',(#3173));
#474=EDGE_LOOP('',(#3174));
#475=EDGE_LOOP('',(#3175,#3176,#3177,#3178,#3179,#3180,#3181,#3182,#3183,
#3184,#3185,#3186,#3187,#3188));
#476=EDGE_LOOP('',(#3189,#3190,#3191,#3192,#3193,#3194,#3195,#3196,#3197,
#3198,#3199,#3200,#3201,#3202));
#477=EDGE_LOOP('',(#3203,#3204,#3205,#3206,#3207,#3208,#3209,#3210,#3211,
#3212,#3213,#3214,#3215,#3216));
#478=EDGE_LOOP('',(#3217,#3218,#3219,#3220,#3221,#3222,#3223,#3224,#3225,
#3226,#3227,#3228,#3229,#3230));
#479=EDGE_LOOP('',(#3231,#3232,#3233,#3234,#3235,#3236,#3237,#3238,#3239,
#3240,#3241,#3242,#3243,#3244));
#480=EDGE_LOOP('',(#3245,#3246,#3247,#3248,#3249,#3250,#3251,#3252,#3253,
#3254,#3255,#3256,#3257,#3258));
#481=EDGE_LOOP('',(#3259,#3260,#3261,#3262,#3263,#3264,#3265,#3266,#3267,
#3268,#3269,#3270,#3271,#3272));
#482=EDGE_LOOP('',(#3273,#3274,#3275,#3276,#3277,#3278,#3279,#3280,#3281,
#3282,#3283,#3284,#3285,#3286));
#483=EDGE_LOOP('',(#3287,#3288,#3289,#3290,#3291,#3292,#3293,#3294,#3295,
#3296,#3297,#3298,#3299,#3300,#3301,#3302,#3303,#3304,#3305,#3306,#3307,
#3308,#3309,#3310,#3311,#3312,#3313,#3314,#3315,#3316,#3317,#3318,#3319,
#3320,#3321,#3322,#3323,#3324,#3325,#3326,#3327,#3328,#3329,#3330,#3331,
#3332,#3333,#3334,#3335,#3336,#3337,#3338,#3339,#3340,#3341,#3342,#3343,
#3344,#3345,#3346,#3347,#3348,#3349,#3350,#3351,#3352,#3353,#3354,#3355,
#3356,#3357,#3358,#3359,#3360,#3361,#3362,#3363,#3364,#3365,#3366,#3367,
#3368,#3369,#3370));
#484=EDGE_LOOP('',(#3371,#3372,#3373,#3374,#3375,#3376,#3377,#3378,#3379,
#3380,#3381,#3382,#3383,#3384));
#485=EDGE_LOOP('',(#3385,#3386,#3387,#3388,#3389,#3390,#3391,#3392,#3393,
#3394,#3395,#3396,#3397,#3398));
#486=EDGE_LOOP('',(#3399,#3400,#3401,#3402,#3403,#3404,#3405,#3406,#3407,
#3408,#3409,#3410,#3411,#3412));
#487=EDGE_LOOP('',(#3413,#3414,#3415,#3416,#3417,#3418,#3419,#3420,#3421,
#3422,#3423,#3424,#3425,#3426));
#488=EDGE_LOOP('',(#3427,#3428,#3429,#3430,#3431,#3432,#3433,#3434,#3435,
#3436,#3437,#3438,#3439,#3440));
#489=EDGE_LOOP('',(#3441,#3442,#3443,#3444,#3445,#3446,#3447,#3448,#3449,
#3450,#3451,#3452,#3453,#3454));
#490=EDGE_LOOP('',(#3455,#3456,#3457,#3458,#3459,#3460,#3461,#3462,#3463,
#3464,#3465,#3466,#3467,#3468));
#491=EDGE_LOOP('',(#3469,#3470,#3471,#3472,#3473,#3474,#3475,#3476,#3477,
#3478,#3479,#3480,#3481,#3482));
#492=EDGE_LOOP('',(#3483));
#493=EDGE_LOOP('',(#3484));
#494=EDGE_LOOP('',(#3485));
#495=EDGE_LOOP('',(#3486));
#496=EDGE_LOOP('',(#3487));
#497=EDGE_LOOP('',(#3488));
#498=EDGE_LOOP('',(#3489,#3490,#3491,#3492));
#499=EDGE_LOOP('',(#3493,#3494,#3495,#3496));
#500=EDGE_LOOP('',(#3497,#3498,#3499,#3500));
#501=EDGE_LOOP('',(#3501,#3502,#3503,#3504));
#502=EDGE_LOOP('',(#3505,#3506,#3507,#3508));
#503=EDGE_LOOP('',(#3509,#3510,#3511,#3512));
#504=EDGE_LOOP('',(#3513,#3514,#3515,#3516));
#505=EDGE_LOOP('',(#3517,#3518,#3519,#3520));
#506=EDGE_LOOP('',(#3521,#3522,#3523,#3524));
#507=EDGE_LOOP('',(#3525,#3526,#3527,#3528));
#508=EDGE_LOOP('',(#3529,#3530,#3531,#3532));
#509=EDGE_LOOP('',(#3533,#3534,#3535,#3536));
#510=EDGE_LOOP('',(#3537,#3538,#3539,#3540));
#511=EDGE_LOOP('',(#3541,#3542,#3543,#3544));
#512=EDGE_LOOP('',(#3545,#3546,#3547,#3548));
#513=EDGE_LOOP('',(#3549,#3550,#3551,#3552));
#514=EDGE_LOOP('',(#3553,#3554,#3555,#3556));
#515=EDGE_LOOP('',(#3557,#3558,#3559,#3560));
#516=EDGE_LOOP('',(#3561,#3562,#3563,#3564));
#517=EDGE_LOOP('',(#3565,#3566,#3567,#3568));
#518=EDGE_LOOP('',(#3569,#3570,#3571,#3572));
#519=EDGE_LOOP('',(#3573,#3574,#3575,#3576));
#520=EDGE_LOOP('',(#3577,#3578,#3579,#3580));
#521=EDGE_LOOP('',(#3581,#3582,#3583,#3584));
#522=EDGE_LOOP('',(#3585,#3586,#3587,#3588));
#523=EDGE_LOOP('',(#3589,#3590,#3591,#3592));
#524=EDGE_LOOP('',(#3593,#3594,#3595,#3596));
#525=EDGE_LOOP('',(#3597,#3598,#3599,#3600));
#526=EDGE_LOOP('',(#3601,#3602,#3603,#3604));
#527=EDGE_LOOP('',(#3605,#3606,#3607,#3608));
#528=EDGE_LOOP('',(#3609,#3610,#3611,#3612));
#529=EDGE_LOOP('',(#3613,#3614,#3615,#3616));
#530=EDGE_LOOP('',(#3617,#3618,#3619,#3620));
#531=EDGE_LOOP('',(#3621,#3622,#3623,#3624));
#532=EDGE_LOOP('',(#3625,#3626,#3627,#3628));
#533=EDGE_LOOP('',(#3629,#3630,#3631,#3632));
#534=EDGE_LOOP('',(#3633,#3634,#3635,#3636));
#535=EDGE_LOOP('',(#3637,#3638,#3639,#3640));
#536=EDGE_LOOP('',(#3641,#3642,#3643,#3644));
#537=EDGE_LOOP('',(#3645,#3646,#3647,#3648));
#538=EDGE_LOOP('',(#3649,#3650,#3651,#3652));
#539=EDGE_LOOP('',(#3653,#3654,#3655,#3656));
#540=EDGE_LOOP('',(#3657,#3658,#3659,#3660));
#541=EDGE_LOOP('',(#3661,#3662,#3663,#3664));
#542=EDGE_LOOP('',(#3665,#3666,#3667,#3668));
#543=EDGE_LOOP('',(#3669,#3670,#3671,#3672));
#544=EDGE_LOOP('',(#3673,#3674,#3675,#3676));
#545=EDGE_LOOP('',(#3677,#3678,#3679,#3680));
#546=EDGE_LOOP('',(#3681,#3682,#3683,#3684));
#547=EDGE_LOOP('',(#3685,#3686,#3687,#3688));
#548=EDGE_LOOP('',(#3689,#3690,#3691,#3692));
#549=EDGE_LOOP('',(#3693,#3694,#3695,#3696));
#550=EDGE_LOOP('',(#3697,#3698,#3699,#3700));
#551=EDGE_LOOP('',(#3701,#3702,#3703,#3704));
#552=EDGE_LOOP('',(#3705,#3706,#3707,#3708));
#553=EDGE_LOOP('',(#3709,#3710,#3711,#3712));
#554=EDGE_LOOP('',(#3713,#3714,#3715,#3716));
#555=EDGE_LOOP('',(#3717,#3718,#3719,#3720));
#556=EDGE_LOOP('',(#3721,#3722,#3723,#3724));
#557=EDGE_LOOP('',(#3725,#3726,#3727,#3728));
#558=EDGE_LOOP('',(#3729,#3730,#3731,#3732));
#559=EDGE_LOOP('',(#3733,#3734,#3735,#3736));
#560=EDGE_LOOP('',(#3737,#3738,#3739,#3740));
#561=EDGE_LOOP('',(#3741,#3742,#3743,#3744));
#562=EDGE_LOOP('',(#3745,#3746,#3747,#3748));
#563=EDGE_LOOP('',(#3749,#3750,#3751,#3752));
#564=EDGE_LOOP('',(#3753,#3754,#3755,#3756));
#565=EDGE_LOOP('',(#3757,#3758,#3759,#3760));
#566=EDGE_LOOP('',(#3761,#3762,#3763,#3764));
#567=EDGE_LOOP('',(#3765,#3766,#3767,#3768));
#568=EDGE_LOOP('',(#3769,#3770,#3771,#3772));
#569=EDGE_LOOP('',(#3773,#3774,#3775,#3776));
#570=EDGE_LOOP('',(#3777,#3778,#3779,#3780));
#571=LINE('',#5785,#953);
#572=LINE('',#5788,#954);
#573=LINE('',#5793,#955);
#574=LINE('',#5797,#956);
#575=LINE('',#5799,#957);
#576=LINE('',#5800,#958);
#577=LINE('',#5805,#959);
#578=LINE('',#5809,#960);
#579=LINE('',#5811,#961);
#580=LINE('',#5812,#962);
#581=LINE('',#5817,#963);
#582=LINE('',#5821,#964);
#583=LINE('',#5823,#965);
#584=LINE('',#5824,#966);
#585=LINE('',#5829,#967);
#586=LINE('',#5833,#968);
#587=LINE('',#5835,#969);
#588=LINE('',#5836,#970);
#589=LINE('',#5841,#971);
#590=LINE('',#5845,#972);
#591=LINE('',#5847,#973);
#592=LINE('',#5848,#974);
#593=LINE('',#5853,#975);
#594=LINE('',#5857,#976);
#595=LINE('',#5859,#977);
#596=LINE('',#5860,#978);
#597=LINE('',#5869,#979);
#598=LINE('',#5872,#980);
#599=LINE('',#5877,#981);
#600=LINE('',#5881,#982);
#601=LINE('',#5883,#983);
#602=LINE('',#5884,#984);
#603=LINE('',#5889,#985);
#604=LINE('',#5893,#986);
#605=LINE('',#5895,#987);
#606=LINE('',#5896,#988);
#607=LINE('',#5901,#989);
#608=LINE('',#5905,#990);
#609=LINE('',#5907,#991);
#610=LINE('',#5908,#992);
#611=LINE('',#5913,#993);
#612=LINE('',#5917,#994);
#613=LINE('',#5919,#995);
#614=LINE('',#5920,#996);
#615=LINE('',#5925,#997);
#616=LINE('',#5929,#998);
#617=LINE('',#5931,#999);
#618=LINE('',#5932,#1000);
#619=LINE('',#5937,#1001);
#620=LINE('',#5941,#1002);
#621=LINE('',#5943,#1003);
#622=LINE('',#5944,#1004);
#623=LINE('',#5953,#1005);
#624=LINE('',#5956,#1006);
#625=LINE('',#5961,#1007);
#626=LINE('',#5965,#1008);
#627=LINE('',#5967,#1009);
#628=LINE('',#5968,#1010);
#629=LINE('',#5973,#1011);
#630=LINE('',#5977,#1012);
#631=LINE('',#5979,#1013);
#632=LINE('',#5980,#1014);
#633=LINE('',#5985,#1015);
#634=LINE('',#5989,#1016);
#635=LINE('',#5991,#1017);
#636=LINE('',#5992,#1018);
#637=LINE('',#5997,#1019);
#638=LINE('',#6001,#1020);
#639=LINE('',#6003,#1021);
#640=LINE('',#6004,#1022);
#641=LINE('',#6009,#1023);
#642=LINE('',#6013,#1024);
#643=LINE('',#6015,#1025);
#644=LINE('',#6016,#1026);
#645=LINE('',#6021,#1027);
#646=LINE('',#6025,#1028);
#647=LINE('',#6027,#1029);
#648=LINE('',#6028,#1030);
#649=LINE('',#6037,#1031);
#650=LINE('',#6040,#1032);
#651=LINE('',#6045,#1033);
#652=LINE('',#6049,#1034);
#653=LINE('',#6051,#1035);
#654=LINE('',#6052,#1036);
#655=LINE('',#6057,#1037);
#656=LINE('',#6061,#1038);
#657=LINE('',#6063,#1039);
#658=LINE('',#6064,#1040);
#659=LINE('',#6069,#1041);
#660=LINE('',#6073,#1042);
#661=LINE('',#6075,#1043);
#662=LINE('',#6076,#1044);
#663=LINE('',#6081,#1045);
#664=LINE('',#6085,#1046);
#665=LINE('',#6087,#1047);
#666=LINE('',#6088,#1048);
#667=LINE('',#6093,#1049);
#668=LINE('',#6097,#1050);
#669=LINE('',#6099,#1051);
#670=LINE('',#6100,#1052);
#671=LINE('',#6105,#1053);
#672=LINE('',#6109,#1054);
#673=LINE('',#6111,#1055);
#674=LINE('',#6112,#1056);
#675=LINE('',#6121,#1057);
#676=LINE('',#6124,#1058);
#677=LINE('',#6129,#1059);
#678=LINE('',#6133,#1060);
#679=LINE('',#6135,#1061);
#680=LINE('',#6136,#1062);
#681=LINE('',#6141,#1063);
#682=LINE('',#6145,#1064);
#683=LINE('',#6147,#1065);
#684=LINE('',#6148,#1066);
#685=LINE('',#6153,#1067);
#686=LINE('',#6157,#1068);
#687=LINE('',#6159,#1069);
#688=LINE('',#6160,#1070);
#689=LINE('',#6165,#1071);
#690=LINE('',#6169,#1072);
#691=LINE('',#6171,#1073);
#692=LINE('',#6172,#1074);
#693=LINE('',#6177,#1075);
#694=LINE('',#6181,#1076);
#695=LINE('',#6183,#1077);
#696=LINE('',#6184,#1078);
#697=LINE('',#6189,#1079);
#698=LINE('',#6193,#1080);
#699=LINE('',#6195,#1081);
#700=LINE('',#6196,#1082);
#701=LINE('',#6205,#1083);
#702=LINE('',#6208,#1084);
#703=LINE('',#6213,#1085);
#704=LINE('',#6217,#1086);
#705=LINE('',#6219,#1087);
#706=LINE('',#6220,#1088);
#707=LINE('',#6225,#1089);
#708=LINE('',#6229,#1090);
#709=LINE('',#6231,#1091);
#710=LINE('',#6232,#1092);
#711=LINE('',#6237,#1093);
#712=LINE('',#6241,#1094);
#713=LINE('',#6243,#1095);
#714=LINE('',#6244,#1096);
#715=LINE('',#6249,#1097);
#716=LINE('',#6253,#1098);
#717=LINE('',#6255,#1099);
#718=LINE('',#6256,#1100);
#719=LINE('',#6261,#1101);
#720=LINE('',#6265,#1102);
#721=LINE('',#6267,#1103);
#722=LINE('',#6268,#1104);
#723=LINE('',#6273,#1105);
#724=LINE('',#6277,#1106);
#725=LINE('',#6279,#1107);
#726=LINE('',#6280,#1108);
#727=LINE('',#6289,#1109);
#728=LINE('',#6292,#1110);
#729=LINE('',#6297,#1111);
#730=LINE('',#6301,#1112);
#731=LINE('',#6303,#1113);
#732=LINE('',#6304,#1114);
#733=LINE('',#6309,#1115);
#734=LINE('',#6313,#1116);
#735=LINE('',#6315,#1117);
#736=LINE('',#6316,#1118);
#737=LINE('',#6321,#1119);
#738=LINE('',#6325,#1120);
#739=LINE('',#6327,#1121);
#740=LINE('',#6328,#1122);
#741=LINE('',#6333,#1123);
#742=LINE('',#6337,#1124);
#743=LINE('',#6339,#1125);
#744=LINE('',#6340,#1126);
#745=LINE('',#6345,#1127);
#746=LINE('',#6349,#1128);
#747=LINE('',#6351,#1129);
#748=LINE('',#6352,#1130);
#749=LINE('',#6357,#1131);
#750=LINE('',#6361,#1132);
#751=LINE('',#6363,#1133);
#752=LINE('',#6364,#1134);
#753=LINE('',#6373,#1135);
#754=LINE('',#6376,#1136);
#755=LINE('',#6381,#1137);
#756=LINE('',#6385,#1138);
#757=LINE('',#6387,#1139);
#758=LINE('',#6388,#1140);
#759=LINE('',#6393,#1141);
#760=LINE('',#6397,#1142);
#761=LINE('',#6399,#1143);
#762=LINE('',#6400,#1144);
#763=LINE('',#6405,#1145);
#764=LINE('',#6409,#1146);
#765=LINE('',#6411,#1147);
#766=LINE('',#6412,#1148);
#767=LINE('',#6417,#1149);
#768=LINE('',#6421,#1150);
#769=LINE('',#6423,#1151);
#770=LINE('',#6424,#1152);
#771=LINE('',#6429,#1153);
#772=LINE('',#6433,#1154);
#773=LINE('',#6435,#1155);
#774=LINE('',#6436,#1156);
#775=LINE('',#6441,#1157);
#776=LINE('',#6445,#1158);
#777=LINE('',#6447,#1159);
#778=LINE('',#6448,#1160);
#779=LINE('',#6455,#1161);
#780=LINE('',#6457,#1162);
#781=LINE('',#6459,#1163);
#782=LINE('',#6460,#1164);
#783=LINE('',#6465,#1165);
#784=LINE('',#6469,#1166);
#785=LINE('',#6471,#1167);
#786=LINE('',#6472,#1168);
#787=LINE('',#6477,#1169);
#788=LINE('',#6481,#1170);
#789=LINE('',#6483,#1171);
#790=LINE('',#6484,#1172);
#791=LINE('',#6489,#1173);
#792=LINE('',#6493,#1174);
#793=LINE('',#6495,#1175);
#794=LINE('',#6496,#1176);
#795=LINE('',#6501,#1177);
#796=LINE('',#6507,#1178);
#797=LINE('',#6513,#1179);
#798=LINE('',#6517,#1180);
#799=LINE('',#6519,#1181);
#800=LINE('',#6520,#1182);
#801=LINE('',#6523,#1183);
#802=LINE('',#6525,#1184);
#803=LINE('',#6526,#1185);
#804=LINE('',#6531,#1186);
#805=LINE('',#6535,#1187);
#806=LINE('',#6537,#1188);
#807=LINE('',#6538,#1189);
#808=LINE('',#6543,#1190);
#809=LINE('',#6547,#1191);
#810=LINE('',#6549,#1192);
#811=LINE('',#6550,#1193);
#812=LINE('',#6555,#1194);
#813=LINE('',#6562,#1195);
#814=LINE('',#6563,#1196);
#815=LINE('',#6565,#1197);
#816=LINE('',#6567,#1198);
#817=LINE('',#6575,#1199);
#818=LINE('',#6579,#1200);
#819=LINE('',#6583,#1201);
#820=LINE('',#6587,#1202);
#821=LINE('',#6589,#1203);
#822=LINE('',#6591,#1204);
#823=LINE('',#6599,#1205);
#824=LINE('',#6603,#1206);
#825=LINE('',#6607,#1207);
#826=LINE('',#6611,#1208);
#827=LINE('',#6613,#1209);
#828=LINE('',#6615,#1210);
#829=LINE('',#6623,#1211);
#830=LINE('',#6625,#1212);
#831=LINE('',#6627,#1213);
#832=LINE('',#6631,#1214);
#833=LINE('',#6635,#1215);
#834=LINE('',#6639,#1216);
#835=LINE('',#6647,#1217);
#836=LINE('',#6649,#1218);
#837=LINE('',#6651,#1219);
#838=LINE('',#6655,#1220);
#839=LINE('',#6659,#1221);
#840=LINE('',#6663,#1222);
#841=LINE('',#6671,#1223);
#842=LINE('',#6673,#1224);
#843=LINE('',#6675,#1225);
#844=LINE('',#6679,#1226);
#845=LINE('',#6683,#1227);
#846=LINE('',#6687,#1228);
#847=LINE('',#6706,#1229);
#848=LINE('',#6714,#1230);
#849=LINE('',#6718,#1231);
#850=LINE('',#6722,#1232);
#851=LINE('',#6726,#1233);
#852=LINE('',#6728,#1234);
#853=LINE('',#6730,#1235);
#854=LINE('',#6738,#1236);
#855=LINE('',#6742,#1237);
#856=LINE('',#6746,#1238);
#857=LINE('',#6750,#1239);
#858=LINE('',#6752,#1240);
#859=LINE('',#6754,#1241);
#860=LINE('',#6762,#1242);
#861=LINE('',#6766,#1243);
#862=LINE('',#6770,#1244);
#863=LINE('',#6774,#1245);
#864=LINE('',#6776,#1246);
#865=LINE('',#6778,#1247);
#866=LINE('',#6786,#1248);
#867=LINE('',#6788,#1249);
#868=LINE('',#6790,#1250);
#869=LINE('',#6794,#1251);
#870=LINE('',#6798,#1252);
#871=LINE('',#6802,#1253);
#872=LINE('',#6810,#1254);
#873=LINE('',#6812,#1255);
#874=LINE('',#6814,#1256);
#875=LINE('',#6818,#1257);
#876=LINE('',#6822,#1258);
#877=LINE('',#6826,#1259);
#878=LINE('',#6834,#1260);
#879=LINE('',#6835,#1261);
#880=LINE('',#6836,#1262);
#881=LINE('',#6850,#1263);
#882=LINE('',#6851,#1264);
#883=LINE('',#6853,#1265);
#884=LINE('',#6854,#1266);
#885=LINE('',#6856,#1267);
#886=LINE('',#6857,#1268);
#887=LINE('',#6859,#1269);
#888=LINE('',#6861,#1270);
#889=LINE('',#6863,#1271);
#890=LINE('',#6864,#1272);
#891=LINE('',#6866,#1273);
#892=LINE('',#6867,#1274);
#893=LINE('',#6869,#1275);
#894=LINE('',#6871,#1276);
#895=LINE('',#6873,#1277);
#896=LINE('',#6875,#1278);
#897=LINE('',#6877,#1279);
#898=LINE('',#6879,#1280);
#899=LINE('',#6881,#1281);
#900=LINE('',#6883,#1282);
#901=LINE('',#6885,#1283);
#902=LINE('',#6887,#1284);
#903=LINE('',#6890,#1285);
#904=LINE('',#6892,#1286);
#905=LINE('',#6894,#1287);
#906=LINE('',#6896,#1288);
#907=LINE('',#6898,#1289);
#908=LINE('',#6900,#1290);
#909=LINE('',#6902,#1291);
#910=LINE('',#6904,#1292);
#911=LINE('',#6906,#1293);
#912=LINE('',#6908,#1294);
#913=LINE('',#6911,#1295);
#914=LINE('',#6913,#1296);
#915=LINE('',#6915,#1297);
#916=LINE('',#6917,#1298);
#917=LINE('',#6920,#1299);
#918=LINE('',#6922,#1300);
#919=LINE('',#6924,#1301);
#920=LINE('',#6925,#1302);
#921=LINE('',#6927,#1303);
#922=LINE('',#6930,#1304);
#923=LINE('',#6932,#1305);
#924=LINE('',#6934,#1306);
#925=LINE('',#6936,#1307);
#926=LINE('',#6938,#1308);
#927=LINE('',#6941,#1309);
#928=LINE('',#6943,#1310);
#929=LINE('',#6945,#1311);
#930=LINE('',#6946,#1312);
#931=LINE('',#6948,#1313);
#932=LINE('',#6951,#1314);
#933=LINE('',#6953,#1315);
#934=LINE('',#6955,#1316);
#935=LINE('',#6957,#1317);
#936=LINE('',#6959,#1318);
#937=LINE('',#6962,#1319);
#938=LINE('',#6964,#1320);
#939=LINE('',#6966,#1321);
#940=LINE('',#6967,#1322);
#941=LINE('',#6969,#1323);
#942=LINE('',#6972,#1324);
#943=LINE('',#6974,#1325);
#944=LINE('',#6976,#1326);
#945=LINE('',#6978,#1327);
#946=LINE('',#6980,#1328);
#947=LINE('',#6983,#1329);
#948=LINE('',#6985,#1330);
#949=LINE('',#6987,#1331);
#950=LINE('',#6989,#1332);
#951=LINE('',#6991,#1333);
#952=LINE('',#6993,#1334);
#953=VECTOR('',#4545,2.);
#954=VECTOR('',#4548,2.);
#955=VECTOR('',#4553,2.);
#956=VECTOR('',#4558,7.0438131692262);
#957=VECTOR('',#4559,2.);
#958=VECTOR('',#4560,7.0438131692262);
#959=VECTOR('',#4565,2.);
#960=VECTOR('',#4570,8.7);
#961=VECTOR('',#4571,2.);
#962=VECTOR('',#4572,8.7);
#963=VECTOR('',#4577,2.);
#964=VECTOR('',#4582,6.95);
#965=VECTOR('',#4583,2.);
#966=VECTOR('',#4584,6.95);
#967=VECTOR('',#4589,2.);
#968=VECTOR('',#4594,6.94999999999999);
#969=VECTOR('',#4595,2.);
#970=VECTOR('',#4596,6.94999999999999);
#971=VECTOR('',#4601,2.);
#972=VECTOR('',#4606,8.7);
#973=VECTOR('',#4607,2.);
#974=VECTOR('',#4608,8.7);
#975=VECTOR('',#4613,2.);
#976=VECTOR('',#4618,7.04381316922618);
#977=VECTOR('',#4619,2.);
#978=VECTOR('',#4620,7.04381316922618);
#979=VECTOR('',#4631,2.);
#980=VECTOR('',#4634,2.);
#981=VECTOR('',#4639,2.);
#982=VECTOR('',#4644,7.0438131692262);
#983=VECTOR('',#4645,2.);
#984=VECTOR('',#4646,7.0438131692262);
#985=VECTOR('',#4651,2.);
#986=VECTOR('',#4656,8.7);
#987=VECTOR('',#4657,2.);
#988=VECTOR('',#4658,8.7);
#989=VECTOR('',#4663,2.);
#990=VECTOR('',#4668,6.95);
#991=VECTOR('',#4669,2.);
#992=VECTOR('',#4670,6.95);
#993=VECTOR('',#4675,2.);
#994=VECTOR('',#4680,6.94999999999999);
#995=VECTOR('',#4681,2.);
#996=VECTOR('',#4682,6.94999999999999);
#997=VECTOR('',#4687,2.);
#998=VECTOR('',#4692,8.7);
#999=VECTOR('',#4693,2.);
#1000=VECTOR('',#4694,8.7);
#1001=VECTOR('',#4699,2.);
#1002=VECTOR('',#4704,7.04381316922617);
#1003=VECTOR('',#4705,2.);
#1004=VECTOR('',#4706,7.04381316922618);
#1005=VECTOR('',#4717,2.);
#1006=VECTOR('',#4720,2.);
#1007=VECTOR('',#4725,2.);
#1008=VECTOR('',#4730,7.0438131692262);
#1009=VECTOR('',#4731,2.);
#1010=VECTOR('',#4732,7.0438131692262);
#1011=VECTOR('',#4737,2.);
#1012=VECTOR('',#4742,8.7);
#1013=VECTOR('',#4743,2.);
#1014=VECTOR('',#4744,8.7);
#1015=VECTOR('',#4749,2.);
#1016=VECTOR('',#4754,6.95);
#1017=VECTOR('',#4755,2.);
#1018=VECTOR('',#4756,6.95);
#1019=VECTOR('',#4761,2.);
#1020=VECTOR('',#4766,6.95);
#1021=VECTOR('',#4767,2.);
#1022=VECTOR('',#4768,6.94999999999999);
#1023=VECTOR('',#4773,2.);
#1024=VECTOR('',#4778,8.7);
#1025=VECTOR('',#4779,2.);
#1026=VECTOR('',#4780,8.7);
#1027=VECTOR('',#4785,2.);
#1028=VECTOR('',#4790,7.04381316922619);
#1029=VECTOR('',#4791,2.);
#1030=VECTOR('',#4792,7.04381316922618);
#1031=VECTOR('',#4803,2.);
#1032=VECTOR('',#4806,2.);
#1033=VECTOR('',#4811,2.);
#1034=VECTOR('',#4816,7.04381316922621);
#1035=VECTOR('',#4817,2.);
#1036=VECTOR('',#4818,7.04381316922621);
#1037=VECTOR('',#4823,2.);
#1038=VECTOR('',#4828,8.7);
#1039=VECTOR('',#4829,2.);
#1040=VECTOR('',#4830,8.7);
#1041=VECTOR('',#4835,2.);
#1042=VECTOR('',#4840,6.95);
#1043=VECTOR('',#4841,2.);
#1044=VECTOR('',#4842,6.95);
#1045=VECTOR('',#4847,2.);
#1046=VECTOR('',#4852,6.94999999999999);
#1047=VECTOR('',#4853,2.);
#1048=VECTOR('',#4854,6.94999999999999);
#1049=VECTOR('',#4859,2.);
#1050=VECTOR('',#4864,8.7);
#1051=VECTOR('',#4865,2.);
#1052=VECTOR('',#4866,8.7);
#1053=VECTOR('',#4871,2.);
#1054=VECTOR('',#4876,7.04381316922618);
#1055=VECTOR('',#4877,2.);
#1056=VECTOR('',#4878,7.04381316922618);
#1057=VECTOR('',#4889,2.);
#1058=VECTOR('',#4892,2.);
#1059=VECTOR('',#4897,2.);
#1060=VECTOR('',#4902,7.04381316922621);
#1061=VECTOR('',#4903,2.);
#1062=VECTOR('',#4904,7.04381316922621);
#1063=VECTOR('',#4909,2.);
#1064=VECTOR('',#4914,8.69999999999999);
#1065=VECTOR('',#4915,2.);
#1066=VECTOR('',#4916,8.69999999999999);
#1067=VECTOR('',#4921,2.);
#1068=VECTOR('',#4926,6.95);
#1069=VECTOR('',#4927,2.);
#1070=VECTOR('',#4928,6.95);
#1071=VECTOR('',#4933,2.);
#1072=VECTOR('',#4938,6.94999999999999);
#1073=VECTOR('',#4939,2.);
#1074=VECTOR('',#4940,6.94999999999999);
#1075=VECTOR('',#4945,2.);
#1076=VECTOR('',#4950,8.7);
#1077=VECTOR('',#4951,2.);
#1078=VECTOR('',#4952,8.7);
#1079=VECTOR('',#4957,2.);
#1080=VECTOR('',#4962,7.04381316922618);
#1081=VECTOR('',#4963,2.);
#1082=VECTOR('',#4964,7.04381316922618);
#1083=VECTOR('',#4975,2.);
#1084=VECTOR('',#4978,2.);
#1085=VECTOR('',#4983,2.);
#1086=VECTOR('',#4988,7.04381316922621);
#1087=VECTOR('',#4989,2.);
#1088=VECTOR('',#4990,7.0438131692262);
#1089=VECTOR('',#4995,2.);
#1090=VECTOR('',#5000,8.69999999999999);
#1091=VECTOR('',#5001,2.);
#1092=VECTOR('',#5002,8.69999999999999);
#1093=VECTOR('',#5007,2.);
#1094=VECTOR('',#5012,6.95);
#1095=VECTOR('',#5013,2.);
#1096=VECTOR('',#5014,6.95);
#1097=VECTOR('',#5019,2.);
#1098=VECTOR('',#5024,6.94999999999999);
#1099=VECTOR('',#5025,2.);
#1100=VECTOR('',#5026,6.94999999999999);
#1101=VECTOR('',#5031,2.);
#1102=VECTOR('',#5036,8.7);
#1103=VECTOR('',#5037,2.);
#1104=VECTOR('',#5038,8.7);
#1105=VECTOR('',#5043,2.);
#1106=VECTOR('',#5048,7.04381316922618);
#1107=VECTOR('',#5049,2.);
#1108=VECTOR('',#5050,7.04381316922618);
#1109=VECTOR('',#5061,2.);
#1110=VECTOR('',#5064,2.);
#1111=VECTOR('',#5069,2.);
#1112=VECTOR('',#5074,7.0438131692262);
#1113=VECTOR('',#5075,2.);
#1114=VECTOR('',#5076,7.0438131692262);
#1115=VECTOR('',#5081,2.);
#1116=VECTOR('',#5086,8.7);
#1117=VECTOR('',#5087,2.);
#1118=VECTOR('',#5088,8.7);
#1119=VECTOR('',#5093,2.);
#1120=VECTOR('',#5098,6.95);
#1121=VECTOR('',#5099,2.);
#1122=VECTOR('',#5100,6.95);
#1123=VECTOR('',#5105,2.);
#1124=VECTOR('',#5110,6.94999999999999);
#1125=VECTOR('',#5111,2.);
#1126=VECTOR('',#5112,6.94999999999999);
#1127=VECTOR('',#5117,2.);
#1128=VECTOR('',#5122,8.7);
#1129=VECTOR('',#5123,2.);
#1130=VECTOR('',#5124,8.7);
#1131=VECTOR('',#5129,2.);
#1132=VECTOR('',#5134,7.0438131692262);
#1133=VECTOR('',#5135,2.);
#1134=VECTOR('',#5136,7.04381316922619);
#1135=VECTOR('',#5147,2.);
#1136=VECTOR('',#5150,2.);
#1137=VECTOR('',#5155,2.);
#1138=VECTOR('',#5160,7.04381316922621);
#1139=VECTOR('',#5161,2.);
#1140=VECTOR('',#5162,7.04381316922621);
#1141=VECTOR('',#5167,2.);
#1142=VECTOR('',#5172,8.7);
#1143=VECTOR('',#5173,2.);
#1144=VECTOR('',#5174,8.7);
#1145=VECTOR('',#5179,2.);
#1146=VECTOR('',#5184,6.95);
#1147=VECTOR('',#5185,2.);
#1148=VECTOR('',#5186,6.95);
#1149=VECTOR('',#5191,2.);
#1150=VECTOR('',#5196,6.95);
#1151=VECTOR('',#5197,2.);
#1152=VECTOR('',#5198,6.94999999999999);
#1153=VECTOR('',#5203,2.);
#1154=VECTOR('',#5208,8.7);
#1155=VECTOR('',#5209,2.);
#1156=VECTOR('',#5210,8.7);
#1157=VECTOR('',#5215,2.);
#1158=VECTOR('',#5220,7.04381316922617);
#1159=VECTOR('',#5221,2.);
#1160=VECTOR('',#5222,7.04381316922618);
#1161=VECTOR('',#5231,4.65000000000001);
#1162=VECTOR('',#5232,2.);
#1163=VECTOR('',#5233,4.65000000000002);
#1164=VECTOR('',#5234,2.);
#1165=VECTOR('',#5239,2.);
#1166=VECTOR('',#5244,6.94999999999999);
#1167=VECTOR('',#5245,2.);
#1168=VECTOR('',#5246,6.94999999999999);
#1169=VECTOR('',#5251,2.);
#1170=VECTOR('',#5256,8.70000000000001);
#1171=VECTOR('',#5257,2.);
#1172=VECTOR('',#5258,8.7);
#1173=VECTOR('',#5263,2.);
#1174=VECTOR('',#5268,7.04381316922618);
#1175=VECTOR('',#5269,2.);
#1176=VECTOR('',#5270,7.04381316922618);
#1177=VECTOR('',#5275,2.);
#1178=VECTOR('',#5282,2.);
#1179=VECTOR('',#5289,2.);
#1180=VECTOR('',#5294,4.74381316922623);
#1181=VECTOR('',#5295,4.74381316922622);
#1182=VECTOR('',#5296,2.);
#1183=VECTOR('',#5299,4.15);
#1184=VECTOR('',#5300,4.15000000000001);
#1185=VECTOR('',#5301,2.);
#1186=VECTOR('',#5306,2.);
#1187=VECTOR('',#5311,72.);
#1188=VECTOR('',#5312,2.);
#1189=VECTOR('',#5313,72.);
#1190=VECTOR('',#5318,2.);
#1191=VECTOR('',#5323,118.);
#1192=VECTOR('',#5324,2.);
#1193=VECTOR('',#5325,118.);
#1194=VECTOR('',#5330,2.);
#1195=VECTOR('',#5337,4.74381316922623);
#1196=VECTOR('',#5338,15.3);
#1197=VECTOR('',#5339,4.14999999999998);
#1198=VECTOR('',#5340,4.7438131692262);
#1199=VECTOR('',#5347,7.04381316922621);
#1200=VECTOR('',#5350,8.7);
#1201=VECTOR('',#5353,6.95);
#1202=VECTOR('',#5356,4.65000000000001);
#1203=VECTOR('',#5357,17.3);
#1204=VECTOR('',#5358,4.7438131692262);
#1205=VECTOR('',#5365,7.04381316922621);
#1206=VECTOR('',#5368,8.7);
#1207=VECTOR('',#5371,6.95);
#1208=VECTOR('',#5374,4.65000000000001);
#1209=VECTOR('',#5375,17.3);
#1210=VECTOR('',#5376,4.7438131692262);
#1211=VECTOR('',#5383,4.74381316922624);
#1212=VECTOR('',#5384,15.3);
#1213=VECTOR('',#5385,4.65000000000003);
#1214=VECTOR('',#5388,6.94999999999999);
#1215=VECTOR('',#5391,8.70000000000001);
#1216=VECTOR('',#5394,7.04381316922618);
#1217=VECTOR('',#5401,4.74381316922623);
#1218=VECTOR('',#5402,15.3);
#1219=VECTOR('',#5403,4.65000000000003);
#1220=VECTOR('',#5406,6.94999999999999);
#1221=VECTOR('',#5409,8.7);
#1222=VECTOR('',#5412,7.04381316922618);
#1223=VECTOR('',#5419,4.74381316922623);
#1224=VECTOR('',#5420,15.3);
#1225=VECTOR('',#5421,4.65000000000002);
#1226=VECTOR('',#5424,6.94999999999999);
#1227=VECTOR('',#5427,8.7);
#1228=VECTOR('',#5430,7.04381316922618);
#1229=VECTOR('',#5449,4.74381316922623);
#1230=VECTOR('',#5456,7.04381316922618);
#1231=VECTOR('',#5459,8.70000000000001);
#1232=VECTOR('',#5462,6.94999999999999);
#1233=VECTOR('',#5465,4.65000000000001);
#1234=VECTOR('',#5466,15.3);
#1235=VECTOR('',#5467,4.74381316922623);
#1236=VECTOR('',#5474,7.04381316922619);
#1237=VECTOR('',#5477,8.7);
#1238=VECTOR('',#5480,6.95);
#1239=VECTOR('',#5483,4.65000000000003);
#1240=VECTOR('',#5484,15.3);
#1241=VECTOR('',#5485,4.74381316922623);
#1242=VECTOR('',#5492,7.04381316922617);
#1243=VECTOR('',#5495,8.7);
#1244=VECTOR('',#5498,6.94999999999999);
#1245=VECTOR('',#5501,4.65000000000003);
#1246=VECTOR('',#5502,15.3);
#1247=VECTOR('',#5503,4.74381316922623);
#1248=VECTOR('',#5510,4.74381316922619);
#1249=VECTOR('',#5511,17.3);
#1250=VECTOR('',#5512,4.65000000000001);
#1251=VECTOR('',#5515,6.95);
#1252=VECTOR('',#5518,8.7);
#1253=VECTOR('',#5521,7.04381316922621);
#1254=VECTOR('',#5528,4.74381316922621);
#1255=VECTOR('',#5529,17.3);
#1256=VECTOR('',#5530,4.65000000000001);
#1257=VECTOR('',#5533,6.95);
#1258=VECTOR('',#5536,8.7);
#1259=VECTOR('',#5539,7.04381316922621);
#1260=VECTOR('',#5546,4.74381316922619);
#1261=VECTOR('',#5547,4.14999999999997);
#1262=VECTOR('',#5548,15.3);
#1263=VECTOR('',#5563,2.);
#1264=VECTOR('',#5564,2.);
#1265=VECTOR('',#5567,2.);
#1266=VECTOR('',#5568,2.);
#1267=VECTOR('',#5571,2.);
#1268=VECTOR('',#5572,2.);
#1269=VECTOR('',#5575,2.);
#1270=VECTOR('',#5578,2.);
#1271=VECTOR('',#5581,2.);
#1272=VECTOR('',#5582,2.);
#1273=VECTOR('',#5585,2.);
#1274=VECTOR('',#5586,2.);
#1275=VECTOR('',#5589,2.);
#1276=VECTOR('',#5592,2.);
#1277=VECTOR('',#5595,2.);
#1278=VECTOR('',#5598,2.);
#1279=VECTOR('',#5601,2.);
#1280=VECTOR('',#5604,2.);
#1281=VECTOR('',#5607,2.);
#1282=VECTOR('',#5610,2.);
#1283=VECTOR('',#5613,2.);
#1284=VECTOR('',#5616,2.);
#1285=VECTOR('',#5621,2.);
#1286=VECTOR('',#5624,2.);
#1287=VECTOR('',#5627,2.);
#1288=VECTOR('',#5630,2.);
#1289=VECTOR('',#5633,2.);
#1290=VECTOR('',#5636,2.);
#1291=VECTOR('',#5639,2.);
#1292=VECTOR('',#5642,2.);
#1293=VECTOR('',#5645,2.);
#1294=VECTOR('',#5648,2.);
#1295=VECTOR('',#5653,2.);
#1296=VECTOR('',#5656,2.);
#1297=VECTOR('',#5659,2.);
#1298=VECTOR('',#5662,2.);
#1299=VECTOR('',#5667,2.);
#1300=VECTOR('',#5670,2.);
#1301=VECTOR('',#5673,2.);
#1302=VECTOR('',#5674,2.);
#1303=VECTOR('',#5677,2.);
#1304=VECTOR('',#5682,2.);
#1305=VECTOR('',#5685,2.);
#1306=VECTOR('',#5688,2.);
#1307=VECTOR('',#5691,2.);
#1308=VECTOR('',#5694,2.);
#1309=VECTOR('',#5699,2.);
#1310=VECTOR('',#5702,2.);
#1311=VECTOR('',#5705,2.);
#1312=VECTOR('',#5706,2.);
#1313=VECTOR('',#5709,2.);
#1314=VECTOR('',#5714,2.);
#1315=VECTOR('',#5717,2.);
#1316=VECTOR('',#5720,2.);
#1317=VECTOR('',#5723,2.);
#1318=VECTOR('',#5726,2.);
#1319=VECTOR('',#5731,2.);
#1320=VECTOR('',#5734,2.);
#1321=VECTOR('',#5737,2.);
#1322=VECTOR('',#5738,2.);
#1323=VECTOR('',#5741,2.);
#1324=VECTOR('',#5746,2.);
#1325=VECTOR('',#5749,2.);
#1326=VECTOR('',#5752,2.);
#1327=VECTOR('',#5755,2.);
#1328=VECTOR('',#5758,2.);
#1329=VECTOR('',#5763,2.05);
#1330=VECTOR('',#5766,2.05);
#1331=VECTOR('',#5769,2.05);
#1332=VECTOR('',#5772,2.05);
#1333=VECTOR('',#5775,2.05);
#1334=VECTOR('',#5778,2.05);
#1335=CIRCLE('',#4112,7.);
#1336=CIRCLE('',#4113,7.);
#1337=CIRCLE('',#4115,0.500000000000004);
#1338=CIRCLE('',#4116,0.500000000000004);
#1339=CIRCLE('',#4119,0.5);
#1340=CIRCLE('',#4120,0.5);
#1341=CIRCLE('',#4123,0.5);
#1342=CIRCLE('',#4124,0.5);
#1343=CIRCLE('',#4127,0.5);
#1344=CIRCLE('',#4128,0.5);
#1345=CIRCLE('',#4131,0.5);
#1346=CIRCLE('',#4132,0.5);
#1347=CIRCLE('',#4135,0.499999999999999);
#1348=CIRCLE('',#4136,0.499999999999999);
#1349=CIRCLE('',#4139,0.499999999999999);
#1350=CIRCLE('',#4140,0.499999999999999);
#1351=CIRCLE('',#4142,7.);
#1352=CIRCLE('',#4143,7.);
#1353=CIRCLE('',#4145,0.500000000000004);
#1354=CIRCLE('',#4146,0.500000000000004);
#1355=CIRCLE('',#4149,0.5);
#1356=CIRCLE('',#4150,0.5);
#1357=CIRCLE('',#4153,0.5);
#1358=CIRCLE('',#4154,0.5);
#1359=CIRCLE('',#4157,0.5);
#1360=CIRCLE('',#4158,0.5);
#1361=CIRCLE('',#4161,0.5);
#1362=CIRCLE('',#4162,0.5);
#1363=CIRCLE('',#4165,0.499999999999999);
#1364=CIRCLE('',#4166,0.499999999999999);
#1365=CIRCLE('',#4169,0.499999999999999);
#1366=CIRCLE('',#4170,0.499999999999999);
#1367=CIRCLE('',#4172,7.);
#1368=CIRCLE('',#4173,7.);
#1369=CIRCLE('',#4175,0.500000000000004);
#1370=CIRCLE('',#4176,0.500000000000004);
#1371=CIRCLE('',#4179,0.5);
#1372=CIRCLE('',#4180,0.5);
#1373=CIRCLE('',#4183,0.5);
#1374=CIRCLE('',#4184,0.5);
#1375=CIRCLE('',#4187,0.5);
#1376=CIRCLE('',#4188,0.5);
#1377=CIRCLE('',#4191,0.5);
#1378=CIRCLE('',#4192,0.5);
#1379=CIRCLE('',#4195,0.499999999999999);
#1380=CIRCLE('',#4196,0.499999999999999);
#1381=CIRCLE('',#4199,0.499999999999999);
#1382=CIRCLE('',#4200,0.499999999999999);
#1383=CIRCLE('',#4202,7.);
#1384=CIRCLE('',#4203,7.);
#1385=CIRCLE('',#4205,0.500000000000004);
#1386=CIRCLE('',#4206,0.500000000000004);
#1387=CIRCLE('',#4209,0.5);
#1388=CIRCLE('',#4210,0.5);
#1389=CIRCLE('',#4213,0.5);
#1390=CIRCLE('',#4214,0.5);
#1391=CIRCLE('',#4217,0.5);
#1392=CIRCLE('',#4218,0.5);
#1393=CIRCLE('',#4221,0.5);
#1394=CIRCLE('',#4222,0.5);
#1395=CIRCLE('',#4225,0.499999999999999);
#1396=CIRCLE('',#4226,0.499999999999999);
#1397=CIRCLE('',#4229,0.499999999999999);
#1398=CIRCLE('',#4230,0.499999999999999);
#1399=CIRCLE('',#4232,7.);
#1400=CIRCLE('',#4233,7.);
#1401=CIRCLE('',#4235,0.500000000000004);
#1402=CIRCLE('',#4236,0.500000000000004);
#1403=CIRCLE('',#4239,0.5);
#1404=CIRCLE('',#4240,0.5);
#1405=CIRCLE('',#4243,0.5);
#1406=CIRCLE('',#4244,0.5);
#1407=CIRCLE('',#4247,0.5);
#1408=CIRCLE('',#4248,0.5);
#1409=CIRCLE('',#4251,0.5);
#1410=CIRCLE('',#4252,0.5);
#1411=CIRCLE('',#4255,0.499999999999999);
#1412=CIRCLE('',#4256,0.499999999999999);
#1413=CIRCLE('',#4259,0.499999999999999);
#1414=CIRCLE('',#4260,0.499999999999999);
#1415=CIRCLE('',#4262,7.);
#1416=CIRCLE('',#4263,7.);
#1417=CIRCLE('',#4265,0.500000000000004);
#1418=CIRCLE('',#4266,0.500000000000004);
#1419=CIRCLE('',#4269,0.5);
#1420=CIRCLE('',#4270,0.5);
#1421=CIRCLE('',#4273,0.5);
#1422=CIRCLE('',#4274,0.5);
#1423=CIRCLE('',#4277,0.5);
#1424=CIRCLE('',#4278,0.5);
#1425=CIRCLE('',#4281,0.5);
#1426=CIRCLE('',#4282,0.5);
#1427=CIRCLE('',#4285,0.499999999999999);
#1428=CIRCLE('',#4286,0.499999999999999);
#1429=CIRCLE('',#4289,0.499999999999999);
#1430=CIRCLE('',#4290,0.499999999999999);
#1431=CIRCLE('',#4292,7.);
#1432=CIRCLE('',#4293,7.);
#1433=CIRCLE('',#4295,0.500000000000004);
#1434=CIRCLE('',#4296,0.500000000000004);
#1435=CIRCLE('',#4299,0.5);
#1436=CIRCLE('',#4300,0.5);
#1437=CIRCLE('',#4303,0.5);
#1438=CIRCLE('',#4304,0.5);
#1439=CIRCLE('',#4307,0.5);
#1440=CIRCLE('',#4308,0.5);
#1441=CIRCLE('',#4311,0.5);
#1442=CIRCLE('',#4312,0.5);
#1443=CIRCLE('',#4315,0.499999999999999);
#1444=CIRCLE('',#4316,0.499999999999999);
#1445=CIRCLE('',#4319,0.499999999999999);
#1446=CIRCLE('',#4320,0.499999999999999);
#1447=CIRCLE('',#4322,7.);
#1448=CIRCLE('',#4323,7.);
#1449=CIRCLE('',#4325,0.500000000000004);
#1450=CIRCLE('',#4326,0.500000000000004);
#1451=CIRCLE('',#4329,0.5);
#1452=CIRCLE('',#4330,0.5);
#1453=CIRCLE('',#4333,0.5);
#1454=CIRCLE('',#4334,0.5);
#1455=CIRCLE('',#4337,0.5);
#1456=CIRCLE('',#4338,0.5);
#1457=CIRCLE('',#4341,0.5);
#1458=CIRCLE('',#4342,0.5);
#1459=CIRCLE('',#4345,0.499999999999999);
#1460=CIRCLE('',#4346,0.499999999999999);
#1461=CIRCLE('',#4349,0.499999999999999);
#1462=CIRCLE('',#4350,0.499999999999999);
#1463=CIRCLE('',#4353,0.5);
#1464=CIRCLE('',#4354,0.5);
#1465=CIRCLE('',#4357,0.5);
#1466=CIRCLE('',#4358,0.5);
#1467=CIRCLE('',#4361,0.499999999999999);
#1468=CIRCLE('',#4362,0.499999999999999);
#1469=CIRCLE('',#4365,0.499999999999999);
#1470=CIRCLE('',#4366,0.499999999999999);
#1471=CIRCLE('',#4368,7.);
#1472=CIRCLE('',#4369,7.);
#1473=CIRCLE('',#4371,0.500000000000004);
#1474=CIRCLE('',#4372,0.500000000000004);
#1475=CIRCLE('',#4376,1.);
#1476=CIRCLE('',#4377,1.);
#1477=CIRCLE('',#4380,0.999999999999997);
#1478=CIRCLE('',#4381,0.999999999999997);
#1479=CIRCLE('',#4384,1.);
#1480=CIRCLE('',#4385,1.);
#1481=CIRCLE('',#4387,0.500000000000004);
#1482=CIRCLE('',#4388,0.499999999999999);
#1483=CIRCLE('',#4389,7.);
#1484=CIRCLE('',#4390,0.500000000000004);
#1485=CIRCLE('',#4391,0.5);
#1486=CIRCLE('',#4392,0.5);
#1487=CIRCLE('',#4393,0.5);
#1488=CIRCLE('',#4394,0.499999999999999);
#1489=CIRCLE('',#4395,7.);
#1490=CIRCLE('',#4396,0.500000000000004);
#1491=CIRCLE('',#4397,0.5);
#1492=CIRCLE('',#4398,0.5);
#1493=CIRCLE('',#4399,0.5);
#1494=CIRCLE('',#4400,0.499999999999999);
#1495=CIRCLE('',#4401,7.);
#1496=CIRCLE('',#4402,0.500000000000004);
#1497=CIRCLE('',#4403,0.5);
#1498=CIRCLE('',#4404,0.5);
#1499=CIRCLE('',#4405,0.499999999999999);
#1500=CIRCLE('',#4406,0.499999999999999);
#1501=CIRCLE('',#4407,7.);
#1502=CIRCLE('',#4408,0.500000000000004);
#1503=CIRCLE('',#4409,0.5);
#1504=CIRCLE('',#4410,0.5);
#1505=CIRCLE('',#4411,0.499999999999999);
#1506=CIRCLE('',#4412,0.499999999999999);
#1507=CIRCLE('',#4413,7.);
#1508=CIRCLE('',#4414,0.500000000000004);
#1509=CIRCLE('',#4415,0.5);
#1510=CIRCLE('',#4416,0.5);
#1511=CIRCLE('',#4417,0.499999999999999);
#1512=CIRCLE('',#4418,0.499999999999999);
#1513=CIRCLE('',#4419,7.);
#1514=CIRCLE('',#4420,2.05);
#1515=CIRCLE('',#4421,2.05);
#1516=CIRCLE('',#4422,2.05);
#1517=CIRCLE('',#4423,2.05);
#1518=CIRCLE('',#4424,2.05);
#1519=CIRCLE('',#4425,2.05);
#1520=CIRCLE('',#4427,0.500000000000004);
#1521=CIRCLE('',#4428,7.);
#1522=CIRCLE('',#4429,0.499999999999999);
#1523=CIRCLE('',#4430,0.499999999999999);
#1524=CIRCLE('',#4431,0.5);
#1525=CIRCLE('',#4432,0.5);
#1526=CIRCLE('',#4433,0.500000000000004);
#1527=CIRCLE('',#4434,7.);
#1528=CIRCLE('',#4435,0.499999999999999);
#1529=CIRCLE('',#4436,0.499999999999999);
#1530=CIRCLE('',#4437,0.5);
#1531=CIRCLE('',#4438,0.5);
#1532=CIRCLE('',#4439,0.500000000000004);
#1533=CIRCLE('',#4440,7.);
#1534=CIRCLE('',#4441,0.499999999999999);
#1535=CIRCLE('',#4442,0.499999999999999);
#1536=CIRCLE('',#4443,0.5);
#1537=CIRCLE('',#4444,0.5);
#1538=CIRCLE('',#4445,0.500000000000004);
#1539=CIRCLE('',#4446,7.);
#1540=CIRCLE('',#4447,0.499999999999999);
#1541=CIRCLE('',#4448,0.5);
#1542=CIRCLE('',#4449,0.5);
#1543=CIRCLE('',#4450,0.5);
#1544=CIRCLE('',#4451,0.500000000000004);
#1545=CIRCLE('',#4452,7.);
#1546=CIRCLE('',#4453,0.499999999999999);
#1547=CIRCLE('',#4454,0.5);
#1548=CIRCLE('',#4455,0.5);
#1549=CIRCLE('',#4456,0.5);
#1550=CIRCLE('',#4457,0.500000000000004);
#1551=CIRCLE('',#4458,7.);
#1552=CIRCLE('',#4459,0.499999999999999);
#1553=CIRCLE('',#4460,2.05);
#1554=CIRCLE('',#4461,2.05);
#1555=CIRCLE('',#4462,2.05);
#1556=CIRCLE('',#4463,2.05);
#1557=CIRCLE('',#4464,2.05);
#1558=CIRCLE('',#4465,2.05);
#1559=VERTEX_POINT('',#5781);
#1560=VERTEX_POINT('',#5782);
#1561=VERTEX_POINT('',#5784);
#1562=VERTEX_POINT('',#5786);
#1563=VERTEX_POINT('',#5790);
#1564=VERTEX_POINT('',#5792);
#1565=VERTEX_POINT('',#5796);
#1566=VERTEX_POINT('',#5798);
#1567=VERTEX_POINT('',#5802);
#1568=VERTEX_POINT('',#5804);
#1569=VERTEX_POINT('',#5808);
#1570=VERTEX_POINT('',#5810);
#1571=VERTEX_POINT('',#5814);
#1572=VERTEX_POINT('',#5816);
#1573=VERTEX_POINT('',#5820);
#1574=VERTEX_POINT('',#5822);
#1575=VERTEX_POINT('',#5826);
#1576=VERTEX_POINT('',#5828);
#1577=VERTEX_POINT('',#5832);
#1578=VERTEX_POINT('',#5834);
#1579=VERTEX_POINT('',#5838);
#1580=VERTEX_POINT('',#5840);
#1581=VERTEX_POINT('',#5844);
#1582=VERTEX_POINT('',#5846);
#1583=VERTEX_POINT('',#5850);
#1584=VERTEX_POINT('',#5852);
#1585=VERTEX_POINT('',#5856);
#1586=VERTEX_POINT('',#5858);
#1587=VERTEX_POINT('',#5865);
#1588=VERTEX_POINT('',#5866);
#1589=VERTEX_POINT('',#5868);
#1590=VERTEX_POINT('',#5870);
#1591=VERTEX_POINT('',#5874);
#1592=VERTEX_POINT('',#5876);
#1593=VERTEX_POINT('',#5880);
#1594=VERTEX_POINT('',#5882);
#1595=VERTEX_POINT('',#5886);
#1596=VERTEX_POINT('',#5888);
#1597=VERTEX_POINT('',#5892);
#1598=VERTEX_POINT('',#5894);
#1599=VERTEX_POINT('',#5898);
#1600=VERTEX_POINT('',#5900);
#1601=VERTEX_POINT('',#5904);
#1602=VERTEX_POINT('',#5906);
#1603=VERTEX_POINT('',#5910);
#1604=VERTEX_POINT('',#5912);
#1605=VERTEX_POINT('',#5916);
#1606=VERTEX_POINT('',#5918);
#1607=VERTEX_POINT('',#5922);
#1608=VERTEX_POINT('',#5924);
#1609=VERTEX_POINT('',#5928);
#1610=VERTEX_POINT('',#5930);
#1611=VERTEX_POINT('',#5934);
#1612=VERTEX_POINT('',#5936);
#1613=VERTEX_POINT('',#5940);
#1614=VERTEX_POINT('',#5942);
#1615=VERTEX_POINT('',#5949);
#1616=VERTEX_POINT('',#5950);
#1617=VERTEX_POINT('',#5952);
#1618=VERTEX_POINT('',#5954);
#1619=VERTEX_POINT('',#5958);
#1620=VERTEX_POINT('',#5960);
#1621=VERTEX_POINT('',#5964);
#1622=VERTEX_POINT('',#5966);
#1623=VERTEX_POINT('',#5970);
#1624=VERTEX_POINT('',#5972);
#1625=VERTEX_POINT('',#5976);
#1626=VERTEX_POINT('',#5978);
#1627=VERTEX_POINT('',#5982);
#1628=VERTEX_POINT('',#5984);
#1629=VERTEX_POINT('',#5988);
#1630=VERTEX_POINT('',#5990);
#1631=VERTEX_POINT('',#5994);
#1632=VERTEX_POINT('',#5996);
#1633=VERTEX_POINT('',#6000);
#1634=VERTEX_POINT('',#6002);
#1635=VERTEX_POINT('',#6006);
#1636=VERTEX_POINT('',#6008);
#1637=VERTEX_POINT('',#6012);
#1638=VERTEX_POINT('',#6014);
#1639=VERTEX_POINT('',#6018);
#1640=VERTEX_POINT('',#6020);
#1641=VERTEX_POINT('',#6024);
#1642=VERTEX_POINT('',#6026);
#1643=VERTEX_POINT('',#6033);
#1644=VERTEX_POINT('',#6034);
#1645=VERTEX_POINT('',#6036);
#1646=VERTEX_POINT('',#6038);
#1647=VERTEX_POINT('',#6042);
#1648=VERTEX_POINT('',#6044);
#1649=VERTEX_POINT('',#6048);
#1650=VERTEX_POINT('',#6050);
#1651=VERTEX_POINT('',#6054);
#1652=VERTEX_POINT('',#6056);
#1653=VERTEX_POINT('',#6060);
#1654=VERTEX_POINT('',#6062);
#1655=VERTEX_POINT('',#6066);
#1656=VERTEX_POINT('',#6068);
#1657=VERTEX_POINT('',#6072);
#1658=VERTEX_POINT('',#6074);
#1659=VERTEX_POINT('',#6078);
#1660=VERTEX_POINT('',#6080);
#1661=VERTEX_POINT('',#6084);
#1662=VERTEX_POINT('',#6086);
#1663=VERTEX_POINT('',#6090);
#1664=VERTEX_POINT('',#6092);
#1665=VERTEX_POINT('',#6096);
#1666=VERTEX_POINT('',#6098);
#1667=VERTEX_POINT('',#6102);
#1668=VERTEX_POINT('',#6104);
#1669=VERTEX_POINT('',#6108);
#1670=VERTEX_POINT('',#6110);
#1671=VERTEX_POINT('',#6117);
#1672=VERTEX_POINT('',#6118);
#1673=VERTEX_POINT('',#6120);
#1674=VERTEX_POINT('',#6122);
#1675=VERTEX_POINT('',#6126);
#1676=VERTEX_POINT('',#6128);
#1677=VERTEX_POINT('',#6132);
#1678=VERTEX_POINT('',#6134);
#1679=VERTEX_POINT('',#6138);
#1680=VERTEX_POINT('',#6140);
#1681=VERTEX_POINT('',#6144);
#1682=VERTEX_POINT('',#6146);
#1683=VERTEX_POINT('',#6150);
#1684=VERTEX_POINT('',#6152);
#1685=VERTEX_POINT('',#6156);
#1686=VERTEX_POINT('',#6158);
#1687=VERTEX_POINT('',#6162);
#1688=VERTEX_POINT('',#6164);
#1689=VERTEX_POINT('',#6168);
#1690=VERTEX_POINT('',#6170);
#1691=VERTEX_POINT('',#6174);
#1692=VERTEX_POINT('',#6176);
#1693=VERTEX_POINT('',#6180);
#1694=VERTEX_POINT('',#6182);
#1695=VERTEX_POINT('',#6186);
#1696=VERTEX_POINT('',#6188);
#1697=VERTEX_POINT('',#6192);
#1698=VERTEX_POINT('',#6194);
#1699=VERTEX_POINT('',#6201);
#1700=VERTEX_POINT('',#6202);
#1701=VERTEX_POINT('',#6204);
#1702=VERTEX_POINT('',#6206);
#1703=VERTEX_POINT('',#6210);
#1704=VERTEX_POINT('',#6212);
#1705=VERTEX_POINT('',#6216);
#1706=VERTEX_POINT('',#6218);
#1707=VERTEX_POINT('',#6222);
#1708=VERTEX_POINT('',#6224);
#1709=VERTEX_POINT('',#6228);
#1710=VERTEX_POINT('',#6230);
#1711=VERTEX_POINT('',#6234);
#1712=VERTEX_POINT('',#6236);
#1713=VERTEX_POINT('',#6240);
#1714=VERTEX_POINT('',#6242);
#1715=VERTEX_POINT('',#6246);
#1716=VERTEX_POINT('',#6248);
#1717=VERTEX_POINT('',#6252);
#1718=VERTEX_POINT('',#6254);
#1719=VERTEX_POINT('',#6258);
#1720=VERTEX_POINT('',#6260);
#1721=VERTEX_POINT('',#6264);
#1722=VERTEX_POINT('',#6266);
#1723=VERTEX_POINT('',#6270);
#1724=VERTEX_POINT('',#6272);
#1725=VERTEX_POINT('',#6276);
#1726=VERTEX_POINT('',#6278);
#1727=VERTEX_POINT('',#6285);
#1728=VERTEX_POINT('',#6286);
#1729=VERTEX_POINT('',#6288);
#1730=VERTEX_POINT('',#6290);
#1731=VERTEX_POINT('',#6294);
#1732=VERTEX_POINT('',#6296);
#1733=VERTEX_POINT('',#6300);
#1734=VERTEX_POINT('',#6302);
#1735=VERTEX_POINT('',#6306);
#1736=VERTEX_POINT('',#6308);
#1737=VERTEX_POINT('',#6312);
#1738=VERTEX_POINT('',#6314);
#1739=VERTEX_POINT('',#6318);
#1740=VERTEX_POINT('',#6320);
#1741=VERTEX_POINT('',#6324);
#1742=VERTEX_POINT('',#6326);
#1743=VERTEX_POINT('',#6330);
#1744=VERTEX_POINT('',#6332);
#1745=VERTEX_POINT('',#6336);
#1746=VERTEX_POINT('',#6338);
#1747=VERTEX_POINT('',#6342);
#1748=VERTEX_POINT('',#6344);
#1749=VERTEX_POINT('',#6348);
#1750=VERTEX_POINT('',#6350);
#1751=VERTEX_POINT('',#6354);
#1752=VERTEX_POINT('',#6356);
#1753=VERTEX_POINT('',#6360);
#1754=VERTEX_POINT('',#6362);
#1755=VERTEX_POINT('',#6369);
#1756=VERTEX_POINT('',#6370);
#1757=VERTEX_POINT('',#6372);
#1758=VERTEX_POINT('',#6374);
#1759=VERTEX_POINT('',#6378);
#1760=VERTEX_POINT('',#6380);
#1761=VERTEX_POINT('',#6384);
#1762=VERTEX_POINT('',#6386);
#1763=VERTEX_POINT('',#6390);
#1764=VERTEX_POINT('',#6392);
#1765=VERTEX_POINT('',#6396);
#1766=VERTEX_POINT('',#6398);
#1767=VERTEX_POINT('',#6402);
#1768=VERTEX_POINT('',#6404);
#1769=VERTEX_POINT('',#6408);
#1770=VERTEX_POINT('',#6410);
#1771=VERTEX_POINT('',#6414);
#1772=VERTEX_POINT('',#6416);
#1773=VERTEX_POINT('',#6420);
#1774=VERTEX_POINT('',#6422);
#1775=VERTEX_POINT('',#6426);
#1776=VERTEX_POINT('',#6428);
#1777=VERTEX_POINT('',#6432);
#1778=VERTEX_POINT('',#6434);
#1779=VERTEX_POINT('',#6438);
#1780=VERTEX_POINT('',#6440);
#1781=VERTEX_POINT('',#6444);
#1782=VERTEX_POINT('',#6446);
#1783=VERTEX_POINT('',#6453);
#1784=VERTEX_POINT('',#6454);
#1785=VERTEX_POINT('',#6456);
#1786=VERTEX_POINT('',#6458);
#1787=VERTEX_POINT('',#6462);
#1788=VERTEX_POINT('',#6464);
#1789=VERTEX_POINT('',#6468);
#1790=VERTEX_POINT('',#6470);
#1791=VERTEX_POINT('',#6474);
#1792=VERTEX_POINT('',#6476);
#1793=VERTEX_POINT('',#6480);
#1794=VERTEX_POINT('',#6482);
#1795=VERTEX_POINT('',#6486);
#1796=VERTEX_POINT('',#6488);
#1797=VERTEX_POINT('',#6492);
#1798=VERTEX_POINT('',#6494);
#1799=VERTEX_POINT('',#6498);
#1800=VERTEX_POINT('',#6500);
#1801=VERTEX_POINT('',#6504);
#1802=VERTEX_POINT('',#6506);
#1803=VERTEX_POINT('',#6510);
#1804=VERTEX_POINT('',#6512);
#1805=VERTEX_POINT('',#6516);
#1806=VERTEX_POINT('',#6518);
#1807=VERTEX_POINT('',#6522);
#1808=VERTEX_POINT('',#6524);
#1809=VERTEX_POINT('',#6528);
#1810=VERTEX_POINT('',#6530);
#1811=VERTEX_POINT('',#6534);
#1812=VERTEX_POINT('',#6536);
#1813=VERTEX_POINT('',#6540);
#1814=VERTEX_POINT('',#6542);
#1815=VERTEX_POINT('',#6546);
#1816=VERTEX_POINT('',#6548);
#1817=VERTEX_POINT('',#6552);
#1818=VERTEX_POINT('',#6554);
#1819=VERTEX_POINT('',#6558);
#1820=VERTEX_POINT('',#6559);
#1821=VERTEX_POINT('',#6561);
#1822=VERTEX_POINT('',#6564);
#1823=VERTEX_POINT('',#6566);
#1824=VERTEX_POINT('',#6568);
#1825=VERTEX_POINT('',#6570);
#1826=VERTEX_POINT('',#6572);
#1827=VERTEX_POINT('',#6574);
#1828=VERTEX_POINT('',#6576);
#1829=VERTEX_POINT('',#6578);
#1830=VERTEX_POINT('',#6580);
#1831=VERTEX_POINT('',#6582);
#1832=VERTEX_POINT('',#6584);
#1833=VERTEX_POINT('',#6586);
#1834=VERTEX_POINT('',#6588);
#1835=VERTEX_POINT('',#6590);
#1836=VERTEX_POINT('',#6592);
#1837=VERTEX_POINT('',#6594);
#1838=VERTEX_POINT('',#6596);
#1839=VERTEX_POINT('',#6598);
#1840=VERTEX_POINT('',#6600);
#1841=VERTEX_POINT('',#6602);
#1842=VERTEX_POINT('',#6604);
#1843=VERTEX_POINT('',#6606);
#1844=VERTEX_POINT('',#6608);
#1845=VERTEX_POINT('',#6610);
#1846=VERTEX_POINT('',#6612);
#1847=VERTEX_POINT('',#6614);
#1848=VERTEX_POINT('',#6616);
#1849=VERTEX_POINT('',#6618);
#1850=VERTEX_POINT('',#6620);
#1851=VERTEX_POINT('',#6622);
#1852=VERTEX_POINT('',#6624);
#1853=VERTEX_POINT('',#6626);
#1854=VERTEX_POINT('',#6628);
#1855=VERTEX_POINT('',#6630);
#1856=VERTEX_POINT('',#6632);
#1857=VERTEX_POINT('',#6634);
#1858=VERTEX_POINT('',#6636);
#1859=VERTEX_POINT('',#6638);
#1860=VERTEX_POINT('',#6640);
#1861=VERTEX_POINT('',#6642);
#1862=VERTEX_POINT('',#6644);
#1863=VERTEX_POINT('',#6646);
#1864=VERTEX_POINT('',#6648);
#1865=VERTEX_POINT('',#6650);
#1866=VERTEX_POINT('',#6652);
#1867=VERTEX_POINT('',#6654);
#1868=VERTEX_POINT('',#6656);
#1869=VERTEX_POINT('',#6658);
#1870=VERTEX_POINT('',#6660);
#1871=VERTEX_POINT('',#6662);
#1872=VERTEX_POINT('',#6664);
#1873=VERTEX_POINT('',#6666);
#1874=VERTEX_POINT('',#6668);
#1875=VERTEX_POINT('',#6670);
#1876=VERTEX_POINT('',#6672);
#1877=VERTEX_POINT('',#6674);
#1878=VERTEX_POINT('',#6676);
#1879=VERTEX_POINT('',#6678);
#1880=VERTEX_POINT('',#6680);
#1881=VERTEX_POINT('',#6682);
#1882=VERTEX_POINT('',#6684);
#1883=VERTEX_POINT('',#6686);
#1884=VERTEX_POINT('',#6688);
#1885=VERTEX_POINT('',#6691);
#1886=VERTEX_POINT('',#6693);
#1887=VERTEX_POINT('',#6695);
#1888=VERTEX_POINT('',#6697);
#1889=VERTEX_POINT('',#6699);
#1890=VERTEX_POINT('',#6701);
#1891=VERTEX_POINT('',#6704);
#1892=VERTEX_POINT('',#6705);
#1893=VERTEX_POINT('',#6707);
#1894=VERTEX_POINT('',#6709);
#1895=VERTEX_POINT('',#6711);
#1896=VERTEX_POINT('',#6713);
#1897=VERTEX_POINT('',#6715);
#1898=VERTEX_POINT('',#6717);
#1899=VERTEX_POINT('',#6719);
#1900=VERTEX_POINT('',#6721);
#1901=VERTEX_POINT('',#6723);
#1902=VERTEX_POINT('',#6725);
#1903=VERTEX_POINT('',#6727);
#1904=VERTEX_POINT('',#6729);
#1905=VERTEX_POINT('',#6731);
#1906=VERTEX_POINT('',#6733);
#1907=VERTEX_POINT('',#6735);
#1908=VERTEX_POINT('',#6737);
#1909=VERTEX_POINT('',#6739);
#1910=VERTEX_POINT('',#6741);
#1911=VERTEX_POINT('',#6743);
#1912=VERTEX_POINT('',#6745);
#1913=VERTEX_POINT('',#6747);
#1914=VERTEX_POINT('',#6749);
#1915=VERTEX_POINT('',#6751);
#1916=VERTEX_POINT('',#6753);
#1917=VERTEX_POINT('',#6755);
#1918=VERTEX_POINT('',#6757);
#1919=VERTEX_POINT('',#6759);
#1920=VERTEX_POINT('',#6761);
#1921=VERTEX_POINT('',#6763);
#1922=VERTEX_POINT('',#6765);
#1923=VERTEX_POINT('',#6767);
#1924=VERTEX_POINT('',#6769);
#1925=VERTEX_POINT('',#6771);
#1926=VERTEX_POINT('',#6773);
#1927=VERTEX_POINT('',#6775);
#1928=VERTEX_POINT('',#6777);
#1929=VERTEX_POINT('',#6779);
#1930=VERTEX_POINT('',#6781);
#1931=VERTEX_POINT('',#6783);
#1932=VERTEX_POINT('',#6785);
#1933=VERTEX_POINT('',#6787);
#1934=VERTEX_POINT('',#6789);
#1935=VERTEX_POINT('',#6791);
#1936=VERTEX_POINT('',#6793);
#1937=VERTEX_POINT('',#6795);
#1938=VERTEX_POINT('',#6797);
#1939=VERTEX_POINT('',#6799);
#1940=VERTEX_POINT('',#6801);
#1941=VERTEX_POINT('',#6803);
#1942=VERTEX_POINT('',#6805);
#1943=VERTEX_POINT('',#6807);
#1944=VERTEX_POINT('',#6809);
#1945=VERTEX_POINT('',#6811);
#1946=VERTEX_POINT('',#6813);
#1947=VERTEX_POINT('',#6815);
#1948=VERTEX_POINT('',#6817);
#1949=VERTEX_POINT('',#6819);
#1950=VERTEX_POINT('',#6821);
#1951=VERTEX_POINT('',#6823);
#1952=VERTEX_POINT('',#6825);
#1953=VERTEX_POINT('',#6827);
#1954=VERTEX_POINT('',#6829);
#1955=VERTEX_POINT('',#6831);
#1956=VERTEX_POINT('',#6833);
#1957=VERTEX_POINT('',#6837);
#1958=VERTEX_POINT('',#6839);
#1959=VERTEX_POINT('',#6841);
#1960=VERTEX_POINT('',#6843);
#1961=VERTEX_POINT('',#6845);
#1962=VERTEX_POINT('',#6847);
#1963=EDGE_CURVE('',#1559,#1560,#1335,.T.);
#1964=EDGE_CURVE('',#1560,#1561,#571,.T.);
#1965=EDGE_CURVE('',#1561,#1562,#1336,.T.);
#1966=EDGE_CURVE('',#1559,#1562,#572,.T.);
#1967=EDGE_CURVE('',#1560,#1563,#1337,.F.);
#1968=EDGE_CURVE('',#1563,#1564,#573,.T.);
#1969=EDGE_CURVE('',#1564,#1561,#1338,.T.);
#1970=EDGE_CURVE('',#1563,#1565,#574,.T.);
#1971=EDGE_CURVE('',#1565,#1566,#575,.T.);
#1972=EDGE_CURVE('',#1566,#1564,#576,.T.);
#1973=EDGE_CURVE('',#1565,#1567,#1339,.T.);
#1974=EDGE_CURVE('',#1567,#1568,#577,.T.);
#1975=EDGE_CURVE('',#1568,#1566,#1340,.T.);
#1976=EDGE_CURVE('',#1567,#1569,#578,.T.);
#1977=EDGE_CURVE('',#1569,#1570,#579,.T.);
#1978=EDGE_CURVE('',#1570,#1568,#580,.T.);
#1979=EDGE_CURVE('',#1569,#1571,#1341,.T.);
#1980=EDGE_CURVE('',#1571,#1572,#581,.T.);
#1981=EDGE_CURVE('',#1572,#1570,#1342,.T.);
#1982=EDGE_CURVE('',#1571,#1573,#582,.T.);
#1983=EDGE_CURVE('',#1573,#1574,#583,.T.);
#1984=EDGE_CURVE('',#1574,#1572,#584,.T.);
#1985=EDGE_CURVE('',#1573,#1575,#1343,.F.);
#1986=EDGE_CURVE('',#1575,#1576,#585,.T.);
#1987=EDGE_CURVE('',#1576,#1574,#1344,.T.);
#1988=EDGE_CURVE('',#1575,#1577,#586,.T.);
#1989=EDGE_CURVE('',#1577,#1578,#587,.T.);
#1990=EDGE_CURVE('',#1578,#1576,#588,.T.);
#1991=EDGE_CURVE('',#1577,#1579,#1345,.T.);
#1992=EDGE_CURVE('',#1579,#1580,#589,.T.);
#1993=EDGE_CURVE('',#1580,#1578,#1346,.T.);
#1994=EDGE_CURVE('',#1579,#1581,#590,.T.);
#1995=EDGE_CURVE('',#1581,#1582,#591,.T.);
#1996=EDGE_CURVE('',#1582,#1580,#592,.T.);
#1997=EDGE_CURVE('',#1581,#1583,#1347,.T.);
#1998=EDGE_CURVE('',#1583,#1584,#593,.T.);
#1999=EDGE_CURVE('',#1584,#1582,#1348,.T.);
#2000=EDGE_CURVE('',#1583,#1585,#594,.T.);
#2001=EDGE_CURVE('',#1585,#1586,#595,.T.);
#2002=EDGE_CURVE('',#1586,#1584,#596,.T.);
#2003=EDGE_CURVE('',#1585,#1559,#1349,.F.);
#2004=EDGE_CURVE('',#1562,#1586,#1350,.T.);
#2005=EDGE_CURVE('',#1587,#1588,#1351,.T.);
#2006=EDGE_CURVE('',#1588,#1589,#597,.T.);
#2007=EDGE_CURVE('',#1589,#1590,#1352,.T.);
#2008=EDGE_CURVE('',#1587,#1590,#598,.T.);
#2009=EDGE_CURVE('',#1588,#1591,#1353,.F.);
#2010=EDGE_CURVE('',#1591,#1592,#599,.T.);
#2011=EDGE_CURVE('',#1592,#1589,#1354,.T.);
#2012=EDGE_CURVE('',#1591,#1593,#600,.T.);
#2013=EDGE_CURVE('',#1593,#1594,#601,.T.);
#2014=EDGE_CURVE('',#1594,#1592,#602,.T.);
#2015=EDGE_CURVE('',#1593,#1595,#1355,.T.);
#2016=EDGE_CURVE('',#1595,#1596,#603,.T.);
#2017=EDGE_CURVE('',#1596,#1594,#1356,.T.);
#2018=EDGE_CURVE('',#1595,#1597,#604,.T.);
#2019=EDGE_CURVE('',#1597,#1598,#605,.T.);
#2020=EDGE_CURVE('',#1598,#1596,#606,.T.);
#2021=EDGE_CURVE('',#1597,#1599,#1357,.T.);
#2022=EDGE_CURVE('',#1599,#1600,#607,.T.);
#2023=EDGE_CURVE('',#1600,#1598,#1358,.T.);
#2024=EDGE_CURVE('',#1599,#1601,#608,.T.);
#2025=EDGE_CURVE('',#1601,#1602,#609,.T.);
#2026=EDGE_CURVE('',#1602,#1600,#610,.T.);
#2027=EDGE_CURVE('',#1601,#1603,#1359,.F.);
#2028=EDGE_CURVE('',#1603,#1604,#611,.T.);
#2029=EDGE_CURVE('',#1604,#1602,#1360,.T.);
#2030=EDGE_CURVE('',#1603,#1605,#612,.T.);
#2031=EDGE_CURVE('',#1605,#1606,#613,.T.);
#2032=EDGE_CURVE('',#1606,#1604,#614,.T.);
#2033=EDGE_CURVE('',#1605,#1607,#1361,.T.);
#2034=EDGE_CURVE('',#1607,#1608,#615,.T.);
#2035=EDGE_CURVE('',#1608,#1606,#1362,.T.);
#2036=EDGE_CURVE('',#1607,#1609,#616,.T.);
#2037=EDGE_CURVE('',#1609,#1610,#617,.T.);
#2038=EDGE_CURVE('',#1610,#1608,#618,.T.);
#2039=EDGE_CURVE('',#1609,#1611,#1363,.T.);
#2040=EDGE_CURVE('',#1611,#1612,#619,.T.);
#2041=EDGE_CURVE('',#1612,#1610,#1364,.T.);
#2042=EDGE_CURVE('',#1611,#1613,#620,.T.);
#2043=EDGE_CURVE('',#1613,#1614,#621,.T.);
#2044=EDGE_CURVE('',#1614,#1612,#622,.T.);
#2045=EDGE_CURVE('',#1613,#1587,#1365,.F.);
#2046=EDGE_CURVE('',#1590,#1614,#1366,.T.);
#2047=EDGE_CURVE('',#1615,#1616,#1367,.T.);
#2048=EDGE_CURVE('',#1616,#1617,#623,.T.);
#2049=EDGE_CURVE('',#1617,#1618,#1368,.T.);
#2050=EDGE_CURVE('',#1615,#1618,#624,.T.);
#2051=EDGE_CURVE('',#1616,#1619,#1369,.F.);
#2052=EDGE_CURVE('',#1619,#1620,#625,.T.);
#2053=EDGE_CURVE('',#1620,#1617,#1370,.T.);
#2054=EDGE_CURVE('',#1619,#1621,#626,.T.);
#2055=EDGE_CURVE('',#1621,#1622,#627,.T.);
#2056=EDGE_CURVE('',#1622,#1620,#628,.T.);
#2057=EDGE_CURVE('',#1621,#1623,#1371,.T.);
#2058=EDGE_CURVE('',#1623,#1624,#629,.T.);
#2059=EDGE_CURVE('',#1624,#1622,#1372,.T.);
#2060=EDGE_CURVE('',#1623,#1625,#630,.T.);
#2061=EDGE_CURVE('',#1625,#1626,#631,.T.);
#2062=EDGE_CURVE('',#1626,#1624,#632,.T.);
#2063=EDGE_CURVE('',#1625,#1627,#1373,.T.);
#2064=EDGE_CURVE('',#1627,#1628,#633,.T.);
#2065=EDGE_CURVE('',#1628,#1626,#1374,.T.);
#2066=EDGE_CURVE('',#1627,#1629,#634,.T.);
#2067=EDGE_CURVE('',#1629,#1630,#635,.T.);
#2068=EDGE_CURVE('',#1630,#1628,#636,.T.);
#2069=EDGE_CURVE('',#1629,#1631,#1375,.F.);
#2070=EDGE_CURVE('',#1631,#1632,#637,.T.);
#2071=EDGE_CURVE('',#1632,#1630,#1376,.T.);
#2072=EDGE_CURVE('',#1631,#1633,#638,.T.);
#2073=EDGE_CURVE('',#1633,#1634,#639,.T.);
#2074=EDGE_CURVE('',#1634,#1632,#640,.T.);
#2075=EDGE_CURVE('',#1633,#1635,#1377,.T.);
#2076=EDGE_CURVE('',#1635,#1636,#641,.T.);
#2077=EDGE_CURVE('',#1636,#1634,#1378,.T.);
#2078=EDGE_CURVE('',#1635,#1637,#642,.T.);
#2079=EDGE_CURVE('',#1637,#1638,#643,.T.);
#2080=EDGE_CURVE('',#1638,#1636,#644,.T.);
#2081=EDGE_CURVE('',#1637,#1639,#1379,.T.);
#2082=EDGE_CURVE('',#1639,#1640,#645,.T.);
#2083=EDGE_CURVE('',#1640,#1638,#1380,.T.);
#2084=EDGE_CURVE('',#1639,#1641,#646,.T.);
#2085=EDGE_CURVE('',#1641,#1642,#647,.T.);
#2086=EDGE_CURVE('',#1642,#1640,#648,.T.);
#2087=EDGE_CURVE('',#1641,#1615,#1381,.F.);
#2088=EDGE_CURVE('',#1618,#1642,#1382,.T.);
#2089=EDGE_CURVE('',#1643,#1644,#1383,.T.);
#2090=EDGE_CURVE('',#1644,#1645,#649,.T.);
#2091=EDGE_CURVE('',#1645,#1646,#1384,.T.);
#2092=EDGE_CURVE('',#1643,#1646,#650,.T.);
#2093=EDGE_CURVE('',#1644,#1647,#1385,.F.);
#2094=EDGE_CURVE('',#1647,#1648,#651,.T.);
#2095=EDGE_CURVE('',#1648,#1645,#1386,.T.);
#2096=EDGE_CURVE('',#1647,#1649,#652,.T.);
#2097=EDGE_CURVE('',#1649,#1650,#653,.T.);
#2098=EDGE_CURVE('',#1650,#1648,#654,.T.);
#2099=EDGE_CURVE('',#1649,#1651,#1387,.T.);
#2100=EDGE_CURVE('',#1651,#1652,#655,.T.);
#2101=EDGE_CURVE('',#1652,#1650,#1388,.T.);
#2102=EDGE_CURVE('',#1651,#1653,#656,.T.);
#2103=EDGE_CURVE('',#1653,#1654,#657,.T.);
#2104=EDGE_CURVE('',#1654,#1652,#658,.T.);
#2105=EDGE_CURVE('',#1653,#1655,#1389,.T.);
#2106=EDGE_CURVE('',#1655,#1656,#659,.T.);
#2107=EDGE_CURVE('',#1656,#1654,#1390,.T.);
#2108=EDGE_CURVE('',#1655,#1657,#660,.T.);
#2109=EDGE_CURVE('',#1657,#1658,#661,.T.);
#2110=EDGE_CURVE('',#1658,#1656,#662,.T.);
#2111=EDGE_CURVE('',#1657,#1659,#1391,.F.);
#2112=EDGE_CURVE('',#1659,#1660,#663,.T.);
#2113=EDGE_CURVE('',#1660,#1658,#1392,.T.);
#2114=EDGE_CURVE('',#1659,#1661,#664,.T.);
#2115=EDGE_CURVE('',#1661,#1662,#665,.T.);
#2116=EDGE_CURVE('',#1662,#1660,#666,.T.);
#2117=EDGE_CURVE('',#1661,#1663,#1393,.T.);
#2118=EDGE_CURVE('',#1663,#1664,#667,.T.);
#2119=EDGE_CURVE('',#1664,#1662,#1394,.T.);
#2120=EDGE_CURVE('',#1663,#1665,#668,.T.);
#2121=EDGE_CURVE('',#1665,#1666,#669,.T.);
#2122=EDGE_CURVE('',#1666,#1664,#670,.T.);
#2123=EDGE_CURVE('',#1665,#1667,#1395,.T.);
#2124=EDGE_CURVE('',#1667,#1668,#671,.T.);
#2125=EDGE_CURVE('',#1668,#1666,#1396,.T.);
#2126=EDGE_CURVE('',#1667,#1669,#672,.T.);
#2127=EDGE_CURVE('',#1669,#1670,#673,.T.);
#2128=EDGE_CURVE('',#1670,#1668,#674,.T.);
#2129=EDGE_CURVE('',#1669,#1643,#1397,.F.);
#2130=EDGE_CURVE('',#1646,#1670,#1398,.T.);
#2131=EDGE_CURVE('',#1671,#1672,#1399,.T.);
#2132=EDGE_CURVE('',#1672,#1673,#675,.T.);
#2133=EDGE_CURVE('',#1673,#1674,#1400,.T.);
#2134=EDGE_CURVE('',#1671,#1674,#676,.T.);
#2135=EDGE_CURVE('',#1672,#1675,#1401,.F.);
#2136=EDGE_CURVE('',#1675,#1676,#677,.T.);
#2137=EDGE_CURVE('',#1676,#1673,#1402,.T.);
#2138=EDGE_CURVE('',#1675,#1677,#678,.T.);
#2139=EDGE_CURVE('',#1677,#1678,#679,.T.);
#2140=EDGE_CURVE('',#1678,#1676,#680,.T.);
#2141=EDGE_CURVE('',#1677,#1679,#1403,.T.);
#2142=EDGE_CURVE('',#1679,#1680,#681,.T.);
#2143=EDGE_CURVE('',#1680,#1678,#1404,.T.);
#2144=EDGE_CURVE('',#1679,#1681,#682,.T.);
#2145=EDGE_CURVE('',#1681,#1682,#683,.T.);
#2146=EDGE_CURVE('',#1682,#1680,#684,.T.);
#2147=EDGE_CURVE('',#1681,#1683,#1405,.T.);
#2148=EDGE_CURVE('',#1683,#1684,#685,.T.);
#2149=EDGE_CURVE('',#1684,#1682,#1406,.T.);
#2150=EDGE_CURVE('',#1683,#1685,#686,.T.);
#2151=EDGE_CURVE('',#1685,#1686,#687,.T.);
#2152=EDGE_CURVE('',#1686,#1684,#688,.T.);
#2153=EDGE_CURVE('',#1685,#1687,#1407,.F.);
#2154=EDGE_CURVE('',#1687,#1688,#689,.T.);
#2155=EDGE_CURVE('',#1688,#1686,#1408,.T.);
#2156=EDGE_CURVE('',#1687,#1689,#690,.T.);
#2157=EDGE_CURVE('',#1689,#1690,#691,.T.);
#2158=EDGE_CURVE('',#1690,#1688,#692,.T.);
#2159=EDGE_CURVE('',#1689,#1691,#1409,.T.);
#2160=EDGE_CURVE('',#1691,#1692,#693,.T.);
#2161=EDGE_CURVE('',#1692,#1690,#1410,.T.);
#2162=EDGE_CURVE('',#1691,#1693,#694,.T.);
#2163=EDGE_CURVE('',#1693,#1694,#695,.T.);
#2164=EDGE_CURVE('',#1694,#1692,#696,.T.);
#2165=EDGE_CURVE('',#1693,#1695,#1411,.T.);
#2166=EDGE_CURVE('',#1695,#1696,#697,.T.);
#2167=EDGE_CURVE('',#1696,#1694,#1412,.T.);
#2168=EDGE_CURVE('',#1695,#1697,#698,.T.);
#2169=EDGE_CURVE('',#1697,#1698,#699,.T.);
#2170=EDGE_CURVE('',#1698,#1696,#700,.T.);
#2171=EDGE_CURVE('',#1697,#1671,#1413,.F.);
#2172=EDGE_CURVE('',#1674,#1698,#1414,.T.);
#2173=EDGE_CURVE('',#1699,#1700,#1415,.T.);
#2174=EDGE_CURVE('',#1700,#1701,#701,.T.);
#2175=EDGE_CURVE('',#1701,#1702,#1416,.T.);
#2176=EDGE_CURVE('',#1699,#1702,#702,.T.);
#2177=EDGE_CURVE('',#1700,#1703,#1417,.F.);
#2178=EDGE_CURVE('',#1703,#1704,#703,.T.);
#2179=EDGE_CURVE('',#1704,#1701,#1418,.T.);
#2180=EDGE_CURVE('',#1703,#1705,#704,.T.);
#2181=EDGE_CURVE('',#1705,#1706,#705,.T.);
#2182=EDGE_CURVE('',#1706,#1704,#706,.T.);
#2183=EDGE_CURVE('',#1705,#1707,#1419,.T.);
#2184=EDGE_CURVE('',#1707,#1708,#707,.T.);
#2185=EDGE_CURVE('',#1708,#1706,#1420,.T.);
#2186=EDGE_CURVE('',#1707,#1709,#708,.T.);
#2187=EDGE_CURVE('',#1709,#1710,#709,.T.);
#2188=EDGE_CURVE('',#1710,#1708,#710,.T.);
#2189=EDGE_CURVE('',#1709,#1711,#1421,.T.);
#2190=EDGE_CURVE('',#1711,#1712,#711,.T.);
#2191=EDGE_CURVE('',#1712,#1710,#1422,.T.);
#2192=EDGE_CURVE('',#1711,#1713,#712,.T.);
#2193=EDGE_CURVE('',#1713,#1714,#713,.T.);
#2194=EDGE_CURVE('',#1714,#1712,#714,.T.);
#2195=EDGE_CURVE('',#1713,#1715,#1423,.F.);
#2196=EDGE_CURVE('',#1715,#1716,#715,.T.);
#2197=EDGE_CURVE('',#1716,#1714,#1424,.T.);
#2198=EDGE_CURVE('',#1715,#1717,#716,.T.);
#2199=EDGE_CURVE('',#1717,#1718,#717,.T.);
#2200=EDGE_CURVE('',#1718,#1716,#718,.T.);
#2201=EDGE_CURVE('',#1717,#1719,#1425,.T.);
#2202=EDGE_CURVE('',#1719,#1720,#719,.T.);
#2203=EDGE_CURVE('',#1720,#1718,#1426,.T.);
#2204=EDGE_CURVE('',#1719,#1721,#720,.T.);
#2205=EDGE_CURVE('',#1721,#1722,#721,.T.);
#2206=EDGE_CURVE('',#1722,#1720,#722,.T.);
#2207=EDGE_CURVE('',#1721,#1723,#1427,.T.);
#2208=EDGE_CURVE('',#1723,#1724,#723,.T.);
#2209=EDGE_CURVE('',#1724,#1722,#1428,.T.);
#2210=EDGE_CURVE('',#1723,#1725,#724,.T.);
#2211=EDGE_CURVE('',#1725,#1726,#725,.T.);
#2212=EDGE_CURVE('',#1726,#1724,#726,.T.);
#2213=EDGE_CURVE('',#1725,#1699,#1429,.F.);
#2214=EDGE_CURVE('',#1702,#1726,#1430,.T.);
#2215=EDGE_CURVE('',#1727,#1728,#1431,.T.);
#2216=EDGE_CURVE('',#1728,#1729,#727,.T.);
#2217=EDGE_CURVE('',#1729,#1730,#1432,.T.);
#2218=EDGE_CURVE('',#1727,#1730,#728,.T.);
#2219=EDGE_CURVE('',#1728,#1731,#1433,.F.);
#2220=EDGE_CURVE('',#1731,#1732,#729,.T.);
#2221=EDGE_CURVE('',#1732,#1729,#1434,.T.);
#2222=EDGE_CURVE('',#1731,#1733,#730,.T.);
#2223=EDGE_CURVE('',#1733,#1734,#731,.T.);
#2224=EDGE_CURVE('',#1734,#1732,#732,.T.);
#2225=EDGE_CURVE('',#1733,#1735,#1435,.T.);
#2226=EDGE_CURVE('',#1735,#1736,#733,.T.);
#2227=EDGE_CURVE('',#1736,#1734,#1436,.T.);
#2228=EDGE_CURVE('',#1735,#1737,#734,.T.);
#2229=EDGE_CURVE('',#1737,#1738,#735,.T.);
#2230=EDGE_CURVE('',#1738,#1736,#736,.T.);
#2231=EDGE_CURVE('',#1737,#1739,#1437,.T.);
#2232=EDGE_CURVE('',#1739,#1740,#737,.T.);
#2233=EDGE_CURVE('',#1740,#1738,#1438,.T.);
#2234=EDGE_CURVE('',#1739,#1741,#738,.T.);
#2235=EDGE_CURVE('',#1741,#1742,#739,.T.);
#2236=EDGE_CURVE('',#1742,#1740,#740,.T.);
#2237=EDGE_CURVE('',#1741,#1743,#1439,.F.);
#2238=EDGE_CURVE('',#1743,#1744,#741,.T.);
#2239=EDGE_CURVE('',#1744,#1742,#1440,.T.);
#2240=EDGE_CURVE('',#1743,#1745,#742,.T.);
#2241=EDGE_CURVE('',#1745,#1746,#743,.T.);
#2242=EDGE_CURVE('',#1746,#1744,#744,.T.);
#2243=EDGE_CURVE('',#1745,#1747,#1441,.T.);
#2244=EDGE_CURVE('',#1747,#1748,#745,.T.);
#2245=EDGE_CURVE('',#1748,#1746,#1442,.T.);
#2246=EDGE_CURVE('',#1747,#1749,#746,.T.);
#2247=EDGE_CURVE('',#1749,#1750,#747,.T.);
#2248=EDGE_CURVE('',#1750,#1748,#748,.T.);
#2249=EDGE_CURVE('',#1749,#1751,#1443,.T.);
#2250=EDGE_CURVE('',#1751,#1752,#749,.T.);
#2251=EDGE_CURVE('',#1752,#1750,#1444,.T.);
#2252=EDGE_CURVE('',#1751,#1753,#750,.T.);
#2253=EDGE_CURVE('',#1753,#1754,#751,.T.);
#2254=EDGE_CURVE('',#1754,#1752,#752,.T.);
#2255=EDGE_CURVE('',#1753,#1727,#1445,.F.);
#2256=EDGE_CURVE('',#1730,#1754,#1446,.T.);
#2257=EDGE_CURVE('',#1755,#1756,#1447,.T.);
#2258=EDGE_CURVE('',#1756,#1757,#753,.T.);
#2259=EDGE_CURVE('',#1757,#1758,#1448,.T.);
#2260=EDGE_CURVE('',#1755,#1758,#754,.T.);
#2261=EDGE_CURVE('',#1756,#1759,#1449,.F.);
#2262=EDGE_CURVE('',#1759,#1760,#755,.T.);
#2263=EDGE_CURVE('',#1760,#1757,#1450,.T.);
#2264=EDGE_CURVE('',#1759,#1761,#756,.T.);
#2265=EDGE_CURVE('',#1761,#1762,#757,.T.);
#2266=EDGE_CURVE('',#1762,#1760,#758,.T.);
#2267=EDGE_CURVE('',#1761,#1763,#1451,.T.);
#2268=EDGE_CURVE('',#1763,#1764,#759,.T.);
#2269=EDGE_CURVE('',#1764,#1762,#1452,.T.);
#2270=EDGE_CURVE('',#1763,#1765,#760,.T.);
#2271=EDGE_CURVE('',#1765,#1766,#761,.T.);
#2272=EDGE_CURVE('',#1766,#1764,#762,.T.);
#2273=EDGE_CURVE('',#1765,#1767,#1453,.T.);
#2274=EDGE_CURVE('',#1767,#1768,#763,.T.);
#2275=EDGE_CURVE('',#1768,#1766,#1454,.T.);
#2276=EDGE_CURVE('',#1767,#1769,#764,.T.);
#2277=EDGE_CURVE('',#1769,#1770,#765,.T.);
#2278=EDGE_CURVE('',#1770,#1768,#766,.T.);
#2279=EDGE_CURVE('',#1769,#1771,#1455,.F.);
#2280=EDGE_CURVE('',#1771,#1772,#767,.T.);
#2281=EDGE_CURVE('',#1772,#1770,#1456,.T.);
#2282=EDGE_CURVE('',#1771,#1773,#768,.T.);
#2283=EDGE_CURVE('',#1773,#1774,#769,.T.);
#2284=EDGE_CURVE('',#1774,#1772,#770,.T.);
#2285=EDGE_CURVE('',#1773,#1775,#1457,.T.);
#2286=EDGE_CURVE('',#1775,#1776,#771,.T.);
#2287=EDGE_CURVE('',#1776,#1774,#1458,.T.);
#2288=EDGE_CURVE('',#1775,#1777,#772,.T.);
#2289=EDGE_CURVE('',#1777,#1778,#773,.T.);
#2290=EDGE_CURVE('',#1778,#1776,#774,.T.);
#2291=EDGE_CURVE('',#1777,#1779,#1459,.T.);
#2292=EDGE_CURVE('',#1779,#1780,#775,.T.);
#2293=EDGE_CURVE('',#1780,#1778,#1460,.T.);
#2294=EDGE_CURVE('',#1779,#1781,#776,.T.);
#2295=EDGE_CURVE('',#1781,#1782,#777,.T.);
#2296=EDGE_CURVE('',#1782,#1780,#778,.T.);
#2297=EDGE_CURVE('',#1781,#1755,#1461,.F.);
#2298=EDGE_CURVE('',#1758,#1782,#1462,.T.);
#2299=EDGE_CURVE('',#1783,#1784,#779,.T.);
#2300=EDGE_CURVE('',#1784,#1785,#780,.T.);
#2301=EDGE_CURVE('',#1785,#1786,#781,.T.);
#2302=EDGE_CURVE('',#1783,#1786,#782,.T.);
#2303=EDGE_CURVE('',#1784,#1787,#1463,.F.);
#2304=EDGE_CURVE('',#1787,#1788,#783,.T.);
#2305=EDGE_CURVE('',#1788,#1785,#1464,.T.);
#2306=EDGE_CURVE('',#1787,#1789,#784,.T.);
#2307=EDGE_CURVE('',#1789,#1790,#785,.T.);
#2308=EDGE_CURVE('',#1790,#1788,#786,.T.);
#2309=EDGE_CURVE('',#1789,#1791,#1465,.T.);
#2310=EDGE_CURVE('',#1791,#1792,#787,.T.);
#2311=EDGE_CURVE('',#1792,#1790,#1466,.T.);
#2312=EDGE_CURVE('',#1791,#1793,#788,.T.);
#2313=EDGE_CURVE('',#1793,#1794,#789,.T.);
#2314=EDGE_CURVE('',#1794,#1792,#790,.T.);
#2315=EDGE_CURVE('',#1793,#1795,#1467,.T.);
#2316=EDGE_CURVE('',#1795,#1796,#791,.T.);
#2317=EDGE_CURVE('',#1796,#1794,#1468,.T.);
#2318=EDGE_CURVE('',#1795,#1797,#792,.T.);
#2319=EDGE_CURVE('',#1797,#1798,#793,.T.);
#2320=EDGE_CURVE('',#1798,#1796,#794,.T.);
#2321=EDGE_CURVE('',#1797,#1799,#1469,.F.);
#2322=EDGE_CURVE('',#1799,#1800,#795,.T.);
#2323=EDGE_CURVE('',#1800,#1798,#1470,.T.);
#2324=EDGE_CURVE('',#1799,#1801,#1471,.T.);
#2325=EDGE_CURVE('',#1801,#1802,#796,.T.);
#2326=EDGE_CURVE('',#1802,#1800,#1472,.T.);
#2327=EDGE_CURVE('',#1801,#1803,#1473,.F.);
#2328=EDGE_CURVE('',#1803,#1804,#797,.T.);
#2329=EDGE_CURVE('',#1804,#1802,#1474,.T.);
#2330=EDGE_CURVE('',#1805,#1804,#798,.T.);
#2331=EDGE_CURVE('',#1803,#1806,#799,.T.);
#2332=EDGE_CURVE('',#1805,#1806,#800,.T.);
#2333=EDGE_CURVE('',#1805,#1807,#801,.T.);
#2334=EDGE_CURVE('',#1806,#1808,#802,.T.);
#2335=EDGE_CURVE('',#1807,#1808,#803,.T.);
#2336=EDGE_CURVE('',#1808,#1809,#1475,.T.);
#2337=EDGE_CURVE('',#1810,#1809,#804,.T.);
#2338=EDGE_CURVE('',#1807,#1810,#1476,.T.);
#2339=EDGE_CURVE('',#1809,#1811,#805,.T.);
#2340=EDGE_CURVE('',#1812,#1811,#806,.T.);
#2341=EDGE_CURVE('',#1810,#1812,#807,.T.);
#2342=EDGE_CURVE('',#1811,#1813,#1477,.T.);
#2343=EDGE_CURVE('',#1814,#1813,#808,.T.);
#2344=EDGE_CURVE('',#1812,#1814,#1478,.T.);
#2345=EDGE_CURVE('',#1813,#1815,#809,.T.);
#2346=EDGE_CURVE('',#1816,#1815,#810,.T.);
#2347=EDGE_CURVE('',#1814,#1816,#811,.T.);
#2348=EDGE_CURVE('',#1815,#1817,#1479,.T.);
#2349=EDGE_CURVE('',#1818,#1817,#812,.T.);
#2350=EDGE_CURVE('',#1816,#1818,#1480,.T.);
#2351=EDGE_CURVE('',#1819,#1820,#1481,.T.);
#2352=EDGE_CURVE('',#1821,#1819,#813,.T.);
#2353=EDGE_CURVE('',#1821,#1786,#814,.T.);
#2354=EDGE_CURVE('',#1818,#1822,#815,.T.);
#2355=EDGE_CURVE('',#1823,#1822,#816,.T.);
#2356=EDGE_CURVE('',#1824,#1823,#1482,.T.);
#2357=EDGE_CURVE('',#1825,#1824,#1483,.T.);
#2358=EDGE_CURVE('',#1826,#1825,#1484,.T.);
#2359=EDGE_CURVE('',#1827,#1826,#817,.T.);
#2360=EDGE_CURVE('',#1828,#1827,#1485,.T.);
#2361=EDGE_CURVE('',#1829,#1828,#818,.T.);
#2362=EDGE_CURVE('',#1830,#1829,#1486,.T.);
#2363=EDGE_CURVE('',#1831,#1830,#819,.T.);
#2364=EDGE_CURVE('',#1832,#1831,#1487,.T.);
#2365=EDGE_CURVE('',#1833,#1832,#820,.T.);
#2366=EDGE_CURVE('',#1833,#1834,#821,.T.);
#2367=EDGE_CURVE('',#1835,#1834,#822,.T.);
#2368=EDGE_CURVE('',#1836,#1835,#1488,.T.);
#2369=EDGE_CURVE('',#1837,#1836,#1489,.T.);
#2370=EDGE_CURVE('',#1838,#1837,#1490,.T.);
#2371=EDGE_CURVE('',#1839,#1838,#823,.T.);
#2372=EDGE_CURVE('',#1840,#1839,#1491,.T.);
#2373=EDGE_CURVE('',#1841,#1840,#824,.T.);
#2374=EDGE_CURVE('',#1842,#1841,#1492,.T.);
#2375=EDGE_CURVE('',#1843,#1842,#825,.T.);
#2376=EDGE_CURVE('',#1844,#1843,#1493,.T.);
#2377=EDGE_CURVE('',#1845,#1844,#826,.T.);
#2378=EDGE_CURVE('',#1845,#1846,#827,.T.);
#2379=EDGE_CURVE('',#1847,#1846,#828,.T.);
#2380=EDGE_CURVE('',#1848,#1847,#1494,.T.);
#2381=EDGE_CURVE('',#1849,#1848,#1495,.T.);
#2382=EDGE_CURVE('',#1850,#1849,#1496,.T.);
#2383=EDGE_CURVE('',#1851,#1850,#829,.T.);
#2384=EDGE_CURVE('',#1851,#1852,#830,.T.);
#2385=EDGE_CURVE('',#1853,#1852,#831,.T.);
#2386=EDGE_CURVE('',#1854,#1853,#1497,.T.);
#2387=EDGE_CURVE('',#1855,#1854,#832,.T.);
#2388=EDGE_CURVE('',#1856,#1855,#1498,.T.);
#2389=EDGE_CURVE('',#1857,#1856,#833,.T.);
#2390=EDGE_CURVE('',#1858,#1857,#1499,.T.);
#2391=EDGE_CURVE('',#1859,#1858,#834,.T.);
#2392=EDGE_CURVE('',#1860,#1859,#1500,.T.);
#2393=EDGE_CURVE('',#1861,#1860,#1501,.T.);
#2394=EDGE_CURVE('',#1862,#1861,#1502,.T.);
#2395=EDGE_CURVE('',#1863,#1862,#835,.T.);
#2396=EDGE_CURVE('',#1863,#1864,#836,.T.);
#2397=EDGE_CURVE('',#1865,#1864,#837,.T.);
#2398=EDGE_CURVE('',#1866,#1865,#1503,.T.);
#2399=EDGE_CURVE('',#1867,#1866,#838,.T.);
#2400=EDGE_CURVE('',#1868,#1867,#1504,.T.);
#2401=EDGE_CURVE('',#1869,#1868,#839,.T.);
#2402=EDGE_CURVE('',#1870,#1869,#1505,.T.);
#2403=EDGE_CURVE('',#1871,#1870,#840,.T.);
#2404=EDGE_CURVE('',#1872,#1871,#1506,.T.);
#2405=EDGE_CURVE('',#1873,#1872,#1507,.T.);
#2406=EDGE_CURVE('',#1874,#1873,#1508,.T.);
#2407=EDGE_CURVE('',#1875,#1874,#841,.T.);
#2408=EDGE_CURVE('',#1875,#1876,#842,.T.);
#2409=EDGE_CURVE('',#1877,#1876,#843,.T.);
#2410=EDGE_CURVE('',#1878,#1877,#1509,.T.);
#2411=EDGE_CURVE('',#1879,#1878,#844,.T.);
#2412=EDGE_CURVE('',#1880,#1879,#1510,.T.);
#2413=EDGE_CURVE('',#1881,#1880,#845,.T.);
#2414=EDGE_CURVE('',#1882,#1881,#1511,.T.);
#2415=EDGE_CURVE('',#1883,#1882,#846,.T.);
#2416=EDGE_CURVE('',#1884,#1883,#1512,.T.);
#2417=EDGE_CURVE('',#1820,#1884,#1513,.T.);
#2418=EDGE_CURVE('',#1885,#1885,#1514,.T.);
#2419=EDGE_CURVE('',#1886,#1886,#1515,.T.);
#2420=EDGE_CURVE('',#1887,#1887,#1516,.T.);
#2421=EDGE_CURVE('',#1888,#1888,#1517,.T.);
#2422=EDGE_CURVE('',#1889,#1889,#1518,.T.);
#2423=EDGE_CURVE('',#1890,#1890,#1519,.T.);
#2424=EDGE_CURVE('',#1891,#1892,#847,.T.);
#2425=EDGE_CURVE('',#1893,#1891,#1520,.F.);
#2426=EDGE_CURVE('',#1894,#1893,#1521,.T.);
#2427=EDGE_CURVE('',#1895,#1894,#1522,.F.);
#2428=EDGE_CURVE('',#1896,#1895,#848,.T.);
#2429=EDGE_CURVE('',#1897,#1896,#1523,.T.);
#2430=EDGE_CURVE('',#1898,#1897,#849,.T.);
#2431=EDGE_CURVE('',#1899,#1898,#1524,.T.);
#2432=EDGE_CURVE('',#1900,#1899,#850,.T.);
#2433=EDGE_CURVE('',#1901,#1900,#1525,.F.);
#2434=EDGE_CURVE('',#1902,#1901,#851,.T.);
#2435=EDGE_CURVE('',#1903,#1902,#852,.T.);
#2436=EDGE_CURVE('',#1904,#1903,#853,.T.);
#2437=EDGE_CURVE('',#1905,#1904,#1526,.F.);
#2438=EDGE_CURVE('',#1906,#1905,#1527,.T.);
#2439=EDGE_CURVE('',#1907,#1906,#1528,.F.);
#2440=EDGE_CURVE('',#1908,#1907,#854,.T.);
#2441=EDGE_CURVE('',#1909,#1908,#1529,.T.);
#2442=EDGE_CURVE('',#1910,#1909,#855,.T.);
#2443=EDGE_CURVE('',#1911,#1910,#1530,.T.);
#2444=EDGE_CURVE('',#1912,#1911,#856,.T.);
#2445=EDGE_CURVE('',#1913,#1912,#1531,.F.);
#2446=EDGE_CURVE('',#1914,#1913,#857,.T.);
#2447=EDGE_CURVE('',#1915,#1914,#858,.T.);
#2448=EDGE_CURVE('',#1916,#1915,#859,.T.);
#2449=EDGE_CURVE('',#1917,#1916,#1532,.F.);
#2450=EDGE_CURVE('',#1918,#1917,#1533,.T.);
#2451=EDGE_CURVE('',#1919,#1918,#1534,.F.);
#2452=EDGE_CURVE('',#1920,#1919,#860,.T.);
#2453=EDGE_CURVE('',#1921,#1920,#1535,.T.);
#2454=EDGE_CURVE('',#1922,#1921,#861,.T.);
#2455=EDGE_CURVE('',#1923,#1922,#1536,.T.);
#2456=EDGE_CURVE('',#1924,#1923,#862,.T.);
#2457=EDGE_CURVE('',#1925,#1924,#1537,.F.);
#2458=EDGE_CURVE('',#1926,#1925,#863,.T.);
#2459=EDGE_CURVE('',#1927,#1926,#864,.T.);
#2460=EDGE_CURVE('',#1928,#1927,#865,.T.);
#2461=EDGE_CURVE('',#1929,#1928,#1538,.F.);
#2462=EDGE_CURVE('',#1930,#1929,#1539,.T.);
#2463=EDGE_CURVE('',#1931,#1930,#1540,.F.);
#2464=EDGE_CURVE('',#1932,#1931,#866,.T.);
#2465=EDGE_CURVE('',#1933,#1932,#867,.T.);
#2466=EDGE_CURVE('',#1934,#1933,#868,.T.);
#2467=EDGE_CURVE('',#1935,#1934,#1541,.F.);
#2468=EDGE_CURVE('',#1936,#1935,#869,.T.);
#2469=EDGE_CURVE('',#1937,#1936,#1542,.T.);
#2470=EDGE_CURVE('',#1938,#1937,#870,.T.);
#2471=EDGE_CURVE('',#1939,#1938,#1543,.T.);
#2472=EDGE_CURVE('',#1940,#1939,#871,.T.);
#2473=EDGE_CURVE('',#1941,#1940,#1544,.F.);
#2474=EDGE_CURVE('',#1942,#1941,#1545,.T.);
#2475=EDGE_CURVE('',#1943,#1942,#1546,.F.);
#2476=EDGE_CURVE('',#1944,#1943,#872,.T.);
#2477=EDGE_CURVE('',#1945,#1944,#873,.T.);
#2478=EDGE_CURVE('',#1946,#1945,#874,.T.);
#2479=EDGE_CURVE('',#1947,#1946,#1547,.F.);
#2480=EDGE_CURVE('',#1948,#1947,#875,.T.);
#2481=EDGE_CURVE('',#1949,#1948,#1548,.T.);
#2482=EDGE_CURVE('',#1950,#1949,#876,.T.);
#2483=EDGE_CURVE('',#1951,#1950,#1549,.T.);
#2484=EDGE_CURVE('',#1952,#1951,#877,.T.);
#2485=EDGE_CURVE('',#1953,#1952,#1550,.F.);
#2486=EDGE_CURVE('',#1954,#1953,#1551,.T.);
#2487=EDGE_CURVE('',#1955,#1954,#1552,.F.);
#2488=EDGE_CURVE('',#1956,#1955,#878,.T.);
#2489=EDGE_CURVE('',#1817,#1956,#879,.T.);
#2490=EDGE_CURVE('',#1892,#1783,#880,.T.);
#2491=EDGE_CURVE('',#1957,#1957,#1553,.T.);
#2492=EDGE_CURVE('',#1958,#1958,#1554,.T.);
#2493=EDGE_CURVE('',#1959,#1959,#1555,.T.);
#2494=EDGE_CURVE('',#1960,#1960,#1556,.T.);
#2495=EDGE_CURVE('',#1961,#1961,#1557,.T.);
#2496=EDGE_CURVE('',#1962,#1962,#1558,.T.);
#2497=EDGE_CURVE('',#1926,#1852,#881,.T.);
#2498=EDGE_CURVE('',#1851,#1927,#882,.T.);
#2499=EDGE_CURVE('',#1914,#1864,#883,.T.);
#2500=EDGE_CURVE('',#1863,#1915,#884,.T.);
#2501=EDGE_CURVE('',#1902,#1876,#885,.T.);
#2502=EDGE_CURVE('',#1875,#1903,#886,.T.);
#2503=EDGE_CURVE('',#1821,#1892,#887,.T.);
#2504=EDGE_CURVE('',#1956,#1822,#888,.T.);
#2505=EDGE_CURVE('',#1944,#1834,#889,.T.);
#2506=EDGE_CURVE('',#1833,#1945,#890,.T.);
#2507=EDGE_CURVE('',#1932,#1846,#891,.T.);
#2508=EDGE_CURVE('',#1845,#1933,#892,.T.);
#2509=EDGE_CURVE('',#1946,#1832,#893,.T.);
#2510=EDGE_CURVE('',#1955,#1823,#894,.T.);
#2511=EDGE_CURVE('',#1954,#1824,#895,.T.);
#2512=EDGE_CURVE('',#1953,#1825,#896,.T.);
#2513=EDGE_CURVE('',#1952,#1826,#897,.T.);
#2514=EDGE_CURVE('',#1951,#1827,#898,.T.);
#2515=EDGE_CURVE('',#1950,#1828,#899,.T.);
#2516=EDGE_CURVE('',#1949,#1829,#900,.T.);
#2517=EDGE_CURVE('',#1948,#1830,#901,.T.);
#2518=EDGE_CURVE('',#1947,#1831,#902,.T.);
#2519=EDGE_CURVE('',#1934,#1844,#903,.T.);
#2520=EDGE_CURVE('',#1943,#1835,#904,.T.);
#2521=EDGE_CURVE('',#1942,#1836,#905,.T.);
#2522=EDGE_CURVE('',#1941,#1837,#906,.T.);
#2523=EDGE_CURVE('',#1940,#1838,#907,.T.);
#2524=EDGE_CURVE('',#1939,#1839,#908,.T.);
#2525=EDGE_CURVE('',#1938,#1840,#909,.T.);
#2526=EDGE_CURVE('',#1937,#1841,#910,.T.);
#2527=EDGE_CURVE('',#1936,#1842,#911,.T.);
#2528=EDGE_CURVE('',#1935,#1843,#912,.T.);
#2529=EDGE_CURVE('',#1928,#1850,#913,.T.);
#2530=EDGE_CURVE('',#1929,#1849,#914,.T.);
#2531=EDGE_CURVE('',#1930,#1848,#915,.T.);
#2532=EDGE_CURVE('',#1931,#1847,#916,.T.);
#2533=EDGE_CURVE('',#1916,#1862,#917,.T.);
#2534=EDGE_CURVE('',#1925,#1853,#918,.T.);
#2535=EDGE_CURVE('',#1918,#1860,#919,.T.);
#2536=EDGE_CURVE('',#1919,#1859,#920,.T.);
#2537=EDGE_CURVE('',#1917,#1861,#921,.T.);
#2538=EDGE_CURVE('',#1924,#1854,#922,.T.);
#2539=EDGE_CURVE('',#1923,#1855,#923,.T.);
#2540=EDGE_CURVE('',#1922,#1856,#924,.T.);
#2541=EDGE_CURVE('',#1921,#1857,#925,.T.);
#2542=EDGE_CURVE('',#1920,#1858,#926,.T.);
#2543=EDGE_CURVE('',#1904,#1874,#927,.T.);
#2544=EDGE_CURVE('',#1913,#1865,#928,.T.);
#2545=EDGE_CURVE('',#1906,#1872,#929,.T.);
#2546=EDGE_CURVE('',#1907,#1871,#930,.T.);
#2547=EDGE_CURVE('',#1905,#1873,#931,.T.);
#2548=EDGE_CURVE('',#1912,#1866,#932,.T.);
#2549=EDGE_CURVE('',#1911,#1867,#933,.T.);
#2550=EDGE_CURVE('',#1910,#1868,#934,.T.);
#2551=EDGE_CURVE('',#1909,#1869,#935,.T.);
#2552=EDGE_CURVE('',#1908,#1870,#936,.T.);
#2553=EDGE_CURVE('',#1891,#1819,#937,.T.);
#2554=EDGE_CURVE('',#1901,#1877,#938,.T.);
#2555=EDGE_CURVE('',#1894,#1884,#939,.T.);
#2556=EDGE_CURVE('',#1895,#1883,#940,.T.);
#2557=EDGE_CURVE('',#1893,#1820,#941,.T.);
#2558=EDGE_CURVE('',#1900,#1878,#942,.T.);
#2559=EDGE_CURVE('',#1899,#1879,#943,.T.);
#2560=EDGE_CURVE('',#1898,#1880,#944,.T.);
#2561=EDGE_CURVE('',#1897,#1881,#945,.T.);
#2562=EDGE_CURVE('',#1896,#1882,#946,.T.);
#2563=EDGE_CURVE('',#1962,#1890,#947,.T.);
#2564=EDGE_CURVE('',#1961,#1889,#948,.T.);
#2565=EDGE_CURVE('',#1960,#1888,#949,.T.);
#2566=EDGE_CURVE('',#1959,#1887,#950,.T.);
#2567=EDGE_CURVE('',#1958,#1886,#951,.T.);
#2568=EDGE_CURVE('',#1957,#1885,#952,.T.);
#2569=ORIENTED_EDGE('',*,*,#1963,.T.);
#2570=ORIENTED_EDGE('',*,*,#1964,.T.);
#2571=ORIENTED_EDGE('',*,*,#1965,.T.);
#2572=ORIENTED_EDGE('',*,*,#1966,.F.);
#2573=ORIENTED_EDGE('',*,*,#1967,.T.);
#2574=ORIENTED_EDGE('',*,*,#1968,.T.);
#2575=ORIENTED_EDGE('',*,*,#1969,.T.);
#2576=ORIENTED_EDGE('',*,*,#1964,.F.);
#2577=ORIENTED_EDGE('',*,*,#1970,.T.);
#2578=ORIENTED_EDGE('',*,*,#1971,.T.);
#2579=ORIENTED_EDGE('',*,*,#1972,.T.);
#2580=ORIENTED_EDGE('',*,*,#1968,.F.);
#2581=ORIENTED_EDGE('',*,*,#1973,.T.);
#2582=ORIENTED_EDGE('',*,*,#1974,.T.);
#2583=ORIENTED_EDGE('',*,*,#1975,.T.);
#2584=ORIENTED_EDGE('',*,*,#1971,.F.);
#2585=ORIENTED_EDGE('',*,*,#1976,.T.);
#2586=ORIENTED_EDGE('',*,*,#1977,.T.);
#2587=ORIENTED_EDGE('',*,*,#1978,.T.);
#2588=ORIENTED_EDGE('',*,*,#1974,.F.);
#2589=ORIENTED_EDGE('',*,*,#1979,.T.);
#2590=ORIENTED_EDGE('',*,*,#1980,.T.);
#2591=ORIENTED_EDGE('',*,*,#1981,.T.);
#2592=ORIENTED_EDGE('',*,*,#1977,.F.);
#2593=ORIENTED_EDGE('',*,*,#1982,.T.);
#2594=ORIENTED_EDGE('',*,*,#1983,.T.);
#2595=ORIENTED_EDGE('',*,*,#1984,.T.);
#2596=ORIENTED_EDGE('',*,*,#1980,.F.);
#2597=ORIENTED_EDGE('',*,*,#1985,.T.);
#2598=ORIENTED_EDGE('',*,*,#1986,.T.);
#2599=ORIENTED_EDGE('',*,*,#1987,.T.);
#2600=ORIENTED_EDGE('',*,*,#1983,.F.);
#2601=ORIENTED_EDGE('',*,*,#1988,.T.);
#2602=ORIENTED_EDGE('',*,*,#1989,.T.);
#2603=ORIENTED_EDGE('',*,*,#1990,.T.);
#2604=ORIENTED_EDGE('',*,*,#1986,.F.);
#2605=ORIENTED_EDGE('',*,*,#1991,.T.);
#2606=ORIENTED_EDGE('',*,*,#1992,.T.);
#2607=ORIENTED_EDGE('',*,*,#1993,.T.);
#2608=ORIENTED_EDGE('',*,*,#1989,.F.);
#2609=ORIENTED_EDGE('',*,*,#1994,.T.);
#2610=ORIENTED_EDGE('',*,*,#1995,.T.);
#2611=ORIENTED_EDGE('',*,*,#1996,.T.);
#2612=ORIENTED_EDGE('',*,*,#1992,.F.);
#2613=ORIENTED_EDGE('',*,*,#1997,.T.);
#2614=ORIENTED_EDGE('',*,*,#1998,.T.);
#2615=ORIENTED_EDGE('',*,*,#1999,.T.);
#2616=ORIENTED_EDGE('',*,*,#1995,.F.);
#2617=ORIENTED_EDGE('',*,*,#2000,.T.);
#2618=ORIENTED_EDGE('',*,*,#2001,.T.);
#2619=ORIENTED_EDGE('',*,*,#2002,.T.);
#2620=ORIENTED_EDGE('',*,*,#1998,.F.);
#2621=ORIENTED_EDGE('',*,*,#2003,.T.);
#2622=ORIENTED_EDGE('',*,*,#1966,.T.);
#2623=ORIENTED_EDGE('',*,*,#2004,.T.);
#2624=ORIENTED_EDGE('',*,*,#2001,.F.);
#2625=ORIENTED_EDGE('',*,*,#2005,.T.);
#2626=ORIENTED_EDGE('',*,*,#2006,.T.);
#2627=ORIENTED_EDGE('',*,*,#2007,.T.);
#2628=ORIENTED_EDGE('',*,*,#2008,.F.);
#2629=ORIENTED_EDGE('',*,*,#2009,.T.);
#2630=ORIENTED_EDGE('',*,*,#2010,.T.);
#2631=ORIENTED_EDGE('',*,*,#2011,.T.);
#2632=ORIENTED_EDGE('',*,*,#2006,.F.);
#2633=ORIENTED_EDGE('',*,*,#2012,.T.);
#2634=ORIENTED_EDGE('',*,*,#2013,.T.);
#2635=ORIENTED_EDGE('',*,*,#2014,.T.);
#2636=ORIENTED_EDGE('',*,*,#2010,.F.);
#2637=ORIENTED_EDGE('',*,*,#2015,.T.);
#2638=ORIENTED_EDGE('',*,*,#2016,.T.);
#2639=ORIENTED_EDGE('',*,*,#2017,.T.);
#2640=ORIENTED_EDGE('',*,*,#2013,.F.);
#2641=ORIENTED_EDGE('',*,*,#2018,.T.);
#2642=ORIENTED_EDGE('',*,*,#2019,.T.);
#2643=ORIENTED_EDGE('',*,*,#2020,.T.);
#2644=ORIENTED_EDGE('',*,*,#2016,.F.);
#2645=ORIENTED_EDGE('',*,*,#2021,.T.);
#2646=ORIENTED_EDGE('',*,*,#2022,.T.);
#2647=ORIENTED_EDGE('',*,*,#2023,.T.);
#2648=ORIENTED_EDGE('',*,*,#2019,.F.);
#2649=ORIENTED_EDGE('',*,*,#2024,.T.);
#2650=ORIENTED_EDGE('',*,*,#2025,.T.);
#2651=ORIENTED_EDGE('',*,*,#2026,.T.);
#2652=ORIENTED_EDGE('',*,*,#2022,.F.);
#2653=ORIENTED_EDGE('',*,*,#2027,.T.);
#2654=ORIENTED_EDGE('',*,*,#2028,.T.);
#2655=ORIENTED_EDGE('',*,*,#2029,.T.);
#2656=ORIENTED_EDGE('',*,*,#2025,.F.);
#2657=ORIENTED_EDGE('',*,*,#2030,.T.);
#2658=ORIENTED_EDGE('',*,*,#2031,.T.);
#2659=ORIENTED_EDGE('',*,*,#2032,.T.);
#2660=ORIENTED_EDGE('',*,*,#2028,.F.);
#2661=ORIENTED_EDGE('',*,*,#2033,.T.);
#2662=ORIENTED_EDGE('',*,*,#2034,.T.);
#2663=ORIENTED_EDGE('',*,*,#2035,.T.);
#2664=ORIENTED_EDGE('',*,*,#2031,.F.);
#2665=ORIENTED_EDGE('',*,*,#2036,.T.);
#2666=ORIENTED_EDGE('',*,*,#2037,.T.);
#2667=ORIENTED_EDGE('',*,*,#2038,.T.);
#2668=ORIENTED_EDGE('',*,*,#2034,.F.);
#2669=ORIENTED_EDGE('',*,*,#2039,.T.);
#2670=ORIENTED_EDGE('',*,*,#2040,.T.);
#2671=ORIENTED_EDGE('',*,*,#2041,.T.);
#2672=ORIENTED_EDGE('',*,*,#2037,.F.);
#2673=ORIENTED_EDGE('',*,*,#2042,.T.);
#2674=ORIENTED_EDGE('',*,*,#2043,.T.);
#2675=ORIENTED_EDGE('',*,*,#2044,.T.);
#2676=ORIENTED_EDGE('',*,*,#2040,.F.);
#2677=ORIENTED_EDGE('',*,*,#2045,.T.);
#2678=ORIENTED_EDGE('',*,*,#2008,.T.);
#2679=ORIENTED_EDGE('',*,*,#2046,.T.);
#2680=ORIENTED_EDGE('',*,*,#2043,.F.);
#2681=ORIENTED_EDGE('',*,*,#2047,.T.);
#2682=ORIENTED_EDGE('',*,*,#2048,.T.);
#2683=ORIENTED_EDGE('',*,*,#2049,.T.);
#2684=ORIENTED_EDGE('',*,*,#2050,.F.);
#2685=ORIENTED_EDGE('',*,*,#2051,.T.);
#2686=ORIENTED_EDGE('',*,*,#2052,.T.);
#2687=ORIENTED_EDGE('',*,*,#2053,.T.);
#2688=ORIENTED_EDGE('',*,*,#2048,.F.);
#2689=ORIENTED_EDGE('',*,*,#2054,.T.);
#2690=ORIENTED_EDGE('',*,*,#2055,.T.);
#2691=ORIENTED_EDGE('',*,*,#2056,.T.);
#2692=ORIENTED_EDGE('',*,*,#2052,.F.);
#2693=ORIENTED_EDGE('',*,*,#2057,.T.);
#2694=ORIENTED_EDGE('',*,*,#2058,.T.);
#2695=ORIENTED_EDGE('',*,*,#2059,.T.);
#2696=ORIENTED_EDGE('',*,*,#2055,.F.);
#2697=ORIENTED_EDGE('',*,*,#2060,.T.);
#2698=ORIENTED_EDGE('',*,*,#2061,.T.);
#2699=ORIENTED_EDGE('',*,*,#2062,.T.);
#2700=ORIENTED_EDGE('',*,*,#2058,.F.);
#2701=ORIENTED_EDGE('',*,*,#2063,.T.);
#2702=ORIENTED_EDGE('',*,*,#2064,.T.);
#2703=ORIENTED_EDGE('',*,*,#2065,.T.);
#2704=ORIENTED_EDGE('',*,*,#2061,.F.);
#2705=ORIENTED_EDGE('',*,*,#2066,.T.);
#2706=ORIENTED_EDGE('',*,*,#2067,.T.);
#2707=ORIENTED_EDGE('',*,*,#2068,.T.);
#2708=ORIENTED_EDGE('',*,*,#2064,.F.);
#2709=ORIENTED_EDGE('',*,*,#2069,.T.);
#2710=ORIENTED_EDGE('',*,*,#2070,.T.);
#2711=ORIENTED_EDGE('',*,*,#2071,.T.);
#2712=ORIENTED_EDGE('',*,*,#2067,.F.);
#2713=ORIENTED_EDGE('',*,*,#2072,.T.);
#2714=ORIENTED_EDGE('',*,*,#2073,.T.);
#2715=ORIENTED_EDGE('',*,*,#2074,.T.);
#2716=ORIENTED_EDGE('',*,*,#2070,.F.);
#2717=ORIENTED_EDGE('',*,*,#2075,.T.);
#2718=ORIENTED_EDGE('',*,*,#2076,.T.);
#2719=ORIENTED_EDGE('',*,*,#2077,.T.);
#2720=ORIENTED_EDGE('',*,*,#2073,.F.);
#2721=ORIENTED_EDGE('',*,*,#2078,.T.);
#2722=ORIENTED_EDGE('',*,*,#2079,.T.);
#2723=ORIENTED_EDGE('',*,*,#2080,.T.);
#2724=ORIENTED_EDGE('',*,*,#2076,.F.);
#2725=ORIENTED_EDGE('',*,*,#2081,.T.);
#2726=ORIENTED_EDGE('',*,*,#2082,.T.);
#2727=ORIENTED_EDGE('',*,*,#2083,.T.);
#2728=ORIENTED_EDGE('',*,*,#2079,.F.);
#2729=ORIENTED_EDGE('',*,*,#2084,.T.);
#2730=ORIENTED_EDGE('',*,*,#2085,.T.);
#2731=ORIENTED_EDGE('',*,*,#2086,.T.);
#2732=ORIENTED_EDGE('',*,*,#2082,.F.);
#2733=ORIENTED_EDGE('',*,*,#2087,.T.);
#2734=ORIENTED_EDGE('',*,*,#2050,.T.);
#2735=ORIENTED_EDGE('',*,*,#2088,.T.);
#2736=ORIENTED_EDGE('',*,*,#2085,.F.);
#2737=ORIENTED_EDGE('',*,*,#2089,.T.);
#2738=ORIENTED_EDGE('',*,*,#2090,.T.);
#2739=ORIENTED_EDGE('',*,*,#2091,.T.);
#2740=ORIENTED_EDGE('',*,*,#2092,.F.);
#2741=ORIENTED_EDGE('',*,*,#2093,.T.);
#2742=ORIENTED_EDGE('',*,*,#2094,.T.);
#2743=ORIENTED_EDGE('',*,*,#2095,.T.);
#2744=ORIENTED_EDGE('',*,*,#2090,.F.);
#2745=ORIENTED_EDGE('',*,*,#2096,.T.);
#2746=ORIENTED_EDGE('',*,*,#2097,.T.);
#2747=ORIENTED_EDGE('',*,*,#2098,.T.);
#2748=ORIENTED_EDGE('',*,*,#2094,.F.);
#2749=ORIENTED_EDGE('',*,*,#2099,.T.);
#2750=ORIENTED_EDGE('',*,*,#2100,.T.);
#2751=ORIENTED_EDGE('',*,*,#2101,.T.);
#2752=ORIENTED_EDGE('',*,*,#2097,.F.);
#2753=ORIENTED_EDGE('',*,*,#2102,.T.);
#2754=ORIENTED_EDGE('',*,*,#2103,.T.);
#2755=ORIENTED_EDGE('',*,*,#2104,.T.);
#2756=ORIENTED_EDGE('',*,*,#2100,.F.);
#2757=ORIENTED_EDGE('',*,*,#2105,.T.);
#2758=ORIENTED_EDGE('',*,*,#2106,.T.);
#2759=ORIENTED_EDGE('',*,*,#2107,.T.);
#2760=ORIENTED_EDGE('',*,*,#2103,.F.);
#2761=ORIENTED_EDGE('',*,*,#2108,.T.);
#2762=ORIENTED_EDGE('',*,*,#2109,.T.);
#2763=ORIENTED_EDGE('',*,*,#2110,.T.);
#2764=ORIENTED_EDGE('',*,*,#2106,.F.);
#2765=ORIENTED_EDGE('',*,*,#2111,.T.);
#2766=ORIENTED_EDGE('',*,*,#2112,.T.);
#2767=ORIENTED_EDGE('',*,*,#2113,.T.);
#2768=ORIENTED_EDGE('',*,*,#2109,.F.);
#2769=ORIENTED_EDGE('',*,*,#2114,.T.);
#2770=ORIENTED_EDGE('',*,*,#2115,.T.);
#2771=ORIENTED_EDGE('',*,*,#2116,.T.);
#2772=ORIENTED_EDGE('',*,*,#2112,.F.);
#2773=ORIENTED_EDGE('',*,*,#2117,.T.);
#2774=ORIENTED_EDGE('',*,*,#2118,.T.);
#2775=ORIENTED_EDGE('',*,*,#2119,.T.);
#2776=ORIENTED_EDGE('',*,*,#2115,.F.);
#2777=ORIENTED_EDGE('',*,*,#2120,.T.);
#2778=ORIENTED_EDGE('',*,*,#2121,.T.);
#2779=ORIENTED_EDGE('',*,*,#2122,.T.);
#2780=ORIENTED_EDGE('',*,*,#2118,.F.);
#2781=ORIENTED_EDGE('',*,*,#2123,.T.);
#2782=ORIENTED_EDGE('',*,*,#2124,.T.);
#2783=ORIENTED_EDGE('',*,*,#2125,.T.);
#2784=ORIENTED_EDGE('',*,*,#2121,.F.);
#2785=ORIENTED_EDGE('',*,*,#2126,.T.);
#2786=ORIENTED_EDGE('',*,*,#2127,.T.);
#2787=ORIENTED_EDGE('',*,*,#2128,.T.);
#2788=ORIENTED_EDGE('',*,*,#2124,.F.);
#2789=ORIENTED_EDGE('',*,*,#2129,.T.);
#2790=ORIENTED_EDGE('',*,*,#2092,.T.);
#2791=ORIENTED_EDGE('',*,*,#2130,.T.);
#2792=ORIENTED_EDGE('',*,*,#2127,.F.);
#2793=ORIENTED_EDGE('',*,*,#2131,.T.);
#2794=ORIENTED_EDGE('',*,*,#2132,.T.);
#2795=ORIENTED_EDGE('',*,*,#2133,.T.);
#2796=ORIENTED_EDGE('',*,*,#2134,.F.);
#2797=ORIENTED_EDGE('',*,*,#2135,.T.);
#2798=ORIENTED_EDGE('',*,*,#2136,.T.);
#2799=ORIENTED_EDGE('',*,*,#2137,.T.);
#2800=ORIENTED_EDGE('',*,*,#2132,.F.);
#2801=ORIENTED_EDGE('',*,*,#2138,.T.);
#2802=ORIENTED_EDGE('',*,*,#2139,.T.);
#2803=ORIENTED_EDGE('',*,*,#2140,.T.);
#2804=ORIENTED_EDGE('',*,*,#2136,.F.);
#2805=ORIENTED_EDGE('',*,*,#2141,.T.);
#2806=ORIENTED_EDGE('',*,*,#2142,.T.);
#2807=ORIENTED_EDGE('',*,*,#2143,.T.);
#2808=ORIENTED_EDGE('',*,*,#2139,.F.);
#2809=ORIENTED_EDGE('',*,*,#2144,.T.);
#2810=ORIENTED_EDGE('',*,*,#2145,.T.);
#2811=ORIENTED_EDGE('',*,*,#2146,.T.);
#2812=ORIENTED_EDGE('',*,*,#2142,.F.);
#2813=ORIENTED_EDGE('',*,*,#2147,.T.);
#2814=ORIENTED_EDGE('',*,*,#2148,.T.);
#2815=ORIENTED_EDGE('',*,*,#2149,.T.);
#2816=ORIENTED_EDGE('',*,*,#2145,.F.);
#2817=ORIENTED_EDGE('',*,*,#2150,.T.);
#2818=ORIENTED_EDGE('',*,*,#2151,.T.);
#2819=ORIENTED_EDGE('',*,*,#2152,.T.);
#2820=ORIENTED_EDGE('',*,*,#2148,.F.);
#2821=ORIENTED_EDGE('',*,*,#2153,.T.);
#2822=ORIENTED_EDGE('',*,*,#2154,.T.);
#2823=ORIENTED_EDGE('',*,*,#2155,.T.);
#2824=ORIENTED_EDGE('',*,*,#2151,.F.);
#2825=ORIENTED_EDGE('',*,*,#2156,.T.);
#2826=ORIENTED_EDGE('',*,*,#2157,.T.);
#2827=ORIENTED_EDGE('',*,*,#2158,.T.);
#2828=ORIENTED_EDGE('',*,*,#2154,.F.);
#2829=ORIENTED_EDGE('',*,*,#2159,.T.);
#2830=ORIENTED_EDGE('',*,*,#2160,.T.);
#2831=ORIENTED_EDGE('',*,*,#2161,.T.);
#2832=ORIENTED_EDGE('',*,*,#2157,.F.);
#2833=ORIENTED_EDGE('',*,*,#2162,.T.);
#2834=ORIENTED_EDGE('',*,*,#2163,.T.);
#2835=ORIENTED_EDGE('',*,*,#2164,.T.);
#2836=ORIENTED_EDGE('',*,*,#2160,.F.);
#2837=ORIENTED_EDGE('',*,*,#2165,.T.);
#2838=ORIENTED_EDGE('',*,*,#2166,.T.);
#2839=ORIENTED_EDGE('',*,*,#2167,.T.);
#2840=ORIENTED_EDGE('',*,*,#2163,.F.);
#2841=ORIENTED_EDGE('',*,*,#2168,.T.);
#2842=ORIENTED_EDGE('',*,*,#2169,.T.);
#2843=ORIENTED_EDGE('',*,*,#2170,.T.);
#2844=ORIENTED_EDGE('',*,*,#2166,.F.);
#2845=ORIENTED_EDGE('',*,*,#2171,.T.);
#2846=ORIENTED_EDGE('',*,*,#2134,.T.);
#2847=ORIENTED_EDGE('',*,*,#2172,.T.);
#2848=ORIENTED_EDGE('',*,*,#2169,.F.);
#2849=ORIENTED_EDGE('',*,*,#2173,.T.);
#2850=ORIENTED_EDGE('',*,*,#2174,.T.);
#2851=ORIENTED_EDGE('',*,*,#2175,.T.);
#2852=ORIENTED_EDGE('',*,*,#2176,.F.);
#2853=ORIENTED_EDGE('',*,*,#2177,.T.);
#2854=ORIENTED_EDGE('',*,*,#2178,.T.);
#2855=ORIENTED_EDGE('',*,*,#2179,.T.);
#2856=ORIENTED_EDGE('',*,*,#2174,.F.);
#2857=ORIENTED_EDGE('',*,*,#2180,.T.);
#2858=ORIENTED_EDGE('',*,*,#2181,.T.);
#2859=ORIENTED_EDGE('',*,*,#2182,.T.);
#2860=ORIENTED_EDGE('',*,*,#2178,.F.);
#2861=ORIENTED_EDGE('',*,*,#2183,.T.);
#2862=ORIENTED_EDGE('',*,*,#2184,.T.);
#2863=ORIENTED_EDGE('',*,*,#2185,.T.);
#2864=ORIENTED_EDGE('',*,*,#2181,.F.);
#2865=ORIENTED_EDGE('',*,*,#2186,.T.);
#2866=ORIENTED_EDGE('',*,*,#2187,.T.);
#2867=ORIENTED_EDGE('',*,*,#2188,.T.);
#2868=ORIENTED_EDGE('',*,*,#2184,.F.);
#2869=ORIENTED_EDGE('',*,*,#2189,.T.);
#2870=ORIENTED_EDGE('',*,*,#2190,.T.);
#2871=ORIENTED_EDGE('',*,*,#2191,.T.);
#2872=ORIENTED_EDGE('',*,*,#2187,.F.);
#2873=ORIENTED_EDGE('',*,*,#2192,.T.);
#2874=ORIENTED_EDGE('',*,*,#2193,.T.);
#2875=ORIENTED_EDGE('',*,*,#2194,.T.);
#2876=ORIENTED_EDGE('',*,*,#2190,.F.);
#2877=ORIENTED_EDGE('',*,*,#2195,.T.);
#2878=ORIENTED_EDGE('',*,*,#2196,.T.);
#2879=ORIENTED_EDGE('',*,*,#2197,.T.);
#2880=ORIENTED_EDGE('',*,*,#2193,.F.);
#2881=ORIENTED_EDGE('',*,*,#2198,.T.);
#2882=ORIENTED_EDGE('',*,*,#2199,.T.);
#2883=ORIENTED_EDGE('',*,*,#2200,.T.);
#2884=ORIENTED_EDGE('',*,*,#2196,.F.);
#2885=ORIENTED_EDGE('',*,*,#2201,.T.);
#2886=ORIENTED_EDGE('',*,*,#2202,.T.);
#2887=ORIENTED_EDGE('',*,*,#2203,.T.);
#2888=ORIENTED_EDGE('',*,*,#2199,.F.);
#2889=ORIENTED_EDGE('',*,*,#2204,.T.);
#2890=ORIENTED_EDGE('',*,*,#2205,.T.);
#2891=ORIENTED_EDGE('',*,*,#2206,.T.);
#2892=ORIENTED_EDGE('',*,*,#2202,.F.);
#2893=ORIENTED_EDGE('',*,*,#2207,.T.);
#2894=ORIENTED_EDGE('',*,*,#2208,.T.);
#2895=ORIENTED_EDGE('',*,*,#2209,.T.);
#2896=ORIENTED_EDGE('',*,*,#2205,.F.);
#2897=ORIENTED_EDGE('',*,*,#2210,.T.);
#2898=ORIENTED_EDGE('',*,*,#2211,.T.);
#2899=ORIENTED_EDGE('',*,*,#2212,.T.);
#2900=ORIENTED_EDGE('',*,*,#2208,.F.);
#2901=ORIENTED_EDGE('',*,*,#2213,.T.);
#2902=ORIENTED_EDGE('',*,*,#2176,.T.);
#2903=ORIENTED_EDGE('',*,*,#2214,.T.);
#2904=ORIENTED_EDGE('',*,*,#2211,.F.);
#2905=ORIENTED_EDGE('',*,*,#2215,.T.);
#2906=ORIENTED_EDGE('',*,*,#2216,.T.);
#2907=ORIENTED_EDGE('',*,*,#2217,.T.);
#2908=ORIENTED_EDGE('',*,*,#2218,.F.);
#2909=ORIENTED_EDGE('',*,*,#2219,.T.);
#2910=ORIENTED_EDGE('',*,*,#2220,.T.);
#2911=ORIENTED_EDGE('',*,*,#2221,.T.);
#2912=ORIENTED_EDGE('',*,*,#2216,.F.);
#2913=ORIENTED_EDGE('',*,*,#2222,.T.);
#2914=ORIENTED_EDGE('',*,*,#2223,.T.);
#2915=ORIENTED_EDGE('',*,*,#2224,.T.);
#2916=ORIENTED_EDGE('',*,*,#2220,.F.);
#2917=ORIENTED_EDGE('',*,*,#2225,.T.);
#2918=ORIENTED_EDGE('',*,*,#2226,.T.);
#2919=ORIENTED_EDGE('',*,*,#2227,.T.);
#2920=ORIENTED_EDGE('',*,*,#2223,.F.);
#2921=ORIENTED_EDGE('',*,*,#2228,.T.);
#2922=ORIENTED_EDGE('',*,*,#2229,.T.);
#2923=ORIENTED_EDGE('',*,*,#2230,.T.);
#2924=ORIENTED_EDGE('',*,*,#2226,.F.);
#2925=ORIENTED_EDGE('',*,*,#2231,.T.);
#2926=ORIENTED_EDGE('',*,*,#2232,.T.);
#2927=ORIENTED_EDGE('',*,*,#2233,.T.);
#2928=ORIENTED_EDGE('',*,*,#2229,.F.);
#2929=ORIENTED_EDGE('',*,*,#2234,.T.);
#2930=ORIENTED_EDGE('',*,*,#2235,.T.);
#2931=ORIENTED_EDGE('',*,*,#2236,.T.);
#2932=ORIENTED_EDGE('',*,*,#2232,.F.);
#2933=ORIENTED_EDGE('',*,*,#2237,.T.);
#2934=ORIENTED_EDGE('',*,*,#2238,.T.);
#2935=ORIENTED_EDGE('',*,*,#2239,.T.);
#2936=ORIENTED_EDGE('',*,*,#2235,.F.);
#2937=ORIENTED_EDGE('',*,*,#2240,.T.);
#2938=ORIENTED_EDGE('',*,*,#2241,.T.);
#2939=ORIENTED_EDGE('',*,*,#2242,.T.);
#2940=ORIENTED_EDGE('',*,*,#2238,.F.);
#2941=ORIENTED_EDGE('',*,*,#2243,.T.);
#2942=ORIENTED_EDGE('',*,*,#2244,.T.);
#2943=ORIENTED_EDGE('',*,*,#2245,.T.);
#2944=ORIENTED_EDGE('',*,*,#2241,.F.);
#2945=ORIENTED_EDGE('',*,*,#2246,.T.);
#2946=ORIENTED_EDGE('',*,*,#2247,.T.);
#2947=ORIENTED_EDGE('',*,*,#2248,.T.);
#2948=ORIENTED_EDGE('',*,*,#2244,.F.);
#2949=ORIENTED_EDGE('',*,*,#2249,.T.);
#2950=ORIENTED_EDGE('',*,*,#2250,.T.);
#2951=ORIENTED_EDGE('',*,*,#2251,.T.);
#2952=ORIENTED_EDGE('',*,*,#2247,.F.);
#2953=ORIENTED_EDGE('',*,*,#2252,.T.);
#2954=ORIENTED_EDGE('',*,*,#2253,.T.);
#2955=ORIENTED_EDGE('',*,*,#2254,.T.);
#2956=ORIENTED_EDGE('',*,*,#2250,.F.);
#2957=ORIENTED_EDGE('',*,*,#2255,.T.);
#2958=ORIENTED_EDGE('',*,*,#2218,.T.);
#2959=ORIENTED_EDGE('',*,*,#2256,.T.);
#2960=ORIENTED_EDGE('',*,*,#2253,.F.);
#2961=ORIENTED_EDGE('',*,*,#2257,.T.);
#2962=ORIENTED_EDGE('',*,*,#2258,.T.);
#2963=ORIENTED_EDGE('',*,*,#2259,.T.);
#2964=ORIENTED_EDGE('',*,*,#2260,.F.);
#2965=ORIENTED_EDGE('',*,*,#2261,.T.);
#2966=ORIENTED_EDGE('',*,*,#2262,.T.);
#2967=ORIENTED_EDGE('',*,*,#2263,.T.);
#2968=ORIENTED_EDGE('',*,*,#2258,.F.);
#2969=ORIENTED_EDGE('',*,*,#2264,.T.);
#2970=ORIENTED_EDGE('',*,*,#2265,.T.);
#2971=ORIENTED_EDGE('',*,*,#2266,.T.);
#2972=ORIENTED_EDGE('',*,*,#2262,.F.);
#2973=ORIENTED_EDGE('',*,*,#2267,.T.);
#2974=ORIENTED_EDGE('',*,*,#2268,.T.);
#2975=ORIENTED_EDGE('',*,*,#2269,.T.);
#2976=ORIENTED_EDGE('',*,*,#2265,.F.);
#2977=ORIENTED_EDGE('',*,*,#2270,.T.);
#2978=ORIENTED_EDGE('',*,*,#2271,.T.);
#2979=ORIENTED_EDGE('',*,*,#2272,.T.);
#2980=ORIENTED_EDGE('',*,*,#2268,.F.);
#2981=ORIENTED_EDGE('',*,*,#2273,.T.);
#2982=ORIENTED_EDGE('',*,*,#2274,.T.);
#2983=ORIENTED_EDGE('',*,*,#2275,.T.);
#2984=ORIENTED_EDGE('',*,*,#2271,.F.);
#2985=ORIENTED_EDGE('',*,*,#2276,.T.);
#2986=ORIENTED_EDGE('',*,*,#2277,.T.);
#2987=ORIENTED_EDGE('',*,*,#2278,.T.);
#2988=ORIENTED_EDGE('',*,*,#2274,.F.);
#2989=ORIENTED_EDGE('',*,*,#2279,.T.);
#2990=ORIENTED_EDGE('',*,*,#2280,.T.);
#2991=ORIENTED_EDGE('',*,*,#2281,.T.);
#2992=ORIENTED_EDGE('',*,*,#2277,.F.);
#2993=ORIENTED_EDGE('',*,*,#2282,.T.);
#2994=ORIENTED_EDGE('',*,*,#2283,.T.);
#2995=ORIENTED_EDGE('',*,*,#2284,.T.);
#2996=ORIENTED_EDGE('',*,*,#2280,.F.);
#2997=ORIENTED_EDGE('',*,*,#2285,.T.);
#2998=ORIENTED_EDGE('',*,*,#2286,.T.);
#2999=ORIENTED_EDGE('',*,*,#2287,.T.);
#3000=ORIENTED_EDGE('',*,*,#2283,.F.);
#3001=ORIENTED_EDGE('',*,*,#2288,.T.);
#3002=ORIENTED_EDGE('',*,*,#2289,.T.);
#3003=ORIENTED_EDGE('',*,*,#2290,.T.);
#3004=ORIENTED_EDGE('',*,*,#2286,.F.);
#3005=ORIENTED_EDGE('',*,*,#2291,.T.);
#3006=ORIENTED_EDGE('',*,*,#2292,.T.);
#3007=ORIENTED_EDGE('',*,*,#2293,.T.);
#3008=ORIENTED_EDGE('',*,*,#2289,.F.);
#3009=ORIENTED_EDGE('',*,*,#2294,.T.);
#3010=ORIENTED_EDGE('',*,*,#2295,.T.);
#3011=ORIENTED_EDGE('',*,*,#2296,.T.);
#3012=ORIENTED_EDGE('',*,*,#2292,.F.);
#3013=ORIENTED_EDGE('',*,*,#2297,.T.);
#3014=ORIENTED_EDGE('',*,*,#2260,.T.);
#3015=ORIENTED_EDGE('',*,*,#2298,.T.);
#3016=ORIENTED_EDGE('',*,*,#2295,.F.);
#3017=ORIENTED_EDGE('',*,*,#2299,.T.);
#3018=ORIENTED_EDGE('',*,*,#2300,.T.);
#3019=ORIENTED_EDGE('',*,*,#2301,.T.);
#3020=ORIENTED_EDGE('',*,*,#2302,.F.);
#3021=ORIENTED_EDGE('',*,*,#2303,.T.);
#3022=ORIENTED_EDGE('',*,*,#2304,.T.);
#3023=ORIENTED_EDGE('',*,*,#2305,.T.);
#3024=ORIENTED_EDGE('',*,*,#2300,.F.);
#3025=ORIENTED_EDGE('',*,*,#2306,.T.);
#3026=ORIENTED_EDGE('',*,*,#2307,.T.);
#3027=ORIENTED_EDGE('',*,*,#2308,.T.);
#3028=ORIENTED_EDGE('',*,*,#2304,.F.);
#3029=ORIENTED_EDGE('',*,*,#2309,.T.);
#3030=ORIENTED_EDGE('',*,*,#2310,.T.);
#3031=ORIENTED_EDGE('',*,*,#2311,.T.);
#3032=ORIENTED_EDGE('',*,*,#2307,.F.);
#3033=ORIENTED_EDGE('',*,*,#2312,.T.);
#3034=ORIENTED_EDGE('',*,*,#2313,.T.);
#3035=ORIENTED_EDGE('',*,*,#2314,.T.);
#3036=ORIENTED_EDGE('',*,*,#2310,.F.);
#3037=ORIENTED_EDGE('',*,*,#2315,.T.);
#3038=ORIENTED_EDGE('',*,*,#2316,.T.);
#3039=ORIENTED_EDGE('',*,*,#2317,.T.);
#3040=ORIENTED_EDGE('',*,*,#2313,.F.);
#3041=ORIENTED_EDGE('',*,*,#2318,.T.);
#3042=ORIENTED_EDGE('',*,*,#2319,.T.);
#3043=ORIENTED_EDGE('',*,*,#2320,.T.);
#3044=ORIENTED_EDGE('',*,*,#2316,.F.);
#3045=ORIENTED_EDGE('',*,*,#2321,.T.);
#3046=ORIENTED_EDGE('',*,*,#2322,.T.);
#3047=ORIENTED_EDGE('',*,*,#2323,.T.);
#3048=ORIENTED_EDGE('',*,*,#2319,.F.);
#3049=ORIENTED_EDGE('',*,*,#2324,.T.);
#3050=ORIENTED_EDGE('',*,*,#2325,.T.);
#3051=ORIENTED_EDGE('',*,*,#2326,.T.);
#3052=ORIENTED_EDGE('',*,*,#2322,.F.);
#3053=ORIENTED_EDGE('',*,*,#2327,.T.);
#3054=ORIENTED_EDGE('',*,*,#2328,.T.);
#3055=ORIENTED_EDGE('',*,*,#2329,.T.);
#3056=ORIENTED_EDGE('',*,*,#2325,.F.);
#3057=ORIENTED_EDGE('',*,*,#2330,.T.);
#3058=ORIENTED_EDGE('',*,*,#2328,.F.);
#3059=ORIENTED_EDGE('',*,*,#2331,.T.);
#3060=ORIENTED_EDGE('',*,*,#2332,.F.);
#3061=ORIENTED_EDGE('',*,*,#2333,.F.);
#3062=ORIENTED_EDGE('',*,*,#2332,.T.);
#3063=ORIENTED_EDGE('',*,*,#2334,.T.);
#3064=ORIENTED_EDGE('',*,*,#2335,.F.);
#3065=ORIENTED_EDGE('',*,*,#2336,.T.);
#3066=ORIENTED_EDGE('',*,*,#2337,.F.);
#3067=ORIENTED_EDGE('',*,*,#2338,.F.);
#3068=ORIENTED_EDGE('',*,*,#2335,.T.);
#3069=ORIENTED_EDGE('',*,*,#2339,.T.);
#3070=ORIENTED_EDGE('',*,*,#2340,.F.);
#3071=ORIENTED_EDGE('',*,*,#2341,.F.);
#3072=ORIENTED_EDGE('',*,*,#2337,.T.);
#3073=ORIENTED_EDGE('',*,*,#2342,.T.);
#3074=ORIENTED_EDGE('',*,*,#2343,.F.);
#3075=ORIENTED_EDGE('',*,*,#2344,.F.);
#3076=ORIENTED_EDGE('',*,*,#2340,.T.);
#3077=ORIENTED_EDGE('',*,*,#2345,.T.);
#3078=ORIENTED_EDGE('',*,*,#2346,.F.);
#3079=ORIENTED_EDGE('',*,*,#2347,.F.);
#3080=ORIENTED_EDGE('',*,*,#2343,.T.);
#3081=ORIENTED_EDGE('',*,*,#2348,.T.);
#3082=ORIENTED_EDGE('',*,*,#2349,.F.);
#3083=ORIENTED_EDGE('',*,*,#2350,.F.);
#3084=ORIENTED_EDGE('',*,*,#2346,.T.);
#3085=ORIENTED_EDGE('',*,*,#2351,.F.);
#3086=ORIENTED_EDGE('',*,*,#2352,.F.);
#3087=ORIENTED_EDGE('',*,*,#2353,.T.);
#3088=ORIENTED_EDGE('',*,*,#2301,.F.);
#3089=ORIENTED_EDGE('',*,*,#2305,.F.);
#3090=ORIENTED_EDGE('',*,*,#2308,.F.);
#3091=ORIENTED_EDGE('',*,*,#2311,.F.);
#3092=ORIENTED_EDGE('',*,*,#2314,.F.);
#3093=ORIENTED_EDGE('',*,*,#2317,.F.);
#3094=ORIENTED_EDGE('',*,*,#2320,.F.);
#3095=ORIENTED_EDGE('',*,*,#2323,.F.);
#3096=ORIENTED_EDGE('',*,*,#2326,.F.);
#3097=ORIENTED_EDGE('',*,*,#2329,.F.);
#3098=ORIENTED_EDGE('',*,*,#2330,.F.);
#3099=ORIENTED_EDGE('',*,*,#2333,.T.);
#3100=ORIENTED_EDGE('',*,*,#2338,.T.);
#3101=ORIENTED_EDGE('',*,*,#2341,.T.);
#3102=ORIENTED_EDGE('',*,*,#2344,.T.);
#3103=ORIENTED_EDGE('',*,*,#2347,.T.);
#3104=ORIENTED_EDGE('',*,*,#2350,.T.);
#3105=ORIENTED_EDGE('',*,*,#2354,.T.);
#3106=ORIENTED_EDGE('',*,*,#2355,.F.);
#3107=ORIENTED_EDGE('',*,*,#2356,.F.);
#3108=ORIENTED_EDGE('',*,*,#2357,.F.);
#3109=ORIENTED_EDGE('',*,*,#2358,.F.);
#3110=ORIENTED_EDGE('',*,*,#2359,.F.);
#3111=ORIENTED_EDGE('',*,*,#2360,.F.);
#3112=ORIENTED_EDGE('',*,*,#2361,.F.);
#3113=ORIENTED_EDGE('',*,*,#2362,.F.);
#3114=ORIENTED_EDGE('',*,*,#2363,.F.);
#3115=ORIENTED_EDGE('',*,*,#2364,.F.);
#3116=ORIENTED_EDGE('',*,*,#2365,.F.);
#3117=ORIENTED_EDGE('',*,*,#2366,.T.);
#3118=ORIENTED_EDGE('',*,*,#2367,.F.);
#3119=ORIENTED_EDGE('',*,*,#2368,.F.);
#3120=ORIENTED_EDGE('',*,*,#2369,.F.);
#3121=ORIENTED_EDGE('',*,*,#2370,.F.);
#3122=ORIENTED_EDGE('',*,*,#2371,.F.);
#3123=ORIENTED_EDGE('',*,*,#2372,.F.);
#3124=ORIENTED_EDGE('',*,*,#2373,.F.);
#3125=ORIENTED_EDGE('',*,*,#2374,.F.);
#3126=ORIENTED_EDGE('',*,*,#2375,.F.);
#3127=ORIENTED_EDGE('',*,*,#2376,.F.);
#3128=ORIENTED_EDGE('',*,*,#2377,.F.);
#3129=ORIENTED_EDGE('',*,*,#2378,.T.);
#3130=ORIENTED_EDGE('',*,*,#2379,.F.);
#3131=ORIENTED_EDGE('',*,*,#2380,.F.);
#3132=ORIENTED_EDGE('',*,*,#2381,.F.);
#3133=ORIENTED_EDGE('',*,*,#2382,.F.);
#3134=ORIENTED_EDGE('',*,*,#2383,.F.);
#3135=ORIENTED_EDGE('',*,*,#2384,.T.);
#3136=ORIENTED_EDGE('',*,*,#2385,.F.);
#3137=ORIENTED_EDGE('',*,*,#2386,.F.);
#3138=ORIENTED_EDGE('',*,*,#2387,.F.);
#3139=ORIENTED_EDGE('',*,*,#2388,.F.);
#3140=ORIENTED_EDGE('',*,*,#2389,.F.);
#3141=ORIENTED_EDGE('',*,*,#2390,.F.);
#3142=ORIENTED_EDGE('',*,*,#2391,.F.);
#3143=ORIENTED_EDGE('',*,*,#2392,.F.);
#3144=ORIENTED_EDGE('',*,*,#2393,.F.);
#3145=ORIENTED_EDGE('',*,*,#2394,.F.);
#3146=ORIENTED_EDGE('',*,*,#2395,.F.);
#3147=ORIENTED_EDGE('',*,*,#2396,.T.);
#3148=ORIENTED_EDGE('',*,*,#2397,.F.);
#3149=ORIENTED_EDGE('',*,*,#2398,.F.);
#3150=ORIENTED_EDGE('',*,*,#2399,.F.);
#3151=ORIENTED_EDGE('',*,*,#2400,.F.);
#3152=ORIENTED_EDGE('',*,*,#2401,.F.);
#3153=ORIENTED_EDGE('',*,*,#2402,.F.);
#3154=ORIENTED_EDGE('',*,*,#2403,.F.);
#3155=ORIENTED_EDGE('',*,*,#2404,.F.);
#3156=ORIENTED_EDGE('',*,*,#2405,.F.);
#3157=ORIENTED_EDGE('',*,*,#2406,.F.);
#3158=ORIENTED_EDGE('',*,*,#2407,.F.);
#3159=ORIENTED_EDGE('',*,*,#2408,.T.);
#3160=ORIENTED_EDGE('',*,*,#2409,.F.);
#3161=ORIENTED_EDGE('',*,*,#2410,.F.);
#3162=ORIENTED_EDGE('',*,*,#2411,.F.);
#3163=ORIENTED_EDGE('',*,*,#2412,.F.);
#3164=ORIENTED_EDGE('',*,*,#2413,.F.);
#3165=ORIENTED_EDGE('',*,*,#2414,.F.);
#3166=ORIENTED_EDGE('',*,*,#2415,.F.);
#3167=ORIENTED_EDGE('',*,*,#2416,.F.);
#3168=ORIENTED_EDGE('',*,*,#2417,.F.);
#3169=ORIENTED_EDGE('',*,*,#2418,.F.);
#3170=ORIENTED_EDGE('',*,*,#2419,.F.);
#3171=ORIENTED_EDGE('',*,*,#2420,.F.);
#3172=ORIENTED_EDGE('',*,*,#2421,.F.);
#3173=ORIENTED_EDGE('',*,*,#2422,.F.);
#3174=ORIENTED_EDGE('',*,*,#2423,.F.);
#3175=ORIENTED_EDGE('',*,*,#2296,.F.);
#3176=ORIENTED_EDGE('',*,*,#2298,.F.);
#3177=ORIENTED_EDGE('',*,*,#2259,.F.);
#3178=ORIENTED_EDGE('',*,*,#2263,.F.);
#3179=ORIENTED_EDGE('',*,*,#2266,.F.);
#3180=ORIENTED_EDGE('',*,*,#2269,.F.);
#3181=ORIENTED_EDGE('',*,*,#2272,.F.);
#3182=ORIENTED_EDGE('',*,*,#2275,.F.);
#3183=ORIENTED_EDGE('',*,*,#2278,.F.);
#3184=ORIENTED_EDGE('',*,*,#2281,.F.);
#3185=ORIENTED_EDGE('',*,*,#2284,.F.);
#3186=ORIENTED_EDGE('',*,*,#2287,.F.);
#3187=ORIENTED_EDGE('',*,*,#2290,.F.);
#3188=ORIENTED_EDGE('',*,*,#2293,.F.);
#3189=ORIENTED_EDGE('',*,*,#2254,.F.);
#3190=ORIENTED_EDGE('',*,*,#2256,.F.);
#3191=ORIENTED_EDGE('',*,*,#2217,.F.);
#3192=ORIENTED_EDGE('',*,*,#2221,.F.);
#3193=ORIENTED_EDGE('',*,*,#2224,.F.);
#3194=ORIENTED_EDGE('',*,*,#2227,.F.);
#3195=ORIENTED_EDGE('',*,*,#2230,.F.);
#3196=ORIENTED_EDGE('',*,*,#2233,.F.);
#3197=ORIENTED_EDGE('',*,*,#2236,.F.);
#3198=ORIENTED_EDGE('',*,*,#2239,.F.);
#3199=ORIENTED_EDGE('',*,*,#2242,.F.);
#3200=ORIENTED_EDGE('',*,*,#2245,.F.);
#3201=ORIENTED_EDGE('',*,*,#2248,.F.);
#3202=ORIENTED_EDGE('',*,*,#2251,.F.);
#3203=ORIENTED_EDGE('',*,*,#2212,.F.);
#3204=ORIENTED_EDGE('',*,*,#2214,.F.);
#3205=ORIENTED_EDGE('',*,*,#2175,.F.);
#3206=ORIENTED_EDGE('',*,*,#2179,.F.);
#3207=ORIENTED_EDGE('',*,*,#2182,.F.);
#3208=ORIENTED_EDGE('',*,*,#2185,.F.);
#3209=ORIENTED_EDGE('',*,*,#2188,.F.);
#3210=ORIENTED_EDGE('',*,*,#2191,.F.);
#3211=ORIENTED_EDGE('',*,*,#2194,.F.);
#3212=ORIENTED_EDGE('',*,*,#2197,.F.);
#3213=ORIENTED_EDGE('',*,*,#2200,.F.);
#3214=ORIENTED_EDGE('',*,*,#2203,.F.);
#3215=ORIENTED_EDGE('',*,*,#2206,.F.);
#3216=ORIENTED_EDGE('',*,*,#2209,.F.);
#3217=ORIENTED_EDGE('',*,*,#2170,.F.);
#3218=ORIENTED_EDGE('',*,*,#2172,.F.);
#3219=ORIENTED_EDGE('',*,*,#2133,.F.);
#3220=ORIENTED_EDGE('',*,*,#2137,.F.);
#3221=ORIENTED_EDGE('',*,*,#2140,.F.);
#3222=ORIENTED_EDGE('',*,*,#2143,.F.);
#3223=ORIENTED_EDGE('',*,*,#2146,.F.);
#3224=ORIENTED_EDGE('',*,*,#2149,.F.);
#3225=ORIENTED_EDGE('',*,*,#2152,.F.);
#3226=ORIENTED_EDGE('',*,*,#2155,.F.);
#3227=ORIENTED_EDGE('',*,*,#2158,.F.);
#3228=ORIENTED_EDGE('',*,*,#2161,.F.);
#3229=ORIENTED_EDGE('',*,*,#2164,.F.);
#3230=ORIENTED_EDGE('',*,*,#2167,.F.);
#3231=ORIENTED_EDGE('',*,*,#2128,.F.);
#3232=ORIENTED_EDGE('',*,*,#2130,.F.);
#3233=ORIENTED_EDGE('',*,*,#2091,.F.);
#3234=ORIENTED_EDGE('',*,*,#2095,.F.);
#3235=ORIENTED_EDGE('',*,*,#2098,.F.);
#3236=ORIENTED_EDGE('',*,*,#2101,.F.);
#3237=ORIENTED_EDGE('',*,*,#2104,.F.);
#3238=ORIENTED_EDGE('',*,*,#2107,.F.);
#3239=ORIENTED_EDGE('',*,*,#2110,.F.);
#3240=ORIENTED_EDGE('',*,*,#2113,.F.);
#3241=ORIENTED_EDGE('',*,*,#2116,.F.);
#3242=ORIENTED_EDGE('',*,*,#2119,.F.);
#3243=ORIENTED_EDGE('',*,*,#2122,.F.);
#3244=ORIENTED_EDGE('',*,*,#2125,.F.);
#3245=ORIENTED_EDGE('',*,*,#2086,.F.);
#3246=ORIENTED_EDGE('',*,*,#2088,.F.);
#3247=ORIENTED_EDGE('',*,*,#2049,.F.);
#3248=ORIENTED_EDGE('',*,*,#2053,.F.);
#3249=ORIENTED_EDGE('',*,*,#2056,.F.);
#3250=ORIENTED_EDGE('',*,*,#2059,.F.);
#3251=ORIENTED_EDGE('',*,*,#2062,.F.);
#3252=ORIENTED_EDGE('',*,*,#2065,.F.);
#3253=ORIENTED_EDGE('',*,*,#2068,.F.);
#3254=ORIENTED_EDGE('',*,*,#2071,.F.);
#3255=ORIENTED_EDGE('',*,*,#2074,.F.);
#3256=ORIENTED_EDGE('',*,*,#2077,.F.);
#3257=ORIENTED_EDGE('',*,*,#2080,.F.);
#3258=ORIENTED_EDGE('',*,*,#2083,.F.);
#3259=ORIENTED_EDGE('',*,*,#2044,.F.);
#3260=ORIENTED_EDGE('',*,*,#2046,.F.);
#3261=ORIENTED_EDGE('',*,*,#2007,.F.);
#3262=ORIENTED_EDGE('',*,*,#2011,.F.);
#3263=ORIENTED_EDGE('',*,*,#2014,.F.);
#3264=ORIENTED_EDGE('',*,*,#2017,.F.);
#3265=ORIENTED_EDGE('',*,*,#2020,.F.);
#3266=ORIENTED_EDGE('',*,*,#2023,.F.);
#3267=ORIENTED_EDGE('',*,*,#2026,.F.);
#3268=ORIENTED_EDGE('',*,*,#2029,.F.);
#3269=ORIENTED_EDGE('',*,*,#2032,.F.);
#3270=ORIENTED_EDGE('',*,*,#2035,.F.);
#3271=ORIENTED_EDGE('',*,*,#2038,.F.);
#3272=ORIENTED_EDGE('',*,*,#2041,.F.);
#3273=ORIENTED_EDGE('',*,*,#2002,.F.);
#3274=ORIENTED_EDGE('',*,*,#2004,.F.);
#3275=ORIENTED_EDGE('',*,*,#1965,.F.);
#3276=ORIENTED_EDGE('',*,*,#1969,.F.);
#3277=ORIENTED_EDGE('',*,*,#1972,.F.);
#3278=ORIENTED_EDGE('',*,*,#1975,.F.);
#3279=ORIENTED_EDGE('',*,*,#1978,.F.);
#3280=ORIENTED_EDGE('',*,*,#1981,.F.);
#3281=ORIENTED_EDGE('',*,*,#1984,.F.);
#3282=ORIENTED_EDGE('',*,*,#1987,.F.);
#3283=ORIENTED_EDGE('',*,*,#1990,.F.);
#3284=ORIENTED_EDGE('',*,*,#1993,.F.);
#3285=ORIENTED_EDGE('',*,*,#1996,.F.);
#3286=ORIENTED_EDGE('',*,*,#1999,.F.);
#3287=ORIENTED_EDGE('',*,*,#2424,.F.);
#3288=ORIENTED_EDGE('',*,*,#2425,.F.);
#3289=ORIENTED_EDGE('',*,*,#2426,.F.);
#3290=ORIENTED_EDGE('',*,*,#2427,.F.);
#3291=ORIENTED_EDGE('',*,*,#2428,.F.);
#3292=ORIENTED_EDGE('',*,*,#2429,.F.);
#3293=ORIENTED_EDGE('',*,*,#2430,.F.);
#3294=ORIENTED_EDGE('',*,*,#2431,.F.);
#3295=ORIENTED_EDGE('',*,*,#2432,.F.);
#3296=ORIENTED_EDGE('',*,*,#2433,.F.);
#3297=ORIENTED_EDGE('',*,*,#2434,.F.);
#3298=ORIENTED_EDGE('',*,*,#2435,.F.);
#3299=ORIENTED_EDGE('',*,*,#2436,.F.);
#3300=ORIENTED_EDGE('',*,*,#2437,.F.);
#3301=ORIENTED_EDGE('',*,*,#2438,.F.);
#3302=ORIENTED_EDGE('',*,*,#2439,.F.);
#3303=ORIENTED_EDGE('',*,*,#2440,.F.);
#3304=ORIENTED_EDGE('',*,*,#2441,.F.);
#3305=ORIENTED_EDGE('',*,*,#2442,.F.);
#3306=ORIENTED_EDGE('',*,*,#2443,.F.);
#3307=ORIENTED_EDGE('',*,*,#2444,.F.);
#3308=ORIENTED_EDGE('',*,*,#2445,.F.);
#3309=ORIENTED_EDGE('',*,*,#2446,.F.);
#3310=ORIENTED_EDGE('',*,*,#2447,.F.);
#3311=ORIENTED_EDGE('',*,*,#2448,.F.);
#3312=ORIENTED_EDGE('',*,*,#2449,.F.);
#3313=ORIENTED_EDGE('',*,*,#2450,.F.);
#3314=ORIENTED_EDGE('',*,*,#2451,.F.);
#3315=ORIENTED_EDGE('',*,*,#2452,.F.);
#3316=ORIENTED_EDGE('',*,*,#2453,.F.);
#3317=ORIENTED_EDGE('',*,*,#2454,.F.);
#3318=ORIENTED_EDGE('',*,*,#2455,.F.);
#3319=ORIENTED_EDGE('',*,*,#2456,.F.);
#3320=ORIENTED_EDGE('',*,*,#2457,.F.);
#3321=ORIENTED_EDGE('',*,*,#2458,.F.);
#3322=ORIENTED_EDGE('',*,*,#2459,.F.);
#3323=ORIENTED_EDGE('',*,*,#2460,.F.);
#3324=ORIENTED_EDGE('',*,*,#2461,.F.);
#3325=ORIENTED_EDGE('',*,*,#2462,.F.);
#3326=ORIENTED_EDGE('',*,*,#2463,.F.);
#3327=ORIENTED_EDGE('',*,*,#2464,.F.);
#3328=ORIENTED_EDGE('',*,*,#2465,.F.);
#3329=ORIENTED_EDGE('',*,*,#2466,.F.);
#3330=ORIENTED_EDGE('',*,*,#2467,.F.);
#3331=ORIENTED_EDGE('',*,*,#2468,.F.);
#3332=ORIENTED_EDGE('',*,*,#2469,.F.);
#3333=ORIENTED_EDGE('',*,*,#2470,.F.);
#3334=ORIENTED_EDGE('',*,*,#2471,.F.);
#3335=ORIENTED_EDGE('',*,*,#2472,.F.);
#3336=ORIENTED_EDGE('',*,*,#2473,.F.);
#3337=ORIENTED_EDGE('',*,*,#2474,.F.);
#3338=ORIENTED_EDGE('',*,*,#2475,.F.);
#3339=ORIENTED_EDGE('',*,*,#2476,.F.);
#3340=ORIENTED_EDGE('',*,*,#2477,.F.);
#3341=ORIENTED_EDGE('',*,*,#2478,.F.);
#3342=ORIENTED_EDGE('',*,*,#2479,.F.);
#3343=ORIENTED_EDGE('',*,*,#2480,.F.);
#3344=ORIENTED_EDGE('',*,*,#2481,.F.);
#3345=ORIENTED_EDGE('',*,*,#2482,.F.);
#3346=ORIENTED_EDGE('',*,*,#2483,.F.);
#3347=ORIENTED_EDGE('',*,*,#2484,.F.);
#3348=ORIENTED_EDGE('',*,*,#2485,.F.);
#3349=ORIENTED_EDGE('',*,*,#2486,.F.);
#3350=ORIENTED_EDGE('',*,*,#2487,.F.);
#3351=ORIENTED_EDGE('',*,*,#2488,.F.);
#3352=ORIENTED_EDGE('',*,*,#2489,.F.);
#3353=ORIENTED_EDGE('',*,*,#2348,.F.);
#3354=ORIENTED_EDGE('',*,*,#2345,.F.);
#3355=ORIENTED_EDGE('',*,*,#2342,.F.);
#3356=ORIENTED_EDGE('',*,*,#2339,.F.);
#3357=ORIENTED_EDGE('',*,*,#2336,.F.);
#3358=ORIENTED_EDGE('',*,*,#2334,.F.);
#3359=ORIENTED_EDGE('',*,*,#2331,.F.);
#3360=ORIENTED_EDGE('',*,*,#2327,.F.);
#3361=ORIENTED_EDGE('',*,*,#2324,.F.);
#3362=ORIENTED_EDGE('',*,*,#2321,.F.);
#3363=ORIENTED_EDGE('',*,*,#2318,.F.);
#3364=ORIENTED_EDGE('',*,*,#2315,.F.);
#3365=ORIENTED_EDGE('',*,*,#2312,.F.);
#3366=ORIENTED_EDGE('',*,*,#2309,.F.);
#3367=ORIENTED_EDGE('',*,*,#2306,.F.);
#3368=ORIENTED_EDGE('',*,*,#2303,.F.);
#3369=ORIENTED_EDGE('',*,*,#2299,.F.);
#3370=ORIENTED_EDGE('',*,*,#2490,.F.);
#3371=ORIENTED_EDGE('',*,*,#2297,.F.);
#3372=ORIENTED_EDGE('',*,*,#2294,.F.);
#3373=ORIENTED_EDGE('',*,*,#2291,.F.);
#3374=ORIENTED_EDGE('',*,*,#2288,.F.);
#3375=ORIENTED_EDGE('',*,*,#2285,.F.);
#3376=ORIENTED_EDGE('',*,*,#2282,.F.);
#3377=ORIENTED_EDGE('',*,*,#2279,.F.);
#3378=ORIENTED_EDGE('',*,*,#2276,.F.);
#3379=ORIENTED_EDGE('',*,*,#2273,.F.);
#3380=ORIENTED_EDGE('',*,*,#2270,.F.);
#3381=ORIENTED_EDGE('',*,*,#2267,.F.);
#3382=ORIENTED_EDGE('',*,*,#2264,.F.);
#3383=ORIENTED_EDGE('',*,*,#2261,.F.);
#3384=ORIENTED_EDGE('',*,*,#2257,.F.);
#3385=ORIENTED_EDGE('',*,*,#2255,.F.);
#3386=ORIENTED_EDGE('',*,*,#2252,.F.);
#3387=ORIENTED_EDGE('',*,*,#2249,.F.);
#3388=ORIENTED_EDGE('',*,*,#2246,.F.);
#3389=ORIENTED_EDGE('',*,*,#2243,.F.);
#3390=ORIENTED_EDGE('',*,*,#2240,.F.);
#3391=ORIENTED_EDGE('',*,*,#2237,.F.);
#3392=ORIENTED_EDGE('',*,*,#2234,.F.);
#3393=ORIENTED_EDGE('',*,*,#2231,.F.);
#3394=ORIENTED_EDGE('',*,*,#2228,.F.);
#3395=ORIENTED_EDGE('',*,*,#2225,.F.);
#3396=ORIENTED_EDGE('',*,*,#2222,.F.);
#3397=ORIENTED_EDGE('',*,*,#2219,.F.);
#3398=ORIENTED_EDGE('',*,*,#2215,.F.);
#3399=ORIENTED_EDGE('',*,*,#2213,.F.);
#3400=ORIENTED_EDGE('',*,*,#2210,.F.);
#3401=ORIENTED_EDGE('',*,*,#2207,.F.);
#3402=ORIENTED_EDGE('',*,*,#2204,.F.);
#3403=ORIENTED_EDGE('',*,*,#2201,.F.);
#3404=ORIENTED_EDGE('',*,*,#2198,.F.);
#3405=ORIENTED_EDGE('',*,*,#2195,.F.);
#3406=ORIENTED_EDGE('',*,*,#2192,.F.);
#3407=ORIENTED_EDGE('',*,*,#2189,.F.);
#3408=ORIENTED_EDGE('',*,*,#2186,.F.);
#3409=ORIENTED_EDGE('',*,*,#2183,.F.);
#3410=ORIENTED_EDGE('',*,*,#2180,.F.);
#3411=ORIENTED_EDGE('',*,*,#2177,.F.);
#3412=ORIENTED_EDGE('',*,*,#2173,.F.);
#3413=ORIENTED_EDGE('',*,*,#2171,.F.);
#3414=ORIENTED_EDGE('',*,*,#2168,.F.);
#3415=ORIENTED_EDGE('',*,*,#2165,.F.);
#3416=ORIENTED_EDGE('',*,*,#2162,.F.);
#3417=ORIENTED_EDGE('',*,*,#2159,.F.);
#3418=ORIENTED_EDGE('',*,*,#2156,.F.);
#3419=ORIENTED_EDGE('',*,*,#2153,.F.);
#3420=ORIENTED_EDGE('',*,*,#2150,.F.);
#3421=ORIENTED_EDGE('',*,*,#2147,.F.);
#3422=ORIENTED_EDGE('',*,*,#2144,.F.);
#3423=ORIENTED_EDGE('',*,*,#2141,.F.);
#3424=ORIENTED_EDGE('',*,*,#2138,.F.);
#3425=ORIENTED_EDGE('',*,*,#2135,.F.);
#3426=ORIENTED_EDGE('',*,*,#2131,.F.);
#3427=ORIENTED_EDGE('',*,*,#2129,.F.);
#3428=ORIENTED_EDGE('',*,*,#2126,.F.);
#3429=ORIENTED_EDGE('',*,*,#2123,.F.);
#3430=ORIENTED_EDGE('',*,*,#2120,.F.);
#3431=ORIENTED_EDGE('',*,*,#2117,.F.);
#3432=ORIENTED_EDGE('',*,*,#2114,.F.);
#3433=ORIENTED_EDGE('',*,*,#2111,.F.);
#3434=ORIENTED_EDGE('',*,*,#2108,.F.);
#3435=ORIENTED_EDGE('',*,*,#2105,.F.);
#3436=ORIENTED_EDGE('',*,*,#2102,.F.);
#3437=ORIENTED_EDGE('',*,*,#2099,.F.);
#3438=ORIENTED_EDGE('',*,*,#2096,.F.);
#3439=ORIENTED_EDGE('',*,*,#2093,.F.);
#3440=ORIENTED_EDGE('',*,*,#2089,.F.);
#3441=ORIENTED_EDGE('',*,*,#2087,.F.);
#3442=ORIENTED_EDGE('',*,*,#2084,.F.);
#3443=ORIENTED_EDGE('',*,*,#2081,.F.);
#3444=ORIENTED_EDGE('',*,*,#2078,.F.);
#3445=ORIENTED_EDGE('',*,*,#2075,.F.);
#3446=ORIENTED_EDGE('',*,*,#2072,.F.);
#3447=ORIENTED_EDGE('',*,*,#2069,.F.);
#3448=ORIENTED_EDGE('',*,*,#2066,.F.);
#3449=ORIENTED_EDGE('',*,*,#2063,.F.);
#3450=ORIENTED_EDGE('',*,*,#2060,.F.);
#3451=ORIENTED_EDGE('',*,*,#2057,.F.);
#3452=ORIENTED_EDGE('',*,*,#2054,.F.);
#3453=ORIENTED_EDGE('',*,*,#2051,.F.);
#3454=ORIENTED_EDGE('',*,*,#2047,.F.);
#3455=ORIENTED_EDGE('',*,*,#2045,.F.);
#3456=ORIENTED_EDGE('',*,*,#2042,.F.);
#3457=ORIENTED_EDGE('',*,*,#2039,.F.);
#3458=ORIENTED_EDGE('',*,*,#2036,.F.);
#3459=ORIENTED_EDGE('',*,*,#2033,.F.);
#3460=ORIENTED_EDGE('',*,*,#2030,.F.);
#3461=ORIENTED_EDGE('',*,*,#2027,.F.);
#3462=ORIENTED_EDGE('',*,*,#2024,.F.);
#3463=ORIENTED_EDGE('',*,*,#2021,.F.);
#3464=ORIENTED_EDGE('',*,*,#2018,.F.);
#3465=ORIENTED_EDGE('',*,*,#2015,.F.);
#3466=ORIENTED_EDGE('',*,*,#2012,.F.);
#3467=ORIENTED_EDGE('',*,*,#2009,.F.);
#3468=ORIENTED_EDGE('',*,*,#2005,.F.);
#3469=ORIENTED_EDGE('',*,*,#2003,.F.);
#3470=ORIENTED_EDGE('',*,*,#2000,.F.);
#3471=ORIENTED_EDGE('',*,*,#1997,.F.);
#3472=ORIENTED_EDGE('',*,*,#1994,.F.);
#3473=ORIENTED_EDGE('',*,*,#1991,.F.);
#3474=ORIENTED_EDGE('',*,*,#1988,.F.);
#3475=ORIENTED_EDGE('',*,*,#1985,.F.);
#3476=ORIENTED_EDGE('',*,*,#1982,.F.);
#3477=ORIENTED_EDGE('',*,*,#1979,.F.);
#3478=ORIENTED_EDGE('',*,*,#1976,.F.);
#3479=ORIENTED_EDGE('',*,*,#1973,.F.);
#3480=ORIENTED_EDGE('',*,*,#1970,.F.);
#3481=ORIENTED_EDGE('',*,*,#1967,.F.);
#3482=ORIENTED_EDGE('',*,*,#1963,.F.);
#3483=ORIENTED_EDGE('',*,*,#2491,.F.);
#3484=ORIENTED_EDGE('',*,*,#2492,.F.);
#3485=ORIENTED_EDGE('',*,*,#2493,.F.);
#3486=ORIENTED_EDGE('',*,*,#2494,.F.);
#3487=ORIENTED_EDGE('',*,*,#2495,.F.);
#3488=ORIENTED_EDGE('',*,*,#2496,.F.);
#3489=ORIENTED_EDGE('',*,*,#2459,.T.);
#3490=ORIENTED_EDGE('',*,*,#2497,.T.);
#3491=ORIENTED_EDGE('',*,*,#2384,.F.);
#3492=ORIENTED_EDGE('',*,*,#2498,.T.);
#3493=ORIENTED_EDGE('',*,*,#2447,.T.);
#3494=ORIENTED_EDGE('',*,*,#2499,.T.);
#3495=ORIENTED_EDGE('',*,*,#2396,.F.);
#3496=ORIENTED_EDGE('',*,*,#2500,.T.);
#3497=ORIENTED_EDGE('',*,*,#2435,.T.);
#3498=ORIENTED_EDGE('',*,*,#2501,.T.);
#3499=ORIENTED_EDGE('',*,*,#2408,.F.);
#3500=ORIENTED_EDGE('',*,*,#2502,.T.);
#3501=ORIENTED_EDGE('',*,*,#2353,.F.);
#3502=ORIENTED_EDGE('',*,*,#2503,.T.);
#3503=ORIENTED_EDGE('',*,*,#2490,.T.);
#3504=ORIENTED_EDGE('',*,*,#2302,.T.);
#3505=ORIENTED_EDGE('',*,*,#2489,.T.);
#3506=ORIENTED_EDGE('',*,*,#2504,.T.);
#3507=ORIENTED_EDGE('',*,*,#2354,.F.);
#3508=ORIENTED_EDGE('',*,*,#2349,.T.);
#3509=ORIENTED_EDGE('',*,*,#2477,.T.);
#3510=ORIENTED_EDGE('',*,*,#2505,.T.);
#3511=ORIENTED_EDGE('',*,*,#2366,.F.);
#3512=ORIENTED_EDGE('',*,*,#2506,.T.);
#3513=ORIENTED_EDGE('',*,*,#2465,.T.);
#3514=ORIENTED_EDGE('',*,*,#2507,.T.);
#3515=ORIENTED_EDGE('',*,*,#2378,.F.);
#3516=ORIENTED_EDGE('',*,*,#2508,.T.);
#3517=ORIENTED_EDGE('',*,*,#2365,.T.);
#3518=ORIENTED_EDGE('',*,*,#2509,.F.);
#3519=ORIENTED_EDGE('',*,*,#2478,.T.);
#3520=ORIENTED_EDGE('',*,*,#2506,.F.);
#3521=ORIENTED_EDGE('',*,*,#2488,.T.);
#3522=ORIENTED_EDGE('',*,*,#2510,.T.);
#3523=ORIENTED_EDGE('',*,*,#2355,.T.);
#3524=ORIENTED_EDGE('',*,*,#2504,.F.);
#3525=ORIENTED_EDGE('',*,*,#2487,.T.);
#3526=ORIENTED_EDGE('',*,*,#2511,.T.);
#3527=ORIENTED_EDGE('',*,*,#2356,.T.);
#3528=ORIENTED_EDGE('',*,*,#2510,.F.);
#3529=ORIENTED_EDGE('',*,*,#2486,.T.);
#3530=ORIENTED_EDGE('',*,*,#2512,.T.);
#3531=ORIENTED_EDGE('',*,*,#2357,.T.);
#3532=ORIENTED_EDGE('',*,*,#2511,.F.);
#3533=ORIENTED_EDGE('',*,*,#2485,.T.);
#3534=ORIENTED_EDGE('',*,*,#2513,.T.);
#3535=ORIENTED_EDGE('',*,*,#2358,.T.);
#3536=ORIENTED_EDGE('',*,*,#2512,.F.);
#3537=ORIENTED_EDGE('',*,*,#2484,.T.);
#3538=ORIENTED_EDGE('',*,*,#2514,.T.);
#3539=ORIENTED_EDGE('',*,*,#2359,.T.);
#3540=ORIENTED_EDGE('',*,*,#2513,.F.);
#3541=ORIENTED_EDGE('',*,*,#2483,.T.);
#3542=ORIENTED_EDGE('',*,*,#2515,.T.);
#3543=ORIENTED_EDGE('',*,*,#2360,.T.);
#3544=ORIENTED_EDGE('',*,*,#2514,.F.);
#3545=ORIENTED_EDGE('',*,*,#2482,.T.);
#3546=ORIENTED_EDGE('',*,*,#2516,.T.);
#3547=ORIENTED_EDGE('',*,*,#2361,.T.);
#3548=ORIENTED_EDGE('',*,*,#2515,.F.);
#3549=ORIENTED_EDGE('',*,*,#2481,.T.);
#3550=ORIENTED_EDGE('',*,*,#2517,.T.);
#3551=ORIENTED_EDGE('',*,*,#2362,.T.);
#3552=ORIENTED_EDGE('',*,*,#2516,.F.);
#3553=ORIENTED_EDGE('',*,*,#2480,.T.);
#3554=ORIENTED_EDGE('',*,*,#2518,.T.);
#3555=ORIENTED_EDGE('',*,*,#2363,.T.);
#3556=ORIENTED_EDGE('',*,*,#2517,.F.);
#3557=ORIENTED_EDGE('',*,*,#2479,.T.);
#3558=ORIENTED_EDGE('',*,*,#2509,.T.);
#3559=ORIENTED_EDGE('',*,*,#2364,.T.);
#3560=ORIENTED_EDGE('',*,*,#2518,.F.);
#3561=ORIENTED_EDGE('',*,*,#2377,.T.);
#3562=ORIENTED_EDGE('',*,*,#2519,.F.);
#3563=ORIENTED_EDGE('',*,*,#2466,.T.);
#3564=ORIENTED_EDGE('',*,*,#2508,.F.);
#3565=ORIENTED_EDGE('',*,*,#2476,.T.);
#3566=ORIENTED_EDGE('',*,*,#2520,.T.);
#3567=ORIENTED_EDGE('',*,*,#2367,.T.);
#3568=ORIENTED_EDGE('',*,*,#2505,.F.);
#3569=ORIENTED_EDGE('',*,*,#2475,.T.);
#3570=ORIENTED_EDGE('',*,*,#2521,.T.);
#3571=ORIENTED_EDGE('',*,*,#2368,.T.);
#3572=ORIENTED_EDGE('',*,*,#2520,.F.);
#3573=ORIENTED_EDGE('',*,*,#2474,.T.);
#3574=ORIENTED_EDGE('',*,*,#2522,.T.);
#3575=ORIENTED_EDGE('',*,*,#2369,.T.);
#3576=ORIENTED_EDGE('',*,*,#2521,.F.);
#3577=ORIENTED_EDGE('',*,*,#2473,.T.);
#3578=ORIENTED_EDGE('',*,*,#2523,.T.);
#3579=ORIENTED_EDGE('',*,*,#2370,.T.);
#3580=ORIENTED_EDGE('',*,*,#2522,.F.);
#3581=ORIENTED_EDGE('',*,*,#2472,.T.);
#3582=ORIENTED_EDGE('',*,*,#2524,.T.);
#3583=ORIENTED_EDGE('',*,*,#2371,.T.);
#3584=ORIENTED_EDGE('',*,*,#2523,.F.);
#3585=ORIENTED_EDGE('',*,*,#2471,.T.);
#3586=ORIENTED_EDGE('',*,*,#2525,.T.);
#3587=ORIENTED_EDGE('',*,*,#2372,.T.);
#3588=ORIENTED_EDGE('',*,*,#2524,.F.);
#3589=ORIENTED_EDGE('',*,*,#2470,.T.);
#3590=ORIENTED_EDGE('',*,*,#2526,.T.);
#3591=ORIENTED_EDGE('',*,*,#2373,.T.);
#3592=ORIENTED_EDGE('',*,*,#2525,.F.);
#3593=ORIENTED_EDGE('',*,*,#2469,.T.);
#3594=ORIENTED_EDGE('',*,*,#2527,.T.);
#3595=ORIENTED_EDGE('',*,*,#2374,.T.);
#3596=ORIENTED_EDGE('',*,*,#2526,.F.);
#3597=ORIENTED_EDGE('',*,*,#2468,.T.);
#3598=ORIENTED_EDGE('',*,*,#2528,.T.);
#3599=ORIENTED_EDGE('',*,*,#2375,.T.);
#3600=ORIENTED_EDGE('',*,*,#2527,.F.);
#3601=ORIENTED_EDGE('',*,*,#2467,.T.);
#3602=ORIENTED_EDGE('',*,*,#2519,.T.);
#3603=ORIENTED_EDGE('',*,*,#2376,.T.);
#3604=ORIENTED_EDGE('',*,*,#2528,.F.);
#3605=ORIENTED_EDGE('',*,*,#2383,.T.);
#3606=ORIENTED_EDGE('',*,*,#2529,.F.);
#3607=ORIENTED_EDGE('',*,*,#2460,.T.);
#3608=ORIENTED_EDGE('',*,*,#2498,.F.);
#3609=ORIENTED_EDGE('',*,*,#2461,.T.);
#3610=ORIENTED_EDGE('',*,*,#2529,.T.);
#3611=ORIENTED_EDGE('',*,*,#2382,.T.);
#3612=ORIENTED_EDGE('',*,*,#2530,.F.);
#3613=ORIENTED_EDGE('',*,*,#2462,.T.);
#3614=ORIENTED_EDGE('',*,*,#2530,.T.);
#3615=ORIENTED_EDGE('',*,*,#2381,.T.);
#3616=ORIENTED_EDGE('',*,*,#2531,.F.);
#3617=ORIENTED_EDGE('',*,*,#2464,.T.);
#3618=ORIENTED_EDGE('',*,*,#2532,.T.);
#3619=ORIENTED_EDGE('',*,*,#2379,.T.);
#3620=ORIENTED_EDGE('',*,*,#2507,.F.);
#3621=ORIENTED_EDGE('',*,*,#2463,.T.);
#3622=ORIENTED_EDGE('',*,*,#2531,.T.);
#3623=ORIENTED_EDGE('',*,*,#2380,.T.);
#3624=ORIENTED_EDGE('',*,*,#2532,.F.);
#3625=ORIENTED_EDGE('',*,*,#2395,.T.);
#3626=ORIENTED_EDGE('',*,*,#2533,.F.);
#3627=ORIENTED_EDGE('',*,*,#2448,.T.);
#3628=ORIENTED_EDGE('',*,*,#2500,.F.);
#3629=ORIENTED_EDGE('',*,*,#2458,.T.);
#3630=ORIENTED_EDGE('',*,*,#2534,.T.);
#3631=ORIENTED_EDGE('',*,*,#2385,.T.);
#3632=ORIENTED_EDGE('',*,*,#2497,.F.);
#3633=ORIENTED_EDGE('',*,*,#2451,.T.);
#3634=ORIENTED_EDGE('',*,*,#2535,.T.);
#3635=ORIENTED_EDGE('',*,*,#2392,.T.);
#3636=ORIENTED_EDGE('',*,*,#2536,.F.);
#3637=ORIENTED_EDGE('',*,*,#2450,.T.);
#3638=ORIENTED_EDGE('',*,*,#2537,.T.);
#3639=ORIENTED_EDGE('',*,*,#2393,.T.);
#3640=ORIENTED_EDGE('',*,*,#2535,.F.);
#3641=ORIENTED_EDGE('',*,*,#2449,.T.);
#3642=ORIENTED_EDGE('',*,*,#2533,.T.);
#3643=ORIENTED_EDGE('',*,*,#2394,.T.);
#3644=ORIENTED_EDGE('',*,*,#2537,.F.);
#3645=ORIENTED_EDGE('',*,*,#2457,.T.);
#3646=ORIENTED_EDGE('',*,*,#2538,.T.);
#3647=ORIENTED_EDGE('',*,*,#2386,.T.);
#3648=ORIENTED_EDGE('',*,*,#2534,.F.);
#3649=ORIENTED_EDGE('',*,*,#2456,.T.);
#3650=ORIENTED_EDGE('',*,*,#2539,.T.);
#3651=ORIENTED_EDGE('',*,*,#2387,.T.);
#3652=ORIENTED_EDGE('',*,*,#2538,.F.);
#3653=ORIENTED_EDGE('',*,*,#2455,.T.);
#3654=ORIENTED_EDGE('',*,*,#2540,.T.);
#3655=ORIENTED_EDGE('',*,*,#2388,.T.);
#3656=ORIENTED_EDGE('',*,*,#2539,.F.);
#3657=ORIENTED_EDGE('',*,*,#2454,.T.);
#3658=ORIENTED_EDGE('',*,*,#2541,.T.);
#3659=ORIENTED_EDGE('',*,*,#2389,.T.);
#3660=ORIENTED_EDGE('',*,*,#2540,.F.);
#3661=ORIENTED_EDGE('',*,*,#2453,.T.);
#3662=ORIENTED_EDGE('',*,*,#2542,.T.);
#3663=ORIENTED_EDGE('',*,*,#2390,.T.);
#3664=ORIENTED_EDGE('',*,*,#2541,.F.);
#3665=ORIENTED_EDGE('',*,*,#2452,.T.);
#3666=ORIENTED_EDGE('',*,*,#2536,.T.);
#3667=ORIENTED_EDGE('',*,*,#2391,.T.);
#3668=ORIENTED_EDGE('',*,*,#2542,.F.);
#3669=ORIENTED_EDGE('',*,*,#2407,.T.);
#3670=ORIENTED_EDGE('',*,*,#2543,.F.);
#3671=ORIENTED_EDGE('',*,*,#2436,.T.);
#3672=ORIENTED_EDGE('',*,*,#2502,.F.);
#3673=ORIENTED_EDGE('',*,*,#2446,.T.);
#3674=ORIENTED_EDGE('',*,*,#2544,.T.);
#3675=ORIENTED_EDGE('',*,*,#2397,.T.);
#3676=ORIENTED_EDGE('',*,*,#2499,.F.);
#3677=ORIENTED_EDGE('',*,*,#2439,.T.);
#3678=ORIENTED_EDGE('',*,*,#2545,.T.);
#3679=ORIENTED_EDGE('',*,*,#2404,.T.);
#3680=ORIENTED_EDGE('',*,*,#2546,.F.);
#3681=ORIENTED_EDGE('',*,*,#2438,.T.);
#3682=ORIENTED_EDGE('',*,*,#2547,.T.);
#3683=ORIENTED_EDGE('',*,*,#2405,.T.);
#3684=ORIENTED_EDGE('',*,*,#2545,.F.);
#3685=ORIENTED_EDGE('',*,*,#2437,.T.);
#3686=ORIENTED_EDGE('',*,*,#2543,.T.);
#3687=ORIENTED_EDGE('',*,*,#2406,.T.);
#3688=ORIENTED_EDGE('',*,*,#2547,.F.);
#3689=ORIENTED_EDGE('',*,*,#2445,.T.);
#3690=ORIENTED_EDGE('',*,*,#2548,.T.);
#3691=ORIENTED_EDGE('',*,*,#2398,.T.);
#3692=ORIENTED_EDGE('',*,*,#2544,.F.);
#3693=ORIENTED_EDGE('',*,*,#2444,.T.);
#3694=ORIENTED_EDGE('',*,*,#2549,.T.);
#3695=ORIENTED_EDGE('',*,*,#2399,.T.);
#3696=ORIENTED_EDGE('',*,*,#2548,.F.);
#3697=ORIENTED_EDGE('',*,*,#2443,.T.);
#3698=ORIENTED_EDGE('',*,*,#2550,.T.);
#3699=ORIENTED_EDGE('',*,*,#2400,.T.);
#3700=ORIENTED_EDGE('',*,*,#2549,.F.);
#3701=ORIENTED_EDGE('',*,*,#2442,.T.);
#3702=ORIENTED_EDGE('',*,*,#2551,.T.);
#3703=ORIENTED_EDGE('',*,*,#2401,.T.);
#3704=ORIENTED_EDGE('',*,*,#2550,.F.);
#3705=ORIENTED_EDGE('',*,*,#2441,.T.);
#3706=ORIENTED_EDGE('',*,*,#2552,.T.);
#3707=ORIENTED_EDGE('',*,*,#2402,.T.);
#3708=ORIENTED_EDGE('',*,*,#2551,.F.);
#3709=ORIENTED_EDGE('',*,*,#2440,.T.);
#3710=ORIENTED_EDGE('',*,*,#2546,.T.);
#3711=ORIENTED_EDGE('',*,*,#2403,.T.);
#3712=ORIENTED_EDGE('',*,*,#2552,.F.);
#3713=ORIENTED_EDGE('',*,*,#2352,.T.);
#3714=ORIENTED_EDGE('',*,*,#2553,.F.);
#3715=ORIENTED_EDGE('',*,*,#2424,.T.);
#3716=ORIENTED_EDGE('',*,*,#2503,.F.);
#3717=ORIENTED_EDGE('',*,*,#2434,.T.);
#3718=ORIENTED_EDGE('',*,*,#2554,.T.);
#3719=ORIENTED_EDGE('',*,*,#2409,.T.);
#3720=ORIENTED_EDGE('',*,*,#2501,.F.);
#3721=ORIENTED_EDGE('',*,*,#2427,.T.);
#3722=ORIENTED_EDGE('',*,*,#2555,.T.);
#3723=ORIENTED_EDGE('',*,*,#2416,.T.);
#3724=ORIENTED_EDGE('',*,*,#2556,.F.);
#3725=ORIENTED_EDGE('',*,*,#2426,.T.);
#3726=ORIENTED_EDGE('',*,*,#2557,.T.);
#3727=ORIENTED_EDGE('',*,*,#2417,.T.);
#3728=ORIENTED_EDGE('',*,*,#2555,.F.);
#3729=ORIENTED_EDGE('',*,*,#2425,.T.);
#3730=ORIENTED_EDGE('',*,*,#2553,.T.);
#3731=ORIENTED_EDGE('',*,*,#2351,.T.);
#3732=ORIENTED_EDGE('',*,*,#2557,.F.);
#3733=ORIENTED_EDGE('',*,*,#2433,.T.);
#3734=ORIENTED_EDGE('',*,*,#2558,.T.);
#3735=ORIENTED_EDGE('',*,*,#2410,.T.);
#3736=ORIENTED_EDGE('',*,*,#2554,.F.);
#3737=ORIENTED_EDGE('',*,*,#2432,.T.);
#3738=ORIENTED_EDGE('',*,*,#2559,.T.);
#3739=ORIENTED_EDGE('',*,*,#2411,.T.);
#3740=ORIENTED_EDGE('',*,*,#2558,.F.);
#3741=ORIENTED_EDGE('',*,*,#2431,.T.);
#3742=ORIENTED_EDGE('',*,*,#2560,.T.);
#3743=ORIENTED_EDGE('',*,*,#2412,.T.);
#3744=ORIENTED_EDGE('',*,*,#2559,.F.);
#3745=ORIENTED_EDGE('',*,*,#2430,.T.);
#3746=ORIENTED_EDGE('',*,*,#2561,.T.);
#3747=ORIENTED_EDGE('',*,*,#2413,.T.);
#3748=ORIENTED_EDGE('',*,*,#2560,.F.);
#3749=ORIENTED_EDGE('',*,*,#2429,.T.);
#3750=ORIENTED_EDGE('',*,*,#2562,.T.);
#3751=ORIENTED_EDGE('',*,*,#2414,.T.);
#3752=ORIENTED_EDGE('',*,*,#2561,.F.);
#3753=ORIENTED_EDGE('',*,*,#2428,.T.);
#3754=ORIENTED_EDGE('',*,*,#2556,.T.);
#3755=ORIENTED_EDGE('',*,*,#2415,.T.);
#3756=ORIENTED_EDGE('',*,*,#2562,.F.);
#3757=ORIENTED_EDGE('',*,*,#2496,.T.);
#3758=ORIENTED_EDGE('',*,*,#2563,.T.);
#3759=ORIENTED_EDGE('',*,*,#2423,.T.);
#3760=ORIENTED_EDGE('',*,*,#2563,.F.);
#3761=ORIENTED_EDGE('',*,*,#2495,.T.);
#3762=ORIENTED_EDGE('',*,*,#2564,.T.);
#3763=ORIENTED_EDGE('',*,*,#2422,.T.);
#3764=ORIENTED_EDGE('',*,*,#2564,.F.);
#3765=ORIENTED_EDGE('',*,*,#2494,.T.);
#3766=ORIENTED_EDGE('',*,*,#2565,.T.);
#3767=ORIENTED_EDGE('',*,*,#2421,.T.);
#3768=ORIENTED_EDGE('',*,*,#2565,.F.);
#3769=ORIENTED_EDGE('',*,*,#2493,.T.);
#3770=ORIENTED_EDGE('',*,*,#2566,.T.);
#3771=ORIENTED_EDGE('',*,*,#2420,.T.);
#3772=ORIENTED_EDGE('',*,*,#2566,.F.);
#3773=ORIENTED_EDGE('',*,*,#2492,.T.);
#3774=ORIENTED_EDGE('',*,*,#2567,.T.);
#3775=ORIENTED_EDGE('',*,*,#2419,.T.);
#3776=ORIENTED_EDGE('',*,*,#2567,.F.);
#3777=ORIENTED_EDGE('',*,*,#2491,.T.);
#3778=ORIENTED_EDGE('',*,*,#2568,.T.);
#3779=ORIENTED_EDGE('',*,*,#2418,.T.);
#3780=ORIENTED_EDGE('',*,*,#2568,.F.);
#3781=CYLINDRICAL_SURFACE('',#4111,7.);
#3782=CYLINDRICAL_SURFACE('',#4114,0.500000000000004);
#3783=CYLINDRICAL_SURFACE('',#4118,0.5);
#3784=CYLINDRICAL_SURFACE('',#4122,0.5);
#3785=CYLINDRICAL_SURFACE('',#4126,0.5);
#3786=CYLINDRICAL_SURFACE('',#4130,0.5);
#3787=CYLINDRICAL_SURFACE('',#4134,0.499999999999999);
#3788=CYLINDRICAL_SURFACE('',#4138,0.499999999999999);
#3789=CYLINDRICAL_SURFACE('',#4141,7.);
#3790=CYLINDRICAL_SURFACE('',#4144,0.500000000000004);
#3791=CYLINDRICAL_SURFACE('',#4148,0.5);
#3792=CYLINDRICAL_SURFACE('',#4152,0.5);
#3793=CYLINDRICAL_SURFACE('',#4156,0.5);
#3794=CYLINDRICAL_SURFACE('',#4160,0.5);
#3795=CYLINDRICAL_SURFACE('',#4164,0.499999999999999);
#3796=CYLINDRICAL_SURFACE('',#4168,0.499999999999999);
#3797=CYLINDRICAL_SURFACE('',#4171,7.);
#3798=CYLINDRICAL_SURFACE('',#4174,0.500000000000004);
#3799=CYLINDRICAL_SURFACE('',#4178,0.5);
#3800=CYLINDRICAL_SURFACE('',#4182,0.5);
#3801=CYLINDRICAL_SURFACE('',#4186,0.5);
#3802=CYLINDRICAL_SURFACE('',#4190,0.5);
#3803=CYLINDRICAL_SURFACE('',#4194,0.499999999999999);
#3804=CYLINDRICAL_SURFACE('',#4198,0.499999999999999);
#3805=CYLINDRICAL_SURFACE('',#4201,7.);
#3806=CYLINDRICAL_SURFACE('',#4204,0.500000000000004);
#3807=CYLINDRICAL_SURFACE('',#4208,0.5);
#3808=CYLINDRICAL_SURFACE('',#4212,0.5);
#3809=CYLINDRICAL_SURFACE('',#4216,0.5);
#3810=CYLINDRICAL_SURFACE('',#4220,0.5);
#3811=CYLINDRICAL_SURFACE('',#4224,0.499999999999999);
#3812=CYLINDRICAL_SURFACE('',#4228,0.499999999999999);
#3813=CYLINDRICAL_SURFACE('',#4231,7.);
#3814=CYLINDRICAL_SURFACE('',#4234,0.500000000000004);
#3815=CYLINDRICAL_SURFACE('',#4238,0.5);
#3816=CYLINDRICAL_SURFACE('',#4242,0.5);
#3817=CYLINDRICAL_SURFACE('',#4246,0.5);
#3818=CYLINDRICAL_SURFACE('',#4250,0.5);
#3819=CYLINDRICAL_SURFACE('',#4254,0.499999999999999);
#3820=CYLINDRICAL_SURFACE('',#4258,0.499999999999999);
#3821=CYLINDRICAL_SURFACE('',#4261,7.);
#3822=CYLINDRICAL_SURFACE('',#4264,0.500000000000004);
#3823=CYLINDRICAL_SURFACE('',#4268,0.5);
#3824=CYLINDRICAL_SURFACE('',#4272,0.5);
#3825=CYLINDRICAL_SURFACE('',#4276,0.5);
#3826=CYLINDRICAL_SURFACE('',#4280,0.5);
#3827=CYLINDRICAL_SURFACE('',#4284,0.499999999999999);
#3828=CYLINDRICAL_SURFACE('',#4288,0.499999999999999);
#3829=CYLINDRICAL_SURFACE('',#4291,7.);
#3830=CYLINDRICAL_SURFACE('',#4294,0.500000000000004);
#3831=CYLINDRICAL_SURFACE('',#4298,0.5);
#3832=CYLINDRICAL_SURFACE('',#4302,0.5);
#3833=CYLINDRICAL_SURFACE('',#4306,0.5);
#3834=CYLINDRICAL_SURFACE('',#4310,0.5);
#3835=CYLINDRICAL_SURFACE('',#4314,0.499999999999999);
#3836=CYLINDRICAL_SURFACE('',#4318,0.499999999999999);
#3837=CYLINDRICAL_SURFACE('',#4321,7.);
#3838=CYLINDRICAL_SURFACE('',#4324,0.500000000000004);
#3839=CYLINDRICAL_SURFACE('',#4328,0.5);
#3840=CYLINDRICAL_SURFACE('',#4332,0.5);
#3841=CYLINDRICAL_SURFACE('',#4336,0.5);
#3842=CYLINDRICAL_SURFACE('',#4340,0.5);
#3843=CYLINDRICAL_SURFACE('',#4344,0.499999999999999);
#3844=CYLINDRICAL_SURFACE('',#4348,0.499999999999999);
#3845=CYLINDRICAL_SURFACE('',#4352,0.5);
#3846=CYLINDRICAL_SURFACE('',#4356,0.5);
#3847=CYLINDRICAL_SURFACE('',#4360,0.499999999999999);
#3848=CYLINDRICAL_SURFACE('',#4364,0.499999999999999);
#3849=CYLINDRICAL_SURFACE('',#4367,7.);
#3850=CYLINDRICAL_SURFACE('',#4370,0.500000000000004);
#3851=CYLINDRICAL_SURFACE('',#4375,1.);
#3852=CYLINDRICAL_SURFACE('',#4379,0.999999999999997);
#3853=CYLINDRICAL_SURFACE('',#4383,1.);
#3854=CYLINDRICAL_SURFACE('',#4475,0.499999999999999);
#3855=CYLINDRICAL_SURFACE('',#4476,7.);
#3856=CYLINDRICAL_SURFACE('',#4477,0.500000000000004);
#3857=CYLINDRICAL_SURFACE('',#4479,0.5);
#3858=CYLINDRICAL_SURFACE('',#4481,0.5);
#3859=CYLINDRICAL_SURFACE('',#4483,0.5);
#3860=CYLINDRICAL_SURFACE('',#4486,0.499999999999999);
#3861=CYLINDRICAL_SURFACE('',#4487,7.);
#3862=CYLINDRICAL_SURFACE('',#4488,0.500000000000004);
#3863=CYLINDRICAL_SURFACE('',#4490,0.5);
#3864=CYLINDRICAL_SURFACE('',#4492,0.5);
#3865=CYLINDRICAL_SURFACE('',#4494,0.5);
#3866=CYLINDRICAL_SURFACE('',#4496,0.500000000000004);
#3867=CYLINDRICAL_SURFACE('',#4497,7.);
#3868=CYLINDRICAL_SURFACE('',#4499,0.499999999999999);
#3869=CYLINDRICAL_SURFACE('',#4502,0.499999999999999);
#3870=CYLINDRICAL_SURFACE('',#4503,7.);
#3871=CYLINDRICAL_SURFACE('',#4504,0.500000000000004);
#3872=CYLINDRICAL_SURFACE('',#4505,0.5);
#3873=CYLINDRICAL_SURFACE('',#4507,0.5);
#3874=CYLINDRICAL_SURFACE('',#4509,0.499999999999999);
#3875=CYLINDRICAL_SURFACE('',#4513,0.499999999999999);
#3876=CYLINDRICAL_SURFACE('',#4514,7.);
#3877=CYLINDRICAL_SURFACE('',#4515,0.500000000000004);
#3878=CYLINDRICAL_SURFACE('',#4516,0.5);
#3879=CYLINDRICAL_SURFACE('',#4518,0.5);
#3880=CYLINDRICAL_SURFACE('',#4520,0.499999999999999);
#3881=CYLINDRICAL_SURFACE('',#4524,0.499999999999999);
#3882=CYLINDRICAL_SURFACE('',#4525,7.);
#3883=CYLINDRICAL_SURFACE('',#4526,0.500000000000004);
#3884=CYLINDRICAL_SURFACE('',#4527,0.5);
#3885=CYLINDRICAL_SURFACE('',#4529,0.5);
#3886=CYLINDRICAL_SURFACE('',#4531,0.499999999999999);
#3887=CYLINDRICAL_SURFACE('',#4533,2.05);
#3888=CYLINDRICAL_SURFACE('',#4534,2.05);
#3889=CYLINDRICAL_SURFACE('',#4535,2.05);
#3890=CYLINDRICAL_SURFACE('',#4536,2.05);
#3891=CYLINDRICAL_SURFACE('',#4537,2.05);
#3892=CYLINDRICAL_SURFACE('',#4538,2.05);
#3893=ADVANCED_FACE('',(#135),#3781,.F.);
#3894=ADVANCED_FACE('',(#136),#3782,.T.);
#3895=ADVANCED_FACE('',(#137),#43,.F.);
#3896=ADVANCED_FACE('',(#138),#3783,.F.);
#3897=ADVANCED_FACE('',(#139),#44,.F.);
#3898=ADVANCED_FACE('',(#140),#3784,.F.);
#3899=ADVANCED_FACE('',(#141),#45,.F.);
#3900=ADVANCED_FACE('',(#142),#3785,.T.);
#3901=ADVANCED_FACE('',(#143),#46,.F.);
#3902=ADVANCED_FACE('',(#144),#3786,.F.);
#3903=ADVANCED_FACE('',(#145),#47,.F.);
#3904=ADVANCED_FACE('',(#146),#3787,.F.);
#3905=ADVANCED_FACE('',(#147),#48,.F.);
#3906=ADVANCED_FACE('',(#148),#3788,.T.);
#3907=ADVANCED_FACE('',(#149),#3789,.F.);
#3908=ADVANCED_FACE('',(#150),#3790,.T.);
#3909=ADVANCED_FACE('',(#151),#49,.F.);
#3910=ADVANCED_FACE('',(#152),#3791,.F.);
#3911=ADVANCED_FACE('',(#153),#50,.F.);
#3912=ADVANCED_FACE('',(#154),#3792,.F.);
#3913=ADVANCED_FACE('',(#155),#51,.F.);
#3914=ADVANCED_FACE('',(#156),#3793,.T.);
#3915=ADVANCED_FACE('',(#157),#52,.F.);
#3916=ADVANCED_FACE('',(#158),#3794,.F.);
#3917=ADVANCED_FACE('',(#159),#53,.F.);
#3918=ADVANCED_FACE('',(#160),#3795,.F.);
#3919=ADVANCED_FACE('',(#161),#54,.F.);
#3920=ADVANCED_FACE('',(#162),#3796,.T.);
#3921=ADVANCED_FACE('',(#163),#3797,.F.);
#3922=ADVANCED_FACE('',(#164),#3798,.T.);
#3923=ADVANCED_FACE('',(#165),#55,.F.);
#3924=ADVANCED_FACE('',(#166),#3799,.F.);
#3925=ADVANCED_FACE('',(#167),#56,.F.);
#3926=ADVANCED_FACE('',(#168),#3800,.F.);
#3927=ADVANCED_FACE('',(#169),#57,.F.);
#3928=ADVANCED_FACE('',(#170),#3801,.T.);
#3929=ADVANCED_FACE('',(#171),#58,.F.);
#3930=ADVANCED_FACE('',(#172),#3802,.F.);
#3931=ADVANCED_FACE('',(#173),#59,.F.);
#3932=ADVANCED_FACE('',(#174),#3803,.F.);
#3933=ADVANCED_FACE('',(#175),#60,.F.);
#3934=ADVANCED_FACE('',(#176),#3804,.T.);
#3935=ADVANCED_FACE('',(#177),#3805,.F.);
#3936=ADVANCED_FACE('',(#178),#3806,.T.);
#3937=ADVANCED_FACE('',(#179),#61,.F.);
#3938=ADVANCED_FACE('',(#180),#3807,.F.);
#3939=ADVANCED_FACE('',(#181),#62,.F.);
#3940=ADVANCED_FACE('',(#182),#3808,.F.);
#3941=ADVANCED_FACE('',(#183),#63,.F.);
#3942=ADVANCED_FACE('',(#184),#3809,.T.);
#3943=ADVANCED_FACE('',(#185),#64,.F.);
#3944=ADVANCED_FACE('',(#186),#3810,.F.);
#3945=ADVANCED_FACE('',(#187),#65,.F.);
#3946=ADVANCED_FACE('',(#188),#3811,.F.);
#3947=ADVANCED_FACE('',(#189),#66,.F.);
#3948=ADVANCED_FACE('',(#190),#3812,.T.);
#3949=ADVANCED_FACE('',(#191),#3813,.F.);
#3950=ADVANCED_FACE('',(#192),#3814,.T.);
#3951=ADVANCED_FACE('',(#193),#67,.F.);
#3952=ADVANCED_FACE('',(#194),#3815,.F.);
#3953=ADVANCED_FACE('',(#195),#68,.F.);
#3954=ADVANCED_FACE('',(#196),#3816,.F.);
#3955=ADVANCED_FACE('',(#197),#69,.F.);
#3956=ADVANCED_FACE('',(#198),#3817,.T.);
#3957=ADVANCED_FACE('',(#199),#70,.F.);
#3958=ADVANCED_FACE('',(#200),#3818,.F.);
#3959=ADVANCED_FACE('',(#201),#71,.F.);
#3960=ADVANCED_FACE('',(#202),#3819,.F.);
#3961=ADVANCED_FACE('',(#203),#72,.F.);
#3962=ADVANCED_FACE('',(#204),#3820,.T.);
#3963=ADVANCED_FACE('',(#205),#3821,.F.);
#3964=ADVANCED_FACE('',(#206),#3822,.T.);
#3965=ADVANCED_FACE('',(#207),#73,.F.);
#3966=ADVANCED_FACE('',(#208),#3823,.F.);
#3967=ADVANCED_FACE('',(#209),#74,.F.);
#3968=ADVANCED_FACE('',(#210),#3824,.F.);
#3969=ADVANCED_FACE('',(#211),#75,.F.);
#3970=ADVANCED_FACE('',(#212),#3825,.T.);
#3971=ADVANCED_FACE('',(#213),#76,.F.);
#3972=ADVANCED_FACE('',(#214),#3826,.F.);
#3973=ADVANCED_FACE('',(#215),#77,.F.);
#3974=ADVANCED_FACE('',(#216),#3827,.F.);
#3975=ADVANCED_FACE('',(#217),#78,.F.);
#3976=ADVANCED_FACE('',(#218),#3828,.T.);
#3977=ADVANCED_FACE('',(#219),#3829,.F.);
#3978=ADVANCED_FACE('',(#220),#3830,.T.);
#3979=ADVANCED_FACE('',(#221),#79,.F.);
#3980=ADVANCED_FACE('',(#222),#3831,.F.);
#3981=ADVANCED_FACE('',(#223),#80,.F.);
#3982=ADVANCED_FACE('',(#224),#3832,.F.);
#3983=ADVANCED_FACE('',(#225),#81,.F.);
#3984=ADVANCED_FACE('',(#226),#3833,.T.);
#3985=ADVANCED_FACE('',(#227),#82,.F.);
#3986=ADVANCED_FACE('',(#228),#3834,.F.);
#3987=ADVANCED_FACE('',(#229),#83,.F.);
#3988=ADVANCED_FACE('',(#230),#3835,.F.);
#3989=ADVANCED_FACE('',(#231),#84,.F.);
#3990=ADVANCED_FACE('',(#232),#3836,.T.);
#3991=ADVANCED_FACE('',(#233),#3837,.F.);
#3992=ADVANCED_FACE('',(#234),#3838,.T.);
#3993=ADVANCED_FACE('',(#235),#85,.F.);
#3994=ADVANCED_FACE('',(#236),#3839,.F.);
#3995=ADVANCED_FACE('',(#237),#86,.F.);
#3996=ADVANCED_FACE('',(#238),#3840,.F.);
#3997=ADVANCED_FACE('',(#239),#87,.F.);
#3998=ADVANCED_FACE('',(#240),#3841,.T.);
#3999=ADVANCED_FACE('',(#241),#88,.F.);
#4000=ADVANCED_FACE('',(#242),#3842,.F.);
#4001=ADVANCED_FACE('',(#243),#89,.F.);
#4002=ADVANCED_FACE('',(#244),#3843,.F.);
#4003=ADVANCED_FACE('',(#245),#90,.F.);
#4004=ADVANCED_FACE('',(#246),#3844,.T.);
#4005=ADVANCED_FACE('',(#247),#91,.F.);
#4006=ADVANCED_FACE('',(#248),#3845,.T.);
#4007=ADVANCED_FACE('',(#249),#92,.F.);
#4008=ADVANCED_FACE('',(#250),#3846,.F.);
#4009=ADVANCED_FACE('',(#251),#93,.F.);
#4010=ADVANCED_FACE('',(#252),#3847,.F.);
#4011=ADVANCED_FACE('',(#253),#94,.F.);
#4012=ADVANCED_FACE('',(#254),#3848,.T.);
#4013=ADVANCED_FACE('',(#255),#3849,.F.);
#4014=ADVANCED_FACE('',(#256),#3850,.T.);
#4015=ADVANCED_FACE('',(#257),#95,.F.);
#4016=ADVANCED_FACE('',(#258),#96,.F.);
#4017=ADVANCED_FACE('',(#259),#3851,.T.);
#4018=ADVANCED_FACE('',(#260),#97,.F.);
#4019=ADVANCED_FACE('',(#261),#3852,.T.);
#4020=ADVANCED_FACE('',(#262),#98,.F.);
#4021=ADVANCED_FACE('',(#263),#3853,.T.);
#4022=ADVANCED_FACE('',(#264,#15,#16,#17,#18,#19,#20,#21,#22,#23,#24,#25,
#26,#27,#28),#99,.F.);
#4023=ADVANCED_FACE('',(#265,#29,#30,#31,#32,#33,#34,#35,#36,#37,#38,#39,
#40,#41,#42),#100,.T.);
#4024=ADVANCED_FACE('',(#266),#101,.F.);
#4025=ADVANCED_FACE('',(#267),#102,.F.);
#4026=ADVANCED_FACE('',(#268),#103,.F.);
#4027=ADVANCED_FACE('',(#269),#104,.F.);
#4028=ADVANCED_FACE('',(#270),#105,.F.);
#4029=ADVANCED_FACE('',(#271),#106,.F.);
#4030=ADVANCED_FACE('',(#272),#107,.F.);
#4031=ADVANCED_FACE('',(#273),#108,.F.);
#4032=ADVANCED_FACE('',(#274),#109,.F.);
#4033=ADVANCED_FACE('',(#275),#3854,.T.);
#4034=ADVANCED_FACE('',(#276),#3855,.F.);
#4035=ADVANCED_FACE('',(#277),#3856,.T.);
#4036=ADVANCED_FACE('',(#278),#110,.F.);
#4037=ADVANCED_FACE('',(#279),#3857,.F.);
#4038=ADVANCED_FACE('',(#280),#111,.F.);
#4039=ADVANCED_FACE('',(#281),#3858,.F.);
#4040=ADVANCED_FACE('',(#282),#112,.F.);
#4041=ADVANCED_FACE('',(#283),#3859,.T.);
#4042=ADVANCED_FACE('',(#284),#113,.F.);
#4043=ADVANCED_FACE('',(#285),#114,.F.);
#4044=ADVANCED_FACE('',(#286),#3860,.T.);
#4045=ADVANCED_FACE('',(#287),#3861,.F.);
#4046=ADVANCED_FACE('',(#288),#3862,.T.);
#4047=ADVANCED_FACE('',(#289),#115,.F.);
#4048=ADVANCED_FACE('',(#290),#3863,.F.);
#4049=ADVANCED_FACE('',(#291),#116,.F.);
#4050=ADVANCED_FACE('',(#292),#3864,.F.);
#4051=ADVANCED_FACE('',(#293),#117,.F.);
#4052=ADVANCED_FACE('',(#294),#3865,.T.);
#4053=ADVANCED_FACE('',(#295),#118,.F.);
#4054=ADVANCED_FACE('',(#296),#3866,.T.);
#4055=ADVANCED_FACE('',(#297),#3867,.F.);
#4056=ADVANCED_FACE('',(#298),#119,.F.);
#4057=ADVANCED_FACE('',(#299),#3868,.T.);
#4058=ADVANCED_FACE('',(#300),#120,.F.);
#4059=ADVANCED_FACE('',(#301),#121,.F.);
#4060=ADVANCED_FACE('',(#302),#3869,.T.);
#4061=ADVANCED_FACE('',(#303),#3870,.F.);
#4062=ADVANCED_FACE('',(#304),#3871,.T.);
#4063=ADVANCED_FACE('',(#305),#3872,.T.);
#4064=ADVANCED_FACE('',(#306),#122,.F.);
#4065=ADVANCED_FACE('',(#307),#3873,.F.);
#4066=ADVANCED_FACE('',(#308),#123,.F.);
#4067=ADVANCED_FACE('',(#309),#3874,.F.);
#4068=ADVANCED_FACE('',(#310),#124,.F.);
#4069=ADVANCED_FACE('',(#311),#125,.F.);
#4070=ADVANCED_FACE('',(#312),#126,.F.);
#4071=ADVANCED_FACE('',(#313),#3875,.T.);
#4072=ADVANCED_FACE('',(#314),#3876,.F.);
#4073=ADVANCED_FACE('',(#315),#3877,.T.);
#4074=ADVANCED_FACE('',(#316),#3878,.T.);
#4075=ADVANCED_FACE('',(#317),#127,.F.);
#4076=ADVANCED_FACE('',(#318),#3879,.F.);
#4077=ADVANCED_FACE('',(#319),#128,.F.);
#4078=ADVANCED_FACE('',(#320),#3880,.F.);
#4079=ADVANCED_FACE('',(#321),#129,.F.);
#4080=ADVANCED_FACE('',(#322),#130,.F.);
#4081=ADVANCED_FACE('',(#323),#131,.F.);
#4082=ADVANCED_FACE('',(#324),#3881,.T.);
#4083=ADVANCED_FACE('',(#325),#3882,.F.);
#4084=ADVANCED_FACE('',(#326),#3883,.T.);
#4085=ADVANCED_FACE('',(#327),#3884,.T.);
#4086=ADVANCED_FACE('',(#328),#132,.F.);
#4087=ADVANCED_FACE('',(#329),#3885,.F.);
#4088=ADVANCED_FACE('',(#330),#133,.F.);
#4089=ADVANCED_FACE('',(#331),#3886,.F.);
#4090=ADVANCED_FACE('',(#332),#134,.F.);
#4091=ADVANCED_FACE('',(#333),#3887,.F.);
#4092=ADVANCED_FACE('',(#334),#3888,.F.);
#4093=ADVANCED_FACE('',(#335),#3889,.F.);
#4094=ADVANCED_FACE('',(#336),#3890,.F.);
#4095=ADVANCED_FACE('',(#337),#3891,.F.);
#4096=ADVANCED_FACE('',(#338),#3892,.F.);
#4097=CLOSED_SHELL('',(#3893,#3894,#3895,#3896,#3897,#3898,#3899,#3900,
#3901,#3902,#3903,#3904,#3905,#3906,#3907,#3908,#3909,#3910,#3911,#3912,
#3913,#3914,#3915,#3916,#3917,#3918,#3919,#3920,#3921,#3922,#3923,#3924,
#3925,#3926,#3927,#3928,#3929,#3930,#3931,#3932,#3933,#3934,#3935,#3936,
#3937,#3938,#3939,#3940,#3941,#3942,#3943,#3944,#3945,#3946,#3947,#3948,
#3949,#3950,#3951,#3952,#3953,#3954,#3955,#3956,#3957,#3958,#3959,#3960,
#3961,#3962,#3963,#3964,#3965,#3966,#3967,#3968,#3969,#3970,#3971,#3972,
#3973,#3974,#3975,#3976,#3977,#3978,#3979,#3980,#3981,#3982,#3983,#3984,
#3985,#3986,#3987,#3988,#3989,#3990,#3991,#3992,#3993,#3994,#3995,#3996,
#3997,#3998,#3999,#4000,#4001,#4002,#4003,#4004,#4005,#4006,#4007,#4008,
#4009,#4010,#4011,#4012,#4013,#4014,#4015,#4016,#4017,#4018,#4019,#4020,
#4021,#4022,#4023,#4024,#4025,#4026,#4027,#4028,#4029,#4030,#4031,#4032,
#4033,#4034,#4035,#4036,#4037,#4038,#4039,#4040,#4041,#4042,#4043,#4044,
#4045,#4046,#4047,#4048,#4049,#4050,#4051,#4052,#4053,#4054,#4055,#4056,
#4057,#4058,#4059,#4060,#4061,#4062,#4063,#4064,#4065,#4066,#4067,#4068,
#4069,#4070,#4071,#4072,#4073,#4074,#4075,#4076,#4077,#4078,#4079,#4080,
#4081,#4082,#4083,#4084,#4085,#4086,#4087,#4088,#4089,#4090,#4091,#4092,
#4093,#4094,#4095,#4096));
#4098=DERIVED_UNIT_ELEMENT(#4100,1.);
#4099=DERIVED_UNIT_ELEMENT(#6999,-3.);
#4100=(
MASS_UNIT()
NAMED_UNIT(*)
SI_UNIT(.KILO.,.GRAM.)
);
#4101=DERIVED_UNIT((#4098,#4099));
#4102=MEASURE_REPRESENTATION_ITEM('density measure',
POSITIVE_RATIO_MEASURE(7850.),#4101);
#4103=PROPERTY_DEFINITION_REPRESENTATION(#4108,#4105);
#4104=PROPERTY_DEFINITION_REPRESENTATION(#4109,#4106);
#4105=REPRESENTATION('material name',(#4107),#6996);
#4106=REPRESENTATION('density',(#4102),#6996);
#4107=DESCRIPTIVE_REPRESENTATION_ITEM('Steel','Steel');
#4108=PROPERTY_DEFINITION('material property','material name',#7006);
#4109=PROPERTY_DEFINITION('material property','density of part',#7006);
#4110=AXIS2_PLACEMENT_3D('',#5779,#4539,#4540);
#4111=AXIS2_PLACEMENT_3D('',#5780,#4541,#4542);
#4112=AXIS2_PLACEMENT_3D('',#5783,#4543,#4544);
#4113=AXIS2_PLACEMENT_3D('',#5787,#4546,#4547);
#4114=AXIS2_PLACEMENT_3D('',#5789,#4549,#4550);
#4115=AXIS2_PLACEMENT_3D('',#5791,#4551,#4552);
#4116=AXIS2_PLACEMENT_3D('',#5794,#4554,#4555);
#4117=AXIS2_PLACEMENT_3D('',#5795,#4556,#4557);
#4118=AXIS2_PLACEMENT_3D('',#5801,#4561,#4562);
#4119=AXIS2_PLACEMENT_3D('',#5803,#4563,#4564);
#4120=AXIS2_PLACEMENT_3D('',#5806,#4566,#4567);
#4121=AXIS2_PLACEMENT_3D('',#5807,#4568,#4569);
#4122=AXIS2_PLACEMENT_3D('',#5813,#4573,#4574);
#4123=AXIS2_PLACEMENT_3D('',#5815,#4575,#4576);
#4124=AXIS2_PLACEMENT_3D('',#5818,#4578,#4579);
#4125=AXIS2_PLACEMENT_3D('',#5819,#4580,#4581);
#4126=AXIS2_PLACEMENT_3D('',#5825,#4585,#4586);
#4127=AXIS2_PLACEMENT_3D('',#5827,#4587,#4588);
#4128=AXIS2_PLACEMENT_3D('',#5830,#4590,#4591);
#4129=AXIS2_PLACEMENT_3D('',#5831,#4592,#4593);
#4130=AXIS2_PLACEMENT_3D('',#5837,#4597,#4598);
#4131=AXIS2_PLACEMENT_3D('',#5839,#4599,#4600);
#4132=AXIS2_PLACEMENT_3D('',#5842,#4602,#4603);
#4133=AXIS2_PLACEMENT_3D('',#5843,#4604,#4605);
#4134=AXIS2_PLACEMENT_3D('',#5849,#4609,#4610);
#4135=AXIS2_PLACEMENT_3D('',#5851,#4611,#4612);
#4136=AXIS2_PLACEMENT_3D('',#5854,#4614,#4615);
#4137=AXIS2_PLACEMENT_3D('',#5855,#4616,#4617);
#4138=AXIS2_PLACEMENT_3D('',#5861,#4621,#4622);
#4139=AXIS2_PLACEMENT_3D('',#5862,#4623,#4624);
#4140=AXIS2_PLACEMENT_3D('',#5863,#4625,#4626);
#4141=AXIS2_PLACEMENT_3D('',#5864,#4627,#4628);
#4142=AXIS2_PLACEMENT_3D('',#5867,#4629,#4630);
#4143=AXIS2_PLACEMENT_3D('',#5871,#4632,#4633);
#4144=AXIS2_PLACEMENT_3D('',#5873,#4635,#4636);
#4145=AXIS2_PLACEMENT_3D('',#5875,#4637,#4638);
#4146=AXIS2_PLACEMENT_3D('',#5878,#4640,#4641);
#4147=AXIS2_PLACEMENT_3D('',#5879,#4642,#4643);
#4148=AXIS2_PLACEMENT_3D('',#5885,#4647,#4648);
#4149=AXIS2_PLACEMENT_3D('',#5887,#4649,#4650);
#4150=AXIS2_PLACEMENT_3D('',#5890,#4652,#4653);
#4151=AXIS2_PLACEMENT_3D('',#5891,#4654,#4655);
#4152=AXIS2_PLACEMENT_3D('',#5897,#4659,#4660);
#4153=AXIS2_PLACEMENT_3D('',#5899,#4661,#4662);
#4154=AXIS2_PLACEMENT_3D('',#5902,#4664,#4665);
#4155=AXIS2_PLACEMENT_3D('',#5903,#4666,#4667);
#4156=AXIS2_PLACEMENT_3D('',#5909,#4671,#4672);
#4157=AXIS2_PLACEMENT_3D('',#5911,#4673,#4674);
#4158=AXIS2_PLACEMENT_3D('',#5914,#4676,#4677);
#4159=AXIS2_PLACEMENT_3D('',#5915,#4678,#4679);
#4160=AXIS2_PLACEMENT_3D('',#5921,#4683,#4684);
#4161=AXIS2_PLACEMENT_3D('',#5923,#4685,#4686);
#4162=AXIS2_PLACEMENT_3D('',#5926,#4688,#4689);
#4163=AXIS2_PLACEMENT_3D('',#5927,#4690,#4691);
#4164=AXIS2_PLACEMENT_3D('',#5933,#4695,#4696);
#4165=AXIS2_PLACEMENT_3D('',#5935,#4697,#4698);
#4166=AXIS2_PLACEMENT_3D('',#5938,#4700,#4701);
#4167=AXIS2_PLACEMENT_3D('',#5939,#4702,#4703);
#4168=AXIS2_PLACEMENT_3D('',#5945,#4707,#4708);
#4169=AXIS2_PLACEMENT_3D('',#5946,#4709,#4710);
#4170=AXIS2_PLACEMENT_3D('',#5947,#4711,#4712);
#4171=AXIS2_PLACEMENT_3D('',#5948,#4713,#4714);
#4172=AXIS2_PLACEMENT_3D('',#5951,#4715,#4716);
#4173=AXIS2_PLACEMENT_3D('',#5955,#4718,#4719);
#4174=AXIS2_PLACEMENT_3D('',#5957,#4721,#4722);
#4175=AXIS2_PLACEMENT_3D('',#5959,#4723,#4724);
#4176=AXIS2_PLACEMENT_3D('',#5962,#4726,#4727);
#4177=AXIS2_PLACEMENT_3D('',#5963,#4728,#4729);
#4178=AXIS2_PLACEMENT_3D('',#5969,#4733,#4734);
#4179=AXIS2_PLACEMENT_3D('',#5971,#4735,#4736);
#4180=AXIS2_PLACEMENT_3D('',#5974,#4738,#4739);
#4181=AXIS2_PLACEMENT_3D('',#5975,#4740,#4741);
#4182=AXIS2_PLACEMENT_3D('',#5981,#4745,#4746);
#4183=AXIS2_PLACEMENT_3D('',#5983,#4747,#4748);
#4184=AXIS2_PLACEMENT_3D('',#5986,#4750,#4751);
#4185=AXIS2_PLACEMENT_3D('',#5987,#4752,#4753);
#4186=AXIS2_PLACEMENT_3D('',#5993,#4757,#4758);
#4187=AXIS2_PLACEMENT_3D('',#5995,#4759,#4760);
#4188=AXIS2_PLACEMENT_3D('',#5998,#4762,#4763);
#4189=AXIS2_PLACEMENT_3D('',#5999,#4764,#4765);
#4190=AXIS2_PLACEMENT_3D('',#6005,#4769,#4770);
#4191=AXIS2_PLACEMENT_3D('',#6007,#4771,#4772);
#4192=AXIS2_PLACEMENT_3D('',#6010,#4774,#4775);
#4193=AXIS2_PLACEMENT_3D('',#6011,#4776,#4777);
#4194=AXIS2_PLACEMENT_3D('',#6017,#4781,#4782);
#4195=AXIS2_PLACEMENT_3D('',#6019,#4783,#4784);
#4196=AXIS2_PLACEMENT_3D('',#6022,#4786,#4787);
#4197=AXIS2_PLACEMENT_3D('',#6023,#4788,#4789);
#4198=AXIS2_PLACEMENT_3D('',#6029,#4793,#4794);
#4199=AXIS2_PLACEMENT_3D('',#6030,#4795,#4796);
#4200=AXIS2_PLACEMENT_3D('',#6031,#4797,#4798);
#4201=AXIS2_PLACEMENT_3D('',#6032,#4799,#4800);
#4202=AXIS2_PLACEMENT_3D('',#6035,#4801,#4802);
#4203=AXIS2_PLACEMENT_3D('',#6039,#4804,#4805);
#4204=AXIS2_PLACEMENT_3D('',#6041,#4807,#4808);
#4205=AXIS2_PLACEMENT_3D('',#6043,#4809,#4810);
#4206=AXIS2_PLACEMENT_3D('',#6046,#4812,#4813);
#4207=AXIS2_PLACEMENT_3D('',#6047,#4814,#4815);
#4208=AXIS2_PLACEMENT_3D('',#6053,#4819,#4820);
#4209=AXIS2_PLACEMENT_3D('',#6055,#4821,#4822);
#4210=AXIS2_PLACEMENT_3D('',#6058,#4824,#4825);
#4211=AXIS2_PLACEMENT_3D('',#6059,#4826,#4827);
#4212=AXIS2_PLACEMENT_3D('',#6065,#4831,#4832);
#4213=AXIS2_PLACEMENT_3D('',#6067,#4833,#4834);
#4214=AXIS2_PLACEMENT_3D('',#6070,#4836,#4837);
#4215=AXIS2_PLACEMENT_3D('',#6071,#4838,#4839);
#4216=AXIS2_PLACEMENT_3D('',#6077,#4843,#4844);
#4217=AXIS2_PLACEMENT_3D('',#6079,#4845,#4846);
#4218=AXIS2_PLACEMENT_3D('',#6082,#4848,#4849);
#4219=AXIS2_PLACEMENT_3D('',#6083,#4850,#4851);
#4220=AXIS2_PLACEMENT_3D('',#6089,#4855,#4856);
#4221=AXIS2_PLACEMENT_3D('',#6091,#4857,#4858);
#4222=AXIS2_PLACEMENT_3D('',#6094,#4860,#4861);
#4223=AXIS2_PLACEMENT_3D('',#6095,#4862,#4863);
#4224=AXIS2_PLACEMENT_3D('',#6101,#4867,#4868);
#4225=AXIS2_PLACEMENT_3D('',#6103,#4869,#4870);
#4226=AXIS2_PLACEMENT_3D('',#6106,#4872,#4873);
#4227=AXIS2_PLACEMENT_3D('',#6107,#4874,#4875);
#4228=AXIS2_PLACEMENT_3D('',#6113,#4879,#4880);
#4229=AXIS2_PLACEMENT_3D('',#6114,#4881,#4882);
#4230=AXIS2_PLACEMENT_3D('',#6115,#4883,#4884);
#4231=AXIS2_PLACEMENT_3D('',#6116,#4885,#4886);
#4232=AXIS2_PLACEMENT_3D('',#6119,#4887,#4888);
#4233=AXIS2_PLACEMENT_3D('',#6123,#4890,#4891);
#4234=AXIS2_PLACEMENT_3D('',#6125,#4893,#4894);
#4235=AXIS2_PLACEMENT_3D('',#6127,#4895,#4896);
#4236=AXIS2_PLACEMENT_3D('',#6130,#4898,#4899);
#4237=AXIS2_PLACEMENT_3D('',#6131,#4900,#4901);
#4238=AXIS2_PLACEMENT_3D('',#6137,#4905,#4906);
#4239=AXIS2_PLACEMENT_3D('',#6139,#4907,#4908);
#4240=AXIS2_PLACEMENT_3D('',#6142,#4910,#4911);
#4241=AXIS2_PLACEMENT_3D('',#6143,#4912,#4913);
#4242=AXIS2_PLACEMENT_3D('',#6149,#4917,#4918);
#4243=AXIS2_PLACEMENT_3D('',#6151,#4919,#4920);
#4244=AXIS2_PLACEMENT_3D('',#6154,#4922,#4923);
#4245=AXIS2_PLACEMENT_3D('',#6155,#4924,#4925);
#4246=AXIS2_PLACEMENT_3D('',#6161,#4929,#4930);
#4247=AXIS2_PLACEMENT_3D('',#6163,#4931,#4932);
#4248=AXIS2_PLACEMENT_3D('',#6166,#4934,#4935);
#4249=AXIS2_PLACEMENT_3D('',#6167,#4936,#4937);
#4250=AXIS2_PLACEMENT_3D('',#6173,#4941,#4942);
#4251=AXIS2_PLACEMENT_3D('',#6175,#4943,#4944);
#4252=AXIS2_PLACEMENT_3D('',#6178,#4946,#4947);
#4253=AXIS2_PLACEMENT_3D('',#6179,#4948,#4949);
#4254=AXIS2_PLACEMENT_3D('',#6185,#4953,#4954);
#4255=AXIS2_PLACEMENT_3D('',#6187,#4955,#4956);
#4256=AXIS2_PLACEMENT_3D('',#6190,#4958,#4959);
#4257=AXIS2_PLACEMENT_3D('',#6191,#4960,#4961);
#4258=AXIS2_PLACEMENT_3D('',#6197,#4965,#4966);
#4259=AXIS2_PLACEMENT_3D('',#6198,#4967,#4968);
#4260=AXIS2_PLACEMENT_3D('',#6199,#4969,#4970);
#4261=AXIS2_PLACEMENT_3D('',#6200,#4971,#4972);
#4262=AXIS2_PLACEMENT_3D('',#6203,#4973,#4974);
#4263=AXIS2_PLACEMENT_3D('',#6207,#4976,#4977);
#4264=AXIS2_PLACEMENT_3D('',#6209,#4979,#4980);
#4265=AXIS2_PLACEMENT_3D('',#6211,#4981,#4982);
#4266=AXIS2_PLACEMENT_3D('',#6214,#4984,#4985);
#4267=AXIS2_PLACEMENT_3D('',#6215,#4986,#4987);
#4268=AXIS2_PLACEMENT_3D('',#6221,#4991,#4992);
#4269=AXIS2_PLACEMENT_3D('',#6223,#4993,#4994);
#4270=AXIS2_PLACEMENT_3D('',#6226,#4996,#4997);
#4271=AXIS2_PLACEMENT_3D('',#6227,#4998,#4999);
#4272=AXIS2_PLACEMENT_3D('',#6233,#5003,#5004);
#4273=AXIS2_PLACEMENT_3D('',#6235,#5005,#5006);
#4274=AXIS2_PLACEMENT_3D('',#6238,#5008,#5009);
#4275=AXIS2_PLACEMENT_3D('',#6239,#5010,#5011);
#4276=AXIS2_PLACEMENT_3D('',#6245,#5015,#5016);
#4277=AXIS2_PLACEMENT_3D('',#6247,#5017,#5018);
#4278=AXIS2_PLACEMENT_3D('',#6250,#5020,#5021);
#4279=AXIS2_PLACEMENT_3D('',#6251,#5022,#5023);
#4280=AXIS2_PLACEMENT_3D('',#6257,#5027,#5028);
#4281=AXIS2_PLACEMENT_3D('',#6259,#5029,#5030);
#4282=AXIS2_PLACEMENT_3D('',#6262,#5032,#5033);
#4283=AXIS2_PLACEMENT_3D('',#6263,#5034,#5035);
#4284=AXIS2_PLACEMENT_3D('',#6269,#5039,#5040);
#4285=AXIS2_PLACEMENT_3D('',#6271,#5041,#5042);
#4286=AXIS2_PLACEMENT_3D('',#6274,#5044,#5045);
#4287=AXIS2_PLACEMENT_3D('',#6275,#5046,#5047);
#4288=AXIS2_PLACEMENT_3D('',#6281,#5051,#5052);
#4289=AXIS2_PLACEMENT_3D('',#6282,#5053,#5054);
#4290=AXIS2_PLACEMENT_3D('',#6283,#5055,#5056);
#4291=AXIS2_PLACEMENT_3D('',#6284,#5057,#5058);
#4292=AXIS2_PLACEMENT_3D('',#6287,#5059,#5060);
#4293=AXIS2_PLACEMENT_3D('',#6291,#5062,#5063);
#4294=AXIS2_PLACEMENT_3D('',#6293,#5065,#5066);
#4295=AXIS2_PLACEMENT_3D('',#6295,#5067,#5068);
#4296=AXIS2_PLACEMENT_3D('',#6298,#5070,#5071);
#4297=AXIS2_PLACEMENT_3D('',#6299,#5072,#5073);
#4298=AXIS2_PLACEMENT_3D('',#6305,#5077,#5078);
#4299=AXIS2_PLACEMENT_3D('',#6307,#5079,#5080);
#4300=AXIS2_PLACEMENT_3D('',#6310,#5082,#5083);
#4301=AXIS2_PLACEMENT_3D('',#6311,#5084,#5085);
#4302=AXIS2_PLACEMENT_3D('',#6317,#5089,#5090);
#4303=AXIS2_PLACEMENT_3D('',#6319,#5091,#5092);
#4304=AXIS2_PLACEMENT_3D('',#6322,#5094,#5095);
#4305=AXIS2_PLACEMENT_3D('',#6323,#5096,#5097);
#4306=AXIS2_PLACEMENT_3D('',#6329,#5101,#5102);
#4307=AXIS2_PLACEMENT_3D('',#6331,#5103,#5104);
#4308=AXIS2_PLACEMENT_3D('',#6334,#5106,#5107);
#4309=AXIS2_PLACEMENT_3D('',#6335,#5108,#5109);
#4310=AXIS2_PLACEMENT_3D('',#6341,#5113,#5114);
#4311=AXIS2_PLACEMENT_3D('',#6343,#5115,#5116);
#4312=AXIS2_PLACEMENT_3D('',#6346,#5118,#5119);
#4313=AXIS2_PLACEMENT_3D('',#6347,#5120,#5121);
#4314=AXIS2_PLACEMENT_3D('',#6353,#5125,#5126);
#4315=AXIS2_PLACEMENT_3D('',#6355,#5127,#5128);
#4316=AXIS2_PLACEMENT_3D('',#6358,#5130,#5131);
#4317=AXIS2_PLACEMENT_3D('',#6359,#5132,#5133);
#4318=AXIS2_PLACEMENT_3D('',#6365,#5137,#5138);
#4319=AXIS2_PLACEMENT_3D('',#6366,#5139,#5140);
#4320=AXIS2_PLACEMENT_3D('',#6367,#5141,#5142);
#4321=AXIS2_PLACEMENT_3D('',#6368,#5143,#5144);
#4322=AXIS2_PLACEMENT_3D('',#6371,#5145,#5146);
#4323=AXIS2_PLACEMENT_3D('',#6375,#5148,#5149);
#4324=AXIS2_PLACEMENT_3D('',#6377,#5151,#5152);
#4325=AXIS2_PLACEMENT_3D('',#6379,#5153,#5154);
#4326=AXIS2_PLACEMENT_3D('',#6382,#5156,#5157);
#4327=AXIS2_PLACEMENT_3D('',#6383,#5158,#5159);
#4328=AXIS2_PLACEMENT_3D('',#6389,#5163,#5164);
#4329=AXIS2_PLACEMENT_3D('',#6391,#5165,#5166);
#4330=AXIS2_PLACEMENT_3D('',#6394,#5168,#5169);
#4331=AXIS2_PLACEMENT_3D('',#6395,#5170,#5171);
#4332=AXIS2_PLACEMENT_3D('',#6401,#5175,#5176);
#4333=AXIS2_PLACEMENT_3D('',#6403,#5177,#5178);
#4334=AXIS2_PLACEMENT_3D('',#6406,#5180,#5181);
#4335=AXIS2_PLACEMENT_3D('',#6407,#5182,#5183);
#4336=AXIS2_PLACEMENT_3D('',#6413,#5187,#5188);
#4337=AXIS2_PLACEMENT_3D('',#6415,#5189,#5190);
#4338=AXIS2_PLACEMENT_3D('',#6418,#5192,#5193);
#4339=AXIS2_PLACEMENT_3D('',#6419,#5194,#5195);
#4340=AXIS2_PLACEMENT_3D('',#6425,#5199,#5200);
#4341=AXIS2_PLACEMENT_3D('',#6427,#5201,#5202);
#4342=AXIS2_PLACEMENT_3D('',#6430,#5204,#5205);
#4343=AXIS2_PLACEMENT_3D('',#6431,#5206,#5207);
#4344=AXIS2_PLACEMENT_3D('',#6437,#5211,#5212);
#4345=AXIS2_PLACEMENT_3D('',#6439,#5213,#5214);
#4346=AXIS2_PLACEMENT_3D('',#6442,#5216,#5217);
#4347=AXIS2_PLACEMENT_3D('',#6443,#5218,#5219);
#4348=AXIS2_PLACEMENT_3D('',#6449,#5223,#5224);
#4349=AXIS2_PLACEMENT_3D('',#6450,#5225,#5226);
#4350=AXIS2_PLACEMENT_3D('',#6451,#5227,#5228);
#4351=AXIS2_PLACEMENT_3D('',#6452,#5229,#5230);
#4352=AXIS2_PLACEMENT_3D('',#6461,#5235,#5236);
#4353=AXIS2_PLACEMENT_3D('',#6463,#5237,#5238);
#4354=AXIS2_PLACEMENT_3D('',#6466,#5240,#5241);
#4355=AXIS2_PLACEMENT_3D('',#6467,#5242,#5243);
#4356=AXIS2_PLACEMENT_3D('',#6473,#5247,#5248);
#4357=AXIS2_PLACEMENT_3D('',#6475,#5249,#5250);
#4358=AXIS2_PLACEMENT_3D('',#6478,#5252,#5253);
#4359=AXIS2_PLACEMENT_3D('',#6479,#5254,#5255);
#4360=AXIS2_PLACEMENT_3D('',#6485,#5259,#5260);
#4361=AXIS2_PLACEMENT_3D('',#6487,#5261,#5262);
#4362=AXIS2_PLACEMENT_3D('',#6490,#5264,#5265);
#4363=AXIS2_PLACEMENT_3D('',#6491,#5266,#5267);
#4364=AXIS2_PLACEMENT_3D('',#6497,#5271,#5272);
#4365=AXIS2_PLACEMENT_3D('',#6499,#5273,#5274);
#4366=AXIS2_PLACEMENT_3D('',#6502,#5276,#5277);
#4367=AXIS2_PLACEMENT_3D('',#6503,#5278,#5279);
#4368=AXIS2_PLACEMENT_3D('',#6505,#5280,#5281);
#4369=AXIS2_PLACEMENT_3D('',#6508,#5283,#5284);
#4370=AXIS2_PLACEMENT_3D('',#6509,#5285,#5286);
#4371=AXIS2_PLACEMENT_3D('',#6511,#5287,#5288);
#4372=AXIS2_PLACEMENT_3D('',#6514,#5290,#5291);
#4373=AXIS2_PLACEMENT_3D('',#6515,#5292,#5293);
#4374=AXIS2_PLACEMENT_3D('',#6521,#5297,#5298);
#4375=AXIS2_PLACEMENT_3D('',#6527,#5302,#5303);
#4376=AXIS2_PLACEMENT_3D('',#6529,#5304,#5305);
#4377=AXIS2_PLACEMENT_3D('',#6532,#5307,#5308);
#4378=AXIS2_PLACEMENT_3D('',#6533,#5309,#5310);
#4379=AXIS2_PLACEMENT_3D('',#6539,#5314,#5315);
#4380=AXIS2_PLACEMENT_3D('',#6541,#5316,#5317);
#4381=AXIS2_PLACEMENT_3D('',#6544,#5319,#5320);
#4382=AXIS2_PLACEMENT_3D('',#6545,#5321,#5322);
#4383=AXIS2_PLACEMENT_3D('',#6551,#5326,#5327);
#4384=AXIS2_PLACEMENT_3D('',#6553,#5328,#5329);
#4385=AXIS2_PLACEMENT_3D('',#6556,#5331,#5332);
#4386=AXIS2_PLACEMENT_3D('',#6557,#5333,#5334);
#4387=AXIS2_PLACEMENT_3D('',#6560,#5335,#5336);
#4388=AXIS2_PLACEMENT_3D('',#6569,#5341,#5342);
#4389=AXIS2_PLACEMENT_3D('',#6571,#5343,#5344);
#4390=AXIS2_PLACEMENT_3D('',#6573,#5345,#5346);
#4391=AXIS2_PLACEMENT_3D('',#6577,#5348,#5349);
#4392=AXIS2_PLACEMENT_3D('',#6581,#5351,#5352);
#4393=AXIS2_PLACEMENT_3D('',#6585,#5354,#5355);
#4394=AXIS2_PLACEMENT_3D('',#6593,#5359,#5360);
#4395=AXIS2_PLACEMENT_3D('',#6595,#5361,#5362);
#4396=AXIS2_PLACEMENT_3D('',#6597,#5363,#5364);
#4397=AXIS2_PLACEMENT_3D('',#6601,#5366,#5367);
#4398=AXIS2_PLACEMENT_3D('',#6605,#5369,#5370);
#4399=AXIS2_PLACEMENT_3D('',#6609,#5372,#5373);
#4400=AXIS2_PLACEMENT_3D('',#6617,#5377,#5378);
#4401=AXIS2_PLACEMENT_3D('',#6619,#5379,#5380);
#4402=AXIS2_PLACEMENT_3D('',#6621,#5381,#5382);
#4403=AXIS2_PLACEMENT_3D('',#6629,#5386,#5387);
#4404=AXIS2_PLACEMENT_3D('',#6633,#5389,#5390);
#4405=AXIS2_PLACEMENT_3D('',#6637,#5392,#5393);
#4406=AXIS2_PLACEMENT_3D('',#6641,#5395,#5396);
#4407=AXIS2_PLACEMENT_3D('',#6643,#5397,#5398);
#4408=AXIS2_PLACEMENT_3D('',#6645,#5399,#5400);
#4409=AXIS2_PLACEMENT_3D('',#6653,#5404,#5405);
#4410=AXIS2_PLACEMENT_3D('',#6657,#5407,#5408);
#4411=AXIS2_PLACEMENT_3D('',#6661,#5410,#5411);
#4412=AXIS2_PLACEMENT_3D('',#6665,#5413,#5414);
#4413=AXIS2_PLACEMENT_3D('',#6667,#5415,#5416);
#4414=AXIS2_PLACEMENT_3D('',#6669,#5417,#5418);
#4415=AXIS2_PLACEMENT_3D('',#6677,#5422,#5423);
#4416=AXIS2_PLACEMENT_3D('',#6681,#5425,#5426);
#4417=AXIS2_PLACEMENT_3D('',#6685,#5428,#5429);
#4418=AXIS2_PLACEMENT_3D('',#6689,#5431,#5432);
#4419=AXIS2_PLACEMENT_3D('',#6690,#5433,#5434);
#4420=AXIS2_PLACEMENT_3D('',#6692,#5435,#5436);
#4421=AXIS2_PLACEMENT_3D('',#6694,#5437,#5438);
#4422=AXIS2_PLACEMENT_3D('',#6696,#5439,#5440);
#4423=AXIS2_PLACEMENT_3D('',#6698,#5441,#5442);
#4424=AXIS2_PLACEMENT_3D('',#6700,#5443,#5444);
#4425=AXIS2_PLACEMENT_3D('',#6702,#5445,#5446);
#4426=AXIS2_PLACEMENT_3D('',#6703,#5447,#5448);
#4427=AXIS2_PLACEMENT_3D('',#6708,#5450,#5451);
#4428=AXIS2_PLACEMENT_3D('',#6710,#5452,#5453);
#4429=AXIS2_PLACEMENT_3D('',#6712,#5454,#5455);
#4430=AXIS2_PLACEMENT_3D('',#6716,#5457,#5458);
#4431=AXIS2_PLACEMENT_3D('',#6720,#5460,#5461);
#4432=AXIS2_PLACEMENT_3D('',#6724,#5463,#5464);
#4433=AXIS2_PLACEMENT_3D('',#6732,#5468,#5469);
#4434=AXIS2_PLACEMENT_3D('',#6734,#5470,#5471);
#4435=AXIS2_PLACEMENT_3D('',#6736,#5472,#5473);
#4436=AXIS2_PLACEMENT_3D('',#6740,#5475,#5476);
#4437=AXIS2_PLACEMENT_3D('',#6744,#5478,#5479);
#4438=AXIS2_PLACEMENT_3D('',#6748,#5481,#5482);
#4439=AXIS2_PLACEMENT_3D('',#6756,#5486,#5487);
#4440=AXIS2_PLACEMENT_3D('',#6758,#5488,#5489);
#4441=AXIS2_PLACEMENT_3D('',#6760,#5490,#5491);
#4442=AXIS2_PLACEMENT_3D('',#6764,#5493,#5494);
#4443=AXIS2_PLACEMENT_3D('',#6768,#5496,#5497);
#4444=AXIS2_PLACEMENT_3D('',#6772,#5499,#5500);
#4445=AXIS2_PLACEMENT_3D('',#6780,#5504,#5505);
#4446=AXIS2_PLACEMENT_3D('',#6782,#5506,#5507);
#4447=AXIS2_PLACEMENT_3D('',#6784,#5508,#5509);
#4448=AXIS2_PLACEMENT_3D('',#6792,#5513,#5514);
#4449=AXIS2_PLACEMENT_3D('',#6796,#5516,#5517);
#4450=AXIS2_PLACEMENT_3D('',#6800,#5519,#5520);
#4451=AXIS2_PLACEMENT_3D('',#6804,#5522,#5523);
#4452=AXIS2_PLACEMENT_3D('',#6806,#5524,#5525);
#4453=AXIS2_PLACEMENT_3D('',#6808,#5526,#5527);
#4454=AXIS2_PLACEMENT_3D('',#6816,#5531,#5532);
#4455=AXIS2_PLACEMENT_3D('',#6820,#5534,#5535);
#4456=AXIS2_PLACEMENT_3D('',#6824,#5537,#5538);
#4457=AXIS2_PLACEMENT_3D('',#6828,#5540,#5541);
#4458=AXIS2_PLACEMENT_3D('',#6830,#5542,#5543);
#4459=AXIS2_PLACEMENT_3D('',#6832,#5544,#5545);
#4460=AXIS2_PLACEMENT_3D('',#6838,#5549,#5550);
#4461=AXIS2_PLACEMENT_3D('',#6840,#5551,#5552);
#4462=AXIS2_PLACEMENT_3D('',#6842,#5553,#5554);
#4463=AXIS2_PLACEMENT_3D('',#6844,#5555,#5556);
#4464=AXIS2_PLACEMENT_3D('',#6846,#5557,#5558);
#4465=AXIS2_PLACEMENT_3D('',#6848,#5559,#5560);
#4466=AXIS2_PLACEMENT_3D('',#6849,#5561,#5562);
#4467=AXIS2_PLACEMENT_3D('',#6852,#5565,#5566);
#4468=AXIS2_PLACEMENT_3D('',#6855,#5569,#5570);
#4469=AXIS2_PLACEMENT_3D('',#6858,#5573,#5574);
#4470=AXIS2_PLACEMENT_3D('',#6860,#5576,#5577);
#4471=AXIS2_PLACEMENT_3D('',#6862,#5579,#5580);
#4472=AXIS2_PLACEMENT_3D('',#6865,#5583,#5584);
#4473=AXIS2_PLACEMENT_3D('',#6868,#5587,#5588);
#4474=AXIS2_PLACEMENT_3D('',#6870,#5590,#5591);
#4475=AXIS2_PLACEMENT_3D('',#6872,#5593,#5594);
#4476=AXIS2_PLACEMENT_3D('',#6874,#5596,#5597);
#4477=AXIS2_PLACEMENT_3D('',#6876,#5599,#5600);
#4478=AXIS2_PLACEMENT_3D('',#6878,#5602,#5603);
#4479=AXIS2_PLACEMENT_3D('',#6880,#5605,#5606);
#4480=AXIS2_PLACEMENT_3D('',#6882,#5608,#5609);
#4481=AXIS2_PLACEMENT_3D('',#6884,#5611,#5612);
#4482=AXIS2_PLACEMENT_3D('',#6886,#5614,#5615);
#4483=AXIS2_PLACEMENT_3D('',#6888,#5617,#5618);
#4484=AXIS2_PLACEMENT_3D('',#6889,#5619,#5620);
#4485=AXIS2_PLACEMENT_3D('',#6891,#5622,#5623);
#4486=AXIS2_PLACEMENT_3D('',#6893,#5625,#5626);
#4487=AXIS2_PLACEMENT_3D('',#6895,#5628,#5629);
#4488=AXIS2_PLACEMENT_3D('',#6897,#5631,#5632);
#4489=AXIS2_PLACEMENT_3D('',#6899,#5634,#5635);
#4490=AXIS2_PLACEMENT_3D('',#6901,#5637,#5638);
#4491=AXIS2_PLACEMENT_3D('',#6903,#5640,#5641);
#4492=AXIS2_PLACEMENT_3D('',#6905,#5643,#5644);
#4493=AXIS2_PLACEMENT_3D('',#6907,#5646,#5647);
#4494=AXIS2_PLACEMENT_3D('',#6909,#5649,#5650);
#4495=AXIS2_PLACEMENT_3D('',#6910,#5651,#5652);
#4496=AXIS2_PLACEMENT_3D('',#6912,#5654,#5655);
#4497=AXIS2_PLACEMENT_3D('',#6914,#5657,#5658);
#4498=AXIS2_PLACEMENT_3D('',#6916,#5660,#5661);
#4499=AXIS2_PLACEMENT_3D('',#6918,#5663,#5664);
#4500=AXIS2_PLACEMENT_3D('',#6919,#5665,#5666);
#4501=AXIS2_PLACEMENT_3D('',#6921,#5668,#5669);
#4502=AXIS2_PLACEMENT_3D('',#6923,#5671,#5672);
#4503=AXIS2_PLACEMENT_3D('',#6926,#5675,#5676);
#4504=AXIS2_PLACEMENT_3D('',#6928,#5678,#5679);
#4505=AXIS2_PLACEMENT_3D('',#6929,#5680,#5681);
#4506=AXIS2_PLACEMENT_3D('',#6931,#5683,#5684);
#4507=AXIS2_PLACEMENT_3D('',#6933,#5686,#5687);
#4508=AXIS2_PLACEMENT_3D('',#6935,#5689,#5690);
#4509=AXIS2_PLACEMENT_3D('',#6937,#5692,#5693);
#4510=AXIS2_PLACEMENT_3D('',#6939,#5695,#5696);
#4511=AXIS2_PLACEMENT_3D('',#6940,#5697,#5698);
#4512=AXIS2_PLACEMENT_3D('',#6942,#5700,#5701);
#4513=AXIS2_PLACEMENT_3D('',#6944,#5703,#5704);
#4514=AXIS2_PLACEMENT_3D('',#6947,#5707,#5708);
#4515=AXIS2_PLACEMENT_3D('',#6949,#5710,#5711);
#4516=AXIS2_PLACEMENT_3D('',#6950,#5712,#5713);
#4517=AXIS2_PLACEMENT_3D('',#6952,#5715,#5716);
#4518=AXIS2_PLACEMENT_3D('',#6954,#5718,#5719);
#4519=AXIS2_PLACEMENT_3D('',#6956,#5721,#5722);
#4520=AXIS2_PLACEMENT_3D('',#6958,#5724,#5725);
#4521=AXIS2_PLACEMENT_3D('',#6960,#5727,#5728);
#4522=AXIS2_PLACEMENT_3D('',#6961,#5729,#5730);
#4523=AXIS2_PLACEMENT_3D('',#6963,#5732,#5733);
#4524=AXIS2_PLACEMENT_3D('',#6965,#5735,#5736);
#4525=AXIS2_PLACEMENT_3D('',#6968,#5739,#5740);
#4526=AXIS2_PLACEMENT_3D('',#6970,#5742,#5743);
#4527=AXIS2_PLACEMENT_3D('',#6971,#5744,#5745);
#4528=AXIS2_PLACEMENT_3D('',#6973,#5747,#5748);
#4529=AXIS2_PLACEMENT_3D('',#6975,#5750,#5751);
#4530=AXIS2_PLACEMENT_3D('',#6977,#5753,#5754);
#4531=AXIS2_PLACEMENT_3D('',#6979,#5756,#5757);
#4532=AXIS2_PLACEMENT_3D('',#6981,#5759,#5760);
#4533=AXIS2_PLACEMENT_3D('',#6982,#5761,#5762);
#4534=AXIS2_PLACEMENT_3D('',#6984,#5764,#5765);
#4535=AXIS2_PLACEMENT_3D('',#6986,#5767,#5768);
#4536=AXIS2_PLACEMENT_3D('',#6988,#5770,#5771);
#4537=AXIS2_PLACEMENT_3D('',#6990,#5773,#5774);
#4538=AXIS2_PLACEMENT_3D('',#6992,#5776,#5777);
#4539=DIRECTION('axis',(0.,0.,1.));
#4540=DIRECTION('refdir',(1.,0.,0.));
#4541=DIRECTION('center_axis',(0.,1.,0.));
#4542=DIRECTION('ref_axis',(0.,0.,1.));
#4543=DIRECTION('center_axis',(0.,-1.,0.));
#4544=DIRECTION('ref_axis',(0.,0.,-1.));
#4545=DIRECTION('',(0.,1.,0.));
#4546=DIRECTION('center_axis',(0.,1.,0.));
#4547=DIRECTION('ref_axis',(0.,0.,1.));
#4548=DIRECTION('',(0.,1.,0.));
#4549=DIRECTION('center_axis',(0.,1.,0.));
#4550=DIRECTION('ref_axis',(0.,0.,1.));
#4551=DIRECTION('center_axis',(0.,-1.,0.));
#4552=DIRECTION('ref_axis',(0.,0.,-1.));
#4553=DIRECTION('',(0.,1.,0.));
#4554=DIRECTION('center_axis',(0.,-1.,0.));
#4555=DIRECTION('ref_axis',(0.,0.,-1.));
#4556=DIRECTION('center_axis',(-1.,0.,9.85104763173254E-16));
#4557=DIRECTION('ref_axis',(9.85104763173254E-16,0.,1.));
#4558=DIRECTION('',(-6.30467048430882E-16,0.,-1.));
#4559=DIRECTION('',(0.,1.,0.));
#4560=DIRECTION('',(6.30467048430882E-16,0.,1.));
#4561=DIRECTION('center_axis',(0.,1.,0.));
#4562=DIRECTION('ref_axis',(0.,0.,1.));
#4563=DIRECTION('center_axis',(0.,-1.,0.));
#4564=DIRECTION('ref_axis',(0.,0.,-1.));
#4565=DIRECTION('',(0.,1.,0.));
#4566=DIRECTION('center_axis',(0.,1.,0.));
#4567=DIRECTION('ref_axis',(0.,0.,1.));
#4568=DIRECTION('center_axis',(0.,0.,-1.));
#4569=DIRECTION('ref_axis',(-1.,0.,0.));
#4570=DIRECTION('',(1.,0.,0.));
#4571=DIRECTION('',(0.,1.,0.));
#4572=DIRECTION('',(-1.,0.,0.));
#4573=DIRECTION('center_axis',(0.,1.,0.));
#4574=DIRECTION('ref_axis',(0.,0.,1.));
#4575=DIRECTION('center_axis',(0.,-1.,0.));
#4576=DIRECTION('ref_axis',(0.,0.,-1.));
#4577=DIRECTION('',(0.,1.,0.));
#4578=DIRECTION('center_axis',(0.,1.,0.));
#4579=DIRECTION('ref_axis',(0.,0.,1.));
#4580=DIRECTION('center_axis',(1.,0.,0.));
#4581=DIRECTION('ref_axis',(0.,0.,-1.));
#4582=DIRECTION('',(0.,0.,1.));
#4583=DIRECTION('',(0.,1.,0.));
#4584=DIRECTION('',(0.,0.,-1.));
#4585=DIRECTION('center_axis',(0.,1.,0.));
#4586=DIRECTION('ref_axis',(0.,0.,1.));
#4587=DIRECTION('center_axis',(0.,-1.,0.));
#4588=DIRECTION('ref_axis',(0.,0.,-1.));
#4589=DIRECTION('',(0.,1.,0.));
#4590=DIRECTION('center_axis',(0.,-1.,0.));
#4591=DIRECTION('ref_axis',(0.,0.,1.));
#4592=DIRECTION('center_axis',(0.,0.,-1.));
#4593=DIRECTION('ref_axis',(-1.,0.,0.));
#4594=DIRECTION('',(1.,0.,0.));
#4595=DIRECTION('',(0.,1.,0.));
#4596=DIRECTION('',(-1.,0.,0.));
#4597=DIRECTION('center_axis',(0.,1.,0.));
#4598=DIRECTION('ref_axis',(0.,0.,1.));
#4599=DIRECTION('center_axis',(0.,-1.,0.));
#4600=DIRECTION('ref_axis',(0.,0.,-1.));
#4601=DIRECTION('',(0.,1.,0.));
#4602=DIRECTION('center_axis',(0.,1.,0.));
#4603=DIRECTION('ref_axis',(0.,0.,-1.));
#4604=DIRECTION('center_axis',(1.,0.,0.));
#4605=DIRECTION('ref_axis',(0.,0.,-1.));
#4606=DIRECTION('',(0.,0.,1.));
#4607=DIRECTION('',(0.,1.,0.));
#4608=DIRECTION('',(0.,0.,-1.));
#4609=DIRECTION('center_axis',(0.,1.,0.));
#4610=DIRECTION('ref_axis',(0.,0.,1.));
#4611=DIRECTION('center_axis',(0.,-1.,0.));
#4612=DIRECTION('ref_axis',(0.,0.,-1.));
#4613=DIRECTION('',(0.,1.,0.));
#4614=DIRECTION('center_axis',(0.,1.,0.));
#4615=DIRECTION('ref_axis',(0.,0.,-1.));
#4616=DIRECTION('center_axis',(4.92552381586628E-16,0.,1.));
#4617=DIRECTION('ref_axis',(1.,0.,-4.92552381586628E-16));
#4618=DIRECTION('',(-1.,0.,5.51658667377024E-16));
#4619=DIRECTION('',(0.,1.,0.));
#4620=DIRECTION('',(1.,0.,-4.72850286323163E-16));
#4621=DIRECTION('center_axis',(0.,1.,0.));
#4622=DIRECTION('ref_axis',(0.,0.,1.));
#4623=DIRECTION('center_axis',(0.,-1.,0.));
#4624=DIRECTION('ref_axis',(0.,0.,-1.));
#4625=DIRECTION('center_axis',(0.,-1.,0.));
#4626=DIRECTION('ref_axis',(0.,0.,1.));
#4627=DIRECTION('center_axis',(0.,1.,0.));
#4628=DIRECTION('ref_axis',(0.,0.,1.));
#4629=DIRECTION('center_axis',(0.,-1.,0.));
#4630=DIRECTION('ref_axis',(0.,0.,-1.));
#4631=DIRECTION('',(0.,1.,0.));
#4632=DIRECTION('center_axis',(0.,1.,0.));
#4633=DIRECTION('ref_axis',(0.,0.,1.));
#4634=DIRECTION('',(0.,1.,0.));
#4635=DIRECTION('center_axis',(0.,1.,0.));
#4636=DIRECTION('ref_axis',(0.,0.,1.));
#4637=DIRECTION('center_axis',(0.,-1.,0.));
#4638=DIRECTION('ref_axis',(0.,0.,-1.));
#4639=DIRECTION('',(0.,1.,0.));
#4640=DIRECTION('center_axis',(0.,-1.,0.));
#4641=DIRECTION('ref_axis',(0.,0.,-1.));
#4642=DIRECTION('center_axis',(-1.,0.,9.85104763173254E-16));
#4643=DIRECTION('ref_axis',(9.85104763173254E-16,0.,1.));
#4644=DIRECTION('',(-6.30467048430882E-16,0.,-1.));
#4645=DIRECTION('',(0.,1.,0.));
#4646=DIRECTION('',(1.26093409686176E-15,0.,1.));
#4647=DIRECTION('center_axis',(0.,1.,0.));
#4648=DIRECTION('ref_axis',(0.,0.,1.));
#4649=DIRECTION('center_axis',(0.,-1.,0.));
#4650=DIRECTION('ref_axis',(0.,0.,-1.));
#4651=DIRECTION('',(0.,1.,0.));
#4652=DIRECTION('center_axis',(0.,1.,0.));
#4653=DIRECTION('ref_axis',(0.,0.,1.));
#4654=DIRECTION('center_axis',(0.,0.,-1.));
#4655=DIRECTION('ref_axis',(-1.,0.,0.));
#4656=DIRECTION('',(1.,0.,0.));
#4657=DIRECTION('',(0.,1.,0.));
#4658=DIRECTION('',(-1.,0.,0.));
#4659=DIRECTION('center_axis',(0.,1.,0.));
#4660=DIRECTION('ref_axis',(0.,0.,1.));
#4661=DIRECTION('center_axis',(0.,-1.,0.));
#4662=DIRECTION('ref_axis',(0.,0.,-1.));
#4663=DIRECTION('',(0.,1.,0.));
#4664=DIRECTION('center_axis',(0.,1.,0.));
#4665=DIRECTION('ref_axis',(0.,0.,1.));
#4666=DIRECTION('center_axis',(1.,0.,0.));
#4667=DIRECTION('ref_axis',(0.,0.,-1.));
#4668=DIRECTION('',(0.,0.,1.));
#4669=DIRECTION('',(0.,1.,0.));
#4670=DIRECTION('',(0.,0.,-1.));
#4671=DIRECTION('center_axis',(0.,1.,0.));
#4672=DIRECTION('ref_axis',(0.,0.,1.));
#4673=DIRECTION('center_axis',(0.,-1.,0.));
#4674=DIRECTION('ref_axis',(0.,0.,-1.));
#4675=DIRECTION('',(0.,1.,0.));
#4676=DIRECTION('center_axis',(0.,-1.,0.));
#4677=DIRECTION('ref_axis',(0.,0.,1.));
#4678=DIRECTION('center_axis',(0.,0.,-1.));
#4679=DIRECTION('ref_axis',(-1.,0.,0.));
#4680=DIRECTION('',(1.,0.,0.));
#4681=DIRECTION('',(0.,1.,0.));
#4682=DIRECTION('',(-1.,0.,0.));
#4683=DIRECTION('center_axis',(0.,1.,0.));
#4684=DIRECTION('ref_axis',(0.,0.,1.));
#4685=DIRECTION('center_axis',(0.,-1.,0.));
#4686=DIRECTION('ref_axis',(0.,0.,-1.));
#4687=DIRECTION('',(0.,1.,0.));
#4688=DIRECTION('center_axis',(0.,1.,0.));
#4689=DIRECTION('ref_axis',(0.,0.,-1.));
#4690=DIRECTION('center_axis',(1.,0.,0.));
#4691=DIRECTION('ref_axis',(0.,0.,-1.));
#4692=DIRECTION('',(0.,0.,1.));
#4693=DIRECTION('',(0.,1.,0.));
#4694=DIRECTION('',(0.,0.,-1.));
#4695=DIRECTION('center_axis',(0.,1.,0.));
#4696=DIRECTION('ref_axis',(0.,0.,1.));
#4697=DIRECTION('center_axis',(0.,-1.,0.));
#4698=DIRECTION('ref_axis',(0.,0.,-1.));
#4699=DIRECTION('',(0.,1.,0.));
#4700=DIRECTION('center_axis',(0.,1.,0.));
#4701=DIRECTION('ref_axis',(0.,0.,-1.));
#4702=DIRECTION('center_axis',(4.92552381586628E-16,0.,1.));
#4703=DIRECTION('ref_axis',(1.,0.,-4.92552381586628E-16));
#4704=DIRECTION('',(-1.,0.,6.30467048430886E-16));
#4705=DIRECTION('',(0.,1.,0.));
#4706=DIRECTION('',(1.,0.,0.));
#4707=DIRECTION('center_axis',(0.,1.,0.));
#4708=DIRECTION('ref_axis',(0.,0.,1.));
#4709=DIRECTION('center_axis',(0.,-1.,0.));
#4710=DIRECTION('ref_axis',(0.,0.,-1.));
#4711=DIRECTION('center_axis',(0.,-1.,0.));
#4712=DIRECTION('ref_axis',(0.,0.,1.));
#4713=DIRECTION('center_axis',(0.,1.,0.));
#4714=DIRECTION('ref_axis',(0.,0.,1.));
#4715=DIRECTION('center_axis',(0.,-1.,0.));
#4716=DIRECTION('ref_axis',(0.,0.,-1.));
#4717=DIRECTION('',(0.,1.,0.));
#4718=DIRECTION('center_axis',(0.,1.,0.));
#4719=DIRECTION('ref_axis',(0.,0.,1.));
#4720=DIRECTION('',(0.,1.,0.));
#4721=DIRECTION('center_axis',(0.,1.,0.));
#4722=DIRECTION('ref_axis',(0.,0.,1.));
#4723=DIRECTION('center_axis',(0.,-1.,0.));
#4724=DIRECTION('ref_axis',(0.,0.,-1.));
#4725=DIRECTION('',(0.,1.,0.));
#4726=DIRECTION('center_axis',(0.,-1.,0.));
#4727=DIRECTION('ref_axis',(0.,0.,-1.));
#4728=DIRECTION('center_axis',(-1.,0.,9.85104763173254E-16));
#4729=DIRECTION('ref_axis',(9.85104763173254E-16,0.,1.));
#4730=DIRECTION('',(-1.02450895370018E-15,0.,-1.));
#4731=DIRECTION('',(0.,1.,0.));
#4732=DIRECTION('',(1.02450895370018E-15,0.,1.));
#4733=DIRECTION('center_axis',(0.,1.,0.));
#4734=DIRECTION('ref_axis',(0.,0.,1.));
#4735=DIRECTION('center_axis',(0.,-1.,0.));
#4736=DIRECTION('ref_axis',(0.,0.,-1.));
#4737=DIRECTION('',(0.,1.,0.));
#4738=DIRECTION('center_axis',(0.,1.,0.));
#4739=DIRECTION('ref_axis',(0.,0.,1.));
#4740=DIRECTION('center_axis',(0.,0.,-1.));
#4741=DIRECTION('ref_axis',(-1.,0.,0.));
#4742=DIRECTION('',(1.,0.,0.));
#4743=DIRECTION('',(0.,1.,0.));
#4744=DIRECTION('',(-1.,0.,0.));
#4745=DIRECTION('center_axis',(0.,1.,0.));
#4746=DIRECTION('ref_axis',(0.,0.,1.));
#4747=DIRECTION('center_axis',(0.,-1.,0.));
#4748=DIRECTION('ref_axis',(0.,0.,-1.));
#4749=DIRECTION('',(0.,1.,0.));
#4750=DIRECTION('center_axis',(0.,1.,0.));
#4751=DIRECTION('ref_axis',(0.,0.,1.));
#4752=DIRECTION('center_axis',(1.,0.,0.));
#4753=DIRECTION('ref_axis',(0.,0.,-1.));
#4754=DIRECTION('',(0.,0.,1.));
#4755=DIRECTION('',(0.,1.,0.));
#4756=DIRECTION('',(0.,0.,-1.));
#4757=DIRECTION('center_axis',(0.,1.,0.));
#4758=DIRECTION('ref_axis',(0.,0.,1.));
#4759=DIRECTION('center_axis',(0.,-1.,0.));
#4760=DIRECTION('ref_axis',(0.,0.,-1.));
#4761=DIRECTION('',(0.,1.,0.));
#4762=DIRECTION('center_axis',(0.,-1.,0.));
#4763=DIRECTION('ref_axis',(0.,0.,1.));
#4764=DIRECTION('center_axis',(0.,0.,-1.));
#4765=DIRECTION('ref_axis',(-1.,0.,0.));
#4766=DIRECTION('',(1.,0.,0.));
#4767=DIRECTION('',(0.,1.,0.));
#4768=DIRECTION('',(-1.,0.,0.));
#4769=DIRECTION('center_axis',(0.,1.,0.));
#4770=DIRECTION('ref_axis',(0.,0.,1.));
#4771=DIRECTION('center_axis',(0.,-1.,0.));
#4772=DIRECTION('ref_axis',(0.,0.,-1.));
#4773=DIRECTION('',(0.,1.,0.));
#4774=DIRECTION('center_axis',(0.,1.,0.));
#4775=DIRECTION('ref_axis',(0.,0.,-1.));
#4776=DIRECTION('center_axis',(1.,0.,0.));
#4777=DIRECTION('ref_axis',(0.,0.,-1.));
#4778=DIRECTION('',(0.,0.,1.));
#4779=DIRECTION('',(0.,1.,0.));
#4780=DIRECTION('',(0.,0.,-1.));
#4781=DIRECTION('center_axis',(0.,1.,0.));
#4782=DIRECTION('ref_axis',(0.,0.,1.));
#4783=DIRECTION('center_axis',(0.,-1.,0.));
#4784=DIRECTION('ref_axis',(0.,0.,-1.));
#4785=DIRECTION('',(0.,1.,0.));
#4786=DIRECTION('center_axis',(0.,1.,0.));
#4787=DIRECTION('ref_axis',(0.,0.,-1.));
#4788=DIRECTION('center_axis',(4.92552381586628E-16,0.,1.));
#4789=DIRECTION('ref_axis',(1.,0.,-4.92552381586628E-16));
#4790=DIRECTION('',(-1.,0.,0.));
#4791=DIRECTION('',(0.,1.,0.));
#4792=DIRECTION('',(1.,0.,0.));
#4793=DIRECTION('center_axis',(0.,1.,0.));
#4794=DIRECTION('ref_axis',(0.,0.,1.));
#4795=DIRECTION('center_axis',(0.,-1.,0.));
#4796=DIRECTION('ref_axis',(0.,0.,-1.));
#4797=DIRECTION('center_axis',(0.,-1.,0.));
#4798=DIRECTION('ref_axis',(0.,0.,1.));
#4799=DIRECTION('center_axis',(0.,1.,0.));
#4800=DIRECTION('ref_axis',(0.,0.,1.));
#4801=DIRECTION('center_axis',(0.,-1.,0.));
#4802=DIRECTION('ref_axis',(0.,0.,-1.));
#4803=DIRECTION('',(0.,1.,0.));
#4804=DIRECTION('center_axis',(0.,1.,0.));
#4805=DIRECTION('ref_axis',(0.,0.,1.));
#4806=DIRECTION('',(0.,1.,0.));
#4807=DIRECTION('center_axis',(0.,1.,0.));
#4808=DIRECTION('ref_axis',(0.,0.,1.));
#4809=DIRECTION('center_axis',(0.,-1.,0.));
#4810=DIRECTION('ref_axis',(0.,0.,-1.));
#4811=DIRECTION('',(0.,1.,0.));
#4812=DIRECTION('center_axis',(0.,-1.,0.));
#4813=DIRECTION('ref_axis',(0.,0.,-1.));
#4814=DIRECTION('center_axis',(-1.,0.,9.85104763173254E-16));
#4815=DIRECTION('ref_axis',(9.85104763173254E-16,0.,1.));
#4816=DIRECTION('',(-6.30467048430882E-16,0.,-1.));
#4817=DIRECTION('',(0.,1.,0.));
#4818=DIRECTION('',(6.30467048430882E-16,0.,1.));
#4819=DIRECTION('center_axis',(0.,1.,0.));
#4820=DIRECTION('ref_axis',(0.,0.,1.));
#4821=DIRECTION('center_axis',(0.,-1.,0.));
#4822=DIRECTION('ref_axis',(0.,0.,-1.));
#4823=DIRECTION('',(0.,1.,0.));
#4824=DIRECTION('center_axis',(0.,1.,0.));
#4825=DIRECTION('ref_axis',(0.,0.,1.));
#4826=DIRECTION('center_axis',(0.,0.,-1.));
#4827=DIRECTION('ref_axis',(-1.,0.,0.));
#4828=DIRECTION('',(1.,0.,0.));
#4829=DIRECTION('',(0.,1.,0.));
#4830=DIRECTION('',(-1.,0.,0.));
#4831=DIRECTION('center_axis',(0.,1.,0.));
#4832=DIRECTION('ref_axis',(0.,0.,1.));
#4833=DIRECTION('center_axis',(0.,-1.,0.));
#4834=DIRECTION('ref_axis',(0.,0.,-1.));
#4835=DIRECTION('',(0.,1.,0.));
#4836=DIRECTION('center_axis',(0.,1.,0.));
#4837=DIRECTION('ref_axis',(0.,0.,1.));
#4838=DIRECTION('center_axis',(1.,0.,0.));
#4839=DIRECTION('ref_axis',(0.,0.,-1.));
#4840=DIRECTION('',(0.,0.,1.));
#4841=DIRECTION('',(0.,1.,0.));
#4842=DIRECTION('',(0.,0.,-1.));
#4843=DIRECTION('center_axis',(0.,1.,0.));
#4844=DIRECTION('ref_axis',(0.,0.,1.));
#4845=DIRECTION('center_axis',(0.,-1.,0.));
#4846=DIRECTION('ref_axis',(0.,0.,-1.));
#4847=DIRECTION('',(0.,1.,0.));
#4848=DIRECTION('center_axis',(0.,-1.,0.));
#4849=DIRECTION('ref_axis',(0.,0.,1.));
#4850=DIRECTION('center_axis',(0.,0.,-1.));
#4851=DIRECTION('ref_axis',(-1.,0.,0.));
#4852=DIRECTION('',(1.,0.,0.));
#4853=DIRECTION('',(0.,1.,0.));
#4854=DIRECTION('',(-1.,0.,0.));
#4855=DIRECTION('center_axis',(0.,1.,0.));
#4856=DIRECTION('ref_axis',(0.,0.,1.));
#4857=DIRECTION('center_axis',(0.,-1.,0.));
#4858=DIRECTION('ref_axis',(0.,0.,-1.));
#4859=DIRECTION('',(0.,1.,0.));
#4860=DIRECTION('center_axis',(0.,1.,0.));
#4861=DIRECTION('ref_axis',(0.,0.,-1.));
#4862=DIRECTION('center_axis',(1.,0.,0.));
#4863=DIRECTION('ref_axis',(0.,0.,-1.));
#4864=DIRECTION('',(0.,0.,1.));
#4865=DIRECTION('',(0.,1.,0.));
#4866=DIRECTION('',(0.,0.,-1.));
#4867=DIRECTION('center_axis',(0.,1.,0.));
#4868=DIRECTION('ref_axis',(0.,0.,1.));
#4869=DIRECTION('center_axis',(0.,-1.,0.));
#4870=DIRECTION('ref_axis',(0.,0.,-1.));
#4871=DIRECTION('',(0.,1.,0.));
#4872=DIRECTION('center_axis',(0.,1.,0.));
#4873=DIRECTION('ref_axis',(0.,0.,-1.));
#4874=DIRECTION('center_axis',(4.92552381586628E-16,0.,1.));
#4875=DIRECTION('ref_axis',(1.,0.,-4.92552381586628E-16));
#4876=DIRECTION('',(-1.,0.,0.));
#4877=DIRECTION('',(0.,1.,0.));
#4878=DIRECTION('',(1.,0.,0.));
#4879=DIRECTION('center_axis',(0.,1.,0.));
#4880=DIRECTION('ref_axis',(0.,0.,1.));
#4881=DIRECTION('center_axis',(0.,-1.,0.));
#4882=DIRECTION('ref_axis',(0.,0.,-1.));
#4883=DIRECTION('center_axis',(0.,-1.,0.));
#4884=DIRECTION('ref_axis',(0.,0.,1.));
#4885=DIRECTION('center_axis',(0.,1.,0.));
#4886=DIRECTION('ref_axis',(0.,0.,1.));
#4887=DIRECTION('center_axis',(0.,-1.,0.));
#4888=DIRECTION('ref_axis',(0.,0.,-1.));
#4889=DIRECTION('',(0.,1.,0.));
#4890=DIRECTION('center_axis',(0.,1.,0.));
#4891=DIRECTION('ref_axis',(0.,0.,1.));
#4892=DIRECTION('',(0.,1.,0.));
#4893=DIRECTION('center_axis',(0.,1.,0.));
#4894=DIRECTION('ref_axis',(0.,0.,1.));
#4895=DIRECTION('center_axis',(0.,-1.,0.));
#4896=DIRECTION('ref_axis',(0.,0.,-1.));
#4897=DIRECTION('',(0.,1.,0.));
#4898=DIRECTION('center_axis',(0.,-1.,0.));
#4899=DIRECTION('ref_axis',(0.,0.,-1.));
#4900=DIRECTION('center_axis',(-1.,0.,9.85104763173254E-16));
#4901=DIRECTION('ref_axis',(9.85104763173254E-16,0.,1.));
#4902=DIRECTION('',(-1.26093409686176E-15,0.,-1.));
#4903=DIRECTION('',(0.,1.,0.));
#4904=DIRECTION('',(1.26093409686176E-15,0.,1.));
#4905=DIRECTION('center_axis',(0.,1.,0.));
#4906=DIRECTION('ref_axis',(0.,0.,1.));
#4907=DIRECTION('center_axis',(0.,-1.,0.));
#4908=DIRECTION('ref_axis',(0.,0.,-1.));
#4909=DIRECTION('',(0.,1.,0.));
#4910=DIRECTION('center_axis',(0.,1.,0.));
#4911=DIRECTION('ref_axis',(0.,0.,1.));
#4912=DIRECTION('center_axis',(0.,0.,-1.));
#4913=DIRECTION('ref_axis',(-1.,0.,0.));
#4914=DIRECTION('',(1.,0.,0.));
#4915=DIRECTION('',(0.,1.,0.));
#4916=DIRECTION('',(-1.,0.,0.));
#4917=DIRECTION('center_axis',(0.,1.,0.));
#4918=DIRECTION('ref_axis',(0.,0.,1.));
#4919=DIRECTION('center_axis',(0.,-1.,0.));
#4920=DIRECTION('ref_axis',(0.,0.,-1.));
#4921=DIRECTION('',(0.,1.,0.));
#4922=DIRECTION('center_axis',(0.,1.,0.));
#4923=DIRECTION('ref_axis',(0.,0.,1.));
#4924=DIRECTION('center_axis',(1.,0.,0.));
#4925=DIRECTION('ref_axis',(0.,0.,-1.));
#4926=DIRECTION('',(0.,0.,1.));
#4927=DIRECTION('',(0.,1.,0.));
#4928=DIRECTION('',(0.,0.,-1.));
#4929=DIRECTION('center_axis',(0.,1.,0.));
#4930=DIRECTION('ref_axis',(0.,0.,1.));
#4931=DIRECTION('center_axis',(0.,-1.,0.));
#4932=DIRECTION('ref_axis',(0.,0.,-1.));
#4933=DIRECTION('',(0.,1.,0.));
#4934=DIRECTION('center_axis',(0.,-1.,0.));
#4935=DIRECTION('ref_axis',(0.,0.,1.));
#4936=DIRECTION('center_axis',(0.,0.,-1.));
#4937=DIRECTION('ref_axis',(-1.,0.,0.));
#4938=DIRECTION('',(1.,0.,0.));
#4939=DIRECTION('',(0.,1.,0.));
#4940=DIRECTION('',(-1.,0.,0.));
#4941=DIRECTION('center_axis',(0.,1.,0.));
#4942=DIRECTION('ref_axis',(0.,0.,1.));
#4943=DIRECTION('center_axis',(0.,-1.,0.));
#4944=DIRECTION('ref_axis',(0.,0.,-1.));
#4945=DIRECTION('',(0.,1.,0.));
#4946=DIRECTION('center_axis',(0.,1.,0.));
#4947=DIRECTION('ref_axis',(0.,0.,-1.));
#4948=DIRECTION('center_axis',(1.,0.,0.));
#4949=DIRECTION('ref_axis',(0.,0.,-1.));
#4950=DIRECTION('',(0.,0.,1.));
#4951=DIRECTION('',(0.,1.,0.));
#4952=DIRECTION('',(0.,0.,-1.));
#4953=DIRECTION('center_axis',(0.,1.,0.));
#4954=DIRECTION('ref_axis',(0.,0.,1.));
#4955=DIRECTION('center_axis',(0.,-1.,0.));
#4956=DIRECTION('ref_axis',(0.,0.,-1.));
#4957=DIRECTION('',(0.,1.,0.));
#4958=DIRECTION('center_axis',(0.,1.,0.));
#4959=DIRECTION('ref_axis',(0.,0.,-1.));
#4960=DIRECTION('center_axis',(4.92552381586628E-16,0.,1.));
#4961=DIRECTION('ref_axis',(1.,0.,-4.92552381586628E-16));
#4962=DIRECTION('',(-1.,0.,1.26093409686177E-15));
#4963=DIRECTION('',(0.,1.,0.));
#4964=DIRECTION('',(1.,0.,0.));
#4965=DIRECTION('center_axis',(0.,1.,0.));
#4966=DIRECTION('ref_axis',(0.,0.,1.));
#4967=DIRECTION('center_axis',(0.,-1.,0.));
#4968=DIRECTION('ref_axis',(0.,0.,-1.));
#4969=DIRECTION('center_axis',(0.,-1.,0.));
#4970=DIRECTION('ref_axis',(0.,0.,1.));
#4971=DIRECTION('center_axis',(0.,1.,0.));
#4972=DIRECTION('ref_axis',(0.,0.,1.));
#4973=DIRECTION('center_axis',(0.,-1.,0.));
#4974=DIRECTION('ref_axis',(0.,0.,-1.));
#4975=DIRECTION('',(0.,1.,0.));
#4976=DIRECTION('center_axis',(0.,1.,0.));
#4977=DIRECTION('ref_axis',(0.,0.,1.));
#4978=DIRECTION('',(0.,1.,0.));
#4979=DIRECTION('center_axis',(0.,1.,0.));
#4980=DIRECTION('ref_axis',(0.,0.,1.));
#4981=DIRECTION('center_axis',(0.,-1.,0.));
#4982=DIRECTION('ref_axis',(0.,0.,-1.));
#4983=DIRECTION('',(0.,1.,0.));
#4984=DIRECTION('center_axis',(0.,-1.,0.));
#4985=DIRECTION('ref_axis',(0.,0.,-1.));
#4986=DIRECTION('center_axis',(-1.,0.,9.85104763173254E-16));
#4987=DIRECTION('ref_axis',(9.85104763173254E-16,0.,1.));
#4988=DIRECTION('',(-1.26093409686176E-15,0.,-1.));
#4989=DIRECTION('',(0.,1.,0.));
#4990=DIRECTION('',(1.26093409686176E-15,0.,1.));
#4991=DIRECTION('center_axis',(0.,1.,0.));
#4992=DIRECTION('ref_axis',(0.,0.,1.));
#4993=DIRECTION('center_axis',(0.,-1.,0.));
#4994=DIRECTION('ref_axis',(0.,0.,-1.));
#4995=DIRECTION('',(0.,1.,0.));
#4996=DIRECTION('center_axis',(0.,1.,0.));
#4997=DIRECTION('ref_axis',(0.,0.,1.));
#4998=DIRECTION('center_axis',(0.,0.,-1.));
#4999=DIRECTION('ref_axis',(-1.,0.,0.));
#5000=DIRECTION('',(1.,0.,0.));
#5001=DIRECTION('',(0.,1.,0.));
#5002=DIRECTION('',(-1.,0.,0.));
#5003=DIRECTION('center_axis',(0.,1.,0.));
#5004=DIRECTION('ref_axis',(0.,0.,1.));
#5005=DIRECTION('center_axis',(0.,-1.,0.));
#5006=DIRECTION('ref_axis',(0.,0.,-1.));
#5007=DIRECTION('',(0.,1.,0.));
#5008=DIRECTION('center_axis',(0.,1.,0.));
#5009=DIRECTION('ref_axis',(0.,0.,1.));
#5010=DIRECTION('center_axis',(1.,0.,0.));
#5011=DIRECTION('ref_axis',(0.,0.,-1.));
#5012=DIRECTION('',(0.,0.,1.));
#5013=DIRECTION('',(0.,1.,0.));
#5014=DIRECTION('',(0.,0.,-1.));
#5015=DIRECTION('center_axis',(0.,1.,0.));
#5016=DIRECTION('ref_axis',(0.,0.,1.));
#5017=DIRECTION('center_axis',(0.,-1.,0.));
#5018=DIRECTION('ref_axis',(0.,0.,-1.));
#5019=DIRECTION('',(0.,1.,0.));
#5020=DIRECTION('center_axis',(0.,-1.,0.));
#5021=DIRECTION('ref_axis',(0.,0.,1.));
#5022=DIRECTION('center_axis',(0.,0.,-1.));
#5023=DIRECTION('ref_axis',(-1.,0.,0.));
#5024=DIRECTION('',(1.,0.,0.));
#5025=DIRECTION('',(0.,1.,0.));
#5026=DIRECTION('',(-1.,0.,0.));
#5027=DIRECTION('center_axis',(0.,1.,0.));
#5028=DIRECTION('ref_axis',(0.,0.,1.));
#5029=DIRECTION('center_axis',(0.,-1.,0.));
#5030=DIRECTION('ref_axis',(0.,0.,-1.));
#5031=DIRECTION('',(0.,1.,0.));
#5032=DIRECTION('center_axis',(0.,1.,0.));
#5033=DIRECTION('ref_axis',(0.,0.,-1.));
#5034=DIRECTION('center_axis',(1.,0.,0.));
#5035=DIRECTION('ref_axis',(0.,0.,-1.));
#5036=DIRECTION('',(0.,0.,1.));
#5037=DIRECTION('',(0.,1.,0.));
#5038=DIRECTION('',(0.,0.,-1.));
#5039=DIRECTION('center_axis',(0.,1.,0.));
#5040=DIRECTION('ref_axis',(0.,0.,1.));
#5041=DIRECTION('center_axis',(0.,-1.,0.));
#5042=DIRECTION('ref_axis',(0.,0.,-1.));
#5043=DIRECTION('',(0.,1.,0.));
#5044=DIRECTION('center_axis',(0.,1.,0.));
#5045=DIRECTION('ref_axis',(0.,0.,-1.));
#5046=DIRECTION('center_axis',(4.92552381586628E-16,0.,1.));
#5047=DIRECTION('ref_axis',(1.,0.,-4.92552381586628E-16));
#5048=DIRECTION('',(-1.,0.,4.72850286323164E-16));
#5049=DIRECTION('',(0.,1.,0.));
#5050=DIRECTION('',(1.,0.,-4.72850286323164E-16));
#5051=DIRECTION('center_axis',(0.,1.,0.));
#5052=DIRECTION('ref_axis',(0.,0.,1.));
#5053=DIRECTION('center_axis',(0.,-1.,0.));
#5054=DIRECTION('ref_axis',(0.,0.,-1.));
#5055=DIRECTION('center_axis',(0.,-1.,0.));
#5056=DIRECTION('ref_axis',(0.,0.,1.));
#5057=DIRECTION('center_axis',(0.,1.,0.));
#5058=DIRECTION('ref_axis',(0.,0.,1.));
#5059=DIRECTION('center_axis',(0.,-1.,0.));
#5060=DIRECTION('ref_axis',(0.,0.,-1.));
#5061=DIRECTION('',(0.,1.,0.));
#5062=DIRECTION('center_axis',(0.,1.,0.));
#5063=DIRECTION('ref_axis',(0.,0.,1.));
#5064=DIRECTION('',(0.,1.,0.));
#5065=DIRECTION('center_axis',(0.,1.,0.));
#5066=DIRECTION('ref_axis',(0.,0.,1.));
#5067=DIRECTION('center_axis',(0.,-1.,0.));
#5068=DIRECTION('ref_axis',(0.,0.,-1.));
#5069=DIRECTION('',(0.,1.,0.));
#5070=DIRECTION('center_axis',(0.,-1.,0.));
#5071=DIRECTION('ref_axis',(0.,0.,-1.));
#5072=DIRECTION('center_axis',(-1.,0.,9.85104763173254E-16));
#5073=DIRECTION('ref_axis',(9.85104763173254E-16,0.,1.));
#5074=DIRECTION('',(-6.30467048430882E-16,0.,-1.));
#5075=DIRECTION('',(0.,1.,0.));
#5076=DIRECTION('',(1.26093409686176E-15,0.,1.));
#5077=DIRECTION('center_axis',(0.,1.,0.));
#5078=DIRECTION('ref_axis',(0.,0.,1.));
#5079=DIRECTION('center_axis',(0.,-1.,0.));
#5080=DIRECTION('ref_axis',(0.,0.,-1.));
#5081=DIRECTION('',(0.,1.,0.));
#5082=DIRECTION('center_axis',(0.,1.,0.));
#5083=DIRECTION('ref_axis',(0.,0.,1.));
#5084=DIRECTION('center_axis',(0.,0.,-1.));
#5085=DIRECTION('ref_axis',(-1.,0.,0.));
#5086=DIRECTION('',(1.,0.,0.));
#5087=DIRECTION('',(0.,1.,0.));
#5088=DIRECTION('',(-1.,0.,0.));
#5089=DIRECTION('center_axis',(0.,1.,0.));
#5090=DIRECTION('ref_axis',(0.,0.,1.));
#5091=DIRECTION('center_axis',(0.,-1.,0.));
#5092=DIRECTION('ref_axis',(0.,0.,-1.));
#5093=DIRECTION('',(0.,1.,0.));
#5094=DIRECTION('center_axis',(0.,1.,0.));
#5095=DIRECTION('ref_axis',(0.,0.,1.));
#5096=DIRECTION('center_axis',(1.,0.,0.));
#5097=DIRECTION('ref_axis',(0.,0.,-1.));
#5098=DIRECTION('',(0.,0.,1.));
#5099=DIRECTION('',(0.,1.,0.));
#5100=DIRECTION('',(0.,0.,-1.));
#5101=DIRECTION('center_axis',(0.,1.,0.));
#5102=DIRECTION('ref_axis',(0.,0.,1.));
#5103=DIRECTION('center_axis',(0.,-1.,0.));
#5104=DIRECTION('ref_axis',(0.,0.,-1.));
#5105=DIRECTION('',(0.,1.,0.));
#5106=DIRECTION('center_axis',(0.,-1.,0.));
#5107=DIRECTION('ref_axis',(0.,0.,1.));
#5108=DIRECTION('center_axis',(0.,0.,-1.));
#5109=DIRECTION('ref_axis',(-1.,0.,0.));
#5110=DIRECTION('',(1.,0.,0.));
#5111=DIRECTION('',(0.,1.,0.));
#5112=DIRECTION('',(-1.,0.,0.));
#5113=DIRECTION('center_axis',(0.,1.,0.));
#5114=DIRECTION('ref_axis',(0.,0.,1.));
#5115=DIRECTION('center_axis',(0.,-1.,0.));
#5116=DIRECTION('ref_axis',(0.,0.,-1.));
#5117=DIRECTION('',(0.,1.,0.));
#5118=DIRECTION('center_axis',(0.,1.,0.));
#5119=DIRECTION('ref_axis',(0.,0.,-1.));
#5120=DIRECTION('center_axis',(1.,0.,0.));
#5121=DIRECTION('ref_axis',(0.,0.,-1.));
#5122=DIRECTION('',(0.,0.,1.));
#5123=DIRECTION('',(0.,1.,0.));
#5124=DIRECTION('',(0.,0.,-1.));
#5125=DIRECTION('center_axis',(0.,1.,0.));
#5126=DIRECTION('ref_axis',(0.,0.,1.));
#5127=DIRECTION('center_axis',(0.,-1.,0.));
#5128=DIRECTION('ref_axis',(0.,0.,-1.));
#5129=DIRECTION('',(0.,1.,0.));
#5130=DIRECTION('center_axis',(0.,1.,0.));
#5131=DIRECTION('ref_axis',(0.,0.,-1.));
#5132=DIRECTION('center_axis',(4.92552381586628E-16,0.,1.));
#5133=DIRECTION('ref_axis',(1.,0.,-4.92552381586628E-16));
#5134=DIRECTION('',(-1.,0.,5.51658667377023E-16));
#5135=DIRECTION('',(0.,1.,0.));
#5136=DIRECTION('',(1.,0.,-4.72850286323163E-16));
#5137=DIRECTION('center_axis',(0.,1.,0.));
#5138=DIRECTION('ref_axis',(0.,0.,1.));
#5139=DIRECTION('center_axis',(0.,-1.,0.));
#5140=DIRECTION('ref_axis',(0.,0.,-1.));
#5141=DIRECTION('center_axis',(0.,-1.,0.));
#5142=DIRECTION('ref_axis',(0.,0.,1.));
#5143=DIRECTION('center_axis',(0.,1.,0.));
#5144=DIRECTION('ref_axis',(0.,0.,1.));
#5145=DIRECTION('center_axis',(0.,-1.,0.));
#5146=DIRECTION('ref_axis',(0.,0.,-1.));
#5147=DIRECTION('',(0.,1.,0.));
#5148=DIRECTION('center_axis',(0.,1.,0.));
#5149=DIRECTION('ref_axis',(0.,0.,1.));
#5150=DIRECTION('',(0.,1.,0.));
#5151=DIRECTION('center_axis',(0.,1.,0.));
#5152=DIRECTION('ref_axis',(0.,0.,1.));
#5153=DIRECTION('center_axis',(0.,-1.,0.));
#5154=DIRECTION('ref_axis',(0.,0.,-1.));
#5155=DIRECTION('',(0.,1.,0.));
#5156=DIRECTION('center_axis',(0.,-1.,0.));
#5157=DIRECTION('ref_axis',(0.,0.,-1.));
#5158=DIRECTION('center_axis',(-1.,0.,9.85104763173254E-16));
#5159=DIRECTION('ref_axis',(9.85104763173254E-16,0.,1.));
#5160=DIRECTION('',(-9.45700572646323E-16,0.,-1.));
#5161=DIRECTION('',(0.,1.,0.));
#5162=DIRECTION('',(1.02450895370018E-15,0.,1.));
#5163=DIRECTION('center_axis',(0.,1.,0.));
#5164=DIRECTION('ref_axis',(0.,0.,1.));
#5165=DIRECTION('center_axis',(0.,-1.,0.));
#5166=DIRECTION('ref_axis',(0.,0.,-1.));
#5167=DIRECTION('',(0.,1.,0.));
#5168=DIRECTION('center_axis',(0.,1.,0.));
#5169=DIRECTION('ref_axis',(0.,0.,1.));
#5170=DIRECTION('center_axis',(0.,0.,-1.));
#5171=DIRECTION('ref_axis',(-1.,0.,0.));
#5172=DIRECTION('',(1.,0.,0.));
#5173=DIRECTION('',(0.,1.,0.));
#5174=DIRECTION('',(-1.,0.,0.));
#5175=DIRECTION('center_axis',(0.,1.,0.));
#5176=DIRECTION('ref_axis',(0.,0.,1.));
#5177=DIRECTION('center_axis',(0.,-1.,0.));
#5178=DIRECTION('ref_axis',(0.,0.,-1.));
#5179=DIRECTION('',(0.,1.,0.));
#5180=DIRECTION('center_axis',(0.,1.,0.));
#5181=DIRECTION('ref_axis',(0.,0.,1.));
#5182=DIRECTION('center_axis',(1.,0.,0.));
#5183=DIRECTION('ref_axis',(0.,0.,-1.));
#5184=DIRECTION('',(0.,0.,1.));
#5185=DIRECTION('',(0.,1.,0.));
#5186=DIRECTION('',(0.,0.,-1.));
#5187=DIRECTION('center_axis',(0.,1.,0.));
#5188=DIRECTION('ref_axis',(0.,0.,1.));
#5189=DIRECTION('center_axis',(0.,-1.,0.));
#5190=DIRECTION('ref_axis',(0.,0.,-1.));
#5191=DIRECTION('',(0.,1.,0.));
#5192=DIRECTION('center_axis',(0.,-1.,0.));
#5193=DIRECTION('ref_axis',(0.,0.,1.));
#5194=DIRECTION('center_axis',(0.,0.,-1.));
#5195=DIRECTION('ref_axis',(-1.,0.,0.));
#5196=DIRECTION('',(1.,0.,0.));
#5197=DIRECTION('',(0.,1.,0.));
#5198=DIRECTION('',(-1.,0.,0.));
#5199=DIRECTION('center_axis',(0.,1.,0.));
#5200=DIRECTION('ref_axis',(0.,0.,1.));
#5201=DIRECTION('center_axis',(0.,-1.,0.));
#5202=DIRECTION('ref_axis',(0.,0.,-1.));
#5203=DIRECTION('',(0.,1.,0.));
#5204=DIRECTION('center_axis',(0.,1.,0.));
#5205=DIRECTION('ref_axis',(0.,0.,-1.));
#5206=DIRECTION('center_axis',(1.,0.,0.));
#5207=DIRECTION('ref_axis',(0.,0.,-1.));
#5208=DIRECTION('',(0.,0.,1.));
#5209=DIRECTION('',(0.,1.,0.));
#5210=DIRECTION('',(0.,0.,-1.));
#5211=DIRECTION('center_axis',(0.,1.,0.));
#5212=DIRECTION('ref_axis',(0.,0.,1.));
#5213=DIRECTION('center_axis',(0.,-1.,0.));
#5214=DIRECTION('ref_axis',(0.,0.,-1.));
#5215=DIRECTION('',(0.,1.,0.));
#5216=DIRECTION('center_axis',(0.,1.,0.));
#5217=DIRECTION('ref_axis',(0.,0.,-1.));
#5218=DIRECTION('center_axis',(4.92552381586628E-16,0.,1.));
#5219=DIRECTION('ref_axis',(1.,0.,-4.92552381586628E-16));
#5220=DIRECTION('',(-1.,0.,5.51658667377025E-16));
#5221=DIRECTION('',(0.,1.,0.));
#5222=DIRECTION('',(1.,0.,-5.51658667377025E-16));
#5223=DIRECTION('center_axis',(0.,1.,0.));
#5224=DIRECTION('ref_axis',(0.,0.,1.));
#5225=DIRECTION('center_axis',(0.,-1.,0.));
#5226=DIRECTION('ref_axis',(0.,0.,-1.));
#5227=DIRECTION('center_axis',(0.,-1.,0.));
#5228=DIRECTION('ref_axis',(0.,0.,1.));
#5229=DIRECTION('center_axis',(1.,0.,0.));
#5230=DIRECTION('ref_axis',(0.,0.,-1.));
#5231=DIRECTION('',(0.,0.,1.));
#5232=DIRECTION('',(0.,1.,0.));
#5233=DIRECTION('',(0.,0.,-1.));
#5234=DIRECTION('',(0.,1.,0.));
#5235=DIRECTION('center_axis',(0.,1.,0.));
#5236=DIRECTION('ref_axis',(0.,0.,1.));
#5237=DIRECTION('center_axis',(0.,-1.,0.));
#5238=DIRECTION('ref_axis',(0.,0.,-1.));
#5239=DIRECTION('',(0.,1.,0.));
#5240=DIRECTION('center_axis',(0.,-1.,0.));
#5241=DIRECTION('ref_axis',(0.,0.,1.));
#5242=DIRECTION('center_axis',(0.,0.,-1.));
#5243=DIRECTION('ref_axis',(-1.,0.,0.));
#5244=DIRECTION('',(1.,0.,0.));
#5245=DIRECTION('',(0.,1.,0.));
#5246=DIRECTION('',(-1.,0.,0.));
#5247=DIRECTION('center_axis',(0.,1.,0.));
#5248=DIRECTION('ref_axis',(0.,0.,1.));
#5249=DIRECTION('center_axis',(0.,-1.,0.));
#5250=DIRECTION('ref_axis',(0.,0.,-1.));
#5251=DIRECTION('',(0.,1.,0.));
#5252=DIRECTION('center_axis',(0.,1.,0.));
#5253=DIRECTION('ref_axis',(0.,0.,-1.));
#5254=DIRECTION('center_axis',(1.,0.,0.));
#5255=DIRECTION('ref_axis',(0.,0.,-1.));
#5256=DIRECTION('',(0.,0.,1.));
#5257=DIRECTION('',(0.,1.,0.));
#5258=DIRECTION('',(0.,0.,-1.));
#5259=DIRECTION('center_axis',(0.,1.,0.));
#5260=DIRECTION('ref_axis',(0.,0.,1.));
#5261=DIRECTION('center_axis',(0.,-1.,0.));
#5262=DIRECTION('ref_axis',(0.,0.,-1.));
#5263=DIRECTION('',(0.,1.,0.));
#5264=DIRECTION('center_axis',(0.,1.,0.));
#5265=DIRECTION('ref_axis',(0.,0.,-1.));
#5266=DIRECTION('center_axis',(4.92552381586628E-16,0.,1.));
#5267=DIRECTION('ref_axis',(1.,0.,-4.92552381586628E-16));
#5268=DIRECTION('',(-1.,0.,6.30467048430885E-16));
#5269=DIRECTION('',(0.,1.,0.));
#5270=DIRECTION('',(1.,0.,-6.30467048430885E-16));
#5271=DIRECTION('center_axis',(0.,1.,0.));
#5272=DIRECTION('ref_axis',(0.,0.,1.));
#5273=DIRECTION('center_axis',(0.,-1.,0.));
#5274=DIRECTION('ref_axis',(0.,0.,-1.));
#5275=DIRECTION('',(0.,1.,0.));
#5276=DIRECTION('center_axis',(0.,-1.,0.));
#5277=DIRECTION('ref_axis',(0.,0.,1.));
#5278=DIRECTION('center_axis',(0.,1.,0.));
#5279=DIRECTION('ref_axis',(0.,0.,1.));
#5280=DIRECTION('center_axis',(0.,-1.,0.));
#5281=DIRECTION('ref_axis',(0.,0.,-1.));
#5282=DIRECTION('',(0.,1.,0.));
#5283=DIRECTION('center_axis',(0.,1.,0.));
#5284=DIRECTION('ref_axis',(0.,0.,1.));
#5285=DIRECTION('center_axis',(0.,1.,0.));
#5286=DIRECTION('ref_axis',(0.,0.,1.));
#5287=DIRECTION('center_axis',(0.,-1.,0.));
#5288=DIRECTION('ref_axis',(0.,0.,-1.));
#5289=DIRECTION('',(0.,1.,0.));
#5290=DIRECTION('center_axis',(0.,-1.,0.));
#5291=DIRECTION('ref_axis',(0.,0.,-1.));
#5292=DIRECTION('center_axis',(-1.,0.,9.85104763173254E-16));
#5293=DIRECTION('ref_axis',(9.85104763173254E-16,0.,1.));
#5294=DIRECTION('',(1.87228794224415E-15,0.,1.));
#5295=DIRECTION('',(0.,0.,-1.));
#5296=DIRECTION('',(0.,-1.,0.));
#5297=DIRECTION('center_axis',(-5.88041856263324E-17,0.,1.));
#5298=DIRECTION('ref_axis',(1.,0.,5.88041856263324E-17));
#5299=DIRECTION('',(-1.,0.,0.));
#5300=DIRECTION('',(-1.,0.,0.));
#5301=DIRECTION('',(0.,-1.,0.));
#5302=DIRECTION('center_axis',(0.,-1.,0.));
#5303=DIRECTION('ref_axis',(0.,0.,-1.));
#5304=DIRECTION('center_axis',(0.,1.,0.));
#5305=DIRECTION('ref_axis',(0.,0.,-1.));
#5306=DIRECTION('',(0.,-1.,0.));
#5307=DIRECTION('center_axis',(0.,1.,0.));
#5308=DIRECTION('ref_axis',(0.,0.,-1.));
#5309=DIRECTION('center_axis',(1.,0.,0.));
#5310=DIRECTION('ref_axis',(0.,0.,-1.));
#5311=DIRECTION('',(0.,0.,1.));
#5312=DIRECTION('',(0.,-1.,0.));
#5313=DIRECTION('',(0.,0.,1.));
#5314=DIRECTION('center_axis',(0.,-1.,0.));
#5315=DIRECTION('ref_axis',(0.,0.,-1.));
#5316=DIRECTION('center_axis',(0.,1.,0.));
#5317=DIRECTION('ref_axis',(0.,0.,-1.));
#5318=DIRECTION('',(0.,-1.,0.));
#5319=DIRECTION('center_axis',(0.,1.,0.));
#5320=DIRECTION('ref_axis',(0.,0.,-1.));
#5321=DIRECTION('center_axis',(5.88041856263324E-17,0.,-1.));
#5322=DIRECTION('ref_axis',(-1.,0.,-5.88041856263324E-17));
#5323=DIRECTION('',(1.,0.,7.52693576017055E-17));
#5324=DIRECTION('',(0.,-1.,0.));
#5325=DIRECTION('',(1.,0.,7.52693576017055E-17));
#5326=DIRECTION('center_axis',(0.,-1.,0.));
#5327=DIRECTION('ref_axis',(0.,0.,-1.));
#5328=DIRECTION('center_axis',(0.,1.,0.));
#5329=DIRECTION('ref_axis',(0.,0.,1.));
#5330=DIRECTION('',(0.,-1.,0.));
#5331=DIRECTION('center_axis',(0.,1.,0.));
#5332=DIRECTION('ref_axis',(0.,0.,1.));
#5333=DIRECTION('center_axis',(0.,-1.,0.));
#5334=DIRECTION('ref_axis',(0.,0.,-1.));
#5335=DIRECTION('center_axis',(0.,-1.,0.));
#5336=DIRECTION('ref_axis',(0.,0.,-1.));
#5337=DIRECTION('',(0.,0.,1.));
#5338=DIRECTION('',(-1.,0.,0.));
#5339=DIRECTION('',(0.,0.,-1.));
#5340=DIRECTION('',(1.,0.,0.));
#5341=DIRECTION('center_axis',(0.,-1.,0.));
#5342=DIRECTION('ref_axis',(0.,0.,1.));
#5343=DIRECTION('center_axis',(0.,1.,0.));
#5344=DIRECTION('ref_axis',(0.,0.,1.));
#5345=DIRECTION('center_axis',(0.,-1.,0.));
#5346=DIRECTION('ref_axis',(0.,0.,-1.));
#5347=DIRECTION('',(1.26093409686176E-15,0.,1.));
#5348=DIRECTION('center_axis',(0.,1.,0.));
#5349=DIRECTION('ref_axis',(0.,0.,1.));
#5350=DIRECTION('',(-1.,0.,0.));
#5351=DIRECTION('center_axis',(0.,1.,0.));
#5352=DIRECTION('ref_axis',(0.,0.,1.));
#5353=DIRECTION('',(0.,0.,-1.));
#5354=DIRECTION('center_axis',(0.,-1.,0.));
#5355=DIRECTION('ref_axis',(0.,0.,1.));
#5356=DIRECTION('',(-1.,0.,0.));
#5357=DIRECTION('',(0.,0.,-1.));
#5358=DIRECTION('',(1.,0.,-4.68071985561039E-16));
#5359=DIRECTION('center_axis',(0.,-1.,0.));
#5360=DIRECTION('ref_axis',(0.,0.,1.));
#5361=DIRECTION('center_axis',(0.,1.,0.));
#5362=DIRECTION('ref_axis',(0.,0.,1.));
#5363=DIRECTION('center_axis',(0.,-1.,0.));
#5364=DIRECTION('ref_axis',(0.,0.,-1.));
#5365=DIRECTION('',(1.26093409686176E-15,0.,1.));
#5366=DIRECTION('center_axis',(0.,1.,0.));
#5367=DIRECTION('ref_axis',(0.,0.,1.));
#5368=DIRECTION('',(-1.,0.,0.));
#5369=DIRECTION('center_axis',(0.,1.,0.));
#5370=DIRECTION('ref_axis',(0.,0.,1.));
#5371=DIRECTION('',(0.,0.,-1.));
#5372=DIRECTION('center_axis',(0.,-1.,0.));
#5373=DIRECTION('ref_axis',(0.,0.,1.));
#5374=DIRECTION('',(-1.,0.,0.));
#5375=DIRECTION('',(0.,0.,-1.));
#5376=DIRECTION('',(1.,0.,-9.36143971122078E-16));
#5377=DIRECTION('center_axis',(0.,-1.,0.));
#5378=DIRECTION('ref_axis',(0.,0.,1.));
#5379=DIRECTION('center_axis',(0.,1.,0.));
#5380=DIRECTION('ref_axis',(0.,0.,1.));
#5381=DIRECTION('center_axis',(0.,-1.,0.));
#5382=DIRECTION('ref_axis',(0.,0.,-1.));
#5383=DIRECTION('',(1.87228794224414E-15,0.,1.));
#5384=DIRECTION('',(-1.,0.,0.));
#5385=DIRECTION('',(0.,0.,-1.));
#5386=DIRECTION('center_axis',(0.,-1.,0.));
#5387=DIRECTION('ref_axis',(0.,0.,1.));
#5388=DIRECTION('',(-1.,0.,0.));
#5389=DIRECTION('center_axis',(0.,1.,0.));
#5390=DIRECTION('ref_axis',(0.,0.,-1.));
#5391=DIRECTION('',(0.,0.,-1.));
#5392=DIRECTION('center_axis',(0.,1.,0.));
#5393=DIRECTION('ref_axis',(0.,0.,-1.));
#5394=DIRECTION('',(1.,0.,0.));
#5395=DIRECTION('center_axis',(0.,-1.,0.));
#5396=DIRECTION('ref_axis',(0.,0.,1.));
#5397=DIRECTION('center_axis',(0.,1.,0.));
#5398=DIRECTION('ref_axis',(0.,0.,1.));
#5399=DIRECTION('center_axis',(0.,-1.,0.));
#5400=DIRECTION('ref_axis',(0.,0.,-1.));
#5401=DIRECTION('',(9.36143971122072E-16,0.,1.));
#5402=DIRECTION('',(-1.,0.,0.));
#5403=DIRECTION('',(0.,0.,-1.));
#5404=DIRECTION('center_axis',(0.,-1.,0.));
#5405=DIRECTION('ref_axis',(0.,0.,1.));
#5406=DIRECTION('',(-1.,0.,0.));
#5407=DIRECTION('center_axis',(0.,1.,0.));
#5408=DIRECTION('ref_axis',(0.,0.,-1.));
#5409=DIRECTION('',(0.,0.,-1.));
#5410=DIRECTION('center_axis',(0.,1.,0.));
#5411=DIRECTION('ref_axis',(0.,0.,-1.));
#5412=DIRECTION('',(1.,0.,-6.30467048430884E-16));
#5413=DIRECTION('center_axis',(0.,-1.,0.));
#5414=DIRECTION('ref_axis',(0.,0.,1.));
#5415=DIRECTION('center_axis',(0.,1.,0.));
#5416=DIRECTION('ref_axis',(0.,0.,1.));
#5417=DIRECTION('center_axis',(0.,-1.,0.));
#5418=DIRECTION('ref_axis',(0.,0.,-1.));
#5419=DIRECTION('',(9.36143971122072E-16,0.,1.));
#5420=DIRECTION('',(-1.,0.,0.));
#5421=DIRECTION('',(0.,0.,-1.));
#5422=DIRECTION('center_axis',(0.,-1.,0.));
#5423=DIRECTION('ref_axis',(0.,0.,1.));
#5424=DIRECTION('',(-1.,0.,0.));
#5425=DIRECTION('center_axis',(0.,1.,0.));
#5426=DIRECTION('ref_axis',(0.,0.,-1.));
#5427=DIRECTION('',(0.,0.,-1.));
#5428=DIRECTION('center_axis',(0.,1.,0.));
#5429=DIRECTION('ref_axis',(0.,0.,-1.));
#5430=DIRECTION('',(1.,0.,-6.30467048430884E-16));
#5431=DIRECTION('center_axis',(0.,-1.,0.));
#5432=DIRECTION('ref_axis',(0.,0.,1.));
#5433=DIRECTION('center_axis',(0.,1.,0.));
#5434=DIRECTION('ref_axis',(0.,0.,1.));
#5435=DIRECTION('center_axis',(0.,1.,0.));
#5436=DIRECTION('ref_axis',(0.,0.,1.));
#5437=DIRECTION('center_axis',(0.,1.,0.));
#5438=DIRECTION('ref_axis',(0.,0.,1.));
#5439=DIRECTION('center_axis',(0.,1.,0.));
#5440=DIRECTION('ref_axis',(0.,0.,1.));
#5441=DIRECTION('center_axis',(0.,1.,0.));
#5442=DIRECTION('ref_axis',(0.,0.,1.));
#5443=DIRECTION('center_axis',(0.,1.,0.));
#5444=DIRECTION('ref_axis',(0.,0.,1.));
#5445=DIRECTION('center_axis',(0.,1.,0.));
#5446=DIRECTION('ref_axis',(0.,0.,1.));
#5447=DIRECTION('center_axis',(0.,-1.,0.));
#5448=DIRECTION('ref_axis',(0.,0.,-1.));
#5449=DIRECTION('',(-9.36143971122072E-16,0.,-1.));
#5450=DIRECTION('center_axis',(0.,-1.,0.));
#5451=DIRECTION('ref_axis',(0.,0.,-1.));
#5452=DIRECTION('center_axis',(0.,-1.,0.));
#5453=DIRECTION('ref_axis',(0.,0.,-1.));
#5454=DIRECTION('center_axis',(0.,-1.,0.));
#5455=DIRECTION('ref_axis',(0.,0.,-1.));
#5456=DIRECTION('',(-1.,0.,6.30467048430884E-16));
#5457=DIRECTION('center_axis',(0.,-1.,0.));
#5458=DIRECTION('ref_axis',(0.,0.,-1.));
#5459=DIRECTION('',(0.,0.,1.));
#5460=DIRECTION('center_axis',(0.,-1.,0.));
#5461=DIRECTION('ref_axis',(0.,0.,-1.));
#5462=DIRECTION('',(1.,0.,0.));
#5463=DIRECTION('center_axis',(0.,-1.,0.));
#5464=DIRECTION('ref_axis',(0.,0.,-1.));
#5465=DIRECTION('',(0.,0.,1.));
#5466=DIRECTION('',(-1.,0.,0.));
#5467=DIRECTION('',(-9.36143971122072E-16,0.,-1.));
#5468=DIRECTION('center_axis',(0.,-1.,0.));
#5469=DIRECTION('ref_axis',(0.,0.,-1.));
#5470=DIRECTION('center_axis',(0.,-1.,0.));
#5471=DIRECTION('ref_axis',(0.,0.,-1.));
#5472=DIRECTION('center_axis',(0.,-1.,0.));
#5473=DIRECTION('ref_axis',(0.,0.,-1.));
#5474=DIRECTION('',(-1.,0.,0.));
#5475=DIRECTION('center_axis',(0.,-1.,0.));
#5476=DIRECTION('ref_axis',(0.,0.,-1.));
#5477=DIRECTION('',(0.,0.,1.));
#5478=DIRECTION('center_axis',(0.,-1.,0.));
#5479=DIRECTION('ref_axis',(0.,0.,-1.));
#5480=DIRECTION('',(1.,0.,0.));
#5481=DIRECTION('center_axis',(0.,-1.,0.));
#5482=DIRECTION('ref_axis',(0.,0.,-1.));
#5483=DIRECTION('',(0.,0.,1.));
#5484=DIRECTION('',(-1.,0.,0.));
#5485=DIRECTION('',(-1.87228794224414E-15,0.,-1.));
#5486=DIRECTION('center_axis',(0.,-1.,0.));
#5487=DIRECTION('ref_axis',(0.,0.,-1.));
#5488=DIRECTION('center_axis',(0.,-1.,0.));
#5489=DIRECTION('ref_axis',(0.,0.,-1.));
#5490=DIRECTION('center_axis',(0.,-1.,0.));
#5491=DIRECTION('ref_axis',(0.,0.,-1.));
#5492=DIRECTION('',(-1.,0.,0.));
#5493=DIRECTION('center_axis',(0.,-1.,0.));
#5494=DIRECTION('ref_axis',(0.,0.,-1.));
#5495=DIRECTION('',(0.,0.,1.));
#5496=DIRECTION('center_axis',(0.,-1.,0.));
#5497=DIRECTION('ref_axis',(0.,0.,-1.));
#5498=DIRECTION('',(1.,0.,0.));
#5499=DIRECTION('center_axis',(0.,-1.,0.));
#5500=DIRECTION('ref_axis',(0.,0.,-1.));
#5501=DIRECTION('',(0.,0.,1.));
#5502=DIRECTION('',(-1.,0.,0.));
#5503=DIRECTION('',(0.,0.,-1.));
#5504=DIRECTION('center_axis',(0.,-1.,0.));
#5505=DIRECTION('ref_axis',(0.,0.,-1.));
#5506=DIRECTION('center_axis',(0.,-1.,0.));
#5507=DIRECTION('ref_axis',(0.,0.,-1.));
#5508=DIRECTION('center_axis',(0.,-1.,0.));
#5509=DIRECTION('ref_axis',(0.,0.,-1.));
#5510=DIRECTION('',(-1.,0.,9.3614397112208E-16));
#5511=DIRECTION('',(0.,0.,-1.));
#5512=DIRECTION('',(1.,0.,0.));
#5513=DIRECTION('center_axis',(0.,-1.,0.));
#5514=DIRECTION('ref_axis',(0.,0.,-1.));
#5515=DIRECTION('',(0.,0.,1.));
#5516=DIRECTION('center_axis',(0.,-1.,0.));
#5517=DIRECTION('ref_axis',(0.,0.,-1.));
#5518=DIRECTION('',(1.,0.,0.));
#5519=DIRECTION('center_axis',(0.,-1.,0.));
#5520=DIRECTION('ref_axis',(0.,0.,-1.));
#5521=DIRECTION('',(0.,0.,-1.));
#5522=DIRECTION('center_axis',(0.,-1.,0.));
#5523=DIRECTION('ref_axis',(0.,0.,-1.));
#5524=DIRECTION('center_axis',(0.,-1.,0.));
#5525=DIRECTION('ref_axis',(0.,0.,-1.));
#5526=DIRECTION('center_axis',(0.,-1.,0.));
#5527=DIRECTION('ref_axis',(0.,0.,-1.));
#5528=DIRECTION('',(-1.,0.,5.85089981951298E-16));
#5529=DIRECTION('',(0.,0.,-1.));
#5530=DIRECTION('',(1.,0.,0.));
#5531=DIRECTION('center_axis',(0.,-1.,0.));
#5532=DIRECTION('ref_axis',(0.,0.,-1.));
#5533=DIRECTION('',(0.,0.,1.));
#5534=DIRECTION('center_axis',(0.,-1.,0.));
#5535=DIRECTION('ref_axis',(0.,0.,-1.));
#5536=DIRECTION('',(1.,0.,0.));
#5537=DIRECTION('center_axis',(0.,-1.,0.));
#5538=DIRECTION('ref_axis',(0.,0.,-1.));
#5539=DIRECTION('',(0.,0.,-1.));
#5540=DIRECTION('center_axis',(0.,-1.,0.));
#5541=DIRECTION('ref_axis',(0.,0.,-1.));
#5542=DIRECTION('center_axis',(0.,-1.,0.));
#5543=DIRECTION('ref_axis',(0.,0.,-1.));
#5544=DIRECTION('center_axis',(0.,-1.,0.));
#5545=DIRECTION('ref_axis',(0.,0.,-1.));
#5546=DIRECTION('',(-1.,0.,0.));
#5547=DIRECTION('',(0.,0.,-1.));
#5548=DIRECTION('',(-1.,0.,0.));
#5549=DIRECTION('center_axis',(0.,-1.,0.));
#5550=DIRECTION('ref_axis',(0.,0.,-1.));
#5551=DIRECTION('center_axis',(0.,-1.,0.));
#5552=DIRECTION('ref_axis',(0.,0.,-1.));
#5553=DIRECTION('center_axis',(0.,-1.,0.));
#5554=DIRECTION('ref_axis',(0.,0.,-1.));
#5555=DIRECTION('center_axis',(0.,-1.,0.));
#5556=DIRECTION('ref_axis',(0.,0.,-1.));
#5557=DIRECTION('center_axis',(0.,-1.,0.));
#5558=DIRECTION('ref_axis',(0.,0.,-1.));
#5559=DIRECTION('center_axis',(0.,-1.,0.));
#5560=DIRECTION('ref_axis',(0.,0.,-1.));
#5561=DIRECTION('center_axis',(-5.88041856263324E-17,0.,1.));
#5562=DIRECTION('ref_axis',(1.,0.,5.88041856263324E-17));
#5563=DIRECTION('',(0.,1.,0.));
#5564=DIRECTION('',(0.,-1.,0.));
#5565=DIRECTION('center_axis',(-5.88041856263324E-17,0.,1.));
#5566=DIRECTION('ref_axis',(1.,0.,5.88041856263324E-17));
#5567=DIRECTION('',(0.,1.,0.));
#5568=DIRECTION('',(0.,-1.,0.));
#5569=DIRECTION('center_axis',(-5.88041856263324E-17,0.,1.));
#5570=DIRECTION('ref_axis',(1.,0.,5.88041856263324E-17));
#5571=DIRECTION('',(0.,1.,0.));
#5572=DIRECTION('',(0.,-1.,0.));
#5573=DIRECTION('center_axis',(-5.88041856263324E-17,0.,1.));
#5574=DIRECTION('ref_axis',(1.,0.,5.88041856263324E-17));
#5575=DIRECTION('',(0.,-1.,0.));
#5576=DIRECTION('center_axis',(-1.,0.,0.));
#5577=DIRECTION('ref_axis',(0.,0.,1.));
#5578=DIRECTION('',(0.,1.,0.));
#5579=DIRECTION('center_axis',(-1.,0.,0.));
#5580=DIRECTION('ref_axis',(0.,0.,1.));
#5581=DIRECTION('',(0.,1.,0.));
#5582=DIRECTION('',(0.,-1.,0.));
#5583=DIRECTION('center_axis',(-1.,0.,0.));
#5584=DIRECTION('ref_axis',(0.,0.,1.));
#5585=DIRECTION('',(0.,1.,0.));
#5586=DIRECTION('',(0.,-1.,0.));
#5587=DIRECTION('center_axis',(0.,0.,-1.));
#5588=DIRECTION('ref_axis',(-1.,0.,0.));
#5589=DIRECTION('',(0.,1.,0.));
#5590=DIRECTION('center_axis',(4.92552381586628E-16,0.,1.));
#5591=DIRECTION('ref_axis',(1.,0.,-4.92552381586628E-16));
#5592=DIRECTION('',(0.,1.,0.));
#5593=DIRECTION('center_axis',(0.,1.,0.));
#5594=DIRECTION('ref_axis',(0.,0.,1.));
#5595=DIRECTION('',(0.,1.,0.));
#5596=DIRECTION('center_axis',(0.,1.,0.));
#5597=DIRECTION('ref_axis',(0.,0.,1.));
#5598=DIRECTION('',(0.,1.,0.));
#5599=DIRECTION('center_axis',(0.,1.,0.));
#5600=DIRECTION('ref_axis',(0.,0.,1.));
#5601=DIRECTION('',(0.,1.,0.));
#5602=DIRECTION('center_axis',(-1.,0.,9.85104763173254E-16));
#5603=DIRECTION('ref_axis',(9.85104763173254E-16,0.,1.));
#5604=DIRECTION('',(0.,1.,0.));
#5605=DIRECTION('center_axis',(0.,1.,0.));
#5606=DIRECTION('ref_axis',(0.,0.,1.));
#5607=DIRECTION('',(0.,1.,0.));
#5608=DIRECTION('center_axis',(0.,0.,-1.));
#5609=DIRECTION('ref_axis',(-1.,0.,0.));
#5610=DIRECTION('',(0.,1.,0.));
#5611=DIRECTION('center_axis',(0.,1.,0.));
#5612=DIRECTION('ref_axis',(0.,0.,1.));
#5613=DIRECTION('',(0.,1.,0.));
#5614=DIRECTION('center_axis',(1.,0.,0.));
#5615=DIRECTION('ref_axis',(0.,0.,-1.));
#5616=DIRECTION('',(0.,1.,0.));
#5617=DIRECTION('center_axis',(0.,1.,0.));
#5618=DIRECTION('ref_axis',(0.,0.,1.));
#5619=DIRECTION('center_axis',(0.,0.,-1.));
#5620=DIRECTION('ref_axis',(-1.,0.,0.));
#5621=DIRECTION('',(0.,1.,0.));
#5622=DIRECTION('center_axis',(4.92552381586628E-16,0.,1.));
#5623=DIRECTION('ref_axis',(1.,0.,-4.92552381586628E-16));
#5624=DIRECTION('',(0.,1.,0.));
#5625=DIRECTION('center_axis',(0.,1.,0.));
#5626=DIRECTION('ref_axis',(0.,0.,1.));
#5627=DIRECTION('',(0.,1.,0.));
#5628=DIRECTION('center_axis',(0.,1.,0.));
#5629=DIRECTION('ref_axis',(0.,0.,1.));
#5630=DIRECTION('',(0.,1.,0.));
#5631=DIRECTION('center_axis',(0.,1.,0.));
#5632=DIRECTION('ref_axis',(0.,0.,1.));
#5633=DIRECTION('',(0.,1.,0.));
#5634=DIRECTION('center_axis',(-1.,0.,9.85104763173254E-16));
#5635=DIRECTION('ref_axis',(9.85104763173254E-16,0.,1.));
#5636=DIRECTION('',(0.,1.,0.));
#5637=DIRECTION('center_axis',(0.,1.,0.));
#5638=DIRECTION('ref_axis',(0.,0.,1.));
#5639=DIRECTION('',(0.,1.,0.));
#5640=DIRECTION('center_axis',(0.,0.,-1.));
#5641=DIRECTION('ref_axis',(-1.,0.,0.));
#5642=DIRECTION('',(0.,1.,0.));
#5643=DIRECTION('center_axis',(0.,1.,0.));
#5644=DIRECTION('ref_axis',(0.,0.,1.));
#5645=DIRECTION('',(0.,1.,0.));
#5646=DIRECTION('center_axis',(1.,0.,0.));
#5647=DIRECTION('ref_axis',(0.,0.,-1.));
#5648=DIRECTION('',(0.,1.,0.));
#5649=DIRECTION('center_axis',(0.,1.,0.));
#5650=DIRECTION('ref_axis',(0.,0.,1.));
#5651=DIRECTION('center_axis',(-1.,0.,9.85104763173254E-16));
#5652=DIRECTION('ref_axis',(9.85104763173254E-16,0.,1.));
#5653=DIRECTION('',(0.,1.,0.));
#5654=DIRECTION('center_axis',(0.,1.,0.));
#5655=DIRECTION('ref_axis',(0.,0.,1.));
#5656=DIRECTION('',(0.,1.,0.));
#5657=DIRECTION('center_axis',(0.,1.,0.));
#5658=DIRECTION('ref_axis',(0.,0.,1.));
#5659=DIRECTION('',(0.,1.,0.));
#5660=DIRECTION('center_axis',(4.92552381586628E-16,0.,1.));
#5661=DIRECTION('ref_axis',(1.,0.,-4.92552381586628E-16));
#5662=DIRECTION('',(0.,1.,0.));
#5663=DIRECTION('center_axis',(0.,1.,0.));
#5664=DIRECTION('ref_axis',(0.,0.,1.));
#5665=DIRECTION('center_axis',(-1.,0.,9.85104763173254E-16));
#5666=DIRECTION('ref_axis',(9.85104763173254E-16,0.,1.));
#5667=DIRECTION('',(0.,1.,0.));
#5668=DIRECTION('center_axis',(1.,0.,0.));
#5669=DIRECTION('ref_axis',(0.,0.,-1.));
#5670=DIRECTION('',(0.,1.,0.));
#5671=DIRECTION('center_axis',(0.,1.,0.));
#5672=DIRECTION('ref_axis',(0.,0.,1.));
#5673=DIRECTION('',(0.,1.,0.));
#5674=DIRECTION('',(0.,1.,0.));
#5675=DIRECTION('center_axis',(0.,1.,0.));
#5676=DIRECTION('ref_axis',(0.,0.,1.));
#5677=DIRECTION('',(0.,1.,0.));
#5678=DIRECTION('center_axis',(0.,1.,0.));
#5679=DIRECTION('ref_axis',(0.,0.,1.));
#5680=DIRECTION('center_axis',(0.,1.,0.));
#5681=DIRECTION('ref_axis',(0.,0.,1.));
#5682=DIRECTION('',(0.,1.,0.));
#5683=DIRECTION('center_axis',(0.,0.,-1.));
#5684=DIRECTION('ref_axis',(-1.,0.,0.));
#5685=DIRECTION('',(0.,1.,0.));
#5686=DIRECTION('center_axis',(0.,1.,0.));
#5687=DIRECTION('ref_axis',(0.,0.,1.));
#5688=DIRECTION('',(0.,1.,0.));
#5689=DIRECTION('center_axis',(1.,0.,0.));
#5690=DIRECTION('ref_axis',(0.,0.,-1.));
#5691=DIRECTION('',(0.,1.,0.));
#5692=DIRECTION('center_axis',(0.,1.,0.));
#5693=DIRECTION('ref_axis',(0.,0.,1.));
#5694=DIRECTION('',(0.,1.,0.));
#5695=DIRECTION('center_axis',(4.92552381586628E-16,0.,1.));
#5696=DIRECTION('ref_axis',(1.,0.,-4.92552381586628E-16));
#5697=DIRECTION('center_axis',(-1.,0.,9.85104763173254E-16));
#5698=DIRECTION('ref_axis',(9.85104763173254E-16,0.,1.));
#5699=DIRECTION('',(0.,1.,0.));
#5700=DIRECTION('center_axis',(1.,0.,0.));
#5701=DIRECTION('ref_axis',(0.,0.,-1.));
#5702=DIRECTION('',(0.,1.,0.));
#5703=DIRECTION('center_axis',(0.,1.,0.));
#5704=DIRECTION('ref_axis',(0.,0.,1.));
#5705=DIRECTION('',(0.,1.,0.));
#5706=DIRECTION('',(0.,1.,0.));
#5707=DIRECTION('center_axis',(0.,1.,0.));
#5708=DIRECTION('ref_axis',(0.,0.,1.));
#5709=DIRECTION('',(0.,1.,0.));
#5710=DIRECTION('center_axis',(0.,1.,0.));
#5711=DIRECTION('ref_axis',(0.,0.,1.));
#5712=DIRECTION('center_axis',(0.,1.,0.));
#5713=DIRECTION('ref_axis',(0.,0.,1.));
#5714=DIRECTION('',(0.,1.,0.));
#5715=DIRECTION('center_axis',(0.,0.,-1.));
#5716=DIRECTION('ref_axis',(-1.,0.,0.));
#5717=DIRECTION('',(0.,1.,0.));
#5718=DIRECTION('center_axis',(0.,1.,0.));
#5719=DIRECTION('ref_axis',(0.,0.,1.));
#5720=DIRECTION('',(0.,1.,0.));
#5721=DIRECTION('center_axis',(1.,0.,0.));
#5722=DIRECTION('ref_axis',(0.,0.,-1.));
#5723=DIRECTION('',(0.,1.,0.));
#5724=DIRECTION('center_axis',(0.,1.,0.));
#5725=DIRECTION('ref_axis',(0.,0.,1.));
#5726=DIRECTION('',(0.,1.,0.));
#5727=DIRECTION('center_axis',(4.92552381586628E-16,0.,1.));
#5728=DIRECTION('ref_axis',(1.,0.,-4.92552381586628E-16));
#5729=DIRECTION('center_axis',(-1.,0.,9.85104763173254E-16));
#5730=DIRECTION('ref_axis',(9.85104763173254E-16,0.,1.));
#5731=DIRECTION('',(0.,1.,0.));
#5732=DIRECTION('center_axis',(1.,0.,0.));
#5733=DIRECTION('ref_axis',(0.,0.,-1.));
#5734=DIRECTION('',(0.,1.,0.));
#5735=DIRECTION('center_axis',(0.,1.,0.));
#5736=DIRECTION('ref_axis',(0.,0.,1.));
#5737=DIRECTION('',(0.,1.,0.));
#5738=DIRECTION('',(0.,1.,0.));
#5739=DIRECTION('center_axis',(0.,1.,0.));
#5740=DIRECTION('ref_axis',(0.,0.,1.));
#5741=DIRECTION('',(0.,1.,0.));
#5742=DIRECTION('center_axis',(0.,1.,0.));
#5743=DIRECTION('ref_axis',(0.,0.,1.));
#5744=DIRECTION('center_axis',(0.,1.,0.));
#5745=DIRECTION('ref_axis',(0.,0.,1.));
#5746=DIRECTION('',(0.,1.,0.));
#5747=DIRECTION('center_axis',(0.,0.,-1.));
#5748=DIRECTION('ref_axis',(-1.,0.,0.));
#5749=DIRECTION('',(0.,1.,0.));
#5750=DIRECTION('center_axis',(0.,1.,0.));
#5751=DIRECTION('ref_axis',(0.,0.,1.));
#5752=DIRECTION('',(0.,1.,0.));
#5753=DIRECTION('center_axis',(1.,0.,0.));
#5754=DIRECTION('ref_axis',(0.,0.,-1.));
#5755=DIRECTION('',(0.,1.,0.));
#5756=DIRECTION('center_axis',(0.,1.,0.));
#5757=DIRECTION('ref_axis',(0.,0.,1.));
#5758=DIRECTION('',(0.,1.,0.));
#5759=DIRECTION('center_axis',(4.92552381586628E-16,0.,1.));
#5760=DIRECTION('ref_axis',(1.,0.,-4.92552381586628E-16));
#5761=DIRECTION('center_axis',(0.,1.,0.));
#5762=DIRECTION('ref_axis',(0.,0.,1.));
#5763=DIRECTION('',(0.,1.,0.));
#5764=DIRECTION('center_axis',(0.,1.,0.));
#5765=DIRECTION('ref_axis',(0.,0.,1.));
#5766=DIRECTION('',(0.,1.,0.));
#5767=DIRECTION('center_axis',(0.,1.,0.));
#5768=DIRECTION('ref_axis',(0.,0.,1.));
#5769=DIRECTION('',(0.,1.,0.));
#5770=DIRECTION('center_axis',(0.,1.,0.));
#5771=DIRECTION('ref_axis',(0.,0.,1.));
#5772=DIRECTION('',(0.,1.,0.));
#5773=DIRECTION('center_axis',(0.,1.,0.));
#5774=DIRECTION('ref_axis',(0.,0.,1.));
#5775=DIRECTION('',(0.,1.,0.));
#5776=DIRECTION('center_axis',(0.,1.,0.));
#5777=DIRECTION('ref_axis',(0.,0.,1.));
#5778=DIRECTION('',(0.,1.,0.));
#5779=CARTESIAN_POINT('',(0.,0.,0.));
#5780=CARTESIAN_POINT('Origin',(-25.,-9.,3.46944695195361E-15));
#5781=CARTESIAN_POINT('',(-20.0942256246111,0.,4.99333333333334));
#5782=CARTESIAN_POINT('',(-29.9933333333333,0.,-4.90577437538887));
#5783=CARTESIAN_POINT('Origin',(-25.,0.,3.46944695195361E-15));
#5784=CARTESIAN_POINT('',(-29.9933333333333,2.,-4.90577437538887));
#5785=CARTESIAN_POINT('',(-29.9933333333333,0.,-4.90577437538887));
#5786=CARTESIAN_POINT('',(-20.0942256246111,2.,4.99333333333334));
#5787=CARTESIAN_POINT('Origin',(-25.,2.,3.46944695195361E-15));
#5788=CARTESIAN_POINT('',(-20.0942256246111,0.,4.99333333333334));
#5789=CARTESIAN_POINT('Origin',(-30.35,-9.,-5.25618683077379));
#5790=CARTESIAN_POINT('',(-29.85,0.,-5.25618683077379));
#5791=CARTESIAN_POINT('Origin',(-30.35,0.,-5.25618683077379));
#5792=CARTESIAN_POINT('',(-29.85,2.,-5.25618683077379));
#5793=CARTESIAN_POINT('',(-29.85,0.,-5.25618683077379));
#5794=CARTESIAN_POINT('Origin',(-30.35,2.,-5.25618683077379));
#5795=CARTESIAN_POINT('Origin',(-29.85,-9.,-5.25618683077379));
#5796=CARTESIAN_POINT('',(-29.85,0.,-12.3));
#5797=CARTESIAN_POINT('',(-29.85,0.,-5.25618683077379));
#5798=CARTESIAN_POINT('',(-29.85,2.,-12.3));
#5799=CARTESIAN_POINT('',(-29.85,0.,-12.3));
#5800=CARTESIAN_POINT('',(-29.85,2.,-12.3));
#5801=CARTESIAN_POINT('Origin',(-29.35,-9.,-12.3));
#5802=CARTESIAN_POINT('',(-29.35,0.,-12.8));
#5803=CARTESIAN_POINT('Origin',(-29.35,0.,-12.3));
#5804=CARTESIAN_POINT('',(-29.35,2.,-12.8));
#5805=CARTESIAN_POINT('',(-29.35,0.,-12.8));
#5806=CARTESIAN_POINT('Origin',(-29.35,2.,-12.3));
#5807=CARTESIAN_POINT('Origin',(-29.35,-9.,-12.8));
#5808=CARTESIAN_POINT('',(-20.65,0.,-12.8));
#5809=CARTESIAN_POINT('',(-29.35,0.,-12.8));
#5810=CARTESIAN_POINT('',(-20.65,2.,-12.8));
#5811=CARTESIAN_POINT('',(-20.65,0.,-12.8));
#5812=CARTESIAN_POINT('',(-20.65,2.,-12.8));
#5813=CARTESIAN_POINT('Origin',(-20.65,-9.,-12.3));
#5814=CARTESIAN_POINT('',(-20.15,0.,-12.3));
#5815=CARTESIAN_POINT('Origin',(-20.65,0.,-12.3));
#5816=CARTESIAN_POINT('',(-20.15,2.,-12.3));
#5817=CARTESIAN_POINT('',(-20.15,0.,-12.3));
#5818=CARTESIAN_POINT('Origin',(-20.65,2.,-12.3));
#5819=CARTESIAN_POINT('Origin',(-20.15,-9.,-5.35));
#5820=CARTESIAN_POINT('',(-20.15,0.,-5.35));
#5821=CARTESIAN_POINT('',(-20.15,0.,-12.3));
#5822=CARTESIAN_POINT('',(-20.15,2.,-5.35));
#5823=CARTESIAN_POINT('',(-20.15,0.,-5.35));
#5824=CARTESIAN_POINT('',(-20.15,2.,-5.35));
#5825=CARTESIAN_POINT('Origin',(-19.65,-9.,-5.35));
#5826=CARTESIAN_POINT('',(-19.65,0.,-4.85));
#5827=CARTESIAN_POINT('Origin',(-19.65,0.,-5.35));
#5828=CARTESIAN_POINT('',(-19.65,2.,-4.85));
#5829=CARTESIAN_POINT('',(-19.65,0.,-4.85));
#5830=CARTESIAN_POINT('Origin',(-19.65,2.,-5.35));
#5831=CARTESIAN_POINT('Origin',(-19.65,-9.,-4.85));
#5832=CARTESIAN_POINT('',(-12.7,0.,-4.85));
#5833=CARTESIAN_POINT('',(-19.65,0.,-4.85));
#5834=CARTESIAN_POINT('',(-12.7,2.,-4.85));
#5835=CARTESIAN_POINT('',(-12.7,0.,-4.85));
#5836=CARTESIAN_POINT('',(-12.7,2.,-4.85));
#5837=CARTESIAN_POINT('Origin',(-12.7,-9.,-4.35));
#5838=CARTESIAN_POINT('',(-12.2,0.,-4.35));
#5839=CARTESIAN_POINT('Origin',(-12.7,0.,-4.35));
#5840=CARTESIAN_POINT('',(-12.2,2.,-4.35));
#5841=CARTESIAN_POINT('',(-12.2,0.,-4.35));
#5842=CARTESIAN_POINT('Origin',(-12.7,2.,-4.35));
#5843=CARTESIAN_POINT('Origin',(-12.2,-9.,-4.35));
#5844=CARTESIAN_POINT('',(-12.2,0.,4.35));
#5845=CARTESIAN_POINT('',(-12.2,0.,-4.35));
#5846=CARTESIAN_POINT('',(-12.2,2.,4.35));
#5847=CARTESIAN_POINT('',(-12.2,0.,4.35));
#5848=CARTESIAN_POINT('',(-12.2,2.,4.35));
#5849=CARTESIAN_POINT('Origin',(-12.7,-9.,4.35));
#5850=CARTESIAN_POINT('',(-12.7,0.,4.85));
#5851=CARTESIAN_POINT('Origin',(-12.7,0.,4.35));
#5852=CARTESIAN_POINT('',(-12.7,2.,4.85));
#5853=CARTESIAN_POINT('',(-12.7,0.,4.85));
#5854=CARTESIAN_POINT('Origin',(-12.7,2.,4.35));
#5855=CARTESIAN_POINT('Origin',(-12.7,-9.,4.85));
#5856=CARTESIAN_POINT('',(-19.7438131692262,0.,4.85));
#5857=CARTESIAN_POINT('',(-12.7,0.,4.85));
#5858=CARTESIAN_POINT('',(-19.7438131692262,2.,4.85));
#5859=CARTESIAN_POINT('',(-19.7438131692262,0.,4.85));
#5860=CARTESIAN_POINT('',(-19.7438131692262,2.,4.85));
#5861=CARTESIAN_POINT('Origin',(-19.7438131692262,-9.,5.35));
#5862=CARTESIAN_POINT('Origin',(-19.7438131692262,0.,5.35));
#5863=CARTESIAN_POINT('Origin',(-19.7438131692262,2.,5.35));
#5864=CARTESIAN_POINT('Origin',(25.,-9.,27.));
#5865=CARTESIAN_POINT('',(29.9057743753889,0.,31.9933333333333));
#5866=CARTESIAN_POINT('',(20.0066666666667,0.,22.0942256246111));
#5867=CARTESIAN_POINT('Origin',(25.,0.,27.));
#5868=CARTESIAN_POINT('',(20.0066666666667,2.,22.0942256246111));
#5869=CARTESIAN_POINT('',(20.0066666666667,0.,22.0942256246111));
#5870=CARTESIAN_POINT('',(29.9057743753889,2.,31.9933333333333));
#5871=CARTESIAN_POINT('Origin',(25.,2.,27.));
#5872=CARTESIAN_POINT('',(29.9057743753889,0.,31.9933333333333));
#5873=CARTESIAN_POINT('Origin',(19.65,-9.,21.7438131692262));
#5874=CARTESIAN_POINT('',(20.15,0.,21.7438131692262));
#5875=CARTESIAN_POINT('Origin',(19.65,0.,21.7438131692262));
#5876=CARTESIAN_POINT('',(20.15,2.,21.7438131692262));
#5877=CARTESIAN_POINT('',(20.15,0.,21.7438131692262));
#5878=CARTESIAN_POINT('Origin',(19.65,2.,21.7438131692262));
#5879=CARTESIAN_POINT('Origin',(20.15,-9.,21.7438131692262));
#5880=CARTESIAN_POINT('',(20.15,0.,14.7));
#5881=CARTESIAN_POINT('',(20.15,0.,21.7438131692262));
#5882=CARTESIAN_POINT('',(20.15,2.,14.7));
#5883=CARTESIAN_POINT('',(20.15,0.,14.7));
#5884=CARTESIAN_POINT('',(20.15,2.,14.7));
#5885=CARTESIAN_POINT('Origin',(20.65,-9.,14.7));
#5886=CARTESIAN_POINT('',(20.65,0.,14.2));
#5887=CARTESIAN_POINT('Origin',(20.65,0.,14.7));
#5888=CARTESIAN_POINT('',(20.65,2.,14.2));
#5889=CARTESIAN_POINT('',(20.65,0.,14.2));
#5890=CARTESIAN_POINT('Origin',(20.65,2.,14.7));
#5891=CARTESIAN_POINT('Origin',(20.65,-9.,14.2));
#5892=CARTESIAN_POINT('',(29.35,0.,14.2));
#5893=CARTESIAN_POINT('',(20.65,0.,14.2));
#5894=CARTESIAN_POINT('',(29.35,2.,14.2));
#5895=CARTESIAN_POINT('',(29.35,0.,14.2));
#5896=CARTESIAN_POINT('',(29.35,2.,14.2));
#5897=CARTESIAN_POINT('Origin',(29.35,-9.,14.7));
#5898=CARTESIAN_POINT('',(29.85,0.,14.7));
#5899=CARTESIAN_POINT('Origin',(29.35,0.,14.7));
#5900=CARTESIAN_POINT('',(29.85,2.,14.7));
#5901=CARTESIAN_POINT('',(29.85,0.,14.7));
#5902=CARTESIAN_POINT('Origin',(29.35,2.,14.7));
#5903=CARTESIAN_POINT('Origin',(29.85,-9.,21.65));
#5904=CARTESIAN_POINT('',(29.85,0.,21.65));
#5905=CARTESIAN_POINT('',(29.85,0.,14.7));
#5906=CARTESIAN_POINT('',(29.85,2.,21.65));
#5907=CARTESIAN_POINT('',(29.85,0.,21.65));
#5908=CARTESIAN_POINT('',(29.85,2.,21.65));
#5909=CARTESIAN_POINT('Origin',(30.35,-9.,21.65));
#5910=CARTESIAN_POINT('',(30.35,0.,22.15));
#5911=CARTESIAN_POINT('Origin',(30.35,0.,21.65));
#5912=CARTESIAN_POINT('',(30.35,2.,22.15));
#5913=CARTESIAN_POINT('',(30.35,0.,22.15));
#5914=CARTESIAN_POINT('Origin',(30.35,2.,21.65));
#5915=CARTESIAN_POINT('Origin',(30.35,-9.,22.15));
#5916=CARTESIAN_POINT('',(37.3,0.,22.15));
#5917=CARTESIAN_POINT('',(30.35,0.,22.15));
#5918=CARTESIAN_POINT('',(37.3,2.,22.15));
#5919=CARTESIAN_POINT('',(37.3,0.,22.15));
#5920=CARTESIAN_POINT('',(37.3,2.,22.15));
#5921=CARTESIAN_POINT('Origin',(37.3,-9.,22.65));
#5922=CARTESIAN_POINT('',(37.8,0.,22.65));
#5923=CARTESIAN_POINT('Origin',(37.3,0.,22.65));
#5924=CARTESIAN_POINT('',(37.8,2.,22.65));
#5925=CARTESIAN_POINT('',(37.8,0.,22.65));
#5926=CARTESIAN_POINT('Origin',(37.3,2.,22.65));
#5927=CARTESIAN_POINT('Origin',(37.8,-9.,22.65));
#5928=CARTESIAN_POINT('',(37.8,0.,31.35));
#5929=CARTESIAN_POINT('',(37.8,0.,22.65));
#5930=CARTESIAN_POINT('',(37.8,2.,31.35));
#5931=CARTESIAN_POINT('',(37.8,0.,31.35));
#5932=CARTESIAN_POINT('',(37.8,2.,31.35));
#5933=CARTESIAN_POINT('Origin',(37.3,-9.,31.35));
#5934=CARTESIAN_POINT('',(37.3,0.,31.85));
#5935=CARTESIAN_POINT('Origin',(37.3,0.,31.35));
#5936=CARTESIAN_POINT('',(37.3,2.,31.85));
#5937=CARTESIAN_POINT('',(37.3,0.,31.85));
#5938=CARTESIAN_POINT('Origin',(37.3,2.,31.35));
#5939=CARTESIAN_POINT('Origin',(37.3,-9.,31.85));
#5940=CARTESIAN_POINT('',(30.2561868307738,0.,31.85));
#5941=CARTESIAN_POINT('',(37.3,0.,31.85));
#5942=CARTESIAN_POINT('',(30.2561868307738,2.,31.85));
#5943=CARTESIAN_POINT('',(30.2561868307738,0.,31.85));
#5944=CARTESIAN_POINT('',(30.2561868307738,2.,31.85));
#5945=CARTESIAN_POINT('Origin',(30.2561868307738,-9.,32.35));
#5946=CARTESIAN_POINT('Origin',(30.2561868307738,0.,32.35));
#5947=CARTESIAN_POINT('Origin',(30.2561868307738,2.,32.35));
#5948=CARTESIAN_POINT('Origin',(0.,-9.,27.));
#5949=CARTESIAN_POINT('',(4.90577437538889,0.,31.9933333333333));
#5950=CARTESIAN_POINT('',(-4.99333333333334,0.,22.0942256246111));
#5951=CARTESIAN_POINT('Origin',(0.,0.,27.));
#5952=CARTESIAN_POINT('',(-4.99333333333334,2.,22.0942256246111));
#5953=CARTESIAN_POINT('',(-4.99333333333334,0.,22.0942256246111));
#5954=CARTESIAN_POINT('',(4.90577437538889,2.,31.9933333333333));
#5955=CARTESIAN_POINT('Origin',(0.,2.,27.));
#5956=CARTESIAN_POINT('',(4.90577437538889,0.,31.9933333333333));
#5957=CARTESIAN_POINT('Origin',(-5.35000000000001,-9.,21.7438131692262));
#5958=CARTESIAN_POINT('',(-4.85,0.,21.7438131692262));
#5959=CARTESIAN_POINT('Origin',(-5.35000000000001,0.,21.7438131692262));
#5960=CARTESIAN_POINT('',(-4.85,2.,21.7438131692262));
#5961=CARTESIAN_POINT('',(-4.85,0.,21.7438131692262));
#5962=CARTESIAN_POINT('Origin',(-5.35000000000001,2.,21.7438131692262));
#5963=CARTESIAN_POINT('Origin',(-4.85,-9.,21.7438131692262));
#5964=CARTESIAN_POINT('',(-4.85000000000001,0.,14.7));
#5965=CARTESIAN_POINT('',(-4.85,0.,21.7438131692262));
#5966=CARTESIAN_POINT('',(-4.85000000000001,2.,14.7));
#5967=CARTESIAN_POINT('',(-4.85000000000001,0.,14.7));
#5968=CARTESIAN_POINT('',(-4.85000000000001,2.,14.7));
#5969=CARTESIAN_POINT('Origin',(-4.35000000000001,-9.,14.7));
#5970=CARTESIAN_POINT('',(-4.35000000000001,0.,14.2));
#5971=CARTESIAN_POINT('Origin',(-4.35000000000001,0.,14.7));
#5972=CARTESIAN_POINT('',(-4.35000000000001,2.,14.2));
#5973=CARTESIAN_POINT('',(-4.35000000000001,0.,14.2));
#5974=CARTESIAN_POINT('Origin',(-4.35000000000001,2.,14.7));
#5975=CARTESIAN_POINT('Origin',(-4.35000000000001,-9.,14.2));
#5976=CARTESIAN_POINT('',(4.34999999999999,0.,14.2));
#5977=CARTESIAN_POINT('',(-4.35000000000001,0.,14.2));
#5978=CARTESIAN_POINT('',(4.34999999999999,2.,14.2));
#5979=CARTESIAN_POINT('',(4.34999999999999,0.,14.2));
#5980=CARTESIAN_POINT('',(4.34999999999999,2.,14.2));
#5981=CARTESIAN_POINT('Origin',(4.34999999999999,-9.,14.7));
#5982=CARTESIAN_POINT('',(4.84999999999999,0.,14.7));
#5983=CARTESIAN_POINT('Origin',(4.34999999999999,0.,14.7));
#5984=CARTESIAN_POINT('',(4.84999999999999,2.,14.7));
#5985=CARTESIAN_POINT('',(4.84999999999999,0.,14.7));
#5986=CARTESIAN_POINT('Origin',(4.34999999999999,2.,14.7));
#5987=CARTESIAN_POINT('Origin',(4.84999999999999,-9.,21.65));
#5988=CARTESIAN_POINT('',(4.84999999999999,0.,21.65));
#5989=CARTESIAN_POINT('',(4.84999999999999,0.,14.7));
#5990=CARTESIAN_POINT('',(4.84999999999999,2.,21.65));
#5991=CARTESIAN_POINT('',(4.84999999999999,0.,21.65));
#5992=CARTESIAN_POINT('',(4.84999999999999,2.,21.65));
#5993=CARTESIAN_POINT('Origin',(5.34999999999999,-9.,21.65));
#5994=CARTESIAN_POINT('',(5.34999999999999,0.,22.15));
#5995=CARTESIAN_POINT('Origin',(5.34999999999999,0.,21.65));
#5996=CARTESIAN_POINT('',(5.34999999999999,2.,22.15));
#5997=CARTESIAN_POINT('',(5.34999999999999,0.,22.15));
#5998=CARTESIAN_POINT('Origin',(5.34999999999999,2.,21.65));
#5999=CARTESIAN_POINT('Origin',(5.34999999999999,-9.,22.15));
#6000=CARTESIAN_POINT('',(12.3,0.,22.15));
#6001=CARTESIAN_POINT('',(5.34999999999999,0.,22.15));
#6002=CARTESIAN_POINT('',(12.3,2.,22.15));
#6003=CARTESIAN_POINT('',(12.3,0.,22.15));
#6004=CARTESIAN_POINT('',(12.3,2.,22.15));
#6005=CARTESIAN_POINT('Origin',(12.3,-9.,22.65));
#6006=CARTESIAN_POINT('',(12.8,0.,22.65));
#6007=CARTESIAN_POINT('Origin',(12.3,0.,22.65));
#6008=CARTESIAN_POINT('',(12.8,2.,22.65));
#6009=CARTESIAN_POINT('',(12.8,0.,22.65));
#6010=CARTESIAN_POINT('Origin',(12.3,2.,22.65));
#6011=CARTESIAN_POINT('Origin',(12.8,-9.,22.65));
#6012=CARTESIAN_POINT('',(12.8,0.,31.35));
#6013=CARTESIAN_POINT('',(12.8,0.,22.65));
#6014=CARTESIAN_POINT('',(12.8,2.,31.35));
#6015=CARTESIAN_POINT('',(12.8,0.,31.35));
#6016=CARTESIAN_POINT('',(12.8,2.,31.35));
#6017=CARTESIAN_POINT('Origin',(12.3,-9.,31.35));
#6018=CARTESIAN_POINT('',(12.3,0.,31.85));
#6019=CARTESIAN_POINT('Origin',(12.3,0.,31.35));
#6020=CARTESIAN_POINT('',(12.3,2.,31.85));
#6021=CARTESIAN_POINT('',(12.3,0.,31.85));
#6022=CARTESIAN_POINT('Origin',(12.3,2.,31.35));
#6023=CARTESIAN_POINT('Origin',(12.3,-9.,31.85));
#6024=CARTESIAN_POINT('',(5.2561868307738,0.,31.85));
#6025=CARTESIAN_POINT('',(12.3,0.,31.85));
#6026=CARTESIAN_POINT('',(5.25618683077381,2.,31.85));
#6027=CARTESIAN_POINT('',(5.2561868307738,0.,31.85));
#6028=CARTESIAN_POINT('',(5.25618683077381,2.,31.85));
#6029=CARTESIAN_POINT('Origin',(5.2561868307738,-9.,32.35));
#6030=CARTESIAN_POINT('Origin',(5.2561868307738,0.,32.35));
#6031=CARTESIAN_POINT('Origin',(5.2561868307738,2.,32.35));
#6032=CARTESIAN_POINT('Origin',(-25.,-9.,27.));
#6033=CARTESIAN_POINT('',(-20.0942256246111,0.,31.9933333333333));
#6034=CARTESIAN_POINT('',(-29.9933333333333,0.,22.0942256246111));
#6035=CARTESIAN_POINT('Origin',(-25.,0.,27.));
#6036=CARTESIAN_POINT('',(-29.9933333333333,2.,22.0942256246111));
#6037=CARTESIAN_POINT('',(-29.9933333333333,0.,22.0942256246111));
#6038=CARTESIAN_POINT('',(-20.0942256246111,2.,31.9933333333333));
#6039=CARTESIAN_POINT('Origin',(-25.,2.,27.));
#6040=CARTESIAN_POINT('',(-20.0942256246111,0.,31.9933333333333));
#6041=CARTESIAN_POINT('Origin',(-30.35,-9.,21.7438131692262));
#6042=CARTESIAN_POINT('',(-29.85,0.,21.7438131692262));
#6043=CARTESIAN_POINT('Origin',(-30.35,0.,21.7438131692262));
#6044=CARTESIAN_POINT('',(-29.85,2.,21.7438131692262));
#6045=CARTESIAN_POINT('',(-29.85,0.,21.7438131692262));
#6046=CARTESIAN_POINT('Origin',(-30.35,2.,21.7438131692262));
#6047=CARTESIAN_POINT('Origin',(-29.85,-9.,21.7438131692262));
#6048=CARTESIAN_POINT('',(-29.85,0.,14.7));
#6049=CARTESIAN_POINT('',(-29.85,0.,21.7438131692262));
#6050=CARTESIAN_POINT('',(-29.85,2.,14.7));
#6051=CARTESIAN_POINT('',(-29.85,0.,14.7));
#6052=CARTESIAN_POINT('',(-29.85,2.,14.7));
#6053=CARTESIAN_POINT('Origin',(-29.35,-9.,14.7));
#6054=CARTESIAN_POINT('',(-29.35,0.,14.2));
#6055=CARTESIAN_POINT('Origin',(-29.35,0.,14.7));
#6056=CARTESIAN_POINT('',(-29.35,2.,14.2));
#6057=CARTESIAN_POINT('',(-29.35,0.,14.2));
#6058=CARTESIAN_POINT('Origin',(-29.35,2.,14.7));
#6059=CARTESIAN_POINT('Origin',(-29.35,-9.,14.2));
#6060=CARTESIAN_POINT('',(-20.65,0.,14.2));
#6061=CARTESIAN_POINT('',(-29.35,0.,14.2));
#6062=CARTESIAN_POINT('',(-20.65,2.,14.2));
#6063=CARTESIAN_POINT('',(-20.65,0.,14.2));
#6064=CARTESIAN_POINT('',(-20.65,2.,14.2));
#6065=CARTESIAN_POINT('Origin',(-20.65,-9.,14.7));
#6066=CARTESIAN_POINT('',(-20.15,0.,14.7));
#6067=CARTESIAN_POINT('Origin',(-20.65,0.,14.7));
#6068=CARTESIAN_POINT('',(-20.15,2.,14.7));
#6069=CARTESIAN_POINT('',(-20.15,0.,14.7));
#6070=CARTESIAN_POINT('Origin',(-20.65,2.,14.7));
#6071=CARTESIAN_POINT('Origin',(-20.15,-9.,21.65));
#6072=CARTESIAN_POINT('',(-20.15,0.,21.65));
#6073=CARTESIAN_POINT('',(-20.15,0.,14.7));
#6074=CARTESIAN_POINT('',(-20.15,2.,21.65));
#6075=CARTESIAN_POINT('',(-20.15,0.,21.65));
#6076=CARTESIAN_POINT('',(-20.15,2.,21.65));
#6077=CARTESIAN_POINT('Origin',(-19.65,-9.,21.65));
#6078=CARTESIAN_POINT('',(-19.65,0.,22.15));
#6079=CARTESIAN_POINT('Origin',(-19.65,0.,21.65));
#6080=CARTESIAN_POINT('',(-19.65,2.,22.15));
#6081=CARTESIAN_POINT('',(-19.65,0.,22.15));
#6082=CARTESIAN_POINT('Origin',(-19.65,2.,21.65));
#6083=CARTESIAN_POINT('Origin',(-19.65,-9.,22.15));
#6084=CARTESIAN_POINT('',(-12.7,0.,22.15));
#6085=CARTESIAN_POINT('',(-19.65,0.,22.15));
#6086=CARTESIAN_POINT('',(-12.7,2.,22.15));
#6087=CARTESIAN_POINT('',(-12.7,0.,22.15));
#6088=CARTESIAN_POINT('',(-12.7,2.,22.15));
#6089=CARTESIAN_POINT('Origin',(-12.7,-9.,22.65));
#6090=CARTESIAN_POINT('',(-12.2,0.,22.65));
#6091=CARTESIAN_POINT('Origin',(-12.7,0.,22.65));
#6092=CARTESIAN_POINT('',(-12.2,2.,22.65));
#6093=CARTESIAN_POINT('',(-12.2,0.,22.65));
#6094=CARTESIAN_POINT('Origin',(-12.7,2.,22.65));
#6095=CARTESIAN_POINT('Origin',(-12.2,-9.,22.65));
#6096=CARTESIAN_POINT('',(-12.2,0.,31.35));
#6097=CARTESIAN_POINT('',(-12.2,0.,22.65));
#6098=CARTESIAN_POINT('',(-12.2,2.,31.35));
#6099=CARTESIAN_POINT('',(-12.2,0.,31.35));
#6100=CARTESIAN_POINT('',(-12.2,2.,31.35));
#6101=CARTESIAN_POINT('Origin',(-12.7,-9.,31.35));
#6102=CARTESIAN_POINT('',(-12.7,0.,31.85));
#6103=CARTESIAN_POINT('Origin',(-12.7,0.,31.35));
#6104=CARTESIAN_POINT('',(-12.7,2.,31.85));
#6105=CARTESIAN_POINT('',(-12.7,0.,31.85));
#6106=CARTESIAN_POINT('Origin',(-12.7,2.,31.35));
#6107=CARTESIAN_POINT('Origin',(-12.7,-9.,31.85));
#6108=CARTESIAN_POINT('',(-19.7438131692262,0.,31.85));
#6109=CARTESIAN_POINT('',(-12.7,0.,31.85));
#6110=CARTESIAN_POINT('',(-19.7438131692262,2.,31.85));
#6111=CARTESIAN_POINT('',(-19.7438131692262,0.,31.85));
#6112=CARTESIAN_POINT('',(-19.7438131692262,2.,31.85));
#6113=CARTESIAN_POINT('Origin',(-19.7438131692262,-9.,32.35));
#6114=CARTESIAN_POINT('Origin',(-19.7438131692262,0.,32.35));
#6115=CARTESIAN_POINT('Origin',(-19.7438131692262,2.,32.35));
#6116=CARTESIAN_POINT('Origin',(-50.,-9.,27.));
#6117=CARTESIAN_POINT('',(-45.0942256246111,0.,31.9933333333333));
#6118=CARTESIAN_POINT('',(-54.9933333333333,0.,22.0942256246111));
#6119=CARTESIAN_POINT('Origin',(-50.,0.,27.));
#6120=CARTESIAN_POINT('',(-54.9933333333333,2.,22.0942256246111));
#6121=CARTESIAN_POINT('',(-54.9933333333333,0.,22.0942256246111));
#6122=CARTESIAN_POINT('',(-45.0942256246111,2.,31.9933333333333));
#6123=CARTESIAN_POINT('Origin',(-50.,2.,27.));
#6124=CARTESIAN_POINT('',(-45.0942256246111,0.,31.9933333333333));
#6125=CARTESIAN_POINT('Origin',(-55.35,-9.,21.7438131692262));
#6126=CARTESIAN_POINT('',(-54.85,0.,21.7438131692262));
#6127=CARTESIAN_POINT('Origin',(-55.35,0.,21.7438131692262));
#6128=CARTESIAN_POINT('',(-54.85,2.,21.7438131692262));
#6129=CARTESIAN_POINT('',(-54.85,0.,21.7438131692262));
#6130=CARTESIAN_POINT('Origin',(-55.35,2.,21.7438131692262));
#6131=CARTESIAN_POINT('Origin',(-54.85,-9.,21.7438131692262));
#6132=CARTESIAN_POINT('',(-54.85,0.,14.7));
#6133=CARTESIAN_POINT('',(-54.85,0.,21.7438131692262));
#6134=CARTESIAN_POINT('',(-54.85,2.,14.7));
#6135=CARTESIAN_POINT('',(-54.85,0.,14.7));
#6136=CARTESIAN_POINT('',(-54.85,2.,14.7));
#6137=CARTESIAN_POINT('Origin',(-54.35,-9.,14.7));
#6138=CARTESIAN_POINT('',(-54.35,0.,14.2));
#6139=CARTESIAN_POINT('Origin',(-54.35,0.,14.7));
#6140=CARTESIAN_POINT('',(-54.35,2.,14.2));
#6141=CARTESIAN_POINT('',(-54.35,0.,14.2));
#6142=CARTESIAN_POINT('Origin',(-54.35,2.,14.7));
#6143=CARTESIAN_POINT('Origin',(-54.35,-9.,14.2));
#6144=CARTESIAN_POINT('',(-45.65,0.,14.2));
#6145=CARTESIAN_POINT('',(-54.35,0.,14.2));
#6146=CARTESIAN_POINT('',(-45.65,2.,14.2));
#6147=CARTESIAN_POINT('',(-45.65,0.,14.2));
#6148=CARTESIAN_POINT('',(-45.65,2.,14.2));
#6149=CARTESIAN_POINT('Origin',(-45.65,-9.,14.7));
#6150=CARTESIAN_POINT('',(-45.15,0.,14.7));
#6151=CARTESIAN_POINT('Origin',(-45.65,0.,14.7));
#6152=CARTESIAN_POINT('',(-45.15,2.,14.7));
#6153=CARTESIAN_POINT('',(-45.15,0.,14.7));
#6154=CARTESIAN_POINT('Origin',(-45.65,2.,14.7));
#6155=CARTESIAN_POINT('Origin',(-45.15,-9.,21.65));
#6156=CARTESIAN_POINT('',(-45.15,0.,21.65));
#6157=CARTESIAN_POINT('',(-45.15,0.,14.7));
#6158=CARTESIAN_POINT('',(-45.15,2.,21.65));
#6159=CARTESIAN_POINT('',(-45.15,0.,21.65));
#6160=CARTESIAN_POINT('',(-45.15,2.,21.65));
#6161=CARTESIAN_POINT('Origin',(-44.65,-9.,21.65));
#6162=CARTESIAN_POINT('',(-44.65,0.,22.15));
#6163=CARTESIAN_POINT('Origin',(-44.65,0.,21.65));
#6164=CARTESIAN_POINT('',(-44.65,2.,22.15));
#6165=CARTESIAN_POINT('',(-44.65,0.,22.15));
#6166=CARTESIAN_POINT('Origin',(-44.65,2.,21.65));
#6167=CARTESIAN_POINT('Origin',(-44.65,-9.,22.15));
#6168=CARTESIAN_POINT('',(-37.7,0.,22.15));
#6169=CARTESIAN_POINT('',(-44.65,0.,22.15));
#6170=CARTESIAN_POINT('',(-37.7,2.,22.15));
#6171=CARTESIAN_POINT('',(-37.7,0.,22.15));
#6172=CARTESIAN_POINT('',(-37.7,2.,22.15));
#6173=CARTESIAN_POINT('Origin',(-37.7,-9.,22.65));
#6174=CARTESIAN_POINT('',(-37.2,0.,22.65));
#6175=CARTESIAN_POINT('Origin',(-37.7,0.,22.65));
#6176=CARTESIAN_POINT('',(-37.2,2.,22.65));
#6177=CARTESIAN_POINT('',(-37.2,0.,22.65));
#6178=CARTESIAN_POINT('Origin',(-37.7,2.,22.65));
#6179=CARTESIAN_POINT('Origin',(-37.2,-9.,22.65));
#6180=CARTESIAN_POINT('',(-37.2,0.,31.35));
#6181=CARTESIAN_POINT('',(-37.2,0.,22.65));
#6182=CARTESIAN_POINT('',(-37.2,2.,31.35));
#6183=CARTESIAN_POINT('',(-37.2,0.,31.35));
#6184=CARTESIAN_POINT('',(-37.2,2.,31.35));
#6185=CARTESIAN_POINT('Origin',(-37.7,-9.,31.35));
#6186=CARTESIAN_POINT('',(-37.7,0.,31.85));
#6187=CARTESIAN_POINT('Origin',(-37.7,0.,31.35));
#6188=CARTESIAN_POINT('',(-37.7,2.,31.85));
#6189=CARTESIAN_POINT('',(-37.7,0.,31.85));
#6190=CARTESIAN_POINT('Origin',(-37.7,2.,31.35));
#6191=CARTESIAN_POINT('Origin',(-37.7,-9.,31.85));
#6192=CARTESIAN_POINT('',(-44.7438131692262,0.,31.85));
#6193=CARTESIAN_POINT('',(-37.7,0.,31.85));
#6194=CARTESIAN_POINT('',(-44.7438131692262,2.,31.85));
#6195=CARTESIAN_POINT('',(-44.7438131692262,0.,31.85));
#6196=CARTESIAN_POINT('',(-44.7438131692262,2.,31.85));
#6197=CARTESIAN_POINT('Origin',(-44.7438131692262,-9.,32.35));
#6198=CARTESIAN_POINT('Origin',(-44.7438131692262,0.,32.35));
#6199=CARTESIAN_POINT('Origin',(-44.7438131692262,2.,32.35));
#6200=CARTESIAN_POINT('Origin',(-50.,-9.,0.));
#6201=CARTESIAN_POINT('',(-45.0942256246111,0.,4.99333333333334));
#6202=CARTESIAN_POINT('',(-54.9933333333333,0.,-4.90577437538888));
#6203=CARTESIAN_POINT('Origin',(-50.,0.,0.));
#6204=CARTESIAN_POINT('',(-54.9933333333333,2.,-4.90577437538888));
#6205=CARTESIAN_POINT('',(-54.9933333333333,0.,-4.90577437538888));
#6206=CARTESIAN_POINT('',(-45.0942256246111,2.,4.99333333333334));
#6207=CARTESIAN_POINT('Origin',(-50.,2.,0.));
#6208=CARTESIAN_POINT('',(-45.0942256246111,0.,4.99333333333334));
#6209=CARTESIAN_POINT('Origin',(-55.35,-9.,-5.2561868307738));
#6210=CARTESIAN_POINT('',(-54.85,0.,-5.2561868307738));
#6211=CARTESIAN_POINT('Origin',(-55.35,0.,-5.2561868307738));
#6212=CARTESIAN_POINT('',(-54.85,2.,-5.2561868307738));
#6213=CARTESIAN_POINT('',(-54.85,0.,-5.2561868307738));
#6214=CARTESIAN_POINT('Origin',(-55.35,2.,-5.2561868307738));
#6215=CARTESIAN_POINT('Origin',(-54.85,-9.,-5.2561868307738));
#6216=CARTESIAN_POINT('',(-54.85,0.,-12.3));
#6217=CARTESIAN_POINT('',(-54.85,0.,-5.25618683077379));
#6218=CARTESIAN_POINT('',(-54.85,2.,-12.3));
#6219=CARTESIAN_POINT('',(-54.85,0.,-12.3));
#6220=CARTESIAN_POINT('',(-54.85,2.,-12.3));
#6221=CARTESIAN_POINT('Origin',(-54.35,-9.,-12.3));
#6222=CARTESIAN_POINT('',(-54.35,0.,-12.8));
#6223=CARTESIAN_POINT('Origin',(-54.35,0.,-12.3));
#6224=CARTESIAN_POINT('',(-54.35,2.,-12.8));
#6225=CARTESIAN_POINT('',(-54.35,0.,-12.8));
#6226=CARTESIAN_POINT('Origin',(-54.35,2.,-12.3));
#6227=CARTESIAN_POINT('Origin',(-54.35,-9.,-12.8));
#6228=CARTESIAN_POINT('',(-45.65,0.,-12.8));
#6229=CARTESIAN_POINT('',(-54.35,0.,-12.8));
#6230=CARTESIAN_POINT('',(-45.65,2.,-12.8));
#6231=CARTESIAN_POINT('',(-45.65,0.,-12.8));
#6232=CARTESIAN_POINT('',(-45.65,2.,-12.8));
#6233=CARTESIAN_POINT('Origin',(-45.65,-9.,-12.3));
#6234=CARTESIAN_POINT('',(-45.15,0.,-12.3));
#6235=CARTESIAN_POINT('Origin',(-45.65,0.,-12.3));
#6236=CARTESIAN_POINT('',(-45.15,2.,-12.3));
#6237=CARTESIAN_POINT('',(-45.15,0.,-12.3));
#6238=CARTESIAN_POINT('Origin',(-45.65,2.,-12.3));
#6239=CARTESIAN_POINT('Origin',(-45.15,-9.,-5.35));
#6240=CARTESIAN_POINT('',(-45.15,0.,-5.35));
#6241=CARTESIAN_POINT('',(-45.15,0.,-12.3));
#6242=CARTESIAN_POINT('',(-45.15,2.,-5.35));
#6243=CARTESIAN_POINT('',(-45.15,0.,-5.35));
#6244=CARTESIAN_POINT('',(-45.15,2.,-5.35));
#6245=CARTESIAN_POINT('Origin',(-44.65,-9.,-5.35));
#6246=CARTESIAN_POINT('',(-44.65,0.,-4.85));
#6247=CARTESIAN_POINT('Origin',(-44.65,0.,-5.35));
#6248=CARTESIAN_POINT('',(-44.65,2.,-4.85));
#6249=CARTESIAN_POINT('',(-44.65,0.,-4.85));
#6250=CARTESIAN_POINT('Origin',(-44.65,2.,-5.35));
#6251=CARTESIAN_POINT('Origin',(-44.65,-9.,-4.85));
#6252=CARTESIAN_POINT('',(-37.7,0.,-4.85));
#6253=CARTESIAN_POINT('',(-44.65,0.,-4.85));
#6254=CARTESIAN_POINT('',(-37.7,2.,-4.85));
#6255=CARTESIAN_POINT('',(-37.7,0.,-4.85));
#6256=CARTESIAN_POINT('',(-37.7,2.,-4.85));
#6257=CARTESIAN_POINT('Origin',(-37.7,-9.,-4.35));
#6258=CARTESIAN_POINT('',(-37.2,0.,-4.35));
#6259=CARTESIAN_POINT('Origin',(-37.7,0.,-4.35));
#6260=CARTESIAN_POINT('',(-37.2,2.,-4.35));
#6261=CARTESIAN_POINT('',(-37.2,0.,-4.35));
#6262=CARTESIAN_POINT('Origin',(-37.7,2.,-4.35));
#6263=CARTESIAN_POINT('Origin',(-37.2,-9.,-4.35));
#6264=CARTESIAN_POINT('',(-37.2,0.,4.35));
#6265=CARTESIAN_POINT('',(-37.2,0.,-4.35));
#6266=CARTESIAN_POINT('',(-37.2,2.,4.35));
#6267=CARTESIAN_POINT('',(-37.2,0.,4.35));
#6268=CARTESIAN_POINT('',(-37.2,2.,4.35));
#6269=CARTESIAN_POINT('Origin',(-37.7,-9.,4.35));
#6270=CARTESIAN_POINT('',(-37.7,0.,4.84999999999999));
#6271=CARTESIAN_POINT('Origin',(-37.7,0.,4.35));
#6272=CARTESIAN_POINT('',(-37.7,2.,4.84999999999999));
#6273=CARTESIAN_POINT('',(-37.7,0.,4.84999999999999));
#6274=CARTESIAN_POINT('Origin',(-37.7,2.,4.35));
#6275=CARTESIAN_POINT('Origin',(-37.7,-9.,4.84999999999999));
#6276=CARTESIAN_POINT('',(-44.7438131692262,0.,4.85));
#6277=CARTESIAN_POINT('',(-37.7,0.,4.84999999999999));
#6278=CARTESIAN_POINT('',(-44.7438131692262,2.,4.85));
#6279=CARTESIAN_POINT('',(-44.7438131692262,0.,4.85));
#6280=CARTESIAN_POINT('',(-44.7438131692262,2.,4.85));
#6281=CARTESIAN_POINT('Origin',(-44.7438131692262,-9.,5.35));
#6282=CARTESIAN_POINT('Origin',(-44.7438131692262,0.,5.35));
#6283=CARTESIAN_POINT('Origin',(-44.7438131692262,2.,5.35));
#6284=CARTESIAN_POINT('Origin',(25.,-9.,1.04083408558608E-14));
#6285=CARTESIAN_POINT('',(29.9057743753889,0.,4.99333333333335));
#6286=CARTESIAN_POINT('',(20.0066666666667,0.,-4.90577437538887));
#6287=CARTESIAN_POINT('Origin',(25.,0.,1.04083408558608E-14));
#6288=CARTESIAN_POINT('',(20.0066666666667,2.,-4.90577437538887));
#6289=CARTESIAN_POINT('',(20.0066666666667,0.,-4.90577437538887));
#6290=CARTESIAN_POINT('',(29.9057743753889,2.,4.99333333333335));
#6291=CARTESIAN_POINT('Origin',(25.,2.,1.04083408558608E-14));
#6292=CARTESIAN_POINT('',(29.9057743753889,0.,4.99333333333335));
#6293=CARTESIAN_POINT('Origin',(19.65,-9.,-5.25618683077379));
#6294=CARTESIAN_POINT('',(20.15,0.,-5.25618683077379));
#6295=CARTESIAN_POINT('Origin',(19.65,0.,-5.25618683077379));
#6296=CARTESIAN_POINT('',(20.15,2.,-5.25618683077379));
#6297=CARTESIAN_POINT('',(20.15,0.,-5.25618683077379));
#6298=CARTESIAN_POINT('Origin',(19.65,2.,-5.25618683077379));
#6299=CARTESIAN_POINT('Origin',(20.15,-9.,-5.25618683077379));
#6300=CARTESIAN_POINT('',(20.15,0.,-12.3));
#6301=CARTESIAN_POINT('',(20.15,0.,-5.25618683077379));
#6302=CARTESIAN_POINT('',(20.15,2.,-12.3));
#6303=CARTESIAN_POINT('',(20.15,0.,-12.3));
#6304=CARTESIAN_POINT('',(20.15,2.,-12.3));
#6305=CARTESIAN_POINT('Origin',(20.65,-9.,-12.3));
#6306=CARTESIAN_POINT('',(20.65,0.,-12.8));
#6307=CARTESIAN_POINT('Origin',(20.65,0.,-12.3));
#6308=CARTESIAN_POINT('',(20.65,2.,-12.8));
#6309=CARTESIAN_POINT('',(20.65,0.,-12.8));
#6310=CARTESIAN_POINT('Origin',(20.65,2.,-12.3));
#6311=CARTESIAN_POINT('Origin',(20.65,-9.,-12.8));
#6312=CARTESIAN_POINT('',(29.35,0.,-12.8));
#6313=CARTESIAN_POINT('',(20.65,0.,-12.8));
#6314=CARTESIAN_POINT('',(29.35,2.,-12.8));
#6315=CARTESIAN_POINT('',(29.35,0.,-12.8));
#6316=CARTESIAN_POINT('',(29.35,2.,-12.8));
#6317=CARTESIAN_POINT('Origin',(29.35,-9.,-12.3));
#6318=CARTESIAN_POINT('',(29.85,0.,-12.3));
#6319=CARTESIAN_POINT('Origin',(29.35,0.,-12.3));
#6320=CARTESIAN_POINT('',(29.85,2.,-12.3));
#6321=CARTESIAN_POINT('',(29.85,0.,-12.3));
#6322=CARTESIAN_POINT('Origin',(29.35,2.,-12.3));
#6323=CARTESIAN_POINT('Origin',(29.85,-9.,-5.34999999999999));
#6324=CARTESIAN_POINT('',(29.85,0.,-5.34999999999999));
#6325=CARTESIAN_POINT('',(29.85,0.,-12.3));
#6326=CARTESIAN_POINT('',(29.85,2.,-5.34999999999999));
#6327=CARTESIAN_POINT('',(29.85,0.,-5.34999999999999));
#6328=CARTESIAN_POINT('',(29.85,2.,-5.34999999999999));
#6329=CARTESIAN_POINT('Origin',(30.35,-9.,-5.34999999999999));
#6330=CARTESIAN_POINT('',(30.35,0.,-4.84999999999999));
#6331=CARTESIAN_POINT('Origin',(30.35,0.,-5.34999999999999));
#6332=CARTESIAN_POINT('',(30.35,2.,-4.84999999999999));
#6333=CARTESIAN_POINT('',(30.35,0.,-4.84999999999999));
#6334=CARTESIAN_POINT('Origin',(30.35,2.,-5.34999999999999));
#6335=CARTESIAN_POINT('Origin',(30.35,-9.,-4.84999999999999));
#6336=CARTESIAN_POINT('',(37.3,0.,-4.84999999999999));
#6337=CARTESIAN_POINT('',(30.35,0.,-4.84999999999999));
#6338=CARTESIAN_POINT('',(37.3,2.,-4.84999999999999));
#6339=CARTESIAN_POINT('',(37.3,0.,-4.84999999999999));
#6340=CARTESIAN_POINT('',(37.3,2.,-4.84999999999999));
#6341=CARTESIAN_POINT('Origin',(37.3,-9.,-4.34999999999999));
#6342=CARTESIAN_POINT('',(37.8,0.,-4.34999999999999));
#6343=CARTESIAN_POINT('Origin',(37.3,0.,-4.34999999999999));
#6344=CARTESIAN_POINT('',(37.8,2.,-4.34999999999999));
#6345=CARTESIAN_POINT('',(37.8,0.,-4.34999999999999));
#6346=CARTESIAN_POINT('Origin',(37.3,2.,-4.34999999999999));
#6347=CARTESIAN_POINT('Origin',(37.8,-9.,-4.34999999999999));
#6348=CARTESIAN_POINT('',(37.8,0.,4.35000000000001));
#6349=CARTESIAN_POINT('',(37.8,0.,-4.34999999999999));
#6350=CARTESIAN_POINT('',(37.8,2.,4.35000000000001));
#6351=CARTESIAN_POINT('',(37.8,0.,4.35000000000001));
#6352=CARTESIAN_POINT('',(37.8,2.,4.35000000000001));
#6353=CARTESIAN_POINT('Origin',(37.3,-9.,4.35000000000001));
#6354=CARTESIAN_POINT('',(37.3,0.,4.85));
#6355=CARTESIAN_POINT('Origin',(37.3,0.,4.35000000000001));
#6356=CARTESIAN_POINT('',(37.3,2.,4.85));
#6357=CARTESIAN_POINT('',(37.3,0.,4.85));
#6358=CARTESIAN_POINT('Origin',(37.3,2.,4.35000000000001));
#6359=CARTESIAN_POINT('Origin',(37.3,-9.,4.85));
#6360=CARTESIAN_POINT('',(30.2561868307738,0.,4.85000000000001));
#6361=CARTESIAN_POINT('',(37.3,0.,4.85));
#6362=CARTESIAN_POINT('',(30.2561868307738,2.,4.85000000000001));
#6363=CARTESIAN_POINT('',(30.2561868307738,0.,4.85000000000001));
#6364=CARTESIAN_POINT('',(30.2561868307738,2.,4.85000000000001));
#6365=CARTESIAN_POINT('Origin',(30.2561868307738,-9.,5.35000000000001));
#6366=CARTESIAN_POINT('Origin',(30.2561868307738,0.,5.35000000000001));
#6367=CARTESIAN_POINT('Origin',(30.2561868307738,2.,5.35000000000001));
#6368=CARTESIAN_POINT('Origin',(0.,-9.,6.93889390390723E-15));
#6369=CARTESIAN_POINT('',(4.90577437538889,0.,4.99333333333334));
#6370=CARTESIAN_POINT('',(-4.99333333333334,0.,-4.90577437538887));
#6371=CARTESIAN_POINT('Origin',(0.,0.,6.93889390390723E-15));
#6372=CARTESIAN_POINT('',(-4.99333333333334,2.,-4.90577437538887));
#6373=CARTESIAN_POINT('',(-4.99333333333334,0.,-4.90577437538887));
#6374=CARTESIAN_POINT('',(4.90577437538889,2.,4.99333333333334));
#6375=CARTESIAN_POINT('Origin',(0.,2.,6.93889390390723E-15));
#6376=CARTESIAN_POINT('',(4.90577437538889,0.,4.99333333333334));
#6377=CARTESIAN_POINT('Origin',(-5.35000000000001,-9.,-5.25618683077379));
#6378=CARTESIAN_POINT('',(-4.85,0.,-5.25618683077379));
#6379=CARTESIAN_POINT('Origin',(-5.35000000000001,0.,-5.25618683077379));
#6380=CARTESIAN_POINT('',(-4.85,2.,-5.25618683077379));
#6381=CARTESIAN_POINT('',(-4.85,0.,-5.25618683077379));
#6382=CARTESIAN_POINT('Origin',(-5.35000000000001,2.,-5.25618683077379));
#6383=CARTESIAN_POINT('Origin',(-4.85,-9.,-5.25618683077379));
#6384=CARTESIAN_POINT('',(-4.85000000000001,0.,-12.3));
#6385=CARTESIAN_POINT('',(-4.85,0.,-5.25618683077379));
#6386=CARTESIAN_POINT('',(-4.85000000000001,2.,-12.3));
#6387=CARTESIAN_POINT('',(-4.85000000000001,0.,-12.3));
#6388=CARTESIAN_POINT('',(-4.85000000000001,2.,-12.3));
#6389=CARTESIAN_POINT('Origin',(-4.35000000000001,-9.,-12.3));
#6390=CARTESIAN_POINT('',(-4.35000000000001,0.,-12.8));
#6391=CARTESIAN_POINT('Origin',(-4.35000000000001,0.,-12.3));
#6392=CARTESIAN_POINT('',(-4.35000000000001,2.,-12.8));
#6393=CARTESIAN_POINT('',(-4.35000000000001,0.,-12.8));
#6394=CARTESIAN_POINT('Origin',(-4.35000000000001,2.,-12.3));
#6395=CARTESIAN_POINT('Origin',(-4.35000000000001,-9.,-12.8));
#6396=CARTESIAN_POINT('',(4.34999999999999,0.,-12.8));
#6397=CARTESIAN_POINT('',(-4.35000000000001,0.,-12.8));
#6398=CARTESIAN_POINT('',(4.34999999999999,2.,-12.8));
#6399=CARTESIAN_POINT('',(4.34999999999999,0.,-12.8));
#6400=CARTESIAN_POINT('',(4.34999999999999,2.,-12.8));
#6401=CARTESIAN_POINT('Origin',(4.34999999999999,-9.,-12.3));
#6402=CARTESIAN_POINT('',(4.84999999999999,0.,-12.3));
#6403=CARTESIAN_POINT('Origin',(4.34999999999999,0.,-12.3));
#6404=CARTESIAN_POINT('',(4.84999999999999,2.,-12.3));
#6405=CARTESIAN_POINT('',(4.84999999999999,0.,-12.3));
#6406=CARTESIAN_POINT('Origin',(4.34999999999999,2.,-12.3));
#6407=CARTESIAN_POINT('Origin',(4.84999999999999,-9.,-5.35));
#6408=CARTESIAN_POINT('',(4.84999999999999,0.,-5.35));
#6409=CARTESIAN_POINT('',(4.84999999999999,0.,-12.3));
#6410=CARTESIAN_POINT('',(4.84999999999999,2.,-5.35));
#6411=CARTESIAN_POINT('',(4.84999999999999,0.,-5.35));
#6412=CARTESIAN_POINT('',(4.84999999999999,2.,-5.35));
#6413=CARTESIAN_POINT('Origin',(5.34999999999999,-9.,-5.35));
#6414=CARTESIAN_POINT('',(5.34999999999999,0.,-4.85));
#6415=CARTESIAN_POINT('Origin',(5.34999999999999,0.,-5.35));
#6416=CARTESIAN_POINT('',(5.34999999999999,2.,-4.85));
#6417=CARTESIAN_POINT('',(5.34999999999999,0.,-4.85));
#6418=CARTESIAN_POINT('Origin',(5.34999999999999,2.,-5.35));
#6419=CARTESIAN_POINT('Origin',(5.34999999999999,-9.,-4.85));
#6420=CARTESIAN_POINT('',(12.3,0.,-4.85));
#6421=CARTESIAN_POINT('',(5.34999999999999,0.,-4.85));
#6422=CARTESIAN_POINT('',(12.3,2.,-4.85));
#6423=CARTESIAN_POINT('',(12.3,0.,-4.85));
#6424=CARTESIAN_POINT('',(12.3,2.,-4.85));
#6425=CARTESIAN_POINT('Origin',(12.3,-9.,-4.35));
#6426=CARTESIAN_POINT('',(12.8,0.,-4.35));
#6427=CARTESIAN_POINT('Origin',(12.3,0.,-4.35));
#6428=CARTESIAN_POINT('',(12.8,2.,-4.35));
#6429=CARTESIAN_POINT('',(12.8,0.,-4.35));
#6430=CARTESIAN_POINT('Origin',(12.3,2.,-4.35));
#6431=CARTESIAN_POINT('Origin',(12.8,-9.,-4.35));
#6432=CARTESIAN_POINT('',(12.8,0.,4.35));
#6433=CARTESIAN_POINT('',(12.8,0.,-4.35));
#6434=CARTESIAN_POINT('',(12.8,2.,4.35));
#6435=CARTESIAN_POINT('',(12.8,0.,4.35));
#6436=CARTESIAN_POINT('',(12.8,2.,4.35));
#6437=CARTESIAN_POINT('Origin',(12.3,-9.,4.35));
#6438=CARTESIAN_POINT('',(12.3,0.,4.85));
#6439=CARTESIAN_POINT('Origin',(12.3,0.,4.35));
#6440=CARTESIAN_POINT('',(12.3,2.,4.85));
#6441=CARTESIAN_POINT('',(12.3,0.,4.85));
#6442=CARTESIAN_POINT('Origin',(12.3,2.,4.35));
#6443=CARTESIAN_POINT('Origin',(12.3,-9.,4.85));
#6444=CARTESIAN_POINT('',(5.2561868307738,0.,4.85));
#6445=CARTESIAN_POINT('',(12.3,0.,4.85));
#6446=CARTESIAN_POINT('',(5.25618683077381,2.,4.85));
#6447=CARTESIAN_POINT('',(5.2561868307738,0.,4.85));
#6448=CARTESIAN_POINT('',(5.25618683077381,2.,4.85));
#6449=CARTESIAN_POINT('Origin',(5.2561868307738,-9.,5.35));
#6450=CARTESIAN_POINT('Origin',(5.2561868307738,0.,5.35));
#6451=CARTESIAN_POINT('Origin',(5.2561868307738,2.,5.35));
#6452=CARTESIAN_POINT('Origin',(-45.15,-9.,-32.35));
#6453=CARTESIAN_POINT('',(-45.15,0.,-37.));
#6454=CARTESIAN_POINT('',(-45.15,0.,-32.35));
#6455=CARTESIAN_POINT('',(-45.15,0.,-37.));
#6456=CARTESIAN_POINT('',(-45.15,2.,-32.35));
#6457=CARTESIAN_POINT('',(-45.15,0.,-32.35));
#6458=CARTESIAN_POINT('',(-45.15,2.,-37.));
#6459=CARTESIAN_POINT('',(-45.15,2.,-32.35));
#6460=CARTESIAN_POINT('',(-45.15,0.,-37.));
#6461=CARTESIAN_POINT('Origin',(-44.65,-9.,-32.35));
#6462=CARTESIAN_POINT('',(-44.65,0.,-31.85));
#6463=CARTESIAN_POINT('Origin',(-44.65,0.,-32.35));
#6464=CARTESIAN_POINT('',(-44.65,2.,-31.85));
#6465=CARTESIAN_POINT('',(-44.65,0.,-31.85));
#6466=CARTESIAN_POINT('Origin',(-44.65,2.,-32.35));
#6467=CARTESIAN_POINT('Origin',(-44.65,-9.,-31.85));
#6468=CARTESIAN_POINT('',(-37.7,0.,-31.85));
#6469=CARTESIAN_POINT('',(-44.65,0.,-31.85));
#6470=CARTESIAN_POINT('',(-37.7,2.,-31.85));
#6471=CARTESIAN_POINT('',(-37.7,0.,-31.85));
#6472=CARTESIAN_POINT('',(-37.7,2.,-31.85));
#6473=CARTESIAN_POINT('Origin',(-37.7,-9.,-31.35));
#6474=CARTESIAN_POINT('',(-37.2,0.,-31.35));
#6475=CARTESIAN_POINT('Origin',(-37.7,0.,-31.35));
#6476=CARTESIAN_POINT('',(-37.2,2.,-31.35));
#6477=CARTESIAN_POINT('',(-37.2,0.,-31.35));
#6478=CARTESIAN_POINT('Origin',(-37.7,2.,-31.35));
#6479=CARTESIAN_POINT('Origin',(-37.2,-9.,-31.35));
#6480=CARTESIAN_POINT('',(-37.2,0.,-22.65));
#6481=CARTESIAN_POINT('',(-37.2,0.,-31.35));
#6482=CARTESIAN_POINT('',(-37.2,2.,-22.65));
#6483=CARTESIAN_POINT('',(-37.2,0.,-22.65));
#6484=CARTESIAN_POINT('',(-37.2,2.,-22.65));
#6485=CARTESIAN_POINT('Origin',(-37.7,-9.,-22.65));
#6486=CARTESIAN_POINT('',(-37.7,0.,-22.15));
#6487=CARTESIAN_POINT('Origin',(-37.7,0.,-22.65));
#6488=CARTESIAN_POINT('',(-37.7,2.,-22.15));
#6489=CARTESIAN_POINT('',(-37.7,0.,-22.15));
#6490=CARTESIAN_POINT('Origin',(-37.7,2.,-22.65));
#6491=CARTESIAN_POINT('Origin',(-37.7,-9.,-22.15));
#6492=CARTESIAN_POINT('',(-44.7438131692262,0.,-22.15));
#6493=CARTESIAN_POINT('',(-37.7,0.,-22.15));
#6494=CARTESIAN_POINT('',(-44.7438131692262,2.,-22.15));
#6495=CARTESIAN_POINT('',(-44.7438131692262,0.,-22.15));
#6496=CARTESIAN_POINT('',(-44.7438131692262,2.,-22.15));
#6497=CARTESIAN_POINT('Origin',(-44.7438131692262,-9.,-21.65));
#6498=CARTESIAN_POINT('',(-45.0942256246111,0.,-22.0066666666667));
#6499=CARTESIAN_POINT('Origin',(-44.7438131692262,0.,-21.65));
#6500=CARTESIAN_POINT('',(-45.0942256246111,2.,-22.0066666666667));
#6501=CARTESIAN_POINT('',(-45.0942256246111,0.,-22.0066666666667));
#6502=CARTESIAN_POINT('Origin',(-44.7438131692262,2.,-21.65));
#6503=CARTESIAN_POINT('Origin',(-50.,-9.,-27.));
#6504=CARTESIAN_POINT('',(-54.9933333333333,0.,-31.9057743753889));
#6505=CARTESIAN_POINT('Origin',(-50.,0.,-27.));
#6506=CARTESIAN_POINT('',(-54.9933333333333,2.,-31.9057743753889));
#6507=CARTESIAN_POINT('',(-54.9933333333333,0.,-31.9057743753889));
#6508=CARTESIAN_POINT('Origin',(-50.,2.,-27.));
#6509=CARTESIAN_POINT('Origin',(-55.35,-9.,-32.2561868307738));
#6510=CARTESIAN_POINT('',(-54.85,0.,-32.2561868307738));
#6511=CARTESIAN_POINT('Origin',(-55.35,0.,-32.2561868307738));
#6512=CARTESIAN_POINT('',(-54.85,2.,-32.2561868307738));
#6513=CARTESIAN_POINT('',(-54.85,0.,-32.2561868307738));
#6514=CARTESIAN_POINT('Origin',(-55.35,2.,-32.2561868307738));
#6515=CARTESIAN_POINT('Origin',(-54.85,-9.,-32.2561868307738));
#6516=CARTESIAN_POINT('',(-54.85,2.,-37.));
#6517=CARTESIAN_POINT('',(-54.85,2.,-37.));
#6518=CARTESIAN_POINT('',(-54.85,0.,-37.));
#6519=CARTESIAN_POINT('',(-54.85,0.,-32.2561868307738));
#6520=CARTESIAN_POINT('',(-54.85,2.,-37.));
#6521=CARTESIAN_POINT('Origin',(-59.,2.,-37.));
#6522=CARTESIAN_POINT('',(-59.,2.,-37.));
#6523=CARTESIAN_POINT('',(-54.85,2.,-37.));
#6524=CARTESIAN_POINT('',(-59.,0.,-37.));
#6525=CARTESIAN_POINT('',(-54.85,0.,-37.));
#6526=CARTESIAN_POINT('',(-59.,2.,-37.));
#6527=CARTESIAN_POINT('Origin',(-59.,2.,-36.));
#6528=CARTESIAN_POINT('',(-60.,0.,-36.));
#6529=CARTESIAN_POINT('Origin',(-59.,0.,-36.));
#6530=CARTESIAN_POINT('',(-60.,2.,-36.));
#6531=CARTESIAN_POINT('',(-60.,2.,-36.));
#6532=CARTESIAN_POINT('Origin',(-59.,2.,-36.));
#6533=CARTESIAN_POINT('Origin',(-60.,2.,36.));
#6534=CARTESIAN_POINT('',(-60.,0.,36.));
#6535=CARTESIAN_POINT('',(-60.,0.,-36.));
#6536=CARTESIAN_POINT('',(-60.,2.,36.));
#6537=CARTESIAN_POINT('',(-60.,2.,36.));
#6538=CARTESIAN_POINT('',(-60.,2.,-36.));
#6539=CARTESIAN_POINT('Origin',(-59.,2.,36.));
#6540=CARTESIAN_POINT('',(-59.,0.,37.));
#6541=CARTESIAN_POINT('Origin',(-59.,0.,36.));
#6542=CARTESIAN_POINT('',(-59.,2.,37.));
#6543=CARTESIAN_POINT('',(-59.,2.,37.));
#6544=CARTESIAN_POINT('Origin',(-59.,2.,36.));
#6545=CARTESIAN_POINT('Origin',(-59.,2.,37.));
#6546=CARTESIAN_POINT('',(59.,0.,37.));
#6547=CARTESIAN_POINT('',(-59.,0.,37.));
#6548=CARTESIAN_POINT('',(59.,2.,37.));
#6549=CARTESIAN_POINT('',(59.,2.,37.));
#6550=CARTESIAN_POINT('',(-59.,2.,37.));
#6551=CARTESIAN_POINT('Origin',(59.,2.,36.));
#6552=CARTESIAN_POINT('',(60.,0.,36.));
#6553=CARTESIAN_POINT('Origin',(59.,0.,36.));
#6554=CARTESIAN_POINT('',(60.,2.,36.));
#6555=CARTESIAN_POINT('',(60.,2.,36.));
#6556=CARTESIAN_POINT('Origin',(59.,2.,36.));
#6557=CARTESIAN_POINT('Origin',(-59.,2.,36.));
#6558=CARTESIAN_POINT('',(-29.85,2.,-32.2561868307738));
#6559=CARTESIAN_POINT('',(-29.9933333333333,2.,-31.9057743753889));
#6560=CARTESIAN_POINT('Origin',(-30.35,2.,-32.2561868307738));
#6561=CARTESIAN_POINT('',(-29.85,2.,-37.));
#6562=CARTESIAN_POINT('',(-29.85,2.,-37.));
#6563=CARTESIAN_POINT('',(-29.85,2.,-37.));
#6564=CARTESIAN_POINT('',(60.,2.,31.85));
#6565=CARTESIAN_POINT('',(60.,2.,36.));
#6566=CARTESIAN_POINT('',(55.2561868307738,2.,31.85));
#6567=CARTESIAN_POINT('',(55.2561868307738,2.,31.85));
#6568=CARTESIAN_POINT('',(54.9057743753889,2.,31.9933333333333));
#6569=CARTESIAN_POINT('Origin',(55.2561868307738,2.,32.35));
#6570=CARTESIAN_POINT('',(45.0066666666667,2.,22.0942256246111));
#6571=CARTESIAN_POINT('Origin',(50.,2.,27.));
#6572=CARTESIAN_POINT('',(45.15,2.,21.7438131692262));
#6573=CARTESIAN_POINT('Origin',(44.65,2.,21.7438131692262));
#6574=CARTESIAN_POINT('',(45.15,2.,14.7));
#6575=CARTESIAN_POINT('',(45.15,2.,14.7));
#6576=CARTESIAN_POINT('',(45.65,2.,14.2));
#6577=CARTESIAN_POINT('Origin',(45.65,2.,14.7));
#6578=CARTESIAN_POINT('',(54.35,2.,14.2));
#6579=CARTESIAN_POINT('',(54.35,2.,14.2));
#6580=CARTESIAN_POINT('',(54.85,2.,14.7));
#6581=CARTESIAN_POINT('Origin',(54.35,2.,14.7));
#6582=CARTESIAN_POINT('',(54.85,2.,21.65));
#6583=CARTESIAN_POINT('',(54.85,2.,21.65));
#6584=CARTESIAN_POINT('',(55.35,2.,22.15));
#6585=CARTESIAN_POINT('Origin',(55.35,2.,21.65));
#6586=CARTESIAN_POINT('',(60.,2.,22.15));
#6587=CARTESIAN_POINT('',(60.,2.,22.15));
#6588=CARTESIAN_POINT('',(60.,2.,4.85000000000001));
#6589=CARTESIAN_POINT('',(60.,2.,22.15));
#6590=CARTESIAN_POINT('',(55.2561868307738,2.,4.85000000000001));
#6591=CARTESIAN_POINT('',(55.2561868307738,2.,4.85000000000001));
#6592=CARTESIAN_POINT('',(54.9057743753889,2.,4.99333333333335));
#6593=CARTESIAN_POINT('Origin',(55.2561868307738,2.,5.35000000000001));
#6594=CARTESIAN_POINT('',(45.0066666666667,2.,-4.90577437538886));
#6595=CARTESIAN_POINT('Origin',(50.,2.,1.38777878078145E-14));
#6596=CARTESIAN_POINT('',(45.15,2.,-5.25618683077378));
#6597=CARTESIAN_POINT('Origin',(44.65,2.,-5.25618683077378));
#6598=CARTESIAN_POINT('',(45.15,2.,-12.3));
#6599=CARTESIAN_POINT('',(45.15,2.,-12.3));
#6600=CARTESIAN_POINT('',(45.65,2.,-12.8));
#6601=CARTESIAN_POINT('Origin',(45.65,2.,-12.3));
#6602=CARTESIAN_POINT('',(54.35,2.,-12.8));
#6603=CARTESIAN_POINT('',(54.35,2.,-12.8));
#6604=CARTESIAN_POINT('',(54.85,2.,-12.3));
#6605=CARTESIAN_POINT('Origin',(54.35,2.,-12.3));
#6606=CARTESIAN_POINT('',(54.85,2.,-5.34999999999999));
#6607=CARTESIAN_POINT('',(54.85,2.,-5.34999999999999));
#6608=CARTESIAN_POINT('',(55.35,2.,-4.84999999999999));
#6609=CARTESIAN_POINT('Origin',(55.35,2.,-5.34999999999999));
#6610=CARTESIAN_POINT('',(60.,2.,-4.84999999999999));
#6611=CARTESIAN_POINT('',(60.,2.,-4.84999999999999));
#6612=CARTESIAN_POINT('',(60.,2.,-22.15));
#6613=CARTESIAN_POINT('',(60.,2.,-4.84999999999999));
#6614=CARTESIAN_POINT('',(55.2561868307738,2.,-22.15));
#6615=CARTESIAN_POINT('',(55.2561868307738,2.,-22.15));
#6616=CARTESIAN_POINT('',(54.9057743753889,2.,-22.0066666666666));
#6617=CARTESIAN_POINT('Origin',(55.2561868307738,2.,-21.65));
#6618=CARTESIAN_POINT('',(45.0066666666667,2.,-31.9057743753889));
#6619=CARTESIAN_POINT('Origin',(50.,2.,-27.));
#6620=CARTESIAN_POINT('',(45.15,2.,-32.2561868307738));
#6621=CARTESIAN_POINT('Origin',(44.65,2.,-32.2561868307738));
#6622=CARTESIAN_POINT('',(45.15,2.,-37.));
#6623=CARTESIAN_POINT('',(45.15,2.,-37.));
#6624=CARTESIAN_POINT('',(29.85,2.,-37.));
#6625=CARTESIAN_POINT('',(45.15,2.,-37.));
#6626=CARTESIAN_POINT('',(29.85,2.,-32.35));
#6627=CARTESIAN_POINT('',(29.85,2.,-32.35));
#6628=CARTESIAN_POINT('',(30.35,2.,-31.85));
#6629=CARTESIAN_POINT('Origin',(30.35,2.,-32.35));
#6630=CARTESIAN_POINT('',(37.3,2.,-31.85));
#6631=CARTESIAN_POINT('',(37.3,2.,-31.85));
#6632=CARTESIAN_POINT('',(37.8,2.,-31.35));
#6633=CARTESIAN_POINT('Origin',(37.3,2.,-31.35));
#6634=CARTESIAN_POINT('',(37.8,2.,-22.65));
#6635=CARTESIAN_POINT('',(37.8,2.,-22.65));
#6636=CARTESIAN_POINT('',(37.3,2.,-22.15));
#6637=CARTESIAN_POINT('Origin',(37.3,2.,-22.65));
#6638=CARTESIAN_POINT('',(30.2561868307738,2.,-22.15));
#6639=CARTESIAN_POINT('',(30.2561868307738,2.,-22.15));
#6640=CARTESIAN_POINT('',(29.9057743753889,2.,-22.0066666666667));
#6641=CARTESIAN_POINT('Origin',(30.2561868307738,2.,-21.65));
#6642=CARTESIAN_POINT('',(20.0066666666667,2.,-31.9057743753889));
#6643=CARTESIAN_POINT('Origin',(25.,2.,-27.));
#6644=CARTESIAN_POINT('',(20.15,2.,-32.2561868307738));
#6645=CARTESIAN_POINT('Origin',(19.65,2.,-32.2561868307738));
#6646=CARTESIAN_POINT('',(20.15,2.,-37.));
#6647=CARTESIAN_POINT('',(20.15,2.,-37.));
#6648=CARTESIAN_POINT('',(4.84999999999999,2.,-37.));
#6649=CARTESIAN_POINT('',(20.15,2.,-37.));
#6650=CARTESIAN_POINT('',(4.84999999999999,2.,-32.35));
#6651=CARTESIAN_POINT('',(4.84999999999999,2.,-32.35));
#6652=CARTESIAN_POINT('',(5.34999999999999,2.,-31.85));
#6653=CARTESIAN_POINT('Origin',(5.34999999999999,2.,-32.35));
#6654=CARTESIAN_POINT('',(12.3,2.,-31.85));
#6655=CARTESIAN_POINT('',(12.3,2.,-31.85));
#6656=CARTESIAN_POINT('',(12.8,2.,-31.35));
#6657=CARTESIAN_POINT('Origin',(12.3,2.,-31.35));
#6658=CARTESIAN_POINT('',(12.8,2.,-22.65));
#6659=CARTESIAN_POINT('',(12.8,2.,-22.65));
#6660=CARTESIAN_POINT('',(12.3,2.,-22.15));
#6661=CARTESIAN_POINT('Origin',(12.3,2.,-22.65));
#6662=CARTESIAN_POINT('',(5.2561868307738,2.,-22.15));
#6663=CARTESIAN_POINT('',(5.2561868307738,2.,-22.15));
#6664=CARTESIAN_POINT('',(4.90577437538889,2.,-22.0066666666667));
#6665=CARTESIAN_POINT('Origin',(5.2561868307738,2.,-21.65));
#6666=CARTESIAN_POINT('',(-4.99333333333334,2.,-31.9057743753889));
#6667=CARTESIAN_POINT('Origin',(0.,2.,-27.));
#6668=CARTESIAN_POINT('',(-4.85,2.,-32.2561868307738));
#6669=CARTESIAN_POINT('Origin',(-5.35000000000001,2.,-32.2561868307738));
#6670=CARTESIAN_POINT('',(-4.85,2.,-37.));
#6671=CARTESIAN_POINT('',(-4.85,2.,-37.));
#6672=CARTESIAN_POINT('',(-20.15,2.,-37.));
#6673=CARTESIAN_POINT('',(-4.85000000000001,2.,-37.));
#6674=CARTESIAN_POINT('',(-20.15,2.,-32.35));
#6675=CARTESIAN_POINT('',(-20.15,2.,-32.35));
#6676=CARTESIAN_POINT('',(-19.65,2.,-31.85));
#6677=CARTESIAN_POINT('Origin',(-19.65,2.,-32.35));
#6678=CARTESIAN_POINT('',(-12.7,2.,-31.85));
#6679=CARTESIAN_POINT('',(-12.7,2.,-31.85));
#6680=CARTESIAN_POINT('',(-12.2,2.,-31.35));
#6681=CARTESIAN_POINT('Origin',(-12.7,2.,-31.35));
#6682=CARTESIAN_POINT('',(-12.2,2.,-22.65));
#6683=CARTESIAN_POINT('',(-12.2,2.,-22.65));
#6684=CARTESIAN_POINT('',(-12.7,2.,-22.15));
#6685=CARTESIAN_POINT('Origin',(-12.7,2.,-22.65));
#6686=CARTESIAN_POINT('',(-19.7438131692262,2.,-22.15));
#6687=CARTESIAN_POINT('',(-19.7438131692262,2.,-22.15));
#6688=CARTESIAN_POINT('',(-20.0942256246111,2.,-22.0066666666667));
#6689=CARTESIAN_POINT('Origin',(-19.7438131692262,2.,-21.65));
#6690=CARTESIAN_POINT('Origin',(-25.,2.,-27.));
#6691=CARTESIAN_POINT('',(-50.,2.,8.45));
#6692=CARTESIAN_POINT('Origin',(-50.,2.,10.5));
#6693=CARTESIAN_POINT('',(-2.51052593825207E-16,2.,8.45));
#6694=CARTESIAN_POINT('Origin',(0.,2.,10.5));
#6695=CARTESIAN_POINT('',(-4.16992235109674E-15,2.,-18.55));
#6696=CARTESIAN_POINT('Origin',(-3.91886975727153E-15,2.,-16.5));
#6697=CARTESIAN_POINT('',(50.,2.,-18.55));
#6698=CARTESIAN_POINT('Origin',(50.,2.,-16.5));
#6699=CARTESIAN_POINT('',(50.,2.,8.45));
#6700=CARTESIAN_POINT('Origin',(50.,2.,10.5));
#6701=CARTESIAN_POINT('',(-50.,2.,-18.55));
#6702=CARTESIAN_POINT('Origin',(-50.,2.,-16.5));
#6703=CARTESIAN_POINT('Origin',(-59.,0.,36.));
#6704=CARTESIAN_POINT('',(-29.85,0.,-32.2561868307738));
#6705=CARTESIAN_POINT('',(-29.85,0.,-37.));
#6706=CARTESIAN_POINT('',(-29.85,0.,-32.2561868307738));
#6707=CARTESIAN_POINT('',(-29.9933333333333,0.,-31.9057743753889));
#6708=CARTESIAN_POINT('Origin',(-30.35,0.,-32.2561868307738));
#6709=CARTESIAN_POINT('',(-20.0942256246111,0.,-22.0066666666667));
#6710=CARTESIAN_POINT('Origin',(-25.,0.,-27.));
#6711=CARTESIAN_POINT('',(-19.7438131692262,0.,-22.15));
#6712=CARTESIAN_POINT('Origin',(-19.7438131692262,0.,-21.65));
#6713=CARTESIAN_POINT('',(-12.7,0.,-22.15));
#6714=CARTESIAN_POINT('',(-12.7,0.,-22.15));
#6715=CARTESIAN_POINT('',(-12.2,0.,-22.65));
#6716=CARTESIAN_POINT('Origin',(-12.7,0.,-22.65));
#6717=CARTESIAN_POINT('',(-12.2,0.,-31.35));
#6718=CARTESIAN_POINT('',(-12.2,0.,-31.35));
#6719=CARTESIAN_POINT('',(-12.7,0.,-31.85));
#6720=CARTESIAN_POINT('Origin',(-12.7,0.,-31.35));
#6721=CARTESIAN_POINT('',(-19.65,0.,-31.85));
#6722=CARTESIAN_POINT('',(-19.65,0.,-31.85));
#6723=CARTESIAN_POINT('',(-20.15,0.,-32.35));
#6724=CARTESIAN_POINT('Origin',(-19.65,0.,-32.35));
#6725=CARTESIAN_POINT('',(-20.15,0.,-37.));
#6726=CARTESIAN_POINT('',(-20.15,0.,-37.));
#6727=CARTESIAN_POINT('',(-4.85,0.,-37.));
#6728=CARTESIAN_POINT('',(-4.85,0.,-37.));
#6729=CARTESIAN_POINT('',(-4.85,0.,-32.2561868307738));
#6730=CARTESIAN_POINT('',(-4.85,0.,-32.2561868307738));
#6731=CARTESIAN_POINT('',(-4.99333333333334,0.,-31.9057743753889));
#6732=CARTESIAN_POINT('Origin',(-5.35000000000001,0.,-32.2561868307738));
#6733=CARTESIAN_POINT('',(4.90577437538889,0.,-22.0066666666667));
#6734=CARTESIAN_POINT('Origin',(0.,0.,-27.));
#6735=CARTESIAN_POINT('',(5.2561868307738,0.,-22.15));
#6736=CARTESIAN_POINT('Origin',(5.2561868307738,0.,-21.65));
#6737=CARTESIAN_POINT('',(12.3,0.,-22.15));
#6738=CARTESIAN_POINT('',(12.3,0.,-22.15));
#6739=CARTESIAN_POINT('',(12.8,0.,-22.65));
#6740=CARTESIAN_POINT('Origin',(12.3,0.,-22.65));
#6741=CARTESIAN_POINT('',(12.8,0.,-31.35));
#6742=CARTESIAN_POINT('',(12.8,0.,-31.35));
#6743=CARTESIAN_POINT('',(12.3,0.,-31.85));
#6744=CARTESIAN_POINT('Origin',(12.3,0.,-31.35));
#6745=CARTESIAN_POINT('',(5.34999999999999,0.,-31.85));
#6746=CARTESIAN_POINT('',(5.34999999999999,0.,-31.85));
#6747=CARTESIAN_POINT('',(4.84999999999999,0.,-32.35));
#6748=CARTESIAN_POINT('Origin',(5.34999999999999,0.,-32.35));
#6749=CARTESIAN_POINT('',(4.84999999999999,0.,-37.));
#6750=CARTESIAN_POINT('',(4.84999999999999,0.,-37.));
#6751=CARTESIAN_POINT('',(20.15,0.,-37.));
#6752=CARTESIAN_POINT('',(20.15,0.,-37.));
#6753=CARTESIAN_POINT('',(20.15,0.,-32.2561868307738));
#6754=CARTESIAN_POINT('',(20.15,0.,-32.2561868307738));
#6755=CARTESIAN_POINT('',(20.0066666666667,0.,-31.9057743753889));
#6756=CARTESIAN_POINT('Origin',(19.65,0.,-32.2561868307738));
#6757=CARTESIAN_POINT('',(29.9057743753889,0.,-22.0066666666667));
#6758=CARTESIAN_POINT('Origin',(25.,0.,-27.));
#6759=CARTESIAN_POINT('',(30.2561868307738,0.,-22.15));
#6760=CARTESIAN_POINT('Origin',(30.2561868307738,0.,-21.65));
#6761=CARTESIAN_POINT('',(37.3,0.,-22.15));
#6762=CARTESIAN_POINT('',(37.3,0.,-22.15));
#6763=CARTESIAN_POINT('',(37.8,0.,-22.65));
#6764=CARTESIAN_POINT('Origin',(37.3,0.,-22.65));
#6765=CARTESIAN_POINT('',(37.8,0.,-31.35));
#6766=CARTESIAN_POINT('',(37.8,0.,-31.35));
#6767=CARTESIAN_POINT('',(37.3,0.,-31.85));
#6768=CARTESIAN_POINT('Origin',(37.3,0.,-31.35));
#6769=CARTESIAN_POINT('',(30.35,0.,-31.85));
#6770=CARTESIAN_POINT('',(30.35,0.,-31.85));
#6771=CARTESIAN_POINT('',(29.85,0.,-32.35));
#6772=CARTESIAN_POINT('Origin',(30.35,0.,-32.35));
#6773=CARTESIAN_POINT('',(29.85,0.,-37.));
#6774=CARTESIAN_POINT('',(29.85,0.,-37.));
#6775=CARTESIAN_POINT('',(45.15,0.,-37.));
#6776=CARTESIAN_POINT('',(45.15,0.,-37.));
#6777=CARTESIAN_POINT('',(45.15,0.,-32.2561868307738));
#6778=CARTESIAN_POINT('',(45.15,0.,-32.2561868307738));
#6779=CARTESIAN_POINT('',(45.0066666666667,0.,-31.9057743753889));
#6780=CARTESIAN_POINT('Origin',(44.65,0.,-32.2561868307738));
#6781=CARTESIAN_POINT('',(54.9057743753889,0.,-22.0066666666666));
#6782=CARTESIAN_POINT('Origin',(50.,0.,-27.));
#6783=CARTESIAN_POINT('',(55.2561868307738,0.,-22.15));
#6784=CARTESIAN_POINT('Origin',(55.2561868307738,0.,-21.65));
#6785=CARTESIAN_POINT('',(60.,0.,-22.15));
#6786=CARTESIAN_POINT('',(60.,0.,-22.15));
#6787=CARTESIAN_POINT('',(60.,0.,-4.84999999999999));
#6788=CARTESIAN_POINT('',(60.,0.,-4.84999999999999));
#6789=CARTESIAN_POINT('',(55.35,0.,-4.84999999999999));
#6790=CARTESIAN_POINT('',(55.35,0.,-4.84999999999999));
#6791=CARTESIAN_POINT('',(54.85,0.,-5.34999999999999));
#6792=CARTESIAN_POINT('Origin',(55.35,0.,-5.34999999999999));
#6793=CARTESIAN_POINT('',(54.85,0.,-12.3));
#6794=CARTESIAN_POINT('',(54.85,0.,-12.3));
#6795=CARTESIAN_POINT('',(54.35,0.,-12.8));
#6796=CARTESIAN_POINT('Origin',(54.35,0.,-12.3));
#6797=CARTESIAN_POINT('',(45.65,0.,-12.8));
#6798=CARTESIAN_POINT('',(45.65,0.,-12.8));
#6799=CARTESIAN_POINT('',(45.15,0.,-12.3));
#6800=CARTESIAN_POINT('Origin',(45.65,0.,-12.3));
#6801=CARTESIAN_POINT('',(45.15,0.,-5.25618683077378));
#6802=CARTESIAN_POINT('',(45.15,0.,-5.25618683077378));
#6803=CARTESIAN_POINT('',(45.0066666666667,0.,-4.90577437538886));
#6804=CARTESIAN_POINT('Origin',(44.65,0.,-5.25618683077378));
#6805=CARTESIAN_POINT('',(54.9057743753889,0.,4.99333333333335));
#6806=CARTESIAN_POINT('Origin',(50.,0.,1.38777878078145E-14));
#6807=CARTESIAN_POINT('',(55.2561868307738,0.,4.85000000000001));
#6808=CARTESIAN_POINT('Origin',(55.2561868307738,0.,5.35000000000001));
#6809=CARTESIAN_POINT('',(60.,0.,4.85000000000001));
#6810=CARTESIAN_POINT('',(60.,0.,4.85000000000001));
#6811=CARTESIAN_POINT('',(60.,0.,22.15));
#6812=CARTESIAN_POINT('',(60.,0.,22.15));
#6813=CARTESIAN_POINT('',(55.35,0.,22.15));
#6814=CARTESIAN_POINT('',(55.35,0.,22.15));
#6815=CARTESIAN_POINT('',(54.85,0.,21.65));
#6816=CARTESIAN_POINT('Origin',(55.35,0.,21.65));
#6817=CARTESIAN_POINT('',(54.85,0.,14.7));
#6818=CARTESIAN_POINT('',(54.85,0.,14.7));
#6819=CARTESIAN_POINT('',(54.35,0.,14.2));
#6820=CARTESIAN_POINT('Origin',(54.35,0.,14.7));
#6821=CARTESIAN_POINT('',(45.65,0.,14.2));
#6822=CARTESIAN_POINT('',(45.65,0.,14.2));
#6823=CARTESIAN_POINT('',(45.15,0.,14.7));
#6824=CARTESIAN_POINT('Origin',(45.65,0.,14.7));
#6825=CARTESIAN_POINT('',(45.15,0.,21.7438131692262));
#6826=CARTESIAN_POINT('',(45.15,0.,21.7438131692262));
#6827=CARTESIAN_POINT('',(45.0066666666667,0.,22.0942256246111));
#6828=CARTESIAN_POINT('Origin',(44.65,0.,21.7438131692262));
#6829=CARTESIAN_POINT('',(54.9057743753889,0.,31.9933333333333));
#6830=CARTESIAN_POINT('Origin',(50.,0.,27.));
#6831=CARTESIAN_POINT('',(55.2561868307738,0.,31.85));
#6832=CARTESIAN_POINT('Origin',(55.2561868307738,0.,32.35));
#6833=CARTESIAN_POINT('',(60.,0.,31.85));
#6834=CARTESIAN_POINT('',(60.,0.,31.85));
#6835=CARTESIAN_POINT('',(60.,0.,36.));
#6836=CARTESIAN_POINT('',(-29.85,0.,-37.));
#6837=CARTESIAN_POINT('',(-50.,0.,8.45));
#6838=CARTESIAN_POINT('Origin',(-50.,0.,10.5));
#6839=CARTESIAN_POINT('',(0.,0.,8.45));
#6840=CARTESIAN_POINT('Origin',(0.,0.,10.5));
#6841=CARTESIAN_POINT('',(-3.91886975727153E-15,0.,-18.55));
#6842=CARTESIAN_POINT('Origin',(-3.91886975727153E-15,0.,-16.5));
#6843=CARTESIAN_POINT('',(50.,0.,-18.55));
#6844=CARTESIAN_POINT('Origin',(50.,0.,-16.5));
#6845=CARTESIAN_POINT('',(50.,0.,8.45));
#6846=CARTESIAN_POINT('Origin',(50.,0.,10.5));
#6847=CARTESIAN_POINT('',(-50.,0.,-18.55));
#6848=CARTESIAN_POINT('Origin',(-50.,0.,-16.5));
#6849=CARTESIAN_POINT('Origin',(-59.,2.,-37.));
#6850=CARTESIAN_POINT('',(29.85,0.,-37.));
#6851=CARTESIAN_POINT('',(45.15,2.,-37.));
#6852=CARTESIAN_POINT('Origin',(-59.,2.,-37.));
#6853=CARTESIAN_POINT('',(4.84999999999999,0.,-37.));
#6854=CARTESIAN_POINT('',(20.15,2.,-37.));
#6855=CARTESIAN_POINT('Origin',(-59.,2.,-37.));
#6856=CARTESIAN_POINT('',(-20.15,0.,-37.));
#6857=CARTESIAN_POINT('',(-4.85000000000001,2.,-37.));
#6858=CARTESIAN_POINT('Origin',(-59.,2.,-37.));
#6859=CARTESIAN_POINT('',(-29.85,2.,-37.));
#6860=CARTESIAN_POINT('Origin',(60.,2.,36.));
#6861=CARTESIAN_POINT('',(60.,0.,31.85));
#6862=CARTESIAN_POINT('Origin',(60.,2.,36.));
#6863=CARTESIAN_POINT('',(60.,0.,4.85000000000001));
#6864=CARTESIAN_POINT('',(60.,2.,22.15));
#6865=CARTESIAN_POINT('Origin',(60.,2.,36.));
#6866=CARTESIAN_POINT('',(60.,0.,-22.15));
#6867=CARTESIAN_POINT('',(60.,2.,-4.84999999999999));
#6868=CARTESIAN_POINT('Origin',(55.35,-9.,22.15));
#6869=CARTESIAN_POINT('',(55.35,0.,22.15));
#6870=CARTESIAN_POINT('Origin',(62.3,-9.,31.85));
#6871=CARTESIAN_POINT('',(55.2561868307738,0.,31.85));
#6872=CARTESIAN_POINT('Origin',(55.2561868307738,-9.,32.35));
#6873=CARTESIAN_POINT('',(54.9057743753889,0.,31.9933333333333));
#6874=CARTESIAN_POINT('Origin',(50.,-9.,27.));
#6875=CARTESIAN_POINT('',(45.0066666666667,0.,22.0942256246111));
#6876=CARTESIAN_POINT('Origin',(44.65,-9.,21.7438131692262));
#6877=CARTESIAN_POINT('',(45.15,0.,21.7438131692262));
#6878=CARTESIAN_POINT('Origin',(45.15,-9.,21.7438131692262));
#6879=CARTESIAN_POINT('',(45.15,0.,14.7));
#6880=CARTESIAN_POINT('Origin',(45.65,-9.,14.7));
#6881=CARTESIAN_POINT('',(45.65,0.,14.2));
#6882=CARTESIAN_POINT('Origin',(45.65,-9.,14.2));
#6883=CARTESIAN_POINT('',(54.35,0.,14.2));
#6884=CARTESIAN_POINT('Origin',(54.35,-9.,14.7));
#6885=CARTESIAN_POINT('',(54.85,0.,14.7));
#6886=CARTESIAN_POINT('Origin',(54.85,-9.,21.65));
#6887=CARTESIAN_POINT('',(54.85,0.,21.65));
#6888=CARTESIAN_POINT('Origin',(55.35,-9.,21.65));
#6889=CARTESIAN_POINT('Origin',(55.35,-9.,-4.84999999999999));
#6890=CARTESIAN_POINT('',(55.35,0.,-4.84999999999999));
#6891=CARTESIAN_POINT('Origin',(62.3,-9.,4.85000000000001));
#6892=CARTESIAN_POINT('',(55.2561868307738,0.,4.85000000000001));
#6893=CARTESIAN_POINT('Origin',(55.2561868307738,-9.,5.35000000000001));
#6894=CARTESIAN_POINT('',(54.9057743753889,0.,4.99333333333335));
#6895=CARTESIAN_POINT('Origin',(50.,-9.,1.38777878078145E-14));
#6896=CARTESIAN_POINT('',(45.0066666666667,0.,-4.90577437538886));
#6897=CARTESIAN_POINT('Origin',(44.65,-9.,-5.25618683077378));
#6898=CARTESIAN_POINT('',(45.15,0.,-5.25618683077378));
#6899=CARTESIAN_POINT('Origin',(45.15,-9.,-5.25618683077378));
#6900=CARTESIAN_POINT('',(45.15,0.,-12.3));
#6901=CARTESIAN_POINT('Origin',(45.65,-9.,-12.3));
#6902=CARTESIAN_POINT('',(45.65,0.,-12.8));
#6903=CARTESIAN_POINT('Origin',(45.65,-9.,-12.8));
#6904=CARTESIAN_POINT('',(54.35,0.,-12.8));
#6905=CARTESIAN_POINT('Origin',(54.35,-9.,-12.3));
#6906=CARTESIAN_POINT('',(54.85,0.,-12.3));
#6907=CARTESIAN_POINT('Origin',(54.85,-9.,-5.34999999999999));
#6908=CARTESIAN_POINT('',(54.85,0.,-5.34999999999999));
#6909=CARTESIAN_POINT('Origin',(55.35,-9.,-5.34999999999999));
#6910=CARTESIAN_POINT('Origin',(45.15,-9.,-32.2561868307738));
#6911=CARTESIAN_POINT('',(45.15,0.,-32.2561868307738));
#6912=CARTESIAN_POINT('Origin',(44.65,-9.,-32.2561868307738));
#6913=CARTESIAN_POINT('',(45.0066666666667,0.,-31.9057743753889));
#6914=CARTESIAN_POINT('Origin',(50.,-9.,-27.));
#6915=CARTESIAN_POINT('',(54.9057743753889,0.,-22.0066666666666));
#6916=CARTESIAN_POINT('Origin',(62.3,-9.,-22.15));
#6917=CARTESIAN_POINT('',(55.2561868307738,0.,-22.15));
#6918=CARTESIAN_POINT('Origin',(55.2561868307738,-9.,-21.65));
#6919=CARTESIAN_POINT('Origin',(20.15,-9.,-32.2561868307738));
#6920=CARTESIAN_POINT('',(20.15,0.,-32.2561868307738));
#6921=CARTESIAN_POINT('Origin',(29.85,-9.,-32.35));
#6922=CARTESIAN_POINT('',(29.85,0.,-32.35));
#6923=CARTESIAN_POINT('Origin',(30.2561868307738,-9.,-21.65));
#6924=CARTESIAN_POINT('',(29.9057743753889,0.,-22.0066666666667));
#6925=CARTESIAN_POINT('',(30.2561868307738,0.,-22.15));
#6926=CARTESIAN_POINT('Origin',(25.,-9.,-27.));
#6927=CARTESIAN_POINT('',(20.0066666666667,0.,-31.9057743753889));
#6928=CARTESIAN_POINT('Origin',(19.65,-9.,-32.2561868307738));
#6929=CARTESIAN_POINT('Origin',(30.35,-9.,-32.35));
#6930=CARTESIAN_POINT('',(30.35,0.,-31.85));
#6931=CARTESIAN_POINT('Origin',(30.35,-9.,-31.85));
#6932=CARTESIAN_POINT('',(37.3,0.,-31.85));
#6933=CARTESIAN_POINT('Origin',(37.3,-9.,-31.35));
#6934=CARTESIAN_POINT('',(37.8,0.,-31.35));
#6935=CARTESIAN_POINT('Origin',(37.8,-9.,-31.35));
#6936=CARTESIAN_POINT('',(37.8,0.,-22.65));
#6937=CARTESIAN_POINT('Origin',(37.3,-9.,-22.65));
#6938=CARTESIAN_POINT('',(37.3,0.,-22.15));
#6939=CARTESIAN_POINT('Origin',(37.3,-9.,-22.15));
#6940=CARTESIAN_POINT('Origin',(-4.85,-9.,-32.2561868307738));
#6941=CARTESIAN_POINT('',(-4.85,0.,-32.2561868307738));
#6942=CARTESIAN_POINT('Origin',(4.84999999999999,-9.,-32.35));
#6943=CARTESIAN_POINT('',(4.84999999999999,0.,-32.35));
#6944=CARTESIAN_POINT('Origin',(5.2561868307738,-9.,-21.65));
#6945=CARTESIAN_POINT('',(4.90577437538889,0.,-22.0066666666667));
#6946=CARTESIAN_POINT('',(5.2561868307738,0.,-22.15));
#6947=CARTESIAN_POINT('Origin',(0.,-9.,-27.));
#6948=CARTESIAN_POINT('',(-4.99333333333334,0.,-31.9057743753889));
#6949=CARTESIAN_POINT('Origin',(-5.35000000000001,-9.,-32.2561868307738));
#6950=CARTESIAN_POINT('Origin',(5.34999999999999,-9.,-32.35));
#6951=CARTESIAN_POINT('',(5.34999999999999,0.,-31.85));
#6952=CARTESIAN_POINT('Origin',(5.34999999999999,-9.,-31.85));
#6953=CARTESIAN_POINT('',(12.3,0.,-31.85));
#6954=CARTESIAN_POINT('Origin',(12.3,-9.,-31.35));
#6955=CARTESIAN_POINT('',(12.8,0.,-31.35));
#6956=CARTESIAN_POINT('Origin',(12.8,-9.,-31.35));
#6957=CARTESIAN_POINT('',(12.8,0.,-22.65));
#6958=CARTESIAN_POINT('Origin',(12.3,-9.,-22.65));
#6959=CARTESIAN_POINT('',(12.3,0.,-22.15));
#6960=CARTESIAN_POINT('Origin',(12.3,-9.,-22.15));
#6961=CARTESIAN_POINT('Origin',(-29.85,-9.,-32.2561868307738));
#6962=CARTESIAN_POINT('',(-29.85,0.,-32.2561868307738));
#6963=CARTESIAN_POINT('Origin',(-20.15,-9.,-32.35));
#6964=CARTESIAN_POINT('',(-20.15,0.,-32.35));
#6965=CARTESIAN_POINT('Origin',(-19.7438131692262,-9.,-21.65));
#6966=CARTESIAN_POINT('',(-20.0942256246111,0.,-22.0066666666667));
#6967=CARTESIAN_POINT('',(-19.7438131692262,0.,-22.15));
#6968=CARTESIAN_POINT('Origin',(-25.,-9.,-27.));
#6969=CARTESIAN_POINT('',(-29.9933333333333,0.,-31.9057743753889));
#6970=CARTESIAN_POINT('Origin',(-30.35,-9.,-32.2561868307738));
#6971=CARTESIAN_POINT('Origin',(-19.65,-9.,-32.35));
#6972=CARTESIAN_POINT('',(-19.65,0.,-31.85));
#6973=CARTESIAN_POINT('Origin',(-19.65,-9.,-31.85));
#6974=CARTESIAN_POINT('',(-12.7,0.,-31.85));
#6975=CARTESIAN_POINT('Origin',(-12.7,-9.,-31.35));
#6976=CARTESIAN_POINT('',(-12.2,0.,-31.35));
#6977=CARTESIAN_POINT('Origin',(-12.2,-9.,-31.35));
#6978=CARTESIAN_POINT('',(-12.2,0.,-22.65));
#6979=CARTESIAN_POINT('Origin',(-12.7,-9.,-22.65));
#6980=CARTESIAN_POINT('',(-12.7,0.,-22.15));
#6981=CARTESIAN_POINT('Origin',(-12.7,-9.,-22.15));
#6982=CARTESIAN_POINT('Origin',(-50.,-16.,-16.5));
#6983=CARTESIAN_POINT('',(-50.,-16.,-18.55));
#6984=CARTESIAN_POINT('Origin',(50.,-16.,10.5));
#6985=CARTESIAN_POINT('',(50.,-16.,8.45));
#6986=CARTESIAN_POINT('Origin',(50.,-16.,-16.5));
#6987=CARTESIAN_POINT('',(50.,-16.,-18.55));
#6988=CARTESIAN_POINT('Origin',(-3.91886975727153E-15,-16.,-16.5));
#6989=CARTESIAN_POINT('',(-4.16992235109674E-15,-16.,-18.55));
#6990=CARTESIAN_POINT('Origin',(0.,-16.,10.5));
#6991=CARTESIAN_POINT('',(-2.51052593825207E-16,-16.,8.45));
#6992=CARTESIAN_POINT('Origin',(-50.,-16.,10.5));
#6993=CARTESIAN_POINT('',(-50.,-16.,8.45));
#6994=UNCERTAINTY_MEASURE_WITH_UNIT(LENGTH_MEASURE(0.01),#6998,
'DISTANCE_ACCURACY_VALUE',
'Maximum model space distance between geometric entities at asserted c
onnectivities');
#6995=UNCERTAINTY_MEASURE_WITH_UNIT(LENGTH_MEASURE(0.01),#6998,
'DISTANCE_ACCURACY_VALUE',
'Maximum model space distance between geometric entities at asserted c
onnectivities');
#6996=(
GEOMETRIC_REPRESENTATION_CONTEXT(3)
GLOBAL_UNCERTAINTY_ASSIGNED_CONTEXT((#6994))
GLOBAL_UNIT_ASSIGNED_CONTEXT((#6998,#7000,#7001))
REPRESENTATION_CONTEXT('','3D')
);
#6997=(
GEOMETRIC_REPRESENTATION_CONTEXT(3)
GLOBAL_UNCERTAINTY_ASSIGNED_CONTEXT((#6995))
GLOBAL_UNIT_ASSIGNED_CONTEXT((#6998,#7000,#7001))
REPRESENTATION_CONTEXT('','3D')
);
#6998=(
LENGTH_UNIT()
NAMED_UNIT(*)
SI_UNIT(.MILLI.,.METRE.)
);
#6999=(
LENGTH_UNIT()
NAMED_UNIT(*)
SI_UNIT($,.METRE.)
);
#7000=(
NAMED_UNIT(*)
PLANE_ANGLE_UNIT()
SI_UNIT($,.RADIAN.)
);
#7001=(
NAMED_UNIT(*)
SI_UNIT($,.STERADIAN.)
SOLID_ANGLE_UNIT()
);
#7002=SHAPE_DEFINITION_REPRESENTATION(#7003,#7004);
#7003=PRODUCT_DEFINITION_SHAPE('',$,#7006);
#7004=SHAPE_REPRESENTATION('',(#4110),#6996);
#7005=PRODUCT_DEFINITION_CONTEXT('part definition',#7010,'design');
#7006=PRODUCT_DEFINITION('Bottom Perspex Sheet','Bottom Perspex Sheet',
#7007,#7005);
#7007=PRODUCT_DEFINITION_FORMATION('',$,#7012);
#7008=PRODUCT_RELATED_PRODUCT_CATEGORY('Bottom Perspex Sheet',
'Bottom Perspex Sheet',(#7012));
#7009=APPLICATION_PROTOCOL_DEFINITION('international standard',
'automotive_design',2009,#7010);
#7010=APPLICATION_CONTEXT(
'Core Data for Automotive Mechanical Design Process');
#7011=PRODUCT_CONTEXT('part definition',#7010,'mechanical');
#7012=PRODUCT('Bottom Perspex Sheet','Bottom Perspex Sheet',$,(#7011));
#7013=PRESENTATION_STYLE_ASSIGNMENT((#7014));
#7014=SURFACE_STYLE_USAGE(.BOTH.,#7015);
#7015=SURFACE_SIDE_STYLE('',(#7016));
#7016=SURFACE_STYLE_FILL_AREA(#7017);
#7017=FILL_AREA_STYLE('Steel - Satin',(#7018));
#7018=FILL_AREA_STYLE_COLOUR('Steel - Satin',#7019);
#7019=COLOUR_RGB('Steel - Satin',0.627450980392157,0.627450980392157,0.627450980392157);
ENDSEC;
END-ISO-10303-21;
