ISO-10303-21;
HEADER;
/* Generated by software containing ST-Developer
 * from STEP Tools, Inc. (www.steptools.com) 
 */

FILE_DESCRIPTION(
/* description */ (''),
/* implementation_level */ '2;1');

FILE_NAME(
/* name */ 'Wellplate_Holder.step',
/* time_stamp */ '2026-08-06T10:28:56+01:00',
/* author */ (''),
/* organization */ (''),
/* preprocessor_version */ 'ST-DEVELOPER v20.1',
/* originating_system */ 'Autodesk Translation Framework v15.8.0.0',
/* authorisation */ '');

FILE_SCHEMA (('AUTOMOTIVE_DESIGN { 1 0 10303 214 3 1 1 }'));
ENDSEC;

DATA;
#10=MECHANICAL_DESIGN_GEOMETRIC_PRESENTATION_REPRESENTATION('',(#13,#14),
#4058);
#11=SHAPE_REPRESENTATION_RELATIONSHIP('SRR','None',#4065,#12);
#12=ADVANCED_BREP_SHAPE_REPRESENTATION('',(#15,#16),#4057);
#13=STYLED_ITEM('',(#4074),#15);
#14=STYLED_ITEM('',(#4074),#16);
#15=MANIFOLD_SOLID_BREP('Body1',#2397);
#16=MANIFOLD_SOLID_BREP('Body2',#2398);
#17=CYLINDRICAL_SURFACE('',#2483,1.00000000000001);
#18=CYLINDRICAL_SURFACE('',#2485,0.999999999999988);
#19=CYLINDRICAL_SURFACE('',#2487,1.00000000000001);
#20=CYLINDRICAL_SURFACE('',#2489,0.999999999999998);
#21=CYLINDRICAL_SURFACE('',#2492,0.800000000000007);
#22=CYLINDRICAL_SURFACE('',#2494,1.19999999999999);
#23=CYLINDRICAL_SURFACE('',#2496,1.2);
#24=CYLINDRICAL_SURFACE('',#2498,0.80000000000001);
#25=CYLINDRICAL_SURFACE('',#2500,0.799999999999997);
#26=CYLINDRICAL_SURFACE('',#2502,1.20000000000001);
#27=CYLINDRICAL_SURFACE('',#2504,1.2);
#28=CYLINDRICAL_SURFACE('',#2506,0.80000000000001);
#29=CYLINDRICAL_SURFACE('',#2509,0.800000000000004);
#30=CYLINDRICAL_SURFACE('',#2511,1.20000000000001);
#31=CYLINDRICAL_SURFACE('',#2513,1.19999999999998);
#32=CYLINDRICAL_SURFACE('',#2515,0.80000000000001);
#33=CYLINDRICAL_SURFACE('',#2518,1.19999999999999);
#34=CYLINDRICAL_SURFACE('',#2520,1.2);
#35=CYLINDRICAL_SURFACE('',#2522,0.80000000000001);
#36=CYLINDRICAL_SURFACE('',#2525,1.00000000000001);
#37=CYLINDRICAL_SURFACE('',#2527,1.00000000000001);
#38=CYLINDRICAL_SURFACE('',#2529,1.);
#39=CYLINDRICAL_SURFACE('',#2531,0.999999999999998);
#40=CYLINDRICAL_SURFACE('',#2533,1.00000000000001);
#41=CYLINDRICAL_SURFACE('',#2535,1.00000000000001);
#42=CYLINDRICAL_SURFACE('',#2537,0.999999999999992);
#43=CYLINDRICAL_SURFACE('',#2539,1.00000000000001);
#44=CYLINDRICAL_SURFACE('',#2542,1.00000000000001);
#45=CYLINDRICAL_SURFACE('',#2544,1.00000000000001);
#46=CYLINDRICAL_SURFACE('',#2546,0.99999999999999);
#47=CYLINDRICAL_SURFACE('',#2548,1.);
#48=CYLINDRICAL_SURFACE('',#2550,0.800000000000005);
#49=CYLINDRICAL_SURFACE('',#2551,1.75);
#50=CYLINDRICAL_SURFACE('',#2556,1.75);
#51=CYLINDRICAL_SURFACE('',#2561,1.75);
#52=CYLINDRICAL_SURFACE('',#2566,3.5);
#53=CYLINDRICAL_SURFACE('',#2568,3.5);
#54=CYLINDRICAL_SURFACE('',#2570,3.5);
#55=CYLINDRICAL_SURFACE('',#2578,0.799999999999997);
#56=CYLINDRICAL_SURFACE('',#2582,1.20000000000001);
#57=CYLINDRICAL_SURFACE('',#2586,1.19999999999998);
#58=CYLINDRICAL_SURFACE('',#2590,0.80000000000001);
#59=CYLINDRICAL_SURFACE('',#2594,0.800000000000007);
#60=CYLINDRICAL_SURFACE('',#2598,1.19999999999999);
#61=CYLINDRICAL_SURFACE('',#2602,1.2);
#62=CYLINDRICAL_SURFACE('',#2606,0.80000000000001);
#63=CYLINDRICAL_SURFACE('',#2611,0.800000000000007);
#64=CYLINDRICAL_SURFACE('',#2615,1.19999999999999);
#65=CYLINDRICAL_SURFACE('',#2619,1.2);
#66=CYLINDRICAL_SURFACE('',#2623,0.80000000000001);
#67=CYLINDRICAL_SURFACE('',#2627,0.799999999999995);
#68=CYLINDRICAL_SURFACE('',#2631,1.20000000000001);
#69=CYLINDRICAL_SURFACE('',#2635,1.2);
#70=CYLINDRICAL_SURFACE('',#2639,0.80000000000001);
#71=FACE_BOUND('',#211,.T.);
#72=FACE_BOUND('',#283,.T.);
#73=FACE_BOUND('',#286,.T.);
#74=FACE_BOUND('',#289,.T.);
#75=FACE_BOUND('',#332,.T.);
#76=FACE_BOUND('',#333,.T.);
#77=FACE_BOUND('',#334,.T.);
#78=FACE_BOUND('',#336,.T.);
#79=FACE_BOUND('',#337,.T.);
#80=FACE_BOUND('',#338,.T.);
#81=FACE_OUTER_BOUND('',#205,.T.);
#82=FACE_OUTER_BOUND('',#206,.T.);
#83=FACE_OUTER_BOUND('',#207,.T.);
#84=FACE_OUTER_BOUND('',#208,.T.);
#85=FACE_OUTER_BOUND('',#209,.T.);
#86=FACE_OUTER_BOUND('',#210,.T.);
#87=FACE_OUTER_BOUND('',#212,.T.);
#88=FACE_OUTER_BOUND('',#213,.T.);
#89=FACE_OUTER_BOUND('',#214,.T.);
#90=FACE_OUTER_BOUND('',#215,.T.);
#91=FACE_OUTER_BOUND('',#216,.T.);
#92=FACE_OUTER_BOUND('',#217,.T.);
#93=FACE_OUTER_BOUND('',#218,.T.);
#94=FACE_OUTER_BOUND('',#219,.T.);
#95=FACE_OUTER_BOUND('',#220,.T.);
#96=FACE_OUTER_BOUND('',#221,.T.);
#97=FACE_OUTER_BOUND('',#222,.T.);
#98=FACE_OUTER_BOUND('',#223,.T.);
#99=FACE_OUTER_BOUND('',#224,.T.);
#100=FACE_OUTER_BOUND('',#225,.T.);
#101=FACE_OUTER_BOUND('',#226,.T.);
#102=FACE_OUTER_BOUND('',#227,.T.);
#103=FACE_OUTER_BOUND('',#228,.T.);
#104=FACE_OUTER_BOUND('',#229,.T.);
#105=FACE_OUTER_BOUND('',#230,.T.);
#106=FACE_OUTER_BOUND('',#231,.T.);
#107=FACE_OUTER_BOUND('',#232,.T.);
#108=FACE_OUTER_BOUND('',#233,.T.);
#109=FACE_OUTER_BOUND('',#234,.T.);
#110=FACE_OUTER_BOUND('',#235,.T.);
#111=FACE_OUTER_BOUND('',#236,.T.);
#112=FACE_OUTER_BOUND('',#237,.T.);
#113=FACE_OUTER_BOUND('',#238,.T.);
#114=FACE_OUTER_BOUND('',#239,.T.);
#115=FACE_OUTER_BOUND('',#240,.T.);
#116=FACE_OUTER_BOUND('',#241,.T.);
#117=FACE_OUTER_BOUND('',#242,.T.);
#118=FACE_OUTER_BOUND('',#243,.T.);
#119=FACE_OUTER_BOUND('',#244,.T.);
#120=FACE_OUTER_BOUND('',#245,.T.);
#121=FACE_OUTER_BOUND('',#246,.T.);
#122=FACE_OUTER_BOUND('',#247,.T.);
#123=FACE_OUTER_BOUND('',#248,.T.);
#124=FACE_OUTER_BOUND('',#249,.T.);
#125=FACE_OUTER_BOUND('',#250,.T.);
#126=FACE_OUTER_BOUND('',#251,.T.);
#127=FACE_OUTER_BOUND('',#252,.T.);
#128=FACE_OUTER_BOUND('',#253,.T.);
#129=FACE_OUTER_BOUND('',#254,.T.);
#130=FACE_OUTER_BOUND('',#255,.T.);
#131=FACE_OUTER_BOUND('',#256,.T.);
#132=FACE_OUTER_BOUND('',#257,.T.);
#133=FACE_OUTER_BOUND('',#258,.T.);
#134=FACE_OUTER_BOUND('',#259,.T.);
#135=FACE_OUTER_BOUND('',#260,.T.);
#136=FACE_OUTER_BOUND('',#261,.T.);
#137=FACE_OUTER_BOUND('',#262,.T.);
#138=FACE_OUTER_BOUND('',#263,.T.);
#139=FACE_OUTER_BOUND('',#264,.T.);
#140=FACE_OUTER_BOUND('',#265,.T.);
#141=FACE_OUTER_BOUND('',#266,.T.);
#142=FACE_OUTER_BOUND('',#267,.T.);
#143=FACE_OUTER_BOUND('',#268,.T.);
#144=FACE_OUTER_BOUND('',#269,.T.);
#145=FACE_OUTER_BOUND('',#270,.T.);
#146=FACE_OUTER_BOUND('',#271,.T.);
#147=FACE_OUTER_BOUND('',#272,.T.);
#148=FACE_OUTER_BOUND('',#273,.T.);
#149=FACE_OUTER_BOUND('',#274,.T.);
#150=FACE_OUTER_BOUND('',#275,.T.);
#151=FACE_OUTER_BOUND('',#276,.T.);
#152=FACE_OUTER_BOUND('',#277,.T.);
#153=FACE_OUTER_BOUND('',#278,.T.);
#154=FACE_OUTER_BOUND('',#279,.T.);
#155=FACE_OUTER_BOUND('',#280,.T.);
#156=FACE_OUTER_BOUND('',#281,.T.);
#157=FACE_OUTER_BOUND('',#282,.T.);
#158=FACE_OUTER_BOUND('',#284,.T.);
#159=FACE_OUTER_BOUND('',#285,.T.);
#160=FACE_OUTER_BOUND('',#287,.T.);
#161=FACE_OUTER_BOUND('',#288,.T.);
#162=FACE_OUTER_BOUND('',#290,.T.);
#163=FACE_OUTER_BOUND('',#291,.T.);
#164=FACE_OUTER_BOUND('',#292,.T.);
#165=FACE_OUTER_BOUND('',#293,.T.);
#166=FACE_OUTER_BOUND('',#294,.T.);
#167=FACE_OUTER_BOUND('',#295,.T.);
#168=FACE_OUTER_BOUND('',#296,.T.);
#169=FACE_OUTER_BOUND('',#297,.T.);
#170=FACE_OUTER_BOUND('',#298,.T.);
#171=FACE_OUTER_BOUND('',#299,.T.);
#172=FACE_OUTER_BOUND('',#300,.T.);
#173=FACE_OUTER_BOUND('',#301,.T.);
#174=FACE_OUTER_BOUND('',#302,.T.);
#175=FACE_OUTER_BOUND('',#303,.T.);
#176=FACE_OUTER_BOUND('',#304,.T.);
#177=FACE_OUTER_BOUND('',#305,.T.);
#178=FACE_OUTER_BOUND('',#306,.T.);
#179=FACE_OUTER_BOUND('',#307,.T.);
#180=FACE_OUTER_BOUND('',#308,.T.);
#181=FACE_OUTER_BOUND('',#309,.T.);
#182=FACE_OUTER_BOUND('',#310,.T.);
#183=FACE_OUTER_BOUND('',#311,.T.);
#184=FACE_OUTER_BOUND('',#312,.T.);
#185=FACE_OUTER_BOUND('',#313,.T.);
#186=FACE_OUTER_BOUND('',#314,.T.);
#187=FACE_OUTER_BOUND('',#315,.T.);
#188=FACE_OUTER_BOUND('',#316,.T.);
#189=FACE_OUTER_BOUND('',#317,.T.);
#190=FACE_OUTER_BOUND('',#318,.T.);
#191=FACE_OUTER_BOUND('',#319,.T.);
#192=FACE_OUTER_BOUND('',#320,.T.);
#193=FACE_OUTER_BOUND('',#321,.T.);
#194=FACE_OUTER_BOUND('',#322,.T.);
#195=FACE_OUTER_BOUND('',#323,.T.);
#196=FACE_OUTER_BOUND('',#324,.T.);
#197=FACE_OUTER_BOUND('',#325,.T.);
#198=FACE_OUTER_BOUND('',#326,.T.);
#199=FACE_OUTER_BOUND('',#327,.T.);
#200=FACE_OUTER_BOUND('',#328,.T.);
#201=FACE_OUTER_BOUND('',#329,.T.);
#202=FACE_OUTER_BOUND('',#330,.T.);
#203=FACE_OUTER_BOUND('',#331,.T.);
#204=FACE_OUTER_BOUND('',#335,.T.);
#205=EDGE_LOOP('',(#1507,#1508,#1509,#1510,#1511,#1512,#1513,#1514,#1515,
#1516,#1517,#1518,#1519,#1520,#1521,#1522,#1523,#1524,#1525,#1526,#1527,
#1528,#1529,#1530,#1531,#1532,#1533,#1534,#1535,#1536,#1537,#1538,#1539,
#1540,#1541,#1542,#1543,#1544,#1545,#1546,#1547,#1548,#1549,#1550,#1551,
#1552,#1553,#1554,#1555,#1556,#1557,#1558,#1559,#1560,#1561,#1562,#1563,
#1564,#1565,#1566,#1567,#1568,#1569,#1570,#1571,#1572,#1573,#1574));
#206=EDGE_LOOP('',(#1575,#1576,#1577,#1578));
#207=EDGE_LOOP('',(#1579,#1580,#1581,#1582));
#208=EDGE_LOOP('',(#1583,#1584,#1585,#1586));
#209=EDGE_LOOP('',(#1587,#1588,#1589,#1590));
#210=EDGE_LOOP('',(#1591,#1592,#1593,#1594,#1595,#1596,#1597,#1598,#1599,
#1600,#1601,#1602,#1603,#1604,#1605,#1606,#1607,#1608,#1609,#1610,#1611,
#1612,#1613,#1614,#1615,#1616,#1617,#1618,#1619,#1620,#1621,#1622,#1623,
#1624,#1625,#1626,#1627,#1628,#1629,#1630,#1631,#1632,#1633,#1634,#1635,
#1636,#1637,#1638,#1639,#1640,#1641,#1642,#1643,#1644,#1645,#1646,#1647,
#1648,#1649,#1650,#1651,#1652,#1653,#1654,#1655,#1656,#1657,#1658));
#211=EDGE_LOOP('',(#1659,#1660,#1661,#1662));
#212=EDGE_LOOP('',(#1663,#1664,#1665,#1666));
#213=EDGE_LOOP('',(#1667,#1668,#1669,#1670));
#214=EDGE_LOOP('',(#1671,#1672,#1673,#1674));
#215=EDGE_LOOP('',(#1675,#1676,#1677,#1678));
#216=EDGE_LOOP('',(#1679,#1680,#1681,#1682));
#217=EDGE_LOOP('',(#1683,#1684,#1685,#1686));
#218=EDGE_LOOP('',(#1687,#1688,#1689,#1690));
#219=EDGE_LOOP('',(#1691,#1692,#1693,#1694));
#220=EDGE_LOOP('',(#1695,#1696,#1697,#1698));
#221=EDGE_LOOP('',(#1699,#1700,#1701,#1702));
#222=EDGE_LOOP('',(#1703,#1704,#1705,#1706));
#223=EDGE_LOOP('',(#1707,#1708,#1709,#1710));
#224=EDGE_LOOP('',(#1711,#1712,#1713,#1714));
#225=EDGE_LOOP('',(#1715,#1716,#1717,#1718));
#226=EDGE_LOOP('',(#1719,#1720,#1721,#1722));
#227=EDGE_LOOP('',(#1723,#1724,#1725,#1726));
#228=EDGE_LOOP('',(#1727,#1728,#1729,#1730));
#229=EDGE_LOOP('',(#1731,#1732,#1733,#1734));
#230=EDGE_LOOP('',(#1735,#1736,#1737,#1738));
#231=EDGE_LOOP('',(#1739,#1740,#1741,#1742));
#232=EDGE_LOOP('',(#1743,#1744,#1745,#1746));
#233=EDGE_LOOP('',(#1747,#1748,#1749,#1750));
#234=EDGE_LOOP('',(#1751,#1752,#1753,#1754));
#235=EDGE_LOOP('',(#1755,#1756,#1757,#1758));
#236=EDGE_LOOP('',(#1759,#1760,#1761,#1762));
#237=EDGE_LOOP('',(#1763,#1764,#1765,#1766));
#238=EDGE_LOOP('',(#1767,#1768,#1769,#1770));
#239=EDGE_LOOP('',(#1771,#1772,#1773,#1774));
#240=EDGE_LOOP('',(#1775,#1776,#1777,#1778));
#241=EDGE_LOOP('',(#1779,#1780,#1781,#1782));
#242=EDGE_LOOP('',(#1783,#1784,#1785,#1786));
#243=EDGE_LOOP('',(#1787,#1788,#1789,#1790));
#244=EDGE_LOOP('',(#1791,#1792,#1793,#1794));
#245=EDGE_LOOP('',(#1795,#1796,#1797,#1798));
#246=EDGE_LOOP('',(#1799,#1800,#1801,#1802));
#247=EDGE_LOOP('',(#1803,#1804,#1805,#1806));
#248=EDGE_LOOP('',(#1807,#1808,#1809,#1810));
#249=EDGE_LOOP('',(#1811,#1812,#1813,#1814));
#250=EDGE_LOOP('',(#1815,#1816,#1817,#1818));
#251=EDGE_LOOP('',(#1819,#1820,#1821,#1822));
#252=EDGE_LOOP('',(#1823,#1824,#1825,#1826));
#253=EDGE_LOOP('',(#1827,#1828,#1829,#1830));
#254=EDGE_LOOP('',(#1831,#1832,#1833,#1834));
#255=EDGE_LOOP('',(#1835,#1836,#1837,#1838));
#256=EDGE_LOOP('',(#1839,#1840,#1841,#1842));
#257=EDGE_LOOP('',(#1843,#1844,#1845,#1846));
#258=EDGE_LOOP('',(#1847,#1848,#1849,#1850));
#259=EDGE_LOOP('',(#1851,#1852,#1853,#1854));
#260=EDGE_LOOP('',(#1855,#1856,#1857,#1858));
#261=EDGE_LOOP('',(#1859,#1860,#1861,#1862));
#262=EDGE_LOOP('',(#1863,#1864,#1865,#1866));
#263=EDGE_LOOP('',(#1867,#1868,#1869,#1870));
#264=EDGE_LOOP('',(#1871,#1872,#1873,#1874));
#265=EDGE_LOOP('',(#1875,#1876,#1877,#1878));
#266=EDGE_LOOP('',(#1879,#1880,#1881,#1882));
#267=EDGE_LOOP('',(#1883,#1884,#1885,#1886));
#268=EDGE_LOOP('',(#1887,#1888,#1889,#1890));
#269=EDGE_LOOP('',(#1891,#1892,#1893,#1894));
#270=EDGE_LOOP('',(#1895,#1896,#1897,#1898));
#271=EDGE_LOOP('',(#1899,#1900,#1901,#1902));
#272=EDGE_LOOP('',(#1903,#1904,#1905,#1906));
#273=EDGE_LOOP('',(#1907,#1908,#1909,#1910));
#274=EDGE_LOOP('',(#1911,#1912,#1913,#1914));
#275=EDGE_LOOP('',(#1915,#1916,#1917,#1918));
#276=EDGE_LOOP('',(#1919,#1920,#1921,#1922));
#277=EDGE_LOOP('',(#1923,#1924,#1925,#1926));
#278=EDGE_LOOP('',(#1927,#1928,#1929,#1930));
#279=EDGE_LOOP('',(#1931,#1932,#1933,#1934));
#280=EDGE_LOOP('',(#1935,#1936,#1937,#1938));
#281=EDGE_LOOP('',(#1939,#1940,#1941,#1942));
#282=EDGE_LOOP('',(#1943));
#283=EDGE_LOOP('',(#1944));
#284=EDGE_LOOP('',(#1945,#1946,#1947,#1948));
#285=EDGE_LOOP('',(#1949));
#286=EDGE_LOOP('',(#1950));
#287=EDGE_LOOP('',(#1951,#1952,#1953,#1954));
#288=EDGE_LOOP('',(#1955));
#289=EDGE_LOOP('',(#1956));
#290=EDGE_LOOP('',(#1957,#1958,#1959,#1960));
#291=EDGE_LOOP('',(#1961,#1962,#1963,#1964));
#292=EDGE_LOOP('',(#1965,#1966,#1967,#1968));
#293=EDGE_LOOP('',(#1969,#1970,#1971,#1972));
#294=EDGE_LOOP('',(#1973,#1974,#1975,#1976));
#295=EDGE_LOOP('',(#1977,#1978,#1979,#1980));
#296=EDGE_LOOP('',(#1981,#1982,#1983,#1984));
#297=EDGE_LOOP('',(#1985,#1986,#1987,#1988));
#298=EDGE_LOOP('',(#1989,#1990,#1991,#1992));
#299=EDGE_LOOP('',(#1993,#1994,#1995,#1996));
#300=EDGE_LOOP('',(#1997,#1998,#1999,#2000));
#301=EDGE_LOOP('',(#2001,#2002,#2003,#2004));
#302=EDGE_LOOP('',(#2005,#2006,#2007,#2008));
#303=EDGE_LOOP('',(#2009,#2010,#2011,#2012));
#304=EDGE_LOOP('',(#2013,#2014,#2015,#2016));
#305=EDGE_LOOP('',(#2017,#2018,#2019,#2020));
#306=EDGE_LOOP('',(#2021,#2022,#2023,#2024));
#307=EDGE_LOOP('',(#2025,#2026,#2027,#2028));
#308=EDGE_LOOP('',(#2029,#2030,#2031,#2032));
#309=EDGE_LOOP('',(#2033,#2034,#2035,#2036));
#310=EDGE_LOOP('',(#2037,#2038,#2039,#2040));
#311=EDGE_LOOP('',(#2041,#2042,#2043,#2044));
#312=EDGE_LOOP('',(#2045,#2046,#2047,#2048));
#313=EDGE_LOOP('',(#2049,#2050,#2051,#2052));
#314=EDGE_LOOP('',(#2053,#2054,#2055,#2056));
#315=EDGE_LOOP('',(#2057,#2058,#2059,#2060));
#316=EDGE_LOOP('',(#2061,#2062,#2063,#2064));
#317=EDGE_LOOP('',(#2065,#2066,#2067,#2068));
#318=EDGE_LOOP('',(#2069,#2070,#2071,#2072));
#319=EDGE_LOOP('',(#2073,#2074,#2075,#2076));
#320=EDGE_LOOP('',(#2077,#2078,#2079,#2080));
#321=EDGE_LOOP('',(#2081,#2082,#2083,#2084));
#322=EDGE_LOOP('',(#2085,#2086,#2087,#2088));
#323=EDGE_LOOP('',(#2089,#2090,#2091,#2092));
#324=EDGE_LOOP('',(#2093,#2094,#2095,#2096));
#325=EDGE_LOOP('',(#2097,#2098,#2099,#2100));
#326=EDGE_LOOP('',(#2101,#2102,#2103,#2104));
#327=EDGE_LOOP('',(#2105,#2106,#2107,#2108));
#328=EDGE_LOOP('',(#2109,#2110,#2111,#2112));
#329=EDGE_LOOP('',(#2113,#2114,#2115,#2116));
#330=EDGE_LOOP('',(#2117,#2118,#2119,#2120));
#331=EDGE_LOOP('',(#2121,#2122,#2123,#2124,#2125,#2126,#2127,#2128,#2129,
#2130,#2131,#2132,#2133,#2134,#2135,#2136,#2137,#2138,#2139,#2140,#2141,
#2142,#2143,#2144,#2145,#2146,#2147,#2148,#2149,#2150,#2151,#2152,#2153,
#2154,#2155,#2156,#2157,#2158));
#332=EDGE_LOOP('',(#2159));
#333=EDGE_LOOP('',(#2160));
#334=EDGE_LOOP('',(#2161));
#335=EDGE_LOOP('',(#2162,#2163,#2164,#2165,#2166,#2167,#2168,#2169,#2170,
#2171,#2172,#2173,#2174,#2175,#2176,#2177,#2178,#2179,#2180,#2181,#2182,
#2183,#2184,#2185,#2186,#2187,#2188,#2189,#2190,#2191,#2192,#2193,#2194,
#2195,#2196,#2197,#2198,#2199));
#336=EDGE_LOOP('',(#2200));
#337=EDGE_LOOP('',(#2201));
#338=EDGE_LOOP('',(#2202));
#339=LINE('',#3356,#579);
#340=LINE('',#3360,#580);
#341=LINE('',#3364,#581);
#342=LINE('',#3368,#582);
#343=LINE('',#3370,#583);
#344=LINE('',#3374,#584);
#345=LINE('',#3378,#585);
#346=LINE('',#3382,#586);
#347=LINE('',#3386,#587);
#348=LINE('',#3390,#588);
#349=LINE('',#3394,#589);
#350=LINE('',#3398,#590);
#351=LINE('',#3402,#591);
#352=LINE('',#3404,#592);
#353=LINE('',#3408,#593);
#354=LINE('',#3412,#594);
#355=LINE('',#3416,#595);
#356=LINE('',#3420,#596);
#357=LINE('',#3424,#597);
#358=LINE('',#3428,#598);
#359=LINE('',#3432,#599);
#360=LINE('',#3436,#600);
#361=LINE('',#3438,#601);
#362=LINE('',#3442,#602);
#363=LINE('',#3446,#603);
#364=LINE('',#3450,#604);
#365=LINE('',#3454,#605);
#366=LINE('',#3458,#606);
#367=LINE('',#3462,#607);
#368=LINE('',#3466,#608);
#369=LINE('',#3470,#609);
#370=LINE('',#3472,#610);
#371=LINE('',#3476,#611);
#372=LINE('',#3480,#612);
#373=LINE('',#3484,#613);
#374=LINE('',#3487,#614);
#375=LINE('',#3491,#615);
#376=LINE('',#3493,#616);
#377=LINE('',#3495,#617);
#378=LINE('',#3496,#618);
#379=LINE('',#3499,#619);
#380=LINE('',#3501,#620);
#381=LINE('',#3502,#621);
#382=LINE('',#3505,#622);
#383=LINE('',#3507,#623);
#384=LINE('',#3508,#624);
#385=LINE('',#3510,#625);
#386=LINE('',#3511,#626);
#387=LINE('',#3517,#627);
#388=LINE('',#3521,#628);
#389=LINE('',#3525,#629);
#390=LINE('',#3529,#630);
#391=LINE('',#3533,#631);
#392=LINE('',#3535,#632);
#393=LINE('',#3539,#633);
#394=LINE('',#3543,#634);
#395=LINE('',#3547,#635);
#396=LINE('',#3551,#636);
#397=LINE('',#3555,#637);
#398=LINE('',#3559,#638);
#399=LINE('',#3563,#639);
#400=LINE('',#3567,#640);
#401=LINE('',#3569,#641);
#402=LINE('',#3573,#642);
#403=LINE('',#3577,#643);
#404=LINE('',#3581,#644);
#405=LINE('',#3585,#645);
#406=LINE('',#3589,#646);
#407=LINE('',#3593,#647);
#408=LINE('',#3597,#648);
#409=LINE('',#3601,#649);
#410=LINE('',#3603,#650);
#411=LINE('',#3607,#651);
#412=LINE('',#3611,#652);
#413=LINE('',#3615,#653);
#414=LINE('',#3619,#654);
#415=LINE('',#3623,#655);
#416=LINE('',#3627,#656);
#417=LINE('',#3631,#657);
#418=LINE('',#3635,#658);
#419=LINE('',#3637,#659);
#420=LINE('',#3641,#660);
#421=LINE('',#3645,#661);
#422=LINE('',#3648,#662);
#423=LINE('',#3650,#663);
#424=LINE('',#3651,#664);
#425=LINE('',#3653,#665);
#426=LINE('',#3655,#666);
#427=LINE('',#3657,#667);
#428=LINE('',#3659,#668);
#429=LINE('',#3661,#669);
#430=LINE('',#3663,#670);
#431=LINE('',#3665,#671);
#432=LINE('',#3667,#672);
#433=LINE('',#3669,#673);
#434=LINE('',#3671,#674);
#435=LINE('',#3673,#675);
#436=LINE('',#3675,#676);
#437=LINE('',#3677,#677);
#438=LINE('',#3679,#678);
#439=LINE('',#3681,#679);
#440=LINE('',#3683,#680);
#441=LINE('',#3685,#681);
#442=LINE('',#3687,#682);
#443=LINE('',#3689,#683);
#444=LINE('',#3691,#684);
#445=LINE('',#3693,#685);
#446=LINE('',#3695,#686);
#447=LINE('',#3697,#687);
#448=LINE('',#3699,#688);
#449=LINE('',#3701,#689);
#450=LINE('',#3703,#690);
#451=LINE('',#3705,#691);
#452=LINE('',#3707,#692);
#453=LINE('',#3709,#693);
#454=LINE('',#3711,#694);
#455=LINE('',#3713,#695);
#456=LINE('',#3715,#696);
#457=LINE('',#3717,#697);
#458=LINE('',#3720,#698);
#459=LINE('',#3721,#699);
#460=LINE('',#3723,#700);
#461=LINE('',#3725,#701);
#462=LINE('',#3727,#702);
#463=LINE('',#3729,#703);
#464=LINE('',#3731,#704);
#465=LINE('',#3733,#705);
#466=LINE('',#3735,#706);
#467=LINE('',#3737,#707);
#468=LINE('',#3739,#708);
#469=LINE('',#3741,#709);
#470=LINE('',#3743,#710);
#471=LINE('',#3745,#711);
#472=LINE('',#3747,#712);
#473=LINE('',#3749,#713);
#474=LINE('',#3751,#714);
#475=LINE('',#3753,#715);
#476=LINE('',#3755,#716);
#477=LINE('',#3757,#717);
#478=LINE('',#3759,#718);
#479=LINE('',#3761,#719);
#480=LINE('',#3763,#720);
#481=LINE('',#3765,#721);
#482=LINE('',#3767,#722);
#483=LINE('',#3769,#723);
#484=LINE('',#3771,#724);
#485=LINE('',#3773,#725);
#486=LINE('',#3775,#726);
#487=LINE('',#3777,#727);
#488=LINE('',#3779,#728);
#489=LINE('',#3781,#729);
#490=LINE('',#3784,#730);
#491=LINE('',#3790,#731);
#492=LINE('',#3799,#732);
#493=LINE('',#3808,#733);
#494=LINE('',#3816,#734);
#495=LINE('',#3820,#735);
#496=LINE('',#3824,#736);
#497=LINE('',#3828,#737);
#498=LINE('',#3830,#738);
#499=LINE('',#3832,#739);
#500=LINE('',#3833,#740);
#501=LINE('',#3836,#741);
#502=LINE('',#3838,#742);
#503=LINE('',#3839,#743);
#504=LINE('',#3842,#744);
#505=LINE('',#3844,#745);
#506=LINE('',#3845,#746);
#507=LINE('',#3848,#747);
#508=LINE('',#3850,#748);
#509=LINE('',#3851,#749);
#510=LINE('',#3854,#750);
#511=LINE('',#3856,#751);
#512=LINE('',#3857,#752);
#513=LINE('',#3860,#753);
#514=LINE('',#3862,#754);
#515=LINE('',#3863,#755);
#516=LINE('',#3869,#756);
#517=LINE('',#3872,#757);
#518=LINE('',#3874,#758);
#519=LINE('',#3875,#759);
#520=LINE('',#3881,#760);
#521=LINE('',#3884,#761);
#522=LINE('',#3886,#762);
#523=LINE('',#3887,#763);
#524=LINE('',#3893,#764);
#525=LINE('',#3896,#765);
#526=LINE('',#3898,#766);
#527=LINE('',#3899,#767);
#528=LINE('',#3905,#768);
#529=LINE('',#3908,#769);
#530=LINE('',#3910,#770);
#531=LINE('',#3911,#771);
#532=LINE('',#3917,#772);
#533=LINE('',#3920,#773);
#534=LINE('',#3922,#774);
#535=LINE('',#3923,#775);
#536=LINE('',#3929,#776);
#537=LINE('',#3932,#777);
#538=LINE('',#3934,#778);
#539=LINE('',#3935,#779);
#540=LINE('',#3941,#780);
#541=LINE('',#3944,#781);
#542=LINE('',#3946,#782);
#543=LINE('',#3947,#783);
#544=LINE('',#3953,#784);
#545=LINE('',#3956,#785);
#546=LINE('',#3958,#786);
#547=LINE('',#3959,#787);
#548=LINE('',#3962,#788);
#549=LINE('',#3964,#789);
#550=LINE('',#3965,#790);
#551=LINE('',#3971,#791);
#552=LINE('',#3974,#792);
#553=LINE('',#3976,#793);
#554=LINE('',#3977,#794);
#555=LINE('',#3983,#795);
#556=LINE('',#3986,#796);
#557=LINE('',#3988,#797);
#558=LINE('',#3989,#798);
#559=LINE('',#3995,#799);
#560=LINE('',#3998,#800);
#561=LINE('',#4000,#801);
#562=LINE('',#4001,#802);
#563=LINE('',#4007,#803);
#564=LINE('',#4010,#804);
#565=LINE('',#4012,#805);
#566=LINE('',#4013,#806);
#567=LINE('',#4019,#807);
#568=LINE('',#4022,#808);
#569=LINE('',#4024,#809);
#570=LINE('',#4025,#810);
#571=LINE('',#4031,#811);
#572=LINE('',#4034,#812);
#573=LINE('',#4036,#813);
#574=LINE('',#4037,#814);
#575=LINE('',#4043,#815);
#576=LINE('',#4046,#816);
#577=LINE('',#4048,#817);
#578=LINE('',#4049,#818);
#579=VECTOR('',#2650,10.);
#580=VECTOR('',#2653,10.);
#581=VECTOR('',#2656,10.);
#582=VECTOR('',#2659,10.);
#583=VECTOR('',#2660,10.);
#584=VECTOR('',#2663,10.);
#585=VECTOR('',#2666,10.);
#586=VECTOR('',#2669,10.);
#587=VECTOR('',#2672,10.);
#588=VECTOR('',#2675,10.);
#589=VECTOR('',#2678,10.);
#590=VECTOR('',#2681,10.);
#591=VECTOR('',#2684,10.);
#592=VECTOR('',#2685,10.);
#593=VECTOR('',#2688,10.);
#594=VECTOR('',#2691,10.);
#595=VECTOR('',#2694,10.);
#596=VECTOR('',#2697,10.);
#597=VECTOR('',#2700,10.);
#598=VECTOR('',#2703,10.);
#599=VECTOR('',#2706,10.);
#600=VECTOR('',#2709,10.);
#601=VECTOR('',#2710,10.);
#602=VECTOR('',#2713,10.);
#603=VECTOR('',#2716,10.);
#604=VECTOR('',#2719,10.);
#605=VECTOR('',#2722,10.);
#606=VECTOR('',#2725,10.);
#607=VECTOR('',#2728,10.);
#608=VECTOR('',#2731,10.);
#609=VECTOR('',#2734,10.);
#610=VECTOR('',#2735,10.);
#611=VECTOR('',#2738,10.);
#612=VECTOR('',#2741,10.);
#613=VECTOR('',#2744,10.);
#614=VECTOR('',#2747,10.);
#615=VECTOR('',#2750,10.);
#616=VECTOR('',#2751,10.);
#617=VECTOR('',#2752,10.);
#618=VECTOR('',#2753,10.);
#619=VECTOR('',#2756,10.);
#620=VECTOR('',#2757,10.);
#621=VECTOR('',#2758,10.);
#622=VECTOR('',#2761,10.);
#623=VECTOR('',#2762,10.);
#624=VECTOR('',#2763,10.);
#625=VECTOR('',#2766,10.);
#626=VECTOR('',#2767,10.);
#627=VECTOR('',#2772,10.);
#628=VECTOR('',#2775,10.);
#629=VECTOR('',#2778,10.);
#630=VECTOR('',#2781,10.);
#631=VECTOR('',#2784,10.);
#632=VECTOR('',#2785,10.);
#633=VECTOR('',#2788,10.);
#634=VECTOR('',#2791,10.);
#635=VECTOR('',#2794,10.);
#636=VECTOR('',#2797,10.);
#637=VECTOR('',#2800,10.);
#638=VECTOR('',#2803,10.);
#639=VECTOR('',#2806,10.);
#640=VECTOR('',#2809,10.);
#641=VECTOR('',#2810,10.);
#642=VECTOR('',#2813,10.);
#643=VECTOR('',#2816,10.);
#644=VECTOR('',#2819,10.);
#645=VECTOR('',#2822,10.);
#646=VECTOR('',#2825,10.);
#647=VECTOR('',#2828,10.);
#648=VECTOR('',#2831,10.);
#649=VECTOR('',#2834,10.);
#650=VECTOR('',#2835,10.);
#651=VECTOR('',#2838,10.);
#652=VECTOR('',#2841,10.);
#653=VECTOR('',#2844,10.);
#654=VECTOR('',#2847,10.);
#655=VECTOR('',#2850,10.);
#656=VECTOR('',#2853,10.);
#657=VECTOR('',#2856,10.);
#658=VECTOR('',#2859,10.);
#659=VECTOR('',#2860,10.);
#660=VECTOR('',#2863,10.);
#661=VECTOR('',#2866,10.);
#662=VECTOR('',#2869,10.);
#663=VECTOR('',#2872,10.);
#664=VECTOR('',#2873,10.);
#665=VECTOR('',#2876,10.);
#666=VECTOR('',#2879,10.);
#667=VECTOR('',#2882,10.);
#668=VECTOR('',#2885,10.);
#669=VECTOR('',#2888,10.);
#670=VECTOR('',#2891,10.);
#671=VECTOR('',#2894,10.);
#672=VECTOR('',#2897,10.);
#673=VECTOR('',#2900,10.);
#674=VECTOR('',#2903,10.);
#675=VECTOR('',#2906,10.);
#676=VECTOR('',#2909,10.);
#677=VECTOR('',#2912,10.);
#678=VECTOR('',#2915,10.);
#679=VECTOR('',#2918,10.);
#680=VECTOR('',#2921,10.);
#681=VECTOR('',#2924,10.);
#682=VECTOR('',#2927,10.);
#683=VECTOR('',#2930,10.);
#684=VECTOR('',#2933,10.);
#685=VECTOR('',#2936,10.);
#686=VECTOR('',#2939,10.);
#687=VECTOR('',#2942,10.);
#688=VECTOR('',#2945,10.);
#689=VECTOR('',#2948,10.);
#690=VECTOR('',#2951,10.);
#691=VECTOR('',#2954,10.);
#692=VECTOR('',#2957,10.);
#693=VECTOR('',#2960,10.);
#694=VECTOR('',#2963,10.);
#695=VECTOR('',#2966,10.);
#696=VECTOR('',#2969,10.);
#697=VECTOR('',#2972,10.);
#698=VECTOR('',#2977,10.);
#699=VECTOR('',#2978,10.);
#700=VECTOR('',#2981,10.);
#701=VECTOR('',#2984,10.);
#702=VECTOR('',#2987,10.);
#703=VECTOR('',#2990,10.);
#704=VECTOR('',#2993,10.);
#705=VECTOR('',#2996,10.);
#706=VECTOR('',#2999,10.);
#707=VECTOR('',#3002,10.);
#708=VECTOR('',#3005,10.);
#709=VECTOR('',#3008,10.);
#710=VECTOR('',#3011,10.);
#711=VECTOR('',#3014,10.);
#712=VECTOR('',#3017,10.);
#713=VECTOR('',#3020,10.);
#714=VECTOR('',#3023,10.);
#715=VECTOR('',#3026,10.);
#716=VECTOR('',#3029,10.);
#717=VECTOR('',#3032,10.);
#718=VECTOR('',#3035,10.);
#719=VECTOR('',#3038,10.);
#720=VECTOR('',#3041,10.);
#721=VECTOR('',#3044,10.);
#722=VECTOR('',#3047,10.);
#723=VECTOR('',#3050,10.);
#724=VECTOR('',#3053,10.);
#725=VECTOR('',#3056,10.);
#726=VECTOR('',#3059,10.);
#727=VECTOR('',#3062,10.);
#728=VECTOR('',#3065,10.);
#729=VECTOR('',#3068,10.);
#730=VECTOR('',#3073,10.);
#731=VECTOR('',#3080,1.75);
#732=VECTOR('',#3091,1.75);
#733=VECTOR('',#3102,1.75);
#734=VECTOR('',#3113,3.5);
#735=VECTOR('',#3118,3.5);
#736=VECTOR('',#3123,3.5);
#737=VECTOR('',#3126,10.);
#738=VECTOR('',#3127,10.);
#739=VECTOR('',#3128,10.);
#740=VECTOR('',#3129,10.);
#741=VECTOR('',#3132,10.);
#742=VECTOR('',#3133,10.);
#743=VECTOR('',#3134,10.);
#744=VECTOR('',#3137,10.);
#745=VECTOR('',#3138,10.);
#746=VECTOR('',#3139,10.);
#747=VECTOR('',#3142,10.);
#748=VECTOR('',#3143,10.);
#749=VECTOR('',#3144,10.);
#750=VECTOR('',#3147,10.);
#751=VECTOR('',#3148,10.);
#752=VECTOR('',#3149,10.);
#753=VECTOR('',#3152,10.);
#754=VECTOR('',#3153,10.);
#755=VECTOR('',#3154,10.);
#756=VECTOR('',#3161,10.);
#757=VECTOR('',#3164,10.);
#758=VECTOR('',#3165,10.);
#759=VECTOR('',#3166,10.);
#760=VECTOR('',#3173,10.);
#761=VECTOR('',#3176,10.);
#762=VECTOR('',#3177,10.);
#763=VECTOR('',#3178,10.);
#764=VECTOR('',#3185,10.);
#765=VECTOR('',#3188,10.);
#766=VECTOR('',#3189,10.);
#767=VECTOR('',#3190,10.);
#768=VECTOR('',#3197,10.);
#769=VECTOR('',#3200,10.);
#770=VECTOR('',#3201,10.);
#771=VECTOR('',#3202,10.);
#772=VECTOR('',#3209,10.);
#773=VECTOR('',#3212,10.);
#774=VECTOR('',#3213,10.);
#775=VECTOR('',#3214,10.);
#776=VECTOR('',#3221,10.);
#777=VECTOR('',#3224,10.);
#778=VECTOR('',#3225,10.);
#779=VECTOR('',#3226,10.);
#780=VECTOR('',#3233,10.);
#781=VECTOR('',#3236,10.);
#782=VECTOR('',#3237,10.);
#783=VECTOR('',#3238,10.);
#784=VECTOR('',#3245,10.);
#785=VECTOR('',#3248,10.);
#786=VECTOR('',#3249,10.);
#787=VECTOR('',#3250,10.);
#788=VECTOR('',#3253,10.);
#789=VECTOR('',#3254,10.);
#790=VECTOR('',#3255,10.);
#791=VECTOR('',#3262,10.);
#792=VECTOR('',#3265,10.);
#793=VECTOR('',#3266,10.);
#794=VECTOR('',#3267,10.);
#795=VECTOR('',#3274,10.);
#796=VECTOR('',#3277,10.);
#797=VECTOR('',#3278,10.);
#798=VECTOR('',#3279,10.);
#799=VECTOR('',#3286,10.);
#800=VECTOR('',#3289,10.);
#801=VECTOR('',#3290,10.);
#802=VECTOR('',#3291,10.);
#803=VECTOR('',#3298,10.);
#804=VECTOR('',#3301,10.);
#805=VECTOR('',#3302,10.);
#806=VECTOR('',#3303,10.);
#807=VECTOR('',#3310,10.);
#808=VECTOR('',#3313,10.);
#809=VECTOR('',#3314,10.);
#810=VECTOR('',#3315,10.);
#811=VECTOR('',#3322,10.);
#812=VECTOR('',#3325,10.);
#813=VECTOR('',#3326,10.);
#814=VECTOR('',#3327,10.);
#815=VECTOR('',#3334,10.);
#816=VECTOR('',#3337,10.);
#817=VECTOR('',#3338,10.);
#818=VECTOR('',#3339,10.);
#819=CIRCLE('',#2413,0.800000000000005);
#820=CIRCLE('',#2414,1.19999999999999);
#821=CIRCLE('',#2415,1.2);
#822=CIRCLE('',#2416,0.80000000000001);
#823=CIRCLE('',#2417,1.00000000000001);
#824=CIRCLE('',#2418,1.00000000000001);
#825=CIRCLE('',#2419,1.);
#826=CIRCLE('',#2420,0.999999999999998);
#827=CIRCLE('',#2421,1.00000000000001);
#828=CIRCLE('',#2422,1.00000000000001);
#829=CIRCLE('',#2423,0.999999999999992);
#830=CIRCLE('',#2424,1.00000000000001);
#831=CIRCLE('',#2425,1.00000000000001);
#832=CIRCLE('',#2426,1.00000000000001);
#833=CIRCLE('',#2427,0.99999999999999);
#834=CIRCLE('',#2428,1.);
#835=CIRCLE('',#2429,1.00000000000001);
#836=CIRCLE('',#2430,0.999999999999988);
#837=CIRCLE('',#2431,1.00000000000001);
#838=CIRCLE('',#2432,0.999999999999998);
#839=CIRCLE('',#2433,0.800000000000007);
#840=CIRCLE('',#2434,1.19999999999999);
#841=CIRCLE('',#2435,1.2);
#842=CIRCLE('',#2436,0.80000000000001);
#843=CIRCLE('',#2437,0.799999999999997);
#844=CIRCLE('',#2438,1.20000000000001);
#845=CIRCLE('',#2439,1.2);
#846=CIRCLE('',#2440,0.80000000000001);
#847=CIRCLE('',#2441,0.800000000000004);
#848=CIRCLE('',#2442,1.20000000000001);
#849=CIRCLE('',#2443,1.19999999999998);
#850=CIRCLE('',#2444,0.80000000000001);
#851=CIRCLE('',#2450,0.800000000000005);
#852=CIRCLE('',#2451,0.80000000000001);
#853=CIRCLE('',#2452,1.19999999999998);
#854=CIRCLE('',#2453,1.20000000000001);
#855=CIRCLE('',#2454,0.800000000000004);
#856=CIRCLE('',#2455,0.80000000000001);
#857=CIRCLE('',#2456,1.2);
#858=CIRCLE('',#2457,1.20000000000001);
#859=CIRCLE('',#2458,0.799999999999997);
#860=CIRCLE('',#2459,0.80000000000001);
#861=CIRCLE('',#2460,1.2);
#862=CIRCLE('',#2461,1.19999999999999);
#863=CIRCLE('',#2462,0.800000000000007);
#864=CIRCLE('',#2463,0.999999999999998);
#865=CIRCLE('',#2464,1.00000000000001);
#866=CIRCLE('',#2465,0.999999999999988);
#867=CIRCLE('',#2466,1.00000000000001);
#868=CIRCLE('',#2467,1.);
#869=CIRCLE('',#2468,0.99999999999999);
#870=CIRCLE('',#2469,1.00000000000001);
#871=CIRCLE('',#2470,1.00000000000001);
#872=CIRCLE('',#2471,1.00000000000001);
#873=CIRCLE('',#2472,0.999999999999992);
#874=CIRCLE('',#2473,1.00000000000001);
#875=CIRCLE('',#2474,1.00000000000001);
#876=CIRCLE('',#2475,0.999999999999998);
#877=CIRCLE('',#2476,1.);
#878=CIRCLE('',#2477,1.00000000000001);
#879=CIRCLE('',#2478,1.00000000000001);
#880=CIRCLE('',#2479,0.80000000000001);
#881=CIRCLE('',#2480,1.2);
#882=CIRCLE('',#2481,1.19999999999999);
#883=CIRCLE('',#2552,1.75);
#884=CIRCLE('',#2553,1.75);
#885=CIRCLE('',#2555,3.5);
#886=CIRCLE('',#2557,1.75);
#887=CIRCLE('',#2558,1.75);
#888=CIRCLE('',#2560,3.5);
#889=CIRCLE('',#2562,1.75);
#890=CIRCLE('',#2563,1.75);
#891=CIRCLE('',#2565,3.5);
#892=CIRCLE('',#2567,3.5);
#893=CIRCLE('',#2569,3.5);
#894=CIRCLE('',#2571,3.5);
#895=CIRCLE('',#2579,0.799999999999997);
#896=CIRCLE('',#2580,0.799999999999997);
#897=CIRCLE('',#2583,1.20000000000001);
#898=CIRCLE('',#2584,1.20000000000001);
#899=CIRCLE('',#2587,1.19999999999998);
#900=CIRCLE('',#2588,1.19999999999998);
#901=CIRCLE('',#2591,0.80000000000001);
#902=CIRCLE('',#2592,0.80000000000001);
#903=CIRCLE('',#2595,0.800000000000007);
#904=CIRCLE('',#2596,0.800000000000007);
#905=CIRCLE('',#2599,1.19999999999999);
#906=CIRCLE('',#2600,1.19999999999999);
#907=CIRCLE('',#2603,1.2);
#908=CIRCLE('',#2604,1.2);
#909=CIRCLE('',#2607,0.80000000000001);
#910=CIRCLE('',#2608,0.80000000000001);
#911=CIRCLE('',#2612,0.800000000000007);
#912=CIRCLE('',#2613,0.800000000000007);
#913=CIRCLE('',#2616,1.19999999999999);
#914=CIRCLE('',#2617,1.19999999999999);
#915=CIRCLE('',#2620,1.2);
#916=CIRCLE('',#2621,1.2);
#917=CIRCLE('',#2624,0.80000000000001);
#918=CIRCLE('',#2625,0.80000000000001);
#919=CIRCLE('',#2628,0.799999999999995);
#920=CIRCLE('',#2629,0.799999999999995);
#921=CIRCLE('',#2632,1.20000000000001);
#922=CIRCLE('',#2633,1.20000000000001);
#923=CIRCLE('',#2636,1.2);
#924=CIRCLE('',#2637,1.2);
#925=CIRCLE('',#2640,0.80000000000001);
#926=CIRCLE('',#2641,0.80000000000001);
#927=VERTEX_POINT('',#3352);
#928=VERTEX_POINT('',#3353);
#929=VERTEX_POINT('',#3355);
#930=VERTEX_POINT('',#3357);
#931=VERTEX_POINT('',#3359);
#932=VERTEX_POINT('',#3361);
#933=VERTEX_POINT('',#3363);
#934=VERTEX_POINT('',#3365);
#935=VERTEX_POINT('',#3367);
#936=VERTEX_POINT('',#3369);
#937=VERTEX_POINT('',#3371);
#938=VERTEX_POINT('',#3373);
#939=VERTEX_POINT('',#3375);
#940=VERTEX_POINT('',#3377);
#941=VERTEX_POINT('',#3379);
#942=VERTEX_POINT('',#3381);
#943=VERTEX_POINT('',#3383);
#944=VERTEX_POINT('',#3385);
#945=VERTEX_POINT('',#3387);
#946=VERTEX_POINT('',#3389);
#947=VERTEX_POINT('',#3391);
#948=VERTEX_POINT('',#3393);
#949=VERTEX_POINT('',#3395);
#950=VERTEX_POINT('',#3397);
#951=VERTEX_POINT('',#3399);
#952=VERTEX_POINT('',#3401);
#953=VERTEX_POINT('',#3403);
#954=VERTEX_POINT('',#3405);
#955=VERTEX_POINT('',#3407);
#956=VERTEX_POINT('',#3409);
#957=VERTEX_POINT('',#3411);
#958=VERTEX_POINT('',#3413);
#959=VERTEX_POINT('',#3415);
#960=VERTEX_POINT('',#3417);
#961=VERTEX_POINT('',#3419);
#962=VERTEX_POINT('',#3421);
#963=VERTEX_POINT('',#3423);
#964=VERTEX_POINT('',#3425);
#965=VERTEX_POINT('',#3427);
#966=VERTEX_POINT('',#3429);
#967=VERTEX_POINT('',#3431);
#968=VERTEX_POINT('',#3433);
#969=VERTEX_POINT('',#3435);
#970=VERTEX_POINT('',#3437);
#971=VERTEX_POINT('',#3439);
#972=VERTEX_POINT('',#3441);
#973=VERTEX_POINT('',#3443);
#974=VERTEX_POINT('',#3445);
#975=VERTEX_POINT('',#3447);
#976=VERTEX_POINT('',#3449);
#977=VERTEX_POINT('',#3451);
#978=VERTEX_POINT('',#3453);
#979=VERTEX_POINT('',#3455);
#980=VERTEX_POINT('',#3457);
#981=VERTEX_POINT('',#3459);
#982=VERTEX_POINT('',#3461);
#983=VERTEX_POINT('',#3463);
#984=VERTEX_POINT('',#3465);
#985=VERTEX_POINT('',#3467);
#986=VERTEX_POINT('',#3469);
#987=VERTEX_POINT('',#3471);
#988=VERTEX_POINT('',#3473);
#989=VERTEX_POINT('',#3475);
#990=VERTEX_POINT('',#3477);
#991=VERTEX_POINT('',#3479);
#992=VERTEX_POINT('',#3481);
#993=VERTEX_POINT('',#3483);
#994=VERTEX_POINT('',#3485);
#995=VERTEX_POINT('',#3489);
#996=VERTEX_POINT('',#3490);
#997=VERTEX_POINT('',#3492);
#998=VERTEX_POINT('',#3494);
#999=VERTEX_POINT('',#3498);
#1000=VERTEX_POINT('',#3500);
#1001=VERTEX_POINT('',#3504);
#1002=VERTEX_POINT('',#3506);
#1003=VERTEX_POINT('',#3513);
#1004=VERTEX_POINT('',#3514);
#1005=VERTEX_POINT('',#3516);
#1006=VERTEX_POINT('',#3518);
#1007=VERTEX_POINT('',#3520);
#1008=VERTEX_POINT('',#3522);
#1009=VERTEX_POINT('',#3524);
#1010=VERTEX_POINT('',#3526);
#1011=VERTEX_POINT('',#3528);
#1012=VERTEX_POINT('',#3530);
#1013=VERTEX_POINT('',#3532);
#1014=VERTEX_POINT('',#3534);
#1015=VERTEX_POINT('',#3536);
#1016=VERTEX_POINT('',#3538);
#1017=VERTEX_POINT('',#3540);
#1018=VERTEX_POINT('',#3542);
#1019=VERTEX_POINT('',#3544);
#1020=VERTEX_POINT('',#3546);
#1021=VERTEX_POINT('',#3548);
#1022=VERTEX_POINT('',#3550);
#1023=VERTEX_POINT('',#3552);
#1024=VERTEX_POINT('',#3554);
#1025=VERTEX_POINT('',#3556);
#1026=VERTEX_POINT('',#3558);
#1027=VERTEX_POINT('',#3560);
#1028=VERTEX_POINT('',#3562);
#1029=VERTEX_POINT('',#3564);
#1030=VERTEX_POINT('',#3566);
#1031=VERTEX_POINT('',#3568);
#1032=VERTEX_POINT('',#3570);
#1033=VERTEX_POINT('',#3572);
#1034=VERTEX_POINT('',#3574);
#1035=VERTEX_POINT('',#3576);
#1036=VERTEX_POINT('',#3578);
#1037=VERTEX_POINT('',#3580);
#1038=VERTEX_POINT('',#3582);
#1039=VERTEX_POINT('',#3584);
#1040=VERTEX_POINT('',#3586);
#1041=VERTEX_POINT('',#3588);
#1042=VERTEX_POINT('',#3590);
#1043=VERTEX_POINT('',#3592);
#1044=VERTEX_POINT('',#3594);
#1045=VERTEX_POINT('',#3596);
#1046=VERTEX_POINT('',#3598);
#1047=VERTEX_POINT('',#3600);
#1048=VERTEX_POINT('',#3602);
#1049=VERTEX_POINT('',#3604);
#1050=VERTEX_POINT('',#3606);
#1051=VERTEX_POINT('',#3608);
#1052=VERTEX_POINT('',#3610);
#1053=VERTEX_POINT('',#3612);
#1054=VERTEX_POINT('',#3614);
#1055=VERTEX_POINT('',#3616);
#1056=VERTEX_POINT('',#3618);
#1057=VERTEX_POINT('',#3620);
#1058=VERTEX_POINT('',#3622);
#1059=VERTEX_POINT('',#3624);
#1060=VERTEX_POINT('',#3626);
#1061=VERTEX_POINT('',#3628);
#1062=VERTEX_POINT('',#3630);
#1063=VERTEX_POINT('',#3632);
#1064=VERTEX_POINT('',#3634);
#1065=VERTEX_POINT('',#3636);
#1066=VERTEX_POINT('',#3638);
#1067=VERTEX_POINT('',#3640);
#1068=VERTEX_POINT('',#3642);
#1069=VERTEX_POINT('',#3644);
#1070=VERTEX_POINT('',#3646);
#1071=VERTEX_POINT('',#3787);
#1072=VERTEX_POINT('',#3789);
#1073=VERTEX_POINT('',#3793);
#1074=VERTEX_POINT('',#3796);
#1075=VERTEX_POINT('',#3798);
#1076=VERTEX_POINT('',#3802);
#1077=VERTEX_POINT('',#3805);
#1078=VERTEX_POINT('',#3807);
#1079=VERTEX_POINT('',#3811);
#1080=VERTEX_POINT('',#3814);
#1081=VERTEX_POINT('',#3818);
#1082=VERTEX_POINT('',#3822);
#1083=VERTEX_POINT('',#3826);
#1084=VERTEX_POINT('',#3827);
#1085=VERTEX_POINT('',#3829);
#1086=VERTEX_POINT('',#3831);
#1087=VERTEX_POINT('',#3835);
#1088=VERTEX_POINT('',#3837);
#1089=VERTEX_POINT('',#3841);
#1090=VERTEX_POINT('',#3843);
#1091=VERTEX_POINT('',#3847);
#1092=VERTEX_POINT('',#3849);
#1093=VERTEX_POINT('',#3853);
#1094=VERTEX_POINT('',#3855);
#1095=VERTEX_POINT('',#3859);
#1096=VERTEX_POINT('',#3861);
#1097=VERTEX_POINT('',#3865);
#1098=VERTEX_POINT('',#3867);
#1099=VERTEX_POINT('',#3871);
#1100=VERTEX_POINT('',#3873);
#1101=VERTEX_POINT('',#3877);
#1102=VERTEX_POINT('',#3879);
#1103=VERTEX_POINT('',#3883);
#1104=VERTEX_POINT('',#3885);
#1105=VERTEX_POINT('',#3889);
#1106=VERTEX_POINT('',#3891);
#1107=VERTEX_POINT('',#3895);
#1108=VERTEX_POINT('',#3897);
#1109=VERTEX_POINT('',#3901);
#1110=VERTEX_POINT('',#3903);
#1111=VERTEX_POINT('',#3907);
#1112=VERTEX_POINT('',#3909);
#1113=VERTEX_POINT('',#3913);
#1114=VERTEX_POINT('',#3915);
#1115=VERTEX_POINT('',#3919);
#1116=VERTEX_POINT('',#3921);
#1117=VERTEX_POINT('',#3925);
#1118=VERTEX_POINT('',#3927);
#1119=VERTEX_POINT('',#3931);
#1120=VERTEX_POINT('',#3933);
#1121=VERTEX_POINT('',#3937);
#1122=VERTEX_POINT('',#3939);
#1123=VERTEX_POINT('',#3943);
#1124=VERTEX_POINT('',#3945);
#1125=VERTEX_POINT('',#3949);
#1126=VERTEX_POINT('',#3951);
#1127=VERTEX_POINT('',#3955);
#1128=VERTEX_POINT('',#3957);
#1129=VERTEX_POINT('',#3961);
#1130=VERTEX_POINT('',#3963);
#1131=VERTEX_POINT('',#3967);
#1132=VERTEX_POINT('',#3969);
#1133=VERTEX_POINT('',#3973);
#1134=VERTEX_POINT('',#3975);
#1135=VERTEX_POINT('',#3979);
#1136=VERTEX_POINT('',#3981);
#1137=VERTEX_POINT('',#3985);
#1138=VERTEX_POINT('',#3987);
#1139=VERTEX_POINT('',#3991);
#1140=VERTEX_POINT('',#3993);
#1141=VERTEX_POINT('',#3997);
#1142=VERTEX_POINT('',#3999);
#1143=VERTEX_POINT('',#4003);
#1144=VERTEX_POINT('',#4005);
#1145=VERTEX_POINT('',#4009);
#1146=VERTEX_POINT('',#4011);
#1147=VERTEX_POINT('',#4015);
#1148=VERTEX_POINT('',#4017);
#1149=VERTEX_POINT('',#4021);
#1150=VERTEX_POINT('',#4023);
#1151=VERTEX_POINT('',#4027);
#1152=VERTEX_POINT('',#4029);
#1153=VERTEX_POINT('',#4033);
#1154=VERTEX_POINT('',#4035);
#1155=VERTEX_POINT('',#4039);
#1156=VERTEX_POINT('',#4041);
#1157=VERTEX_POINT('',#4045);
#1158=VERTEX_POINT('',#4047);
#1159=EDGE_CURVE('',#927,#928,#819,.T.);
#1160=EDGE_CURVE('',#928,#929,#339,.T.);
#1161=EDGE_CURVE('',#929,#930,#820,.T.);
#1162=EDGE_CURVE('',#930,#931,#340,.T.);
#1163=EDGE_CURVE('',#931,#932,#821,.T.);
#1164=EDGE_CURVE('',#932,#933,#341,.T.);
#1165=EDGE_CURVE('',#933,#934,#822,.T.);
#1166=EDGE_CURVE('',#934,#935,#342,.T.);
#1167=EDGE_CURVE('',#935,#936,#343,.T.);
#1168=EDGE_CURVE('',#936,#937,#823,.T.);
#1169=EDGE_CURVE('',#937,#938,#344,.T.);
#1170=EDGE_CURVE('',#938,#939,#824,.T.);
#1171=EDGE_CURVE('',#939,#940,#345,.T.);
#1172=EDGE_CURVE('',#940,#941,#825,.T.);
#1173=EDGE_CURVE('',#941,#942,#346,.T.);
#1174=EDGE_CURVE('',#942,#943,#826,.T.);
#1175=EDGE_CURVE('',#943,#944,#347,.T.);
#1176=EDGE_CURVE('',#944,#945,#827,.T.);
#1177=EDGE_CURVE('',#945,#946,#348,.T.);
#1178=EDGE_CURVE('',#946,#947,#828,.T.);
#1179=EDGE_CURVE('',#947,#948,#349,.T.);
#1180=EDGE_CURVE('',#948,#949,#829,.T.);
#1181=EDGE_CURVE('',#949,#950,#350,.T.);
#1182=EDGE_CURVE('',#950,#951,#830,.T.);
#1183=EDGE_CURVE('',#951,#952,#351,.T.);
#1184=EDGE_CURVE('',#952,#953,#352,.T.);
#1185=EDGE_CURVE('',#953,#954,#831,.T.);
#1186=EDGE_CURVE('',#954,#955,#353,.T.);
#1187=EDGE_CURVE('',#955,#956,#832,.T.);
#1188=EDGE_CURVE('',#956,#957,#354,.T.);
#1189=EDGE_CURVE('',#957,#958,#833,.T.);
#1190=EDGE_CURVE('',#958,#959,#355,.T.);
#1191=EDGE_CURVE('',#959,#960,#834,.T.);
#1192=EDGE_CURVE('',#960,#961,#356,.T.);
#1193=EDGE_CURVE('',#961,#962,#835,.T.);
#1194=EDGE_CURVE('',#962,#963,#357,.T.);
#1195=EDGE_CURVE('',#963,#964,#836,.T.);
#1196=EDGE_CURVE('',#964,#965,#358,.T.);
#1197=EDGE_CURVE('',#965,#966,#837,.T.);
#1198=EDGE_CURVE('',#966,#967,#359,.T.);
#1199=EDGE_CURVE('',#967,#968,#838,.T.);
#1200=EDGE_CURVE('',#968,#969,#360,.T.);
#1201=EDGE_CURVE('',#969,#970,#361,.T.);
#1202=EDGE_CURVE('',#970,#971,#839,.T.);
#1203=EDGE_CURVE('',#971,#972,#362,.T.);
#1204=EDGE_CURVE('',#972,#973,#840,.T.);
#1205=EDGE_CURVE('',#973,#974,#363,.T.);
#1206=EDGE_CURVE('',#974,#975,#841,.T.);
#1207=EDGE_CURVE('',#975,#976,#364,.T.);
#1208=EDGE_CURVE('',#976,#977,#842,.T.);
#1209=EDGE_CURVE('',#977,#978,#365,.T.);
#1210=EDGE_CURVE('',#978,#979,#843,.T.);
#1211=EDGE_CURVE('',#979,#980,#366,.T.);
#1212=EDGE_CURVE('',#980,#981,#844,.T.);
#1213=EDGE_CURVE('',#981,#982,#367,.T.);
#1214=EDGE_CURVE('',#982,#983,#845,.T.);
#1215=EDGE_CURVE('',#983,#984,#368,.T.);
#1216=EDGE_CURVE('',#984,#985,#846,.T.);
#1217=EDGE_CURVE('',#985,#986,#369,.T.);
#1218=EDGE_CURVE('',#986,#987,#370,.T.);
#1219=EDGE_CURVE('',#987,#988,#847,.T.);
#1220=EDGE_CURVE('',#988,#989,#371,.T.);
#1221=EDGE_CURVE('',#989,#990,#848,.T.);
#1222=EDGE_CURVE('',#990,#991,#372,.T.);
#1223=EDGE_CURVE('',#991,#992,#849,.T.);
#1224=EDGE_CURVE('',#992,#993,#373,.T.);
#1225=EDGE_CURVE('',#993,#994,#850,.T.);
#1226=EDGE_CURVE('',#994,#927,#374,.T.);
#1227=EDGE_CURVE('',#995,#996,#375,.T.);
#1228=EDGE_CURVE('',#997,#996,#376,.T.);
#1229=EDGE_CURVE('',#998,#997,#377,.T.);
#1230=EDGE_CURVE('',#998,#995,#378,.T.);
#1231=EDGE_CURVE('',#996,#999,#379,.T.);
#1232=EDGE_CURVE('',#1000,#999,#380,.T.);
#1233=EDGE_CURVE('',#997,#1000,#381,.T.);
#1234=EDGE_CURVE('',#999,#1001,#382,.T.);
#1235=EDGE_CURVE('',#1002,#1001,#383,.T.);
#1236=EDGE_CURVE('',#1000,#1002,#384,.T.);
#1237=EDGE_CURVE('',#1001,#995,#385,.T.);
#1238=EDGE_CURVE('',#1002,#998,#386,.T.);
#1239=EDGE_CURVE('',#1003,#1004,#851,.T.);
#1240=EDGE_CURVE('',#1005,#1003,#387,.T.);
#1241=EDGE_CURVE('',#1006,#1005,#852,.T.);
#1242=EDGE_CURVE('',#1007,#1006,#388,.T.);
#1243=EDGE_CURVE('',#1008,#1007,#853,.T.);
#1244=EDGE_CURVE('',#1009,#1008,#389,.T.);
#1245=EDGE_CURVE('',#1010,#1009,#854,.T.);
#1246=EDGE_CURVE('',#1011,#1010,#390,.T.);
#1247=EDGE_CURVE('',#1012,#1011,#855,.T.);
#1248=EDGE_CURVE('',#1013,#1012,#391,.T.);
#1249=EDGE_CURVE('',#1014,#1013,#392,.T.);
#1250=EDGE_CURVE('',#1015,#1014,#856,.T.);
#1251=EDGE_CURVE('',#1016,#1015,#393,.T.);
#1252=EDGE_CURVE('',#1017,#1016,#857,.T.);
#1253=EDGE_CURVE('',#1018,#1017,#394,.T.);
#1254=EDGE_CURVE('',#1019,#1018,#858,.T.);
#1255=EDGE_CURVE('',#1020,#1019,#395,.T.);
#1256=EDGE_CURVE('',#1021,#1020,#859,.T.);
#1257=EDGE_CURVE('',#1022,#1021,#396,.T.);
#1258=EDGE_CURVE('',#1023,#1022,#860,.T.);
#1259=EDGE_CURVE('',#1024,#1023,#397,.T.);
#1260=EDGE_CURVE('',#1025,#1024,#861,.T.);
#1261=EDGE_CURVE('',#1026,#1025,#398,.T.);
#1262=EDGE_CURVE('',#1027,#1026,#862,.T.);
#1263=EDGE_CURVE('',#1028,#1027,#399,.T.);
#1264=EDGE_CURVE('',#1029,#1028,#863,.T.);
#1265=EDGE_CURVE('',#1030,#1029,#400,.T.);
#1266=EDGE_CURVE('',#1031,#1030,#401,.T.);
#1267=EDGE_CURVE('',#1032,#1031,#864,.T.);
#1268=EDGE_CURVE('',#1033,#1032,#402,.T.);
#1269=EDGE_CURVE('',#1034,#1033,#865,.T.);
#1270=EDGE_CURVE('',#1035,#1034,#403,.T.);
#1271=EDGE_CURVE('',#1036,#1035,#866,.T.);
#1272=EDGE_CURVE('',#1037,#1036,#404,.T.);
#1273=EDGE_CURVE('',#1038,#1037,#867,.T.);
#1274=EDGE_CURVE('',#1039,#1038,#405,.T.);
#1275=EDGE_CURVE('',#1040,#1039,#868,.T.);
#1276=EDGE_CURVE('',#1041,#1040,#406,.T.);
#1277=EDGE_CURVE('',#1042,#1041,#869,.T.);
#1278=EDGE_CURVE('',#1043,#1042,#407,.T.);
#1279=EDGE_CURVE('',#1044,#1043,#870,.T.);
#1280=EDGE_CURVE('',#1045,#1044,#408,.T.);
#1281=EDGE_CURVE('',#1046,#1045,#871,.T.);
#1282=EDGE_CURVE('',#1047,#1046,#409,.T.);
#1283=EDGE_CURVE('',#1048,#1047,#410,.T.);
#1284=EDGE_CURVE('',#1049,#1048,#872,.T.);
#1285=EDGE_CURVE('',#1050,#1049,#411,.T.);
#1286=EDGE_CURVE('',#1051,#1050,#873,.T.);
#1287=EDGE_CURVE('',#1052,#1051,#412,.T.);
#1288=EDGE_CURVE('',#1053,#1052,#874,.T.);
#1289=EDGE_CURVE('',#1054,#1053,#413,.T.);
#1290=EDGE_CURVE('',#1055,#1054,#875,.T.);
#1291=EDGE_CURVE('',#1056,#1055,#414,.T.);
#1292=EDGE_CURVE('',#1057,#1056,#876,.T.);
#1293=EDGE_CURVE('',#1058,#1057,#415,.T.);
#1294=EDGE_CURVE('',#1059,#1058,#877,.T.);
#1295=EDGE_CURVE('',#1060,#1059,#416,.T.);
#1296=EDGE_CURVE('',#1061,#1060,#878,.T.);
#1297=EDGE_CURVE('',#1062,#1061,#417,.T.);
#1298=EDGE_CURVE('',#1063,#1062,#879,.T.);
#1299=EDGE_CURVE('',#1064,#1063,#418,.T.);
#1300=EDGE_CURVE('',#1065,#1064,#419,.T.);
#1301=EDGE_CURVE('',#1066,#1065,#880,.T.);
#1302=EDGE_CURVE('',#1067,#1066,#420,.T.);
#1303=EDGE_CURVE('',#1068,#1067,#881,.T.);
#1304=EDGE_CURVE('',#1069,#1068,#421,.T.);
#1305=EDGE_CURVE('',#1070,#1069,#882,.T.);
#1306=EDGE_CURVE('',#1004,#1070,#422,.T.);
#1307=EDGE_CURVE('',#961,#1038,#423,.T.);
#1308=EDGE_CURVE('',#960,#1039,#424,.T.);
#1309=EDGE_CURVE('',#962,#1037,#425,.T.);
#1310=EDGE_CURVE('',#963,#1036,#426,.T.);
#1311=EDGE_CURVE('',#964,#1035,#427,.T.);
#1312=EDGE_CURVE('',#965,#1034,#428,.T.);
#1313=EDGE_CURVE('',#966,#1033,#429,.T.);
#1314=EDGE_CURVE('',#967,#1032,#430,.T.);
#1315=EDGE_CURVE('',#968,#1031,#431,.T.);
#1316=EDGE_CURVE('',#969,#1030,#432,.T.);
#1317=EDGE_CURVE('',#970,#1029,#433,.T.);
#1318=EDGE_CURVE('',#971,#1028,#434,.T.);
#1319=EDGE_CURVE('',#972,#1027,#435,.T.);
#1320=EDGE_CURVE('',#973,#1026,#436,.T.);
#1321=EDGE_CURVE('',#974,#1025,#437,.T.);
#1322=EDGE_CURVE('',#975,#1024,#438,.T.);
#1323=EDGE_CURVE('',#976,#1023,#439,.T.);
#1324=EDGE_CURVE('',#977,#1022,#440,.T.);
#1325=EDGE_CURVE('',#978,#1021,#441,.T.);
#1326=EDGE_CURVE('',#979,#1020,#442,.T.);
#1327=EDGE_CURVE('',#980,#1019,#443,.T.);
#1328=EDGE_CURVE('',#981,#1018,#444,.T.);
#1329=EDGE_CURVE('',#982,#1017,#445,.T.);
#1330=EDGE_CURVE('',#983,#1016,#446,.T.);
#1331=EDGE_CURVE('',#984,#1015,#447,.T.);
#1332=EDGE_CURVE('',#985,#1014,#448,.T.);
#1333=EDGE_CURVE('',#986,#1013,#449,.T.);
#1334=EDGE_CURVE('',#987,#1012,#450,.T.);
#1335=EDGE_CURVE('',#988,#1011,#451,.T.);
#1336=EDGE_CURVE('',#989,#1010,#452,.T.);
#1337=EDGE_CURVE('',#990,#1009,#453,.T.);
#1338=EDGE_CURVE('',#991,#1008,#454,.T.);
#1339=EDGE_CURVE('',#992,#1007,#455,.T.);
#1340=EDGE_CURVE('',#993,#1006,#456,.T.);
#1341=EDGE_CURVE('',#994,#1005,#457,.T.);
#1342=EDGE_CURVE('',#929,#1070,#458,.T.);
#1343=EDGE_CURVE('',#1004,#928,#459,.T.);
#1344=EDGE_CURVE('',#930,#1069,#460,.T.);
#1345=EDGE_CURVE('',#931,#1068,#461,.T.);
#1346=EDGE_CURVE('',#932,#1067,#462,.T.);
#1347=EDGE_CURVE('',#933,#1066,#463,.T.);
#1348=EDGE_CURVE('',#934,#1065,#464,.T.);
#1349=EDGE_CURVE('',#935,#1064,#465,.T.);
#1350=EDGE_CURVE('',#936,#1063,#466,.T.);
#1351=EDGE_CURVE('',#937,#1062,#467,.T.);
#1352=EDGE_CURVE('',#938,#1061,#468,.T.);
#1353=EDGE_CURVE('',#939,#1060,#469,.T.);
#1354=EDGE_CURVE('',#940,#1059,#470,.T.);
#1355=EDGE_CURVE('',#941,#1058,#471,.T.);
#1356=EDGE_CURVE('',#942,#1057,#472,.T.);
#1357=EDGE_CURVE('',#943,#1056,#473,.T.);
#1358=EDGE_CURVE('',#944,#1055,#474,.T.);
#1359=EDGE_CURVE('',#945,#1054,#475,.T.);
#1360=EDGE_CURVE('',#946,#1053,#476,.T.);
#1361=EDGE_CURVE('',#947,#1052,#477,.T.);
#1362=EDGE_CURVE('',#948,#1051,#478,.T.);
#1363=EDGE_CURVE('',#949,#1050,#479,.T.);
#1364=EDGE_CURVE('',#950,#1049,#480,.T.);
#1365=EDGE_CURVE('',#951,#1048,#481,.T.);
#1366=EDGE_CURVE('',#952,#1047,#482,.T.);
#1367=EDGE_CURVE('',#953,#1046,#483,.T.);
#1368=EDGE_CURVE('',#954,#1045,#484,.T.);
#1369=EDGE_CURVE('',#955,#1044,#485,.T.);
#1370=EDGE_CURVE('',#956,#1043,#486,.T.);
#1371=EDGE_CURVE('',#957,#1042,#487,.T.);
#1372=EDGE_CURVE('',#958,#1041,#488,.T.);
#1373=EDGE_CURVE('',#959,#1040,#489,.T.);
#1374=EDGE_CURVE('',#927,#1003,#490,.T.);
#1375=EDGE_CURVE('',#1071,#1071,#883,.T.);
#1376=EDGE_CURVE('',#1071,#1072,#491,.T.);
#1377=EDGE_CURVE('',#1072,#1072,#884,.T.);
#1378=EDGE_CURVE('',#1073,#1073,#885,.T.);
#1379=EDGE_CURVE('',#1074,#1074,#886,.T.);
#1380=EDGE_CURVE('',#1074,#1075,#492,.T.);
#1381=EDGE_CURVE('',#1075,#1075,#887,.T.);
#1382=EDGE_CURVE('',#1076,#1076,#888,.T.);
#1383=EDGE_CURVE('',#1077,#1077,#889,.T.);
#1384=EDGE_CURVE('',#1077,#1078,#493,.T.);
#1385=EDGE_CURVE('',#1078,#1078,#890,.T.);
#1386=EDGE_CURVE('',#1079,#1079,#891,.T.);
#1387=EDGE_CURVE('',#1080,#1080,#892,.T.);
#1388=EDGE_CURVE('',#1080,#1076,#494,.T.);
#1389=EDGE_CURVE('',#1081,#1081,#893,.T.);
#1390=EDGE_CURVE('',#1081,#1079,#495,.T.);
#1391=EDGE_CURVE('',#1082,#1082,#894,.T.);
#1392=EDGE_CURVE('',#1082,#1073,#496,.T.);
#1393=EDGE_CURVE('',#1083,#1084,#497,.T.);
#1394=EDGE_CURVE('',#1084,#1085,#498,.T.);
#1395=EDGE_CURVE('',#1086,#1085,#499,.T.);
#1396=EDGE_CURVE('',#1083,#1086,#500,.T.);
#1397=EDGE_CURVE('',#1083,#1087,#501,.T.);
#1398=EDGE_CURVE('',#1088,#1086,#502,.T.);
#1399=EDGE_CURVE('',#1087,#1088,#503,.T.);
#1400=EDGE_CURVE('',#1089,#1087,#504,.T.);
#1401=EDGE_CURVE('',#1090,#1088,#505,.T.);
#1402=EDGE_CURVE('',#1089,#1090,#506,.T.);
#1403=EDGE_CURVE('',#1089,#1091,#507,.T.);
#1404=EDGE_CURVE('',#1092,#1090,#508,.T.);
#1405=EDGE_CURVE('',#1091,#1092,#509,.T.);
#1406=EDGE_CURVE('',#1091,#1093,#510,.T.);
#1407=EDGE_CURVE('',#1094,#1092,#511,.T.);
#1408=EDGE_CURVE('',#1093,#1094,#512,.T.);
#1409=EDGE_CURVE('',#1095,#1093,#513,.T.);
#1410=EDGE_CURVE('',#1096,#1094,#514,.T.);
#1411=EDGE_CURVE('',#1095,#1096,#515,.T.);
#1412=EDGE_CURVE('',#1097,#1095,#895,.T.);
#1413=EDGE_CURVE('',#1098,#1096,#896,.T.);
#1414=EDGE_CURVE('',#1097,#1098,#516,.T.);
#1415=EDGE_CURVE('',#1099,#1097,#517,.T.);
#1416=EDGE_CURVE('',#1100,#1098,#518,.T.);
#1417=EDGE_CURVE('',#1099,#1100,#519,.T.);
#1418=EDGE_CURVE('',#1099,#1101,#897,.T.);
#1419=EDGE_CURVE('',#1102,#1100,#898,.T.);
#1420=EDGE_CURVE('',#1101,#1102,#520,.T.);
#1421=EDGE_CURVE('',#1101,#1103,#521,.T.);
#1422=EDGE_CURVE('',#1104,#1102,#522,.T.);
#1423=EDGE_CURVE('',#1103,#1104,#523,.T.);
#1424=EDGE_CURVE('',#1103,#1105,#899,.T.);
#1425=EDGE_CURVE('',#1106,#1104,#900,.T.);
#1426=EDGE_CURVE('',#1105,#1106,#524,.T.);
#1427=EDGE_CURVE('',#1105,#1107,#525,.T.);
#1428=EDGE_CURVE('',#1108,#1106,#526,.T.);
#1429=EDGE_CURVE('',#1107,#1108,#527,.T.);
#1430=EDGE_CURVE('',#1109,#1107,#901,.T.);
#1431=EDGE_CURVE('',#1110,#1108,#902,.T.);
#1432=EDGE_CURVE('',#1109,#1110,#528,.T.);
#1433=EDGE_CURVE('',#1111,#1109,#529,.T.);
#1434=EDGE_CURVE('',#1112,#1110,#530,.T.);
#1435=EDGE_CURVE('',#1111,#1112,#531,.T.);
#1436=EDGE_CURVE('',#1113,#1111,#903,.T.);
#1437=EDGE_CURVE('',#1114,#1112,#904,.T.);
#1438=EDGE_CURVE('',#1113,#1114,#532,.T.);
#1439=EDGE_CURVE('',#1113,#1115,#533,.T.);
#1440=EDGE_CURVE('',#1116,#1114,#534,.T.);
#1441=EDGE_CURVE('',#1115,#1116,#535,.T.);
#1442=EDGE_CURVE('',#1115,#1117,#905,.T.);
#1443=EDGE_CURVE('',#1118,#1116,#906,.T.);
#1444=EDGE_CURVE('',#1117,#1118,#536,.T.);
#1445=EDGE_CURVE('',#1117,#1119,#537,.T.);
#1446=EDGE_CURVE('',#1120,#1118,#538,.T.);
#1447=EDGE_CURVE('',#1119,#1120,#539,.T.);
#1448=EDGE_CURVE('',#1119,#1121,#907,.T.);
#1449=EDGE_CURVE('',#1122,#1120,#908,.T.);
#1450=EDGE_CURVE('',#1121,#1122,#540,.T.);
#1451=EDGE_CURVE('',#1121,#1123,#541,.T.);
#1452=EDGE_CURVE('',#1124,#1122,#542,.T.);
#1453=EDGE_CURVE('',#1123,#1124,#543,.T.);
#1454=EDGE_CURVE('',#1125,#1123,#909,.T.);
#1455=EDGE_CURVE('',#1126,#1124,#910,.T.);
#1456=EDGE_CURVE('',#1125,#1126,#544,.T.);
#1457=EDGE_CURVE('',#1125,#1127,#545,.T.);
#1458=EDGE_CURVE('',#1128,#1126,#546,.T.);
#1459=EDGE_CURVE('',#1127,#1128,#547,.T.);
#1460=EDGE_CURVE('',#1127,#1129,#548,.T.);
#1461=EDGE_CURVE('',#1130,#1128,#549,.T.);
#1462=EDGE_CURVE('',#1129,#1130,#550,.T.);
#1463=EDGE_CURVE('',#1131,#1129,#911,.T.);
#1464=EDGE_CURVE('',#1132,#1130,#912,.T.);
#1465=EDGE_CURVE('',#1131,#1132,#551,.T.);
#1466=EDGE_CURVE('',#1133,#1131,#552,.T.);
#1467=EDGE_CURVE('',#1134,#1132,#553,.T.);
#1468=EDGE_CURVE('',#1133,#1134,#554,.T.);
#1469=EDGE_CURVE('',#1133,#1135,#913,.T.);
#1470=EDGE_CURVE('',#1136,#1134,#914,.T.);
#1471=EDGE_CURVE('',#1135,#1136,#555,.T.);
#1472=EDGE_CURVE('',#1135,#1137,#556,.T.);
#1473=EDGE_CURVE('',#1138,#1136,#557,.T.);
#1474=EDGE_CURVE('',#1137,#1138,#558,.T.);
#1475=EDGE_CURVE('',#1137,#1139,#915,.T.);
#1476=EDGE_CURVE('',#1140,#1138,#916,.T.);
#1477=EDGE_CURVE('',#1139,#1140,#559,.T.);
#1478=EDGE_CURVE('',#1139,#1141,#560,.T.);
#1479=EDGE_CURVE('',#1142,#1140,#561,.T.);
#1480=EDGE_CURVE('',#1141,#1142,#562,.T.);
#1481=EDGE_CURVE('',#1143,#1141,#917,.T.);
#1482=EDGE_CURVE('',#1144,#1142,#918,.T.);
#1483=EDGE_CURVE('',#1143,#1144,#563,.T.);
#1484=EDGE_CURVE('',#1143,#1145,#564,.T.);
#1485=EDGE_CURVE('',#1146,#1144,#565,.T.);
#1486=EDGE_CURVE('',#1145,#1146,#566,.T.);
#1487=EDGE_CURVE('',#1147,#1145,#919,.T.);
#1488=EDGE_CURVE('',#1148,#1146,#920,.T.);
#1489=EDGE_CURVE('',#1147,#1148,#567,.T.);
#1490=EDGE_CURVE('',#1149,#1147,#568,.T.);
#1491=EDGE_CURVE('',#1150,#1148,#569,.T.);
#1492=EDGE_CURVE('',#1149,#1150,#570,.T.);
#1493=EDGE_CURVE('',#1149,#1151,#921,.T.);
#1494=EDGE_CURVE('',#1152,#1150,#922,.T.);
#1495=EDGE_CURVE('',#1151,#1152,#571,.T.);
#1496=EDGE_CURVE('',#1153,#1151,#572,.T.);
#1497=EDGE_CURVE('',#1154,#1152,#573,.T.);
#1498=EDGE_CURVE('',#1153,#1154,#574,.T.);
#1499=EDGE_CURVE('',#1153,#1155,#923,.T.);
#1500=EDGE_CURVE('',#1156,#1154,#924,.T.);
#1501=EDGE_CURVE('',#1155,#1156,#575,.T.);
#1502=EDGE_CURVE('',#1155,#1157,#576,.T.);
#1503=EDGE_CURVE('',#1158,#1156,#577,.T.);
#1504=EDGE_CURVE('',#1157,#1158,#578,.T.);
#1505=EDGE_CURVE('',#1084,#1157,#925,.T.);
#1506=EDGE_CURVE('',#1085,#1158,#926,.T.);
#1507=ORIENTED_EDGE('',*,*,#1159,.T.);
#1508=ORIENTED_EDGE('',*,*,#1160,.T.);
#1509=ORIENTED_EDGE('',*,*,#1161,.T.);
#1510=ORIENTED_EDGE('',*,*,#1162,.T.);
#1511=ORIENTED_EDGE('',*,*,#1163,.T.);
#1512=ORIENTED_EDGE('',*,*,#1164,.T.);
#1513=ORIENTED_EDGE('',*,*,#1165,.T.);
#1514=ORIENTED_EDGE('',*,*,#1166,.T.);
#1515=ORIENTED_EDGE('',*,*,#1167,.T.);
#1516=ORIENTED_EDGE('',*,*,#1168,.T.);
#1517=ORIENTED_EDGE('',*,*,#1169,.T.);
#1518=ORIENTED_EDGE('',*,*,#1170,.T.);
#1519=ORIENTED_EDGE('',*,*,#1171,.T.);
#1520=ORIENTED_EDGE('',*,*,#1172,.T.);
#1521=ORIENTED_EDGE('',*,*,#1173,.T.);
#1522=ORIENTED_EDGE('',*,*,#1174,.T.);
#1523=ORIENTED_EDGE('',*,*,#1175,.T.);
#1524=ORIENTED_EDGE('',*,*,#1176,.T.);
#1525=ORIENTED_EDGE('',*,*,#1177,.T.);
#1526=ORIENTED_EDGE('',*,*,#1178,.T.);
#1527=ORIENTED_EDGE('',*,*,#1179,.T.);
#1528=ORIENTED_EDGE('',*,*,#1180,.T.);
#1529=ORIENTED_EDGE('',*,*,#1181,.T.);
#1530=ORIENTED_EDGE('',*,*,#1182,.T.);
#1531=ORIENTED_EDGE('',*,*,#1183,.T.);
#1532=ORIENTED_EDGE('',*,*,#1184,.T.);
#1533=ORIENTED_EDGE('',*,*,#1185,.T.);
#1534=ORIENTED_EDGE('',*,*,#1186,.T.);
#1535=ORIENTED_EDGE('',*,*,#1187,.T.);
#1536=ORIENTED_EDGE('',*,*,#1188,.T.);
#1537=ORIENTED_EDGE('',*,*,#1189,.T.);
#1538=ORIENTED_EDGE('',*,*,#1190,.T.);
#1539=ORIENTED_EDGE('',*,*,#1191,.T.);
#1540=ORIENTED_EDGE('',*,*,#1192,.T.);
#1541=ORIENTED_EDGE('',*,*,#1193,.T.);
#1542=ORIENTED_EDGE('',*,*,#1194,.T.);
#1543=ORIENTED_EDGE('',*,*,#1195,.T.);
#1544=ORIENTED_EDGE('',*,*,#1196,.T.);
#1545=ORIENTED_EDGE('',*,*,#1197,.T.);
#1546=ORIENTED_EDGE('',*,*,#1198,.T.);
#1547=ORIENTED_EDGE('',*,*,#1199,.T.);
#1548=ORIENTED_EDGE('',*,*,#1200,.T.);
#1549=ORIENTED_EDGE('',*,*,#1201,.T.);
#1550=ORIENTED_EDGE('',*,*,#1202,.T.);
#1551=ORIENTED_EDGE('',*,*,#1203,.T.);
#1552=ORIENTED_EDGE('',*,*,#1204,.T.);
#1553=ORIENTED_EDGE('',*,*,#1205,.T.);
#1554=ORIENTED_EDGE('',*,*,#1206,.T.);
#1555=ORIENTED_EDGE('',*,*,#1207,.T.);
#1556=ORIENTED_EDGE('',*,*,#1208,.T.);
#1557=ORIENTED_EDGE('',*,*,#1209,.T.);
#1558=ORIENTED_EDGE('',*,*,#1210,.T.);
#1559=ORIENTED_EDGE('',*,*,#1211,.T.);
#1560=ORIENTED_EDGE('',*,*,#1212,.T.);
#1561=ORIENTED_EDGE('',*,*,#1213,.T.);
#1562=ORIENTED_EDGE('',*,*,#1214,.T.);
#1563=ORIENTED_EDGE('',*,*,#1215,.T.);
#1564=ORIENTED_EDGE('',*,*,#1216,.T.);
#1565=ORIENTED_EDGE('',*,*,#1217,.T.);
#1566=ORIENTED_EDGE('',*,*,#1218,.T.);
#1567=ORIENTED_EDGE('',*,*,#1219,.T.);
#1568=ORIENTED_EDGE('',*,*,#1220,.T.);
#1569=ORIENTED_EDGE('',*,*,#1221,.T.);
#1570=ORIENTED_EDGE('',*,*,#1222,.T.);
#1571=ORIENTED_EDGE('',*,*,#1223,.T.);
#1572=ORIENTED_EDGE('',*,*,#1224,.T.);
#1573=ORIENTED_EDGE('',*,*,#1225,.T.);
#1574=ORIENTED_EDGE('',*,*,#1226,.T.);
#1575=ORIENTED_EDGE('',*,*,#1227,.T.);
#1576=ORIENTED_EDGE('',*,*,#1228,.F.);
#1577=ORIENTED_EDGE('',*,*,#1229,.F.);
#1578=ORIENTED_EDGE('',*,*,#1230,.T.);
#1579=ORIENTED_EDGE('',*,*,#1231,.T.);
#1580=ORIENTED_EDGE('',*,*,#1232,.F.);
#1581=ORIENTED_EDGE('',*,*,#1233,.F.);
#1582=ORIENTED_EDGE('',*,*,#1228,.T.);
#1583=ORIENTED_EDGE('',*,*,#1234,.T.);
#1584=ORIENTED_EDGE('',*,*,#1235,.F.);
#1585=ORIENTED_EDGE('',*,*,#1236,.F.);
#1586=ORIENTED_EDGE('',*,*,#1232,.T.);
#1587=ORIENTED_EDGE('',*,*,#1237,.T.);
#1588=ORIENTED_EDGE('',*,*,#1230,.F.);
#1589=ORIENTED_EDGE('',*,*,#1238,.F.);
#1590=ORIENTED_EDGE('',*,*,#1235,.T.);
#1591=ORIENTED_EDGE('',*,*,#1239,.F.);
#1592=ORIENTED_EDGE('',*,*,#1240,.F.);
#1593=ORIENTED_EDGE('',*,*,#1241,.F.);
#1594=ORIENTED_EDGE('',*,*,#1242,.F.);
#1595=ORIENTED_EDGE('',*,*,#1243,.F.);
#1596=ORIENTED_EDGE('',*,*,#1244,.F.);
#1597=ORIENTED_EDGE('',*,*,#1245,.F.);
#1598=ORIENTED_EDGE('',*,*,#1246,.F.);
#1599=ORIENTED_EDGE('',*,*,#1247,.F.);
#1600=ORIENTED_EDGE('',*,*,#1248,.F.);
#1601=ORIENTED_EDGE('',*,*,#1249,.F.);
#1602=ORIENTED_EDGE('',*,*,#1250,.F.);
#1603=ORIENTED_EDGE('',*,*,#1251,.F.);
#1604=ORIENTED_EDGE('',*,*,#1252,.F.);
#1605=ORIENTED_EDGE('',*,*,#1253,.F.);
#1606=ORIENTED_EDGE('',*,*,#1254,.F.);
#1607=ORIENTED_EDGE('',*,*,#1255,.F.);
#1608=ORIENTED_EDGE('',*,*,#1256,.F.);
#1609=ORIENTED_EDGE('',*,*,#1257,.F.);
#1610=ORIENTED_EDGE('',*,*,#1258,.F.);
#1611=ORIENTED_EDGE('',*,*,#1259,.F.);
#1612=ORIENTED_EDGE('',*,*,#1260,.F.);
#1613=ORIENTED_EDGE('',*,*,#1261,.F.);
#1614=ORIENTED_EDGE('',*,*,#1262,.F.);
#1615=ORIENTED_EDGE('',*,*,#1263,.F.);
#1616=ORIENTED_EDGE('',*,*,#1264,.F.);
#1617=ORIENTED_EDGE('',*,*,#1265,.F.);
#1618=ORIENTED_EDGE('',*,*,#1266,.F.);
#1619=ORIENTED_EDGE('',*,*,#1267,.F.);
#1620=ORIENTED_EDGE('',*,*,#1268,.F.);
#1621=ORIENTED_EDGE('',*,*,#1269,.F.);
#1622=ORIENTED_EDGE('',*,*,#1270,.F.);
#1623=ORIENTED_EDGE('',*,*,#1271,.F.);
#1624=ORIENTED_EDGE('',*,*,#1272,.F.);
#1625=ORIENTED_EDGE('',*,*,#1273,.F.);
#1626=ORIENTED_EDGE('',*,*,#1274,.F.);
#1627=ORIENTED_EDGE('',*,*,#1275,.F.);
#1628=ORIENTED_EDGE('',*,*,#1276,.F.);
#1629=ORIENTED_EDGE('',*,*,#1277,.F.);
#1630=ORIENTED_EDGE('',*,*,#1278,.F.);
#1631=ORIENTED_EDGE('',*,*,#1279,.F.);
#1632=ORIENTED_EDGE('',*,*,#1280,.F.);
#1633=ORIENTED_EDGE('',*,*,#1281,.F.);
#1634=ORIENTED_EDGE('',*,*,#1282,.F.);
#1635=ORIENTED_EDGE('',*,*,#1283,.F.);
#1636=ORIENTED_EDGE('',*,*,#1284,.F.);
#1637=ORIENTED_EDGE('',*,*,#1285,.F.);
#1638=ORIENTED_EDGE('',*,*,#1286,.F.);
#1639=ORIENTED_EDGE('',*,*,#1287,.F.);
#1640=ORIENTED_EDGE('',*,*,#1288,.F.);
#1641=ORIENTED_EDGE('',*,*,#1289,.F.);
#1642=ORIENTED_EDGE('',*,*,#1290,.F.);
#1643=ORIENTED_EDGE('',*,*,#1291,.F.);
#1644=ORIENTED_EDGE('',*,*,#1292,.F.);
#1645=ORIENTED_EDGE('',*,*,#1293,.F.);
#1646=ORIENTED_EDGE('',*,*,#1294,.F.);
#1647=ORIENTED_EDGE('',*,*,#1295,.F.);
#1648=ORIENTED_EDGE('',*,*,#1296,.F.);
#1649=ORIENTED_EDGE('',*,*,#1297,.F.);
#1650=ORIENTED_EDGE('',*,*,#1298,.F.);
#1651=ORIENTED_EDGE('',*,*,#1299,.F.);
#1652=ORIENTED_EDGE('',*,*,#1300,.F.);
#1653=ORIENTED_EDGE('',*,*,#1301,.F.);
#1654=ORIENTED_EDGE('',*,*,#1302,.F.);
#1655=ORIENTED_EDGE('',*,*,#1303,.F.);
#1656=ORIENTED_EDGE('',*,*,#1304,.F.);
#1657=ORIENTED_EDGE('',*,*,#1305,.F.);
#1658=ORIENTED_EDGE('',*,*,#1306,.F.);
#1659=ORIENTED_EDGE('',*,*,#1234,.F.);
#1660=ORIENTED_EDGE('',*,*,#1231,.F.);
#1661=ORIENTED_EDGE('',*,*,#1227,.F.);
#1662=ORIENTED_EDGE('',*,*,#1237,.F.);
#1663=ORIENTED_EDGE('',*,*,#1274,.T.);
#1664=ORIENTED_EDGE('',*,*,#1307,.F.);
#1665=ORIENTED_EDGE('',*,*,#1192,.F.);
#1666=ORIENTED_EDGE('',*,*,#1308,.T.);
#1667=ORIENTED_EDGE('',*,*,#1273,.T.);
#1668=ORIENTED_EDGE('',*,*,#1309,.F.);
#1669=ORIENTED_EDGE('',*,*,#1193,.F.);
#1670=ORIENTED_EDGE('',*,*,#1307,.T.);
#1671=ORIENTED_EDGE('',*,*,#1272,.T.);
#1672=ORIENTED_EDGE('',*,*,#1310,.F.);
#1673=ORIENTED_EDGE('',*,*,#1194,.F.);
#1674=ORIENTED_EDGE('',*,*,#1309,.T.);
#1675=ORIENTED_EDGE('',*,*,#1271,.T.);
#1676=ORIENTED_EDGE('',*,*,#1311,.F.);
#1677=ORIENTED_EDGE('',*,*,#1195,.F.);
#1678=ORIENTED_EDGE('',*,*,#1310,.T.);
#1679=ORIENTED_EDGE('',*,*,#1270,.T.);
#1680=ORIENTED_EDGE('',*,*,#1312,.F.);
#1681=ORIENTED_EDGE('',*,*,#1196,.F.);
#1682=ORIENTED_EDGE('',*,*,#1311,.T.);
#1683=ORIENTED_EDGE('',*,*,#1269,.T.);
#1684=ORIENTED_EDGE('',*,*,#1313,.F.);
#1685=ORIENTED_EDGE('',*,*,#1197,.F.);
#1686=ORIENTED_EDGE('',*,*,#1312,.T.);
#1687=ORIENTED_EDGE('',*,*,#1268,.T.);
#1688=ORIENTED_EDGE('',*,*,#1314,.F.);
#1689=ORIENTED_EDGE('',*,*,#1198,.F.);
#1690=ORIENTED_EDGE('',*,*,#1313,.T.);
#1691=ORIENTED_EDGE('',*,*,#1267,.T.);
#1692=ORIENTED_EDGE('',*,*,#1315,.F.);
#1693=ORIENTED_EDGE('',*,*,#1199,.F.);
#1694=ORIENTED_EDGE('',*,*,#1314,.T.);
#1695=ORIENTED_EDGE('',*,*,#1266,.T.);
#1696=ORIENTED_EDGE('',*,*,#1316,.F.);
#1697=ORIENTED_EDGE('',*,*,#1200,.F.);
#1698=ORIENTED_EDGE('',*,*,#1315,.T.);
#1699=ORIENTED_EDGE('',*,*,#1265,.T.);
#1700=ORIENTED_EDGE('',*,*,#1317,.F.);
#1701=ORIENTED_EDGE('',*,*,#1201,.F.);
#1702=ORIENTED_EDGE('',*,*,#1316,.T.);
#1703=ORIENTED_EDGE('',*,*,#1264,.T.);
#1704=ORIENTED_EDGE('',*,*,#1318,.F.);
#1705=ORIENTED_EDGE('',*,*,#1202,.F.);
#1706=ORIENTED_EDGE('',*,*,#1317,.T.);
#1707=ORIENTED_EDGE('',*,*,#1263,.T.);
#1708=ORIENTED_EDGE('',*,*,#1319,.F.);
#1709=ORIENTED_EDGE('',*,*,#1203,.F.);
#1710=ORIENTED_EDGE('',*,*,#1318,.T.);
#1711=ORIENTED_EDGE('',*,*,#1262,.T.);
#1712=ORIENTED_EDGE('',*,*,#1320,.F.);
#1713=ORIENTED_EDGE('',*,*,#1204,.F.);
#1714=ORIENTED_EDGE('',*,*,#1319,.T.);
#1715=ORIENTED_EDGE('',*,*,#1261,.T.);
#1716=ORIENTED_EDGE('',*,*,#1321,.F.);
#1717=ORIENTED_EDGE('',*,*,#1205,.F.);
#1718=ORIENTED_EDGE('',*,*,#1320,.T.);
#1719=ORIENTED_EDGE('',*,*,#1260,.T.);
#1720=ORIENTED_EDGE('',*,*,#1322,.F.);
#1721=ORIENTED_EDGE('',*,*,#1206,.F.);
#1722=ORIENTED_EDGE('',*,*,#1321,.T.);
#1723=ORIENTED_EDGE('',*,*,#1259,.T.);
#1724=ORIENTED_EDGE('',*,*,#1323,.F.);
#1725=ORIENTED_EDGE('',*,*,#1207,.F.);
#1726=ORIENTED_EDGE('',*,*,#1322,.T.);
#1727=ORIENTED_EDGE('',*,*,#1258,.T.);
#1728=ORIENTED_EDGE('',*,*,#1324,.F.);
#1729=ORIENTED_EDGE('',*,*,#1208,.F.);
#1730=ORIENTED_EDGE('',*,*,#1323,.T.);
#1731=ORIENTED_EDGE('',*,*,#1257,.T.);
#1732=ORIENTED_EDGE('',*,*,#1325,.F.);
#1733=ORIENTED_EDGE('',*,*,#1209,.F.);
#1734=ORIENTED_EDGE('',*,*,#1324,.T.);
#1735=ORIENTED_EDGE('',*,*,#1256,.T.);
#1736=ORIENTED_EDGE('',*,*,#1326,.F.);
#1737=ORIENTED_EDGE('',*,*,#1210,.F.);
#1738=ORIENTED_EDGE('',*,*,#1325,.T.);
#1739=ORIENTED_EDGE('',*,*,#1255,.T.);
#1740=ORIENTED_EDGE('',*,*,#1327,.F.);
#1741=ORIENTED_EDGE('',*,*,#1211,.F.);
#1742=ORIENTED_EDGE('',*,*,#1326,.T.);
#1743=ORIENTED_EDGE('',*,*,#1254,.T.);
#1744=ORIENTED_EDGE('',*,*,#1328,.F.);
#1745=ORIENTED_EDGE('',*,*,#1212,.F.);
#1746=ORIENTED_EDGE('',*,*,#1327,.T.);
#1747=ORIENTED_EDGE('',*,*,#1253,.T.);
#1748=ORIENTED_EDGE('',*,*,#1329,.F.);
#1749=ORIENTED_EDGE('',*,*,#1213,.F.);
#1750=ORIENTED_EDGE('',*,*,#1328,.T.);
#1751=ORIENTED_EDGE('',*,*,#1252,.T.);
#1752=ORIENTED_EDGE('',*,*,#1330,.F.);
#1753=ORIENTED_EDGE('',*,*,#1214,.F.);
#1754=ORIENTED_EDGE('',*,*,#1329,.T.);
#1755=ORIENTED_EDGE('',*,*,#1251,.T.);
#1756=ORIENTED_EDGE('',*,*,#1331,.F.);
#1757=ORIENTED_EDGE('',*,*,#1215,.F.);
#1758=ORIENTED_EDGE('',*,*,#1330,.T.);
#1759=ORIENTED_EDGE('',*,*,#1250,.T.);
#1760=ORIENTED_EDGE('',*,*,#1332,.F.);
#1761=ORIENTED_EDGE('',*,*,#1216,.F.);
#1762=ORIENTED_EDGE('',*,*,#1331,.T.);
#1763=ORIENTED_EDGE('',*,*,#1249,.T.);
#1764=ORIENTED_EDGE('',*,*,#1333,.F.);
#1765=ORIENTED_EDGE('',*,*,#1217,.F.);
#1766=ORIENTED_EDGE('',*,*,#1332,.T.);
#1767=ORIENTED_EDGE('',*,*,#1248,.T.);
#1768=ORIENTED_EDGE('',*,*,#1334,.F.);
#1769=ORIENTED_EDGE('',*,*,#1218,.F.);
#1770=ORIENTED_EDGE('',*,*,#1333,.T.);
#1771=ORIENTED_EDGE('',*,*,#1247,.T.);
#1772=ORIENTED_EDGE('',*,*,#1335,.F.);
#1773=ORIENTED_EDGE('',*,*,#1219,.F.);
#1774=ORIENTED_EDGE('',*,*,#1334,.T.);
#1775=ORIENTED_EDGE('',*,*,#1246,.T.);
#1776=ORIENTED_EDGE('',*,*,#1336,.F.);
#1777=ORIENTED_EDGE('',*,*,#1220,.F.);
#1778=ORIENTED_EDGE('',*,*,#1335,.T.);
#1779=ORIENTED_EDGE('',*,*,#1245,.T.);
#1780=ORIENTED_EDGE('',*,*,#1337,.F.);
#1781=ORIENTED_EDGE('',*,*,#1221,.F.);
#1782=ORIENTED_EDGE('',*,*,#1336,.T.);
#1783=ORIENTED_EDGE('',*,*,#1244,.T.);
#1784=ORIENTED_EDGE('',*,*,#1338,.F.);
#1785=ORIENTED_EDGE('',*,*,#1222,.F.);
#1786=ORIENTED_EDGE('',*,*,#1337,.T.);
#1787=ORIENTED_EDGE('',*,*,#1243,.T.);
#1788=ORIENTED_EDGE('',*,*,#1339,.F.);
#1789=ORIENTED_EDGE('',*,*,#1223,.F.);
#1790=ORIENTED_EDGE('',*,*,#1338,.T.);
#1791=ORIENTED_EDGE('',*,*,#1242,.T.);
#1792=ORIENTED_EDGE('',*,*,#1340,.F.);
#1793=ORIENTED_EDGE('',*,*,#1224,.F.);
#1794=ORIENTED_EDGE('',*,*,#1339,.T.);
#1795=ORIENTED_EDGE('',*,*,#1241,.T.);
#1796=ORIENTED_EDGE('',*,*,#1341,.F.);
#1797=ORIENTED_EDGE('',*,*,#1225,.F.);
#1798=ORIENTED_EDGE('',*,*,#1340,.T.);
#1799=ORIENTED_EDGE('',*,*,#1229,.T.);
#1800=ORIENTED_EDGE('',*,*,#1233,.T.);
#1801=ORIENTED_EDGE('',*,*,#1236,.T.);
#1802=ORIENTED_EDGE('',*,*,#1238,.T.);
#1803=ORIENTED_EDGE('',*,*,#1306,.T.);
#1804=ORIENTED_EDGE('',*,*,#1342,.F.);
#1805=ORIENTED_EDGE('',*,*,#1160,.F.);
#1806=ORIENTED_EDGE('',*,*,#1343,.F.);
#1807=ORIENTED_EDGE('',*,*,#1305,.T.);
#1808=ORIENTED_EDGE('',*,*,#1344,.F.);
#1809=ORIENTED_EDGE('',*,*,#1161,.F.);
#1810=ORIENTED_EDGE('',*,*,#1342,.T.);
#1811=ORIENTED_EDGE('',*,*,#1304,.T.);
#1812=ORIENTED_EDGE('',*,*,#1345,.F.);
#1813=ORIENTED_EDGE('',*,*,#1162,.F.);
#1814=ORIENTED_EDGE('',*,*,#1344,.T.);
#1815=ORIENTED_EDGE('',*,*,#1303,.T.);
#1816=ORIENTED_EDGE('',*,*,#1346,.F.);
#1817=ORIENTED_EDGE('',*,*,#1163,.F.);
#1818=ORIENTED_EDGE('',*,*,#1345,.T.);
#1819=ORIENTED_EDGE('',*,*,#1302,.T.);
#1820=ORIENTED_EDGE('',*,*,#1347,.F.);
#1821=ORIENTED_EDGE('',*,*,#1164,.F.);
#1822=ORIENTED_EDGE('',*,*,#1346,.T.);
#1823=ORIENTED_EDGE('',*,*,#1301,.T.);
#1824=ORIENTED_EDGE('',*,*,#1348,.F.);
#1825=ORIENTED_EDGE('',*,*,#1165,.F.);
#1826=ORIENTED_EDGE('',*,*,#1347,.T.);
#1827=ORIENTED_EDGE('',*,*,#1300,.T.);
#1828=ORIENTED_EDGE('',*,*,#1349,.F.);
#1829=ORIENTED_EDGE('',*,*,#1166,.F.);
#1830=ORIENTED_EDGE('',*,*,#1348,.T.);
#1831=ORIENTED_EDGE('',*,*,#1299,.T.);
#1832=ORIENTED_EDGE('',*,*,#1350,.F.);
#1833=ORIENTED_EDGE('',*,*,#1167,.F.);
#1834=ORIENTED_EDGE('',*,*,#1349,.T.);
#1835=ORIENTED_EDGE('',*,*,#1298,.T.);
#1836=ORIENTED_EDGE('',*,*,#1351,.F.);
#1837=ORIENTED_EDGE('',*,*,#1168,.F.);
#1838=ORIENTED_EDGE('',*,*,#1350,.T.);
#1839=ORIENTED_EDGE('',*,*,#1297,.T.);
#1840=ORIENTED_EDGE('',*,*,#1352,.F.);
#1841=ORIENTED_EDGE('',*,*,#1169,.F.);
#1842=ORIENTED_EDGE('',*,*,#1351,.T.);
#1843=ORIENTED_EDGE('',*,*,#1296,.T.);
#1844=ORIENTED_EDGE('',*,*,#1353,.F.);
#1845=ORIENTED_EDGE('',*,*,#1170,.F.);
#1846=ORIENTED_EDGE('',*,*,#1352,.T.);
#1847=ORIENTED_EDGE('',*,*,#1295,.T.);
#1848=ORIENTED_EDGE('',*,*,#1354,.F.);
#1849=ORIENTED_EDGE('',*,*,#1171,.F.);
#1850=ORIENTED_EDGE('',*,*,#1353,.T.);
#1851=ORIENTED_EDGE('',*,*,#1294,.T.);
#1852=ORIENTED_EDGE('',*,*,#1355,.F.);
#1853=ORIENTED_EDGE('',*,*,#1172,.F.);
#1854=ORIENTED_EDGE('',*,*,#1354,.T.);
#1855=ORIENTED_EDGE('',*,*,#1293,.T.);
#1856=ORIENTED_EDGE('',*,*,#1356,.F.);
#1857=ORIENTED_EDGE('',*,*,#1173,.F.);
#1858=ORIENTED_EDGE('',*,*,#1355,.T.);
#1859=ORIENTED_EDGE('',*,*,#1292,.T.);
#1860=ORIENTED_EDGE('',*,*,#1357,.F.);
#1861=ORIENTED_EDGE('',*,*,#1174,.F.);
#1862=ORIENTED_EDGE('',*,*,#1356,.T.);
#1863=ORIENTED_EDGE('',*,*,#1291,.T.);
#1864=ORIENTED_EDGE('',*,*,#1358,.F.);
#1865=ORIENTED_EDGE('',*,*,#1175,.F.);
#1866=ORIENTED_EDGE('',*,*,#1357,.T.);
#1867=ORIENTED_EDGE('',*,*,#1290,.T.);
#1868=ORIENTED_EDGE('',*,*,#1359,.F.);
#1869=ORIENTED_EDGE('',*,*,#1176,.F.);
#1870=ORIENTED_EDGE('',*,*,#1358,.T.);
#1871=ORIENTED_EDGE('',*,*,#1289,.T.);
#1872=ORIENTED_EDGE('',*,*,#1360,.F.);
#1873=ORIENTED_EDGE('',*,*,#1177,.F.);
#1874=ORIENTED_EDGE('',*,*,#1359,.T.);
#1875=ORIENTED_EDGE('',*,*,#1288,.T.);
#1876=ORIENTED_EDGE('',*,*,#1361,.F.);
#1877=ORIENTED_EDGE('',*,*,#1178,.F.);
#1878=ORIENTED_EDGE('',*,*,#1360,.T.);
#1879=ORIENTED_EDGE('',*,*,#1287,.T.);
#1880=ORIENTED_EDGE('',*,*,#1362,.F.);
#1881=ORIENTED_EDGE('',*,*,#1179,.F.);
#1882=ORIENTED_EDGE('',*,*,#1361,.T.);
#1883=ORIENTED_EDGE('',*,*,#1286,.T.);
#1884=ORIENTED_EDGE('',*,*,#1363,.F.);
#1885=ORIENTED_EDGE('',*,*,#1180,.F.);
#1886=ORIENTED_EDGE('',*,*,#1362,.T.);
#1887=ORIENTED_EDGE('',*,*,#1285,.T.);
#1888=ORIENTED_EDGE('',*,*,#1364,.F.);
#1889=ORIENTED_EDGE('',*,*,#1181,.F.);
#1890=ORIENTED_EDGE('',*,*,#1363,.T.);
#1891=ORIENTED_EDGE('',*,*,#1284,.T.);
#1892=ORIENTED_EDGE('',*,*,#1365,.F.);
#1893=ORIENTED_EDGE('',*,*,#1182,.F.);
#1894=ORIENTED_EDGE('',*,*,#1364,.T.);
#1895=ORIENTED_EDGE('',*,*,#1283,.T.);
#1896=ORIENTED_EDGE('',*,*,#1366,.F.);
#1897=ORIENTED_EDGE('',*,*,#1183,.F.);
#1898=ORIENTED_EDGE('',*,*,#1365,.T.);
#1899=ORIENTED_EDGE('',*,*,#1282,.T.);
#1900=ORIENTED_EDGE('',*,*,#1367,.F.);
#1901=ORIENTED_EDGE('',*,*,#1184,.F.);
#1902=ORIENTED_EDGE('',*,*,#1366,.T.);
#1903=ORIENTED_EDGE('',*,*,#1281,.T.);
#1904=ORIENTED_EDGE('',*,*,#1368,.F.);
#1905=ORIENTED_EDGE('',*,*,#1185,.F.);
#1906=ORIENTED_EDGE('',*,*,#1367,.T.);
#1907=ORIENTED_EDGE('',*,*,#1280,.T.);
#1908=ORIENTED_EDGE('',*,*,#1369,.F.);
#1909=ORIENTED_EDGE('',*,*,#1186,.F.);
#1910=ORIENTED_EDGE('',*,*,#1368,.T.);
#1911=ORIENTED_EDGE('',*,*,#1279,.T.);
#1912=ORIENTED_EDGE('',*,*,#1370,.F.);
#1913=ORIENTED_EDGE('',*,*,#1187,.F.);
#1914=ORIENTED_EDGE('',*,*,#1369,.T.);
#1915=ORIENTED_EDGE('',*,*,#1278,.T.);
#1916=ORIENTED_EDGE('',*,*,#1371,.F.);
#1917=ORIENTED_EDGE('',*,*,#1188,.F.);
#1918=ORIENTED_EDGE('',*,*,#1370,.T.);
#1919=ORIENTED_EDGE('',*,*,#1277,.T.);
#1920=ORIENTED_EDGE('',*,*,#1372,.F.);
#1921=ORIENTED_EDGE('',*,*,#1189,.F.);
#1922=ORIENTED_EDGE('',*,*,#1371,.T.);
#1923=ORIENTED_EDGE('',*,*,#1276,.T.);
#1924=ORIENTED_EDGE('',*,*,#1373,.F.);
#1925=ORIENTED_EDGE('',*,*,#1190,.F.);
#1926=ORIENTED_EDGE('',*,*,#1372,.T.);
#1927=ORIENTED_EDGE('',*,*,#1275,.T.);
#1928=ORIENTED_EDGE('',*,*,#1308,.F.);
#1929=ORIENTED_EDGE('',*,*,#1191,.F.);
#1930=ORIENTED_EDGE('',*,*,#1373,.T.);
#1931=ORIENTED_EDGE('',*,*,#1240,.T.);
#1932=ORIENTED_EDGE('',*,*,#1374,.F.);
#1933=ORIENTED_EDGE('',*,*,#1226,.F.);
#1934=ORIENTED_EDGE('',*,*,#1341,.T.);
#1935=ORIENTED_EDGE('',*,*,#1239,.T.);
#1936=ORIENTED_EDGE('',*,*,#1343,.T.);
#1937=ORIENTED_EDGE('',*,*,#1159,.F.);
#1938=ORIENTED_EDGE('',*,*,#1374,.T.);
#1939=ORIENTED_EDGE('',*,*,#1375,.F.);
#1940=ORIENTED_EDGE('',*,*,#1376,.T.);
#1941=ORIENTED_EDGE('',*,*,#1377,.T.);
#1942=ORIENTED_EDGE('',*,*,#1376,.F.);
#1943=ORIENTED_EDGE('',*,*,#1378,.F.);
#1944=ORIENTED_EDGE('',*,*,#1375,.T.);
#1945=ORIENTED_EDGE('',*,*,#1379,.F.);
#1946=ORIENTED_EDGE('',*,*,#1380,.T.);
#1947=ORIENTED_EDGE('',*,*,#1381,.T.);
#1948=ORIENTED_EDGE('',*,*,#1380,.F.);
#1949=ORIENTED_EDGE('',*,*,#1382,.F.);
#1950=ORIENTED_EDGE('',*,*,#1379,.T.);
#1951=ORIENTED_EDGE('',*,*,#1383,.F.);
#1952=ORIENTED_EDGE('',*,*,#1384,.T.);
#1953=ORIENTED_EDGE('',*,*,#1385,.T.);
#1954=ORIENTED_EDGE('',*,*,#1384,.F.);
#1955=ORIENTED_EDGE('',*,*,#1386,.F.);
#1956=ORIENTED_EDGE('',*,*,#1383,.T.);
#1957=ORIENTED_EDGE('',*,*,#1387,.F.);
#1958=ORIENTED_EDGE('',*,*,#1388,.T.);
#1959=ORIENTED_EDGE('',*,*,#1382,.T.);
#1960=ORIENTED_EDGE('',*,*,#1388,.F.);
#1961=ORIENTED_EDGE('',*,*,#1389,.F.);
#1962=ORIENTED_EDGE('',*,*,#1390,.T.);
#1963=ORIENTED_EDGE('',*,*,#1386,.T.);
#1964=ORIENTED_EDGE('',*,*,#1390,.F.);
#1965=ORIENTED_EDGE('',*,*,#1391,.F.);
#1966=ORIENTED_EDGE('',*,*,#1392,.T.);
#1967=ORIENTED_EDGE('',*,*,#1378,.T.);
#1968=ORIENTED_EDGE('',*,*,#1392,.F.);
#1969=ORIENTED_EDGE('',*,*,#1393,.T.);
#1970=ORIENTED_EDGE('',*,*,#1394,.T.);
#1971=ORIENTED_EDGE('',*,*,#1395,.F.);
#1972=ORIENTED_EDGE('',*,*,#1396,.F.);
#1973=ORIENTED_EDGE('',*,*,#1397,.F.);
#1974=ORIENTED_EDGE('',*,*,#1396,.T.);
#1975=ORIENTED_EDGE('',*,*,#1398,.F.);
#1976=ORIENTED_EDGE('',*,*,#1399,.F.);
#1977=ORIENTED_EDGE('',*,*,#1400,.T.);
#1978=ORIENTED_EDGE('',*,*,#1399,.T.);
#1979=ORIENTED_EDGE('',*,*,#1401,.F.);
#1980=ORIENTED_EDGE('',*,*,#1402,.F.);
#1981=ORIENTED_EDGE('',*,*,#1403,.F.);
#1982=ORIENTED_EDGE('',*,*,#1402,.T.);
#1983=ORIENTED_EDGE('',*,*,#1404,.F.);
#1984=ORIENTED_EDGE('',*,*,#1405,.F.);
#1985=ORIENTED_EDGE('',*,*,#1406,.F.);
#1986=ORIENTED_EDGE('',*,*,#1405,.T.);
#1987=ORIENTED_EDGE('',*,*,#1407,.F.);
#1988=ORIENTED_EDGE('',*,*,#1408,.F.);
#1989=ORIENTED_EDGE('',*,*,#1409,.T.);
#1990=ORIENTED_EDGE('',*,*,#1408,.T.);
#1991=ORIENTED_EDGE('',*,*,#1410,.F.);
#1992=ORIENTED_EDGE('',*,*,#1411,.F.);
#1993=ORIENTED_EDGE('',*,*,#1412,.T.);
#1994=ORIENTED_EDGE('',*,*,#1411,.T.);
#1995=ORIENTED_EDGE('',*,*,#1413,.F.);
#1996=ORIENTED_EDGE('',*,*,#1414,.F.);
#1997=ORIENTED_EDGE('',*,*,#1415,.T.);
#1998=ORIENTED_EDGE('',*,*,#1414,.T.);
#1999=ORIENTED_EDGE('',*,*,#1416,.F.);
#2000=ORIENTED_EDGE('',*,*,#1417,.F.);
#2001=ORIENTED_EDGE('',*,*,#1418,.F.);
#2002=ORIENTED_EDGE('',*,*,#1417,.T.);
#2003=ORIENTED_EDGE('',*,*,#1419,.F.);
#2004=ORIENTED_EDGE('',*,*,#1420,.F.);
#2005=ORIENTED_EDGE('',*,*,#1421,.F.);
#2006=ORIENTED_EDGE('',*,*,#1420,.T.);
#2007=ORIENTED_EDGE('',*,*,#1422,.F.);
#2008=ORIENTED_EDGE('',*,*,#1423,.F.);
#2009=ORIENTED_EDGE('',*,*,#1424,.F.);
#2010=ORIENTED_EDGE('',*,*,#1423,.T.);
#2011=ORIENTED_EDGE('',*,*,#1425,.F.);
#2012=ORIENTED_EDGE('',*,*,#1426,.F.);
#2013=ORIENTED_EDGE('',*,*,#1427,.F.);
#2014=ORIENTED_EDGE('',*,*,#1426,.T.);
#2015=ORIENTED_EDGE('',*,*,#1428,.F.);
#2016=ORIENTED_EDGE('',*,*,#1429,.F.);
#2017=ORIENTED_EDGE('',*,*,#1430,.T.);
#2018=ORIENTED_EDGE('',*,*,#1429,.T.);
#2019=ORIENTED_EDGE('',*,*,#1431,.F.);
#2020=ORIENTED_EDGE('',*,*,#1432,.F.);
#2021=ORIENTED_EDGE('',*,*,#1433,.T.);
#2022=ORIENTED_EDGE('',*,*,#1432,.T.);
#2023=ORIENTED_EDGE('',*,*,#1434,.F.);
#2024=ORIENTED_EDGE('',*,*,#1435,.F.);
#2025=ORIENTED_EDGE('',*,*,#1436,.T.);
#2026=ORIENTED_EDGE('',*,*,#1435,.T.);
#2027=ORIENTED_EDGE('',*,*,#1437,.F.);
#2028=ORIENTED_EDGE('',*,*,#1438,.F.);
#2029=ORIENTED_EDGE('',*,*,#1439,.F.);
#2030=ORIENTED_EDGE('',*,*,#1438,.T.);
#2031=ORIENTED_EDGE('',*,*,#1440,.F.);
#2032=ORIENTED_EDGE('',*,*,#1441,.F.);
#2033=ORIENTED_EDGE('',*,*,#1442,.F.);
#2034=ORIENTED_EDGE('',*,*,#1441,.T.);
#2035=ORIENTED_EDGE('',*,*,#1443,.F.);
#2036=ORIENTED_EDGE('',*,*,#1444,.F.);
#2037=ORIENTED_EDGE('',*,*,#1445,.F.);
#2038=ORIENTED_EDGE('',*,*,#1444,.T.);
#2039=ORIENTED_EDGE('',*,*,#1446,.F.);
#2040=ORIENTED_EDGE('',*,*,#1447,.F.);
#2041=ORIENTED_EDGE('',*,*,#1448,.F.);
#2042=ORIENTED_EDGE('',*,*,#1447,.T.);
#2043=ORIENTED_EDGE('',*,*,#1449,.F.);
#2044=ORIENTED_EDGE('',*,*,#1450,.F.);
#2045=ORIENTED_EDGE('',*,*,#1451,.F.);
#2046=ORIENTED_EDGE('',*,*,#1450,.T.);
#2047=ORIENTED_EDGE('',*,*,#1452,.F.);
#2048=ORIENTED_EDGE('',*,*,#1453,.F.);
#2049=ORIENTED_EDGE('',*,*,#1454,.T.);
#2050=ORIENTED_EDGE('',*,*,#1453,.T.);
#2051=ORIENTED_EDGE('',*,*,#1455,.F.);
#2052=ORIENTED_EDGE('',*,*,#1456,.F.);
#2053=ORIENTED_EDGE('',*,*,#1457,.F.);
#2054=ORIENTED_EDGE('',*,*,#1456,.T.);
#2055=ORIENTED_EDGE('',*,*,#1458,.F.);
#2056=ORIENTED_EDGE('',*,*,#1459,.F.);
#2057=ORIENTED_EDGE('',*,*,#1460,.F.);
#2058=ORIENTED_EDGE('',*,*,#1459,.T.);
#2059=ORIENTED_EDGE('',*,*,#1461,.F.);
#2060=ORIENTED_EDGE('',*,*,#1462,.F.);
#2061=ORIENTED_EDGE('',*,*,#1463,.T.);
#2062=ORIENTED_EDGE('',*,*,#1462,.T.);
#2063=ORIENTED_EDGE('',*,*,#1464,.F.);
#2064=ORIENTED_EDGE('',*,*,#1465,.F.);
#2065=ORIENTED_EDGE('',*,*,#1466,.T.);
#2066=ORIENTED_EDGE('',*,*,#1465,.T.);
#2067=ORIENTED_EDGE('',*,*,#1467,.F.);
#2068=ORIENTED_EDGE('',*,*,#1468,.F.);
#2069=ORIENTED_EDGE('',*,*,#1469,.F.);
#2070=ORIENTED_EDGE('',*,*,#1468,.T.);
#2071=ORIENTED_EDGE('',*,*,#1470,.F.);
#2072=ORIENTED_EDGE('',*,*,#1471,.F.);
#2073=ORIENTED_EDGE('',*,*,#1472,.F.);
#2074=ORIENTED_EDGE('',*,*,#1471,.T.);
#2075=ORIENTED_EDGE('',*,*,#1473,.F.);
#2076=ORIENTED_EDGE('',*,*,#1474,.F.);
#2077=ORIENTED_EDGE('',*,*,#1475,.F.);
#2078=ORIENTED_EDGE('',*,*,#1474,.T.);
#2079=ORIENTED_EDGE('',*,*,#1476,.F.);
#2080=ORIENTED_EDGE('',*,*,#1477,.F.);
#2081=ORIENTED_EDGE('',*,*,#1478,.F.);
#2082=ORIENTED_EDGE('',*,*,#1477,.T.);
#2083=ORIENTED_EDGE('',*,*,#1479,.F.);
#2084=ORIENTED_EDGE('',*,*,#1480,.F.);
#2085=ORIENTED_EDGE('',*,*,#1481,.T.);
#2086=ORIENTED_EDGE('',*,*,#1480,.T.);
#2087=ORIENTED_EDGE('',*,*,#1482,.F.);
#2088=ORIENTED_EDGE('',*,*,#1483,.F.);
#2089=ORIENTED_EDGE('',*,*,#1484,.F.);
#2090=ORIENTED_EDGE('',*,*,#1483,.T.);
#2091=ORIENTED_EDGE('',*,*,#1485,.F.);
#2092=ORIENTED_EDGE('',*,*,#1486,.F.);
#2093=ORIENTED_EDGE('',*,*,#1487,.T.);
#2094=ORIENTED_EDGE('',*,*,#1486,.T.);
#2095=ORIENTED_EDGE('',*,*,#1488,.F.);
#2096=ORIENTED_EDGE('',*,*,#1489,.F.);
#2097=ORIENTED_EDGE('',*,*,#1490,.T.);
#2098=ORIENTED_EDGE('',*,*,#1489,.T.);
#2099=ORIENTED_EDGE('',*,*,#1491,.F.);
#2100=ORIENTED_EDGE('',*,*,#1492,.F.);
#2101=ORIENTED_EDGE('',*,*,#1493,.F.);
#2102=ORIENTED_EDGE('',*,*,#1492,.T.);
#2103=ORIENTED_EDGE('',*,*,#1494,.F.);
#2104=ORIENTED_EDGE('',*,*,#1495,.F.);
#2105=ORIENTED_EDGE('',*,*,#1496,.T.);
#2106=ORIENTED_EDGE('',*,*,#1495,.T.);
#2107=ORIENTED_EDGE('',*,*,#1497,.F.);
#2108=ORIENTED_EDGE('',*,*,#1498,.F.);
#2109=ORIENTED_EDGE('',*,*,#1499,.F.);
#2110=ORIENTED_EDGE('',*,*,#1498,.T.);
#2111=ORIENTED_EDGE('',*,*,#1500,.F.);
#2112=ORIENTED_EDGE('',*,*,#1501,.F.);
#2113=ORIENTED_EDGE('',*,*,#1502,.F.);
#2114=ORIENTED_EDGE('',*,*,#1501,.T.);
#2115=ORIENTED_EDGE('',*,*,#1503,.F.);
#2116=ORIENTED_EDGE('',*,*,#1504,.F.);
#2117=ORIENTED_EDGE('',*,*,#1505,.T.);
#2118=ORIENTED_EDGE('',*,*,#1504,.T.);
#2119=ORIENTED_EDGE('',*,*,#1506,.F.);
#2120=ORIENTED_EDGE('',*,*,#1394,.F.);
#2121=ORIENTED_EDGE('',*,*,#1506,.T.);
#2122=ORIENTED_EDGE('',*,*,#1503,.T.);
#2123=ORIENTED_EDGE('',*,*,#1500,.T.);
#2124=ORIENTED_EDGE('',*,*,#1497,.T.);
#2125=ORIENTED_EDGE('',*,*,#1494,.T.);
#2126=ORIENTED_EDGE('',*,*,#1491,.T.);
#2127=ORIENTED_EDGE('',*,*,#1488,.T.);
#2128=ORIENTED_EDGE('',*,*,#1485,.T.);
#2129=ORIENTED_EDGE('',*,*,#1482,.T.);
#2130=ORIENTED_EDGE('',*,*,#1479,.T.);
#2131=ORIENTED_EDGE('',*,*,#1476,.T.);
#2132=ORIENTED_EDGE('',*,*,#1473,.T.);
#2133=ORIENTED_EDGE('',*,*,#1470,.T.);
#2134=ORIENTED_EDGE('',*,*,#1467,.T.);
#2135=ORIENTED_EDGE('',*,*,#1464,.T.);
#2136=ORIENTED_EDGE('',*,*,#1461,.T.);
#2137=ORIENTED_EDGE('',*,*,#1458,.T.);
#2138=ORIENTED_EDGE('',*,*,#1455,.T.);
#2139=ORIENTED_EDGE('',*,*,#1452,.T.);
#2140=ORIENTED_EDGE('',*,*,#1449,.T.);
#2141=ORIENTED_EDGE('',*,*,#1446,.T.);
#2142=ORIENTED_EDGE('',*,*,#1443,.T.);
#2143=ORIENTED_EDGE('',*,*,#1440,.T.);
#2144=ORIENTED_EDGE('',*,*,#1437,.T.);
#2145=ORIENTED_EDGE('',*,*,#1434,.T.);
#2146=ORIENTED_EDGE('',*,*,#1431,.T.);
#2147=ORIENTED_EDGE('',*,*,#1428,.T.);
#2148=ORIENTED_EDGE('',*,*,#1425,.T.);
#2149=ORIENTED_EDGE('',*,*,#1422,.T.);
#2150=ORIENTED_EDGE('',*,*,#1419,.T.);
#2151=ORIENTED_EDGE('',*,*,#1416,.T.);
#2152=ORIENTED_EDGE('',*,*,#1413,.T.);
#2153=ORIENTED_EDGE('',*,*,#1410,.T.);
#2154=ORIENTED_EDGE('',*,*,#1407,.T.);
#2155=ORIENTED_EDGE('',*,*,#1404,.T.);
#2156=ORIENTED_EDGE('',*,*,#1401,.T.);
#2157=ORIENTED_EDGE('',*,*,#1398,.T.);
#2158=ORIENTED_EDGE('',*,*,#1395,.T.);
#2159=ORIENTED_EDGE('',*,*,#1391,.T.);
#2160=ORIENTED_EDGE('',*,*,#1389,.T.);
#2161=ORIENTED_EDGE('',*,*,#1387,.T.);
#2162=ORIENTED_EDGE('',*,*,#1505,.F.);
#2163=ORIENTED_EDGE('',*,*,#1393,.F.);
#2164=ORIENTED_EDGE('',*,*,#1397,.T.);
#2165=ORIENTED_EDGE('',*,*,#1400,.F.);
#2166=ORIENTED_EDGE('',*,*,#1403,.T.);
#2167=ORIENTED_EDGE('',*,*,#1406,.T.);
#2168=ORIENTED_EDGE('',*,*,#1409,.F.);
#2169=ORIENTED_EDGE('',*,*,#1412,.F.);
#2170=ORIENTED_EDGE('',*,*,#1415,.F.);
#2171=ORIENTED_EDGE('',*,*,#1418,.T.);
#2172=ORIENTED_EDGE('',*,*,#1421,.T.);
#2173=ORIENTED_EDGE('',*,*,#1424,.T.);
#2174=ORIENTED_EDGE('',*,*,#1427,.T.);
#2175=ORIENTED_EDGE('',*,*,#1430,.F.);
#2176=ORIENTED_EDGE('',*,*,#1433,.F.);
#2177=ORIENTED_EDGE('',*,*,#1436,.F.);
#2178=ORIENTED_EDGE('',*,*,#1439,.T.);
#2179=ORIENTED_EDGE('',*,*,#1442,.T.);
#2180=ORIENTED_EDGE('',*,*,#1445,.T.);
#2181=ORIENTED_EDGE('',*,*,#1448,.T.);
#2182=ORIENTED_EDGE('',*,*,#1451,.T.);
#2183=ORIENTED_EDGE('',*,*,#1454,.F.);
#2184=ORIENTED_EDGE('',*,*,#1457,.T.);
#2185=ORIENTED_EDGE('',*,*,#1460,.T.);
#2186=ORIENTED_EDGE('',*,*,#1463,.F.);
#2187=ORIENTED_EDGE('',*,*,#1466,.F.);
#2188=ORIENTED_EDGE('',*,*,#1469,.T.);
#2189=ORIENTED_EDGE('',*,*,#1472,.T.);
#2190=ORIENTED_EDGE('',*,*,#1475,.T.);
#2191=ORIENTED_EDGE('',*,*,#1478,.T.);
#2192=ORIENTED_EDGE('',*,*,#1481,.F.);
#2193=ORIENTED_EDGE('',*,*,#1484,.T.);
#2194=ORIENTED_EDGE('',*,*,#1487,.F.);
#2195=ORIENTED_EDGE('',*,*,#1490,.F.);
#2196=ORIENTED_EDGE('',*,*,#1493,.T.);
#2197=ORIENTED_EDGE('',*,*,#1496,.F.);
#2198=ORIENTED_EDGE('',*,*,#1499,.T.);
#2199=ORIENTED_EDGE('',*,*,#1502,.T.);
#2200=ORIENTED_EDGE('',*,*,#1377,.F.);
#2201=ORIENTED_EDGE('',*,*,#1381,.F.);
#2202=ORIENTED_EDGE('',*,*,#1385,.F.);
#2203=PLANE('',#2412);
#2204=PLANE('',#2445);
#2205=PLANE('',#2446);
#2206=PLANE('',#2447);
#2207=PLANE('',#2448);
#2208=PLANE('',#2449);
#2209=PLANE('',#2482);
#2210=PLANE('',#2484);
#2211=PLANE('',#2486);
#2212=PLANE('',#2488);
#2213=PLANE('',#2490);
#2214=PLANE('',#2491);
#2215=PLANE('',#2493);
#2216=PLANE('',#2495);
#2217=PLANE('',#2497);
#2218=PLANE('',#2499);
#2219=PLANE('',#2501);
#2220=PLANE('',#2503);
#2221=PLANE('',#2505);
#2222=PLANE('',#2507);
#2223=PLANE('',#2508);
#2224=PLANE('',#2510);
#2225=PLANE('',#2512);
#2226=PLANE('',#2514);
#2227=PLANE('',#2516);
#2228=PLANE('',#2517);
#2229=PLANE('',#2519);
#2230=PLANE('',#2521);
#2231=PLANE('',#2523);
#2232=PLANE('',#2524);
#2233=PLANE('',#2526);
#2234=PLANE('',#2528);
#2235=PLANE('',#2530);
#2236=PLANE('',#2532);
#2237=PLANE('',#2534);
#2238=PLANE('',#2536);
#2239=PLANE('',#2538);
#2240=PLANE('',#2540);
#2241=PLANE('',#2541);
#2242=PLANE('',#2543);
#2243=PLANE('',#2545);
#2244=PLANE('',#2547);
#2245=PLANE('',#2549);
#2246=PLANE('',#2554);
#2247=PLANE('',#2559);
#2248=PLANE('',#2564);
#2249=PLANE('',#2572);
#2250=PLANE('',#2573);
#2251=PLANE('',#2574);
#2252=PLANE('',#2575);
#2253=PLANE('',#2576);
#2254=PLANE('',#2577);
#2255=PLANE('',#2581);
#2256=PLANE('',#2585);
#2257=PLANE('',#2589);
#2258=PLANE('',#2593);
#2259=PLANE('',#2597);
#2260=PLANE('',#2601);
#2261=PLANE('',#2605);
#2262=PLANE('',#2609);
#2263=PLANE('',#2610);
#2264=PLANE('',#2614);
#2265=PLANE('',#2618);
#2266=PLANE('',#2622);
#2267=PLANE('',#2626);
#2268=PLANE('',#2630);
#2269=PLANE('',#2634);
#2270=PLANE('',#2638);
#2271=PLANE('',#2642);
#2272=PLANE('',#2643);
#2273=ADVANCED_FACE('',(#81),#2203,.F.);
#2274=ADVANCED_FACE('',(#82),#2204,.T.);
#2275=ADVANCED_FACE('',(#83),#2205,.T.);
#2276=ADVANCED_FACE('',(#84),#2206,.T.);
#2277=ADVANCED_FACE('',(#85),#2207,.T.);
#2278=ADVANCED_FACE('',(#86,#71),#2208,.T.);
#2279=ADVANCED_FACE('',(#87),#2209,.T.);
#2280=ADVANCED_FACE('',(#88),#17,.F.);
#2281=ADVANCED_FACE('',(#89),#2210,.T.);
#2282=ADVANCED_FACE('',(#90),#18,.T.);
#2283=ADVANCED_FACE('',(#91),#2211,.T.);
#2284=ADVANCED_FACE('',(#92),#19,.T.);
#2285=ADVANCED_FACE('',(#93),#2212,.T.);
#2286=ADVANCED_FACE('',(#94),#20,.F.);
#2287=ADVANCED_FACE('',(#95),#2213,.T.);
#2288=ADVANCED_FACE('',(#96),#2214,.T.);
#2289=ADVANCED_FACE('',(#97),#21,.T.);
#2290=ADVANCED_FACE('',(#98),#2215,.T.);
#2291=ADVANCED_FACE('',(#99),#22,.F.);
#2292=ADVANCED_FACE('',(#100),#2216,.T.);
#2293=ADVANCED_FACE('',(#101),#23,.F.);
#2294=ADVANCED_FACE('',(#102),#2217,.T.);
#2295=ADVANCED_FACE('',(#103),#24,.T.);
#2296=ADVANCED_FACE('',(#104),#2218,.T.);
#2297=ADVANCED_FACE('',(#105),#25,.T.);
#2298=ADVANCED_FACE('',(#106),#2219,.T.);
#2299=ADVANCED_FACE('',(#107),#26,.F.);
#2300=ADVANCED_FACE('',(#108),#2220,.T.);
#2301=ADVANCED_FACE('',(#109),#27,.F.);
#2302=ADVANCED_FACE('',(#110),#2221,.T.);
#2303=ADVANCED_FACE('',(#111),#28,.T.);
#2304=ADVANCED_FACE('',(#112),#2222,.T.);
#2305=ADVANCED_FACE('',(#113),#2223,.T.);
#2306=ADVANCED_FACE('',(#114),#29,.T.);
#2307=ADVANCED_FACE('',(#115),#2224,.T.);
#2308=ADVANCED_FACE('',(#116),#30,.F.);
#2309=ADVANCED_FACE('',(#117),#2225,.T.);
#2310=ADVANCED_FACE('',(#118),#31,.F.);
#2311=ADVANCED_FACE('',(#119),#2226,.T.);
#2312=ADVANCED_FACE('',(#120),#32,.T.);
#2313=ADVANCED_FACE('',(#121),#2227,.F.);
#2314=ADVANCED_FACE('',(#122),#2228,.T.);
#2315=ADVANCED_FACE('',(#123),#33,.F.);
#2316=ADVANCED_FACE('',(#124),#2229,.T.);
#2317=ADVANCED_FACE('',(#125),#34,.F.);
#2318=ADVANCED_FACE('',(#126),#2230,.T.);
#2319=ADVANCED_FACE('',(#127),#35,.T.);
#2320=ADVANCED_FACE('',(#128),#2231,.T.);
#2321=ADVANCED_FACE('',(#129),#2232,.T.);
#2322=ADVANCED_FACE('',(#130),#36,.F.);
#2323=ADVANCED_FACE('',(#131),#2233,.T.);
#2324=ADVANCED_FACE('',(#132),#37,.T.);
#2325=ADVANCED_FACE('',(#133),#2234,.T.);
#2326=ADVANCED_FACE('',(#134),#38,.T.);
#2327=ADVANCED_FACE('',(#135),#2235,.T.);
#2328=ADVANCED_FACE('',(#136),#39,.F.);
#2329=ADVANCED_FACE('',(#137),#2236,.T.);
#2330=ADVANCED_FACE('',(#138),#40,.F.);
#2331=ADVANCED_FACE('',(#139),#2237,.T.);
#2332=ADVANCED_FACE('',(#140),#41,.T.);
#2333=ADVANCED_FACE('',(#141),#2238,.T.);
#2334=ADVANCED_FACE('',(#142),#42,.T.);
#2335=ADVANCED_FACE('',(#143),#2239,.T.);
#2336=ADVANCED_FACE('',(#144),#43,.F.);
#2337=ADVANCED_FACE('',(#145),#2240,.T.);
#2338=ADVANCED_FACE('',(#146),#2241,.T.);
#2339=ADVANCED_FACE('',(#147),#44,.F.);
#2340=ADVANCED_FACE('',(#148),#2242,.T.);
#2341=ADVANCED_FACE('',(#149),#45,.T.);
#2342=ADVANCED_FACE('',(#150),#2243,.T.);
#2343=ADVANCED_FACE('',(#151),#46,.T.);
#2344=ADVANCED_FACE('',(#152),#2244,.T.);
#2345=ADVANCED_FACE('',(#153),#47,.F.);
#2346=ADVANCED_FACE('',(#154),#2245,.T.);
#2347=ADVANCED_FACE('',(#155),#48,.T.);
#2348=ADVANCED_FACE('',(#156),#49,.F.);
#2349=ADVANCED_FACE('',(#157,#72),#2246,.T.);
#2350=ADVANCED_FACE('',(#158),#50,.F.);
#2351=ADVANCED_FACE('',(#159,#73),#2247,.T.);
#2352=ADVANCED_FACE('',(#160),#51,.F.);
#2353=ADVANCED_FACE('',(#161,#74),#2248,.T.);
#2354=ADVANCED_FACE('',(#162),#52,.F.);
#2355=ADVANCED_FACE('',(#163),#53,.F.);
#2356=ADVANCED_FACE('',(#164),#54,.F.);
#2357=ADVANCED_FACE('',(#165),#2249,.T.);
#2358=ADVANCED_FACE('',(#166),#2250,.T.);
#2359=ADVANCED_FACE('',(#167),#2251,.T.);
#2360=ADVANCED_FACE('',(#168),#2252,.T.);
#2361=ADVANCED_FACE('',(#169),#2253,.T.);
#2362=ADVANCED_FACE('',(#170),#2254,.T.);
#2363=ADVANCED_FACE('',(#171),#55,.T.);
#2364=ADVANCED_FACE('',(#172),#2255,.T.);
#2365=ADVANCED_FACE('',(#173),#56,.F.);
#2366=ADVANCED_FACE('',(#174),#2256,.T.);
#2367=ADVANCED_FACE('',(#175),#57,.F.);
#2368=ADVANCED_FACE('',(#176),#2257,.T.);
#2369=ADVANCED_FACE('',(#177),#58,.T.);
#2370=ADVANCED_FACE('',(#178),#2258,.T.);
#2371=ADVANCED_FACE('',(#179),#59,.T.);
#2372=ADVANCED_FACE('',(#180),#2259,.T.);
#2373=ADVANCED_FACE('',(#181),#60,.F.);
#2374=ADVANCED_FACE('',(#182),#2260,.T.);
#2375=ADVANCED_FACE('',(#183),#61,.F.);
#2376=ADVANCED_FACE('',(#184),#2261,.T.);
#2377=ADVANCED_FACE('',(#185),#62,.T.);
#2378=ADVANCED_FACE('',(#186),#2262,.T.);
#2379=ADVANCED_FACE('',(#187),#2263,.T.);
#2380=ADVANCED_FACE('',(#188),#63,.T.);
#2381=ADVANCED_FACE('',(#189),#2264,.T.);
#2382=ADVANCED_FACE('',(#190),#64,.F.);
#2383=ADVANCED_FACE('',(#191),#2265,.T.);
#2384=ADVANCED_FACE('',(#192),#65,.F.);
#2385=ADVANCED_FACE('',(#193),#2266,.T.);
#2386=ADVANCED_FACE('',(#194),#66,.T.);
#2387=ADVANCED_FACE('',(#195),#2267,.T.);
#2388=ADVANCED_FACE('',(#196),#67,.T.);
#2389=ADVANCED_FACE('',(#197),#2268,.T.);
#2390=ADVANCED_FACE('',(#198),#68,.F.);
#2391=ADVANCED_FACE('',(#199),#2269,.T.);
#2392=ADVANCED_FACE('',(#200),#69,.F.);
#2393=ADVANCED_FACE('',(#201),#2270,.T.);
#2394=ADVANCED_FACE('',(#202),#70,.T.);
#2395=ADVANCED_FACE('',(#203,#75,#76,#77),#2271,.T.);
#2396=ADVANCED_FACE('',(#204,#78,#79,#80),#2272,.F.);
#2397=CLOSED_SHELL('',(#2273,#2274,#2275,#2276,#2277,#2278,#2279,#2280,
#2281,#2282,#2283,#2284,#2285,#2286,#2287,#2288,#2289,#2290,#2291,#2292,
#2293,#2294,#2295,#2296,#2297,#2298,#2299,#2300,#2301,#2302,#2303,#2304,
#2305,#2306,#2307,#2308,#2309,#2310,#2311,#2312,#2313,#2314,#2315,#2316,
#2317,#2318,#2319,#2320,#2321,#2322,#2323,#2324,#2325,#2326,#2327,#2328,
#2329,#2330,#2331,#2332,#2333,#2334,#2335,#2336,#2337,#2338,#2339,#2340,
#2341,#2342,#2343,#2344,#2345,#2346,#2347));
#2398=CLOSED_SHELL('',(#2348,#2349,#2350,#2351,#2352,#2353,#2354,#2355,
#2356,#2357,#2358,#2359,#2360,#2361,#2362,#2363,#2364,#2365,#2366,#2367,
#2368,#2369,#2370,#2371,#2372,#2373,#2374,#2375,#2376,#2377,#2378,#2379,
#2380,#2381,#2382,#2383,#2384,#2385,#2386,#2387,#2388,#2389,#2390,#2391,
#2392,#2393,#2394,#2395,#2396));
#2399=DERIVED_UNIT_ELEMENT(#2401,1.);
#2400=DERIVED_UNIT_ELEMENT(#4060,-3.);
#2401=(
MASS_UNIT()
NAMED_UNIT(*)
SI_UNIT(.KILO.,.GRAM.)
);
#2402=DERIVED_UNIT((#2399,#2400));
#2403=MEASURE_REPRESENTATION_ITEM('density measure',
POSITIVE_RATIO_MEASURE(7850.),#2402);
#2404=PROPERTY_DEFINITION_REPRESENTATION(#2409,#2406);
#2405=PROPERTY_DEFINITION_REPRESENTATION(#2410,#2407);
#2406=REPRESENTATION('material name',(#2408),#4057);
#2407=REPRESENTATION('density',(#2403),#4057);
#2408=DESCRIPTIVE_REPRESENTATION_ITEM('Steel','Steel');
#2409=PROPERTY_DEFINITION('material property','material name',#4067);
#2410=PROPERTY_DEFINITION('material property','density of part',#4067);
#2411=AXIS2_PLACEMENT_3D('',#3350,#2644,#2645);
#2412=AXIS2_PLACEMENT_3D('',#3351,#2646,#2647);
#2413=AXIS2_PLACEMENT_3D('',#3354,#2648,#2649);
#2414=AXIS2_PLACEMENT_3D('',#3358,#2651,#2652);
#2415=AXIS2_PLACEMENT_3D('',#3362,#2654,#2655);
#2416=AXIS2_PLACEMENT_3D('',#3366,#2657,#2658);
#2417=AXIS2_PLACEMENT_3D('',#3372,#2661,#2662);
#2418=AXIS2_PLACEMENT_3D('',#3376,#2664,#2665);
#2419=AXIS2_PLACEMENT_3D('',#3380,#2667,#2668);
#2420=AXIS2_PLACEMENT_3D('',#3384,#2670,#2671);
#2421=AXIS2_PLACEMENT_3D('',#3388,#2673,#2674);
#2422=AXIS2_PLACEMENT_3D('',#3392,#2676,#2677);
#2423=AXIS2_PLACEMENT_3D('',#3396,#2679,#2680);
#2424=AXIS2_PLACEMENT_3D('',#3400,#2682,#2683);
#2425=AXIS2_PLACEMENT_3D('',#3406,#2686,#2687);
#2426=AXIS2_PLACEMENT_3D('',#3410,#2689,#2690);
#2427=AXIS2_PLACEMENT_3D('',#3414,#2692,#2693);
#2428=AXIS2_PLACEMENT_3D('',#3418,#2695,#2696);
#2429=AXIS2_PLACEMENT_3D('',#3422,#2698,#2699);
#2430=AXIS2_PLACEMENT_3D('',#3426,#2701,#2702);
#2431=AXIS2_PLACEMENT_3D('',#3430,#2704,#2705);
#2432=AXIS2_PLACEMENT_3D('',#3434,#2707,#2708);
#2433=AXIS2_PLACEMENT_3D('',#3440,#2711,#2712);
#2434=AXIS2_PLACEMENT_3D('',#3444,#2714,#2715);
#2435=AXIS2_PLACEMENT_3D('',#3448,#2717,#2718);
#2436=AXIS2_PLACEMENT_3D('',#3452,#2720,#2721);
#2437=AXIS2_PLACEMENT_3D('',#3456,#2723,#2724);
#2438=AXIS2_PLACEMENT_3D('',#3460,#2726,#2727);
#2439=AXIS2_PLACEMENT_3D('',#3464,#2729,#2730);
#2440=AXIS2_PLACEMENT_3D('',#3468,#2732,#2733);
#2441=AXIS2_PLACEMENT_3D('',#3474,#2736,#2737);
#2442=AXIS2_PLACEMENT_3D('',#3478,#2739,#2740);
#2443=AXIS2_PLACEMENT_3D('',#3482,#2742,#2743);
#2444=AXIS2_PLACEMENT_3D('',#3486,#2745,#2746);
#2445=AXIS2_PLACEMENT_3D('',#3488,#2748,#2749);
#2446=AXIS2_PLACEMENT_3D('',#3497,#2754,#2755);
#2447=AXIS2_PLACEMENT_3D('',#3503,#2759,#2760);
#2448=AXIS2_PLACEMENT_3D('',#3509,#2764,#2765);
#2449=AXIS2_PLACEMENT_3D('',#3512,#2768,#2769);
#2450=AXIS2_PLACEMENT_3D('',#3515,#2770,#2771);
#2451=AXIS2_PLACEMENT_3D('',#3519,#2773,#2774);
#2452=AXIS2_PLACEMENT_3D('',#3523,#2776,#2777);
#2453=AXIS2_PLACEMENT_3D('',#3527,#2779,#2780);
#2454=AXIS2_PLACEMENT_3D('',#3531,#2782,#2783);
#2455=AXIS2_PLACEMENT_3D('',#3537,#2786,#2787);
#2456=AXIS2_PLACEMENT_3D('',#3541,#2789,#2790);
#2457=AXIS2_PLACEMENT_3D('',#3545,#2792,#2793);
#2458=AXIS2_PLACEMENT_3D('',#3549,#2795,#2796);
#2459=AXIS2_PLACEMENT_3D('',#3553,#2798,#2799);
#2460=AXIS2_PLACEMENT_3D('',#3557,#2801,#2802);
#2461=AXIS2_PLACEMENT_3D('',#3561,#2804,#2805);
#2462=AXIS2_PLACEMENT_3D('',#3565,#2807,#2808);
#2463=AXIS2_PLACEMENT_3D('',#3571,#2811,#2812);
#2464=AXIS2_PLACEMENT_3D('',#3575,#2814,#2815);
#2465=AXIS2_PLACEMENT_3D('',#3579,#2817,#2818);
#2466=AXIS2_PLACEMENT_3D('',#3583,#2820,#2821);
#2467=AXIS2_PLACEMENT_3D('',#3587,#2823,#2824);
#2468=AXIS2_PLACEMENT_3D('',#3591,#2826,#2827);
#2469=AXIS2_PLACEMENT_3D('',#3595,#2829,#2830);
#2470=AXIS2_PLACEMENT_3D('',#3599,#2832,#2833);
#2471=AXIS2_PLACEMENT_3D('',#3605,#2836,#2837);
#2472=AXIS2_PLACEMENT_3D('',#3609,#2839,#2840);
#2473=AXIS2_PLACEMENT_3D('',#3613,#2842,#2843);
#2474=AXIS2_PLACEMENT_3D('',#3617,#2845,#2846);
#2475=AXIS2_PLACEMENT_3D('',#3621,#2848,#2849);
#2476=AXIS2_PLACEMENT_3D('',#3625,#2851,#2852);
#2477=AXIS2_PLACEMENT_3D('',#3629,#2854,#2855);
#2478=AXIS2_PLACEMENT_3D('',#3633,#2857,#2858);
#2479=AXIS2_PLACEMENT_3D('',#3639,#2861,#2862);
#2480=AXIS2_PLACEMENT_3D('',#3643,#2864,#2865);
#2481=AXIS2_PLACEMENT_3D('',#3647,#2867,#2868);
#2482=AXIS2_PLACEMENT_3D('',#3649,#2870,#2871);
#2483=AXIS2_PLACEMENT_3D('',#3652,#2874,#2875);
#2484=AXIS2_PLACEMENT_3D('',#3654,#2877,#2878);
#2485=AXIS2_PLACEMENT_3D('',#3656,#2880,#2881);
#2486=AXIS2_PLACEMENT_3D('',#3658,#2883,#2884);
#2487=AXIS2_PLACEMENT_3D('',#3660,#2886,#2887);
#2488=AXIS2_PLACEMENT_3D('',#3662,#2889,#2890);
#2489=AXIS2_PLACEMENT_3D('',#3664,#2892,#2893);
#2490=AXIS2_PLACEMENT_3D('',#3666,#2895,#2896);
#2491=AXIS2_PLACEMENT_3D('',#3668,#2898,#2899);
#2492=AXIS2_PLACEMENT_3D('',#3670,#2901,#2902);
#2493=AXIS2_PLACEMENT_3D('',#3672,#2904,#2905);
#2494=AXIS2_PLACEMENT_3D('',#3674,#2907,#2908);
#2495=AXIS2_PLACEMENT_3D('',#3676,#2910,#2911);
#2496=AXIS2_PLACEMENT_3D('',#3678,#2913,#2914);
#2497=AXIS2_PLACEMENT_3D('',#3680,#2916,#2917);
#2498=AXIS2_PLACEMENT_3D('',#3682,#2919,#2920);
#2499=AXIS2_PLACEMENT_3D('',#3684,#2922,#2923);
#2500=AXIS2_PLACEMENT_3D('',#3686,#2925,#2926);
#2501=AXIS2_PLACEMENT_3D('',#3688,#2928,#2929);
#2502=AXIS2_PLACEMENT_3D('',#3690,#2931,#2932);
#2503=AXIS2_PLACEMENT_3D('',#3692,#2934,#2935);
#2504=AXIS2_PLACEMENT_3D('',#3694,#2937,#2938);
#2505=AXIS2_PLACEMENT_3D('',#3696,#2940,#2941);
#2506=AXIS2_PLACEMENT_3D('',#3698,#2943,#2944);
#2507=AXIS2_PLACEMENT_3D('',#3700,#2946,#2947);
#2508=AXIS2_PLACEMENT_3D('',#3702,#2949,#2950);
#2509=AXIS2_PLACEMENT_3D('',#3704,#2952,#2953);
#2510=AXIS2_PLACEMENT_3D('',#3706,#2955,#2956);
#2511=AXIS2_PLACEMENT_3D('',#3708,#2958,#2959);
#2512=AXIS2_PLACEMENT_3D('',#3710,#2961,#2962);
#2513=AXIS2_PLACEMENT_3D('',#3712,#2964,#2965);
#2514=AXIS2_PLACEMENT_3D('',#3714,#2967,#2968);
#2515=AXIS2_PLACEMENT_3D('',#3716,#2970,#2971);
#2516=AXIS2_PLACEMENT_3D('',#3718,#2973,#2974);
#2517=AXIS2_PLACEMENT_3D('',#3719,#2975,#2976);
#2518=AXIS2_PLACEMENT_3D('',#3722,#2979,#2980);
#2519=AXIS2_PLACEMENT_3D('',#3724,#2982,#2983);
#2520=AXIS2_PLACEMENT_3D('',#3726,#2985,#2986);
#2521=AXIS2_PLACEMENT_3D('',#3728,#2988,#2989);
#2522=AXIS2_PLACEMENT_3D('',#3730,#2991,#2992);
#2523=AXIS2_PLACEMENT_3D('',#3732,#2994,#2995);
#2524=AXIS2_PLACEMENT_3D('',#3734,#2997,#2998);
#2525=AXIS2_PLACEMENT_3D('',#3736,#3000,#3001);
#2526=AXIS2_PLACEMENT_3D('',#3738,#3003,#3004);
#2527=AXIS2_PLACEMENT_3D('',#3740,#3006,#3007);
#2528=AXIS2_PLACEMENT_3D('',#3742,#3009,#3010);
#2529=AXIS2_PLACEMENT_3D('',#3744,#3012,#3013);
#2530=AXIS2_PLACEMENT_3D('',#3746,#3015,#3016);
#2531=AXIS2_PLACEMENT_3D('',#3748,#3018,#3019);
#2532=AXIS2_PLACEMENT_3D('',#3750,#3021,#3022);
#2533=AXIS2_PLACEMENT_3D('',#3752,#3024,#3025);
#2534=AXIS2_PLACEMENT_3D('',#3754,#3027,#3028);
#2535=AXIS2_PLACEMENT_3D('',#3756,#3030,#3031);
#2536=AXIS2_PLACEMENT_3D('',#3758,#3033,#3034);
#2537=AXIS2_PLACEMENT_3D('',#3760,#3036,#3037);
#2538=AXIS2_PLACEMENT_3D('',#3762,#3039,#3040);
#2539=AXIS2_PLACEMENT_3D('',#3764,#3042,#3043);
#2540=AXIS2_PLACEMENT_3D('',#3766,#3045,#3046);
#2541=AXIS2_PLACEMENT_3D('',#3768,#3048,#3049);
#2542=AXIS2_PLACEMENT_3D('',#3770,#3051,#3052);
#2543=AXIS2_PLACEMENT_3D('',#3772,#3054,#3055);
#2544=AXIS2_PLACEMENT_3D('',#3774,#3057,#3058);
#2545=AXIS2_PLACEMENT_3D('',#3776,#3060,#3061);
#2546=AXIS2_PLACEMENT_3D('',#3778,#3063,#3064);
#2547=AXIS2_PLACEMENT_3D('',#3780,#3066,#3067);
#2548=AXIS2_PLACEMENT_3D('',#3782,#3069,#3070);
#2549=AXIS2_PLACEMENT_3D('',#3783,#3071,#3072);
#2550=AXIS2_PLACEMENT_3D('',#3785,#3074,#3075);
#2551=AXIS2_PLACEMENT_3D('',#3786,#3076,#3077);
#2552=AXIS2_PLACEMENT_3D('',#3788,#3078,#3079);
#2553=AXIS2_PLACEMENT_3D('',#3791,#3081,#3082);
#2554=AXIS2_PLACEMENT_3D('',#3792,#3083,#3084);
#2555=AXIS2_PLACEMENT_3D('',#3794,#3085,#3086);
#2556=AXIS2_PLACEMENT_3D('',#3795,#3087,#3088);
#2557=AXIS2_PLACEMENT_3D('',#3797,#3089,#3090);
#2558=AXIS2_PLACEMENT_3D('',#3800,#3092,#3093);
#2559=AXIS2_PLACEMENT_3D('',#3801,#3094,#3095);
#2560=AXIS2_PLACEMENT_3D('',#3803,#3096,#3097);
#2561=AXIS2_PLACEMENT_3D('',#3804,#3098,#3099);
#2562=AXIS2_PLACEMENT_3D('',#3806,#3100,#3101);
#2563=AXIS2_PLACEMENT_3D('',#3809,#3103,#3104);
#2564=AXIS2_PLACEMENT_3D('',#3810,#3105,#3106);
#2565=AXIS2_PLACEMENT_3D('',#3812,#3107,#3108);
#2566=AXIS2_PLACEMENT_3D('',#3813,#3109,#3110);
#2567=AXIS2_PLACEMENT_3D('',#3815,#3111,#3112);
#2568=AXIS2_PLACEMENT_3D('',#3817,#3114,#3115);
#2569=AXIS2_PLACEMENT_3D('',#3819,#3116,#3117);
#2570=AXIS2_PLACEMENT_3D('',#3821,#3119,#3120);
#2571=AXIS2_PLACEMENT_3D('',#3823,#3121,#3122);
#2572=AXIS2_PLACEMENT_3D('',#3825,#3124,#3125);
#2573=AXIS2_PLACEMENT_3D('',#3834,#3130,#3131);
#2574=AXIS2_PLACEMENT_3D('',#3840,#3135,#3136);
#2575=AXIS2_PLACEMENT_3D('',#3846,#3140,#3141);
#2576=AXIS2_PLACEMENT_3D('',#3852,#3145,#3146);
#2577=AXIS2_PLACEMENT_3D('',#3858,#3150,#3151);
#2578=AXIS2_PLACEMENT_3D('',#3864,#3155,#3156);
#2579=AXIS2_PLACEMENT_3D('',#3866,#3157,#3158);
#2580=AXIS2_PLACEMENT_3D('',#3868,#3159,#3160);
#2581=AXIS2_PLACEMENT_3D('',#3870,#3162,#3163);
#2582=AXIS2_PLACEMENT_3D('',#3876,#3167,#3168);
#2583=AXIS2_PLACEMENT_3D('',#3878,#3169,#3170);
#2584=AXIS2_PLACEMENT_3D('',#3880,#3171,#3172);
#2585=AXIS2_PLACEMENT_3D('',#3882,#3174,#3175);
#2586=AXIS2_PLACEMENT_3D('',#3888,#3179,#3180);
#2587=AXIS2_PLACEMENT_3D('',#3890,#3181,#3182);
#2588=AXIS2_PLACEMENT_3D('',#3892,#3183,#3184);
#2589=AXIS2_PLACEMENT_3D('',#3894,#3186,#3187);
#2590=AXIS2_PLACEMENT_3D('',#3900,#3191,#3192);
#2591=AXIS2_PLACEMENT_3D('',#3902,#3193,#3194);
#2592=AXIS2_PLACEMENT_3D('',#3904,#3195,#3196);
#2593=AXIS2_PLACEMENT_3D('',#3906,#3198,#3199);
#2594=AXIS2_PLACEMENT_3D('',#3912,#3203,#3204);
#2595=AXIS2_PLACEMENT_3D('',#3914,#3205,#3206);
#2596=AXIS2_PLACEMENT_3D('',#3916,#3207,#3208);
#2597=AXIS2_PLACEMENT_3D('',#3918,#3210,#3211);
#2598=AXIS2_PLACEMENT_3D('',#3924,#3215,#3216);
#2599=AXIS2_PLACEMENT_3D('',#3926,#3217,#3218);
#2600=AXIS2_PLACEMENT_3D('',#3928,#3219,#3220);
#2601=AXIS2_PLACEMENT_3D('',#3930,#3222,#3223);
#2602=AXIS2_PLACEMENT_3D('',#3936,#3227,#3228);
#2603=AXIS2_PLACEMENT_3D('',#3938,#3229,#3230);
#2604=AXIS2_PLACEMENT_3D('',#3940,#3231,#3232);
#2605=AXIS2_PLACEMENT_3D('',#3942,#3234,#3235);
#2606=AXIS2_PLACEMENT_3D('',#3948,#3239,#3240);
#2607=AXIS2_PLACEMENT_3D('',#3950,#3241,#3242);
#2608=AXIS2_PLACEMENT_3D('',#3952,#3243,#3244);
#2609=AXIS2_PLACEMENT_3D('',#3954,#3246,#3247);
#2610=AXIS2_PLACEMENT_3D('',#3960,#3251,#3252);
#2611=AXIS2_PLACEMENT_3D('',#3966,#3256,#3257);
#2612=AXIS2_PLACEMENT_3D('',#3968,#3258,#3259);
#2613=AXIS2_PLACEMENT_3D('',#3970,#3260,#3261);
#2614=AXIS2_PLACEMENT_3D('',#3972,#3263,#3264);
#2615=AXIS2_PLACEMENT_3D('',#3978,#3268,#3269);
#2616=AXIS2_PLACEMENT_3D('',#3980,#3270,#3271);
#2617=AXIS2_PLACEMENT_3D('',#3982,#3272,#3273);
#2618=AXIS2_PLACEMENT_3D('',#3984,#3275,#3276);
#2619=AXIS2_PLACEMENT_3D('',#3990,#3280,#3281);
#2620=AXIS2_PLACEMENT_3D('',#3992,#3282,#3283);
#2621=AXIS2_PLACEMENT_3D('',#3994,#3284,#3285);
#2622=AXIS2_PLACEMENT_3D('',#3996,#3287,#3288);
#2623=AXIS2_PLACEMENT_3D('',#4002,#3292,#3293);
#2624=AXIS2_PLACEMENT_3D('',#4004,#3294,#3295);
#2625=AXIS2_PLACEMENT_3D('',#4006,#3296,#3297);
#2626=AXIS2_PLACEMENT_3D('',#4008,#3299,#3300);
#2627=AXIS2_PLACEMENT_3D('',#4014,#3304,#3305);
#2628=AXIS2_PLACEMENT_3D('',#4016,#3306,#3307);
#2629=AXIS2_PLACEMENT_3D('',#4018,#3308,#3309);
#2630=AXIS2_PLACEMENT_3D('',#4020,#3311,#3312);
#2631=AXIS2_PLACEMENT_3D('',#4026,#3316,#3317);
#2632=AXIS2_PLACEMENT_3D('',#4028,#3318,#3319);
#2633=AXIS2_PLACEMENT_3D('',#4030,#3320,#3321);
#2634=AXIS2_PLACEMENT_3D('',#4032,#3323,#3324);
#2635=AXIS2_PLACEMENT_3D('',#4038,#3328,#3329);
#2636=AXIS2_PLACEMENT_3D('',#4040,#3330,#3331);
#2637=AXIS2_PLACEMENT_3D('',#4042,#3332,#3333);
#2638=AXIS2_PLACEMENT_3D('',#4044,#3335,#3336);
#2639=AXIS2_PLACEMENT_3D('',#4050,#3340,#3341);
#2640=AXIS2_PLACEMENT_3D('',#4051,#3342,#3343);
#2641=AXIS2_PLACEMENT_3D('',#4052,#3344,#3345);
#2642=AXIS2_PLACEMENT_3D('',#4053,#3346,#3347);
#2643=AXIS2_PLACEMENT_3D('',#4054,#3348,#3349);
#2644=DIRECTION('axis',(0.,0.,1.));
#2645=DIRECTION('refdir',(1.,0.,0.));
#2646=DIRECTION('center_axis',(0.,0.,1.));
#2647=DIRECTION('ref_axis',(1.,0.,0.));
#2648=DIRECTION('center_axis',(0.,0.,-1.));
#2649=DIRECTION('ref_axis',(-0.734803444627483,0.678280102733071,0.));
#2650=DIRECTION('',(0.678280102733067,0.734803444627487,0.));
#2651=DIRECTION('center_axis',(0.,0.,1.));
#2652=DIRECTION('ref_axis',(0.73480344462748,-0.678280102733075,0.));
#2653=DIRECTION('',(-1.,-3.23774224782415E-16,0.));
#2654=DIRECTION('center_axis',(0.,0.,1.));
#2655=DIRECTION('ref_axis',(-7.40148683083437E-15,1.,0.));
#2656=DIRECTION('',(0.678280102733067,-0.734803444627487,0.));
#2657=DIRECTION('center_axis',(0.,0.,-1.));
#2658=DIRECTION('ref_axis',(1.11022302462514E-14,-1.,0.));
#2659=DIRECTION('',(-1.,-3.20456754766914E-16,0.));
#2660=DIRECTION('',(-8.06847581493367E-16,1.,0.));
#2661=DIRECTION('center_axis',(0.,0.,1.));
#2662=DIRECTION('ref_axis',(1.,8.8817841970012E-15,0.));
#2663=DIRECTION('',(-0.734803444627487,-0.678280102733067,0.));
#2664=DIRECTION('center_axis',(0.,0.,-1.));
#2665=DIRECTION('ref_axis',(-1.,0.,0.));
#2666=DIRECTION('',(0.,1.,0.));
#2667=DIRECTION('center_axis',(0.,0.,-1.));
#2668=DIRECTION('ref_axis',(0.678608216095468,0.734500435022149,0.));
#2669=DIRECTION('',(0.734500435022148,-0.67860821609547,0.));
#2670=DIRECTION('center_axis',(0.,0.,1.));
#2671=DIRECTION('ref_axis',(-0.678608216095472,-0.734500435022145,0.));
#2672=DIRECTION('',(0.,1.,0.));
#2673=DIRECTION('center_axis',(0.,0.,1.));
#2674=DIRECTION('ref_axis',(1.,5.55111512312575E-15,0.));
#2675=DIRECTION('',(-0.734803444627487,-0.678280102733066,0.));
#2676=DIRECTION('center_axis',(0.,0.,-1.));
#2677=DIRECTION('ref_axis',(-1.,5.55111512312575E-15,0.));
#2678=DIRECTION('',(0.,1.,0.));
#2679=DIRECTION('center_axis',(0.,0.,-1.));
#2680=DIRECTION('ref_axis',(0.678280102733067,0.734803444627487,0.));
#2681=DIRECTION('',(0.734803444627487,-0.678280102733067,0.));
#2682=DIRECTION('center_axis',(0.,0.,1.));
#2683=DIRECTION('ref_axis',(-0.678280102733058,-0.734803444627495,0.));
#2684=DIRECTION('',(-5.31333827972908E-16,1.,0.));
#2685=DIRECTION('',(1.,3.20456754766914E-16,0.));
#2686=DIRECTION('center_axis',(0.,0.,1.));
#2687=DIRECTION('ref_axis',(8.8817841970012E-15,-1.,0.));
#2688=DIRECTION('',(-0.678280102733066,0.734803444627487,0.));
#2689=DIRECTION('center_axis',(0.,0.,-1.));
#2690=DIRECTION('ref_axis',(-8.8817841970012E-15,1.,0.));
#2691=DIRECTION('',(1.,0.,0.));
#2692=DIRECTION('center_axis',(0.,0.,-1.));
#2693=DIRECTION('ref_axis',(0.734803444627477,-0.678280102733078,0.));
#2694=DIRECTION('',(-0.678280102733067,-0.734803444627487,0.));
#2695=DIRECTION('center_axis',(0.,0.,1.));
#2696=DIRECTION('ref_axis',(-0.734803444627486,0.678280102733068,0.));
#2697=DIRECTION('',(1.,0.,0.));
#2698=DIRECTION('center_axis',(0.,0.,1.));
#2699=DIRECTION('ref_axis',(2.2204460492503E-15,-1.,0.));
#2700=DIRECTION('',(-0.678280102733067,0.734803444627487,0.));
#2701=DIRECTION('center_axis',(0.,0.,-1.));
#2702=DIRECTION('ref_axis',(1.3322676295502E-14,1.,0.));
#2703=DIRECTION('',(1.,0.,0.));
#2704=DIRECTION('center_axis',(0.,0.,-1.));
#2705=DIRECTION('ref_axis',(0.73480344462749,-0.678280102733063,0.));
#2706=DIRECTION('',(-0.678280102733068,-0.734803444627486,0.));
#2707=DIRECTION('center_axis',(0.,0.,1.));
#2708=DIRECTION('ref_axis',(-0.734803444627482,0.678280102733072,0.));
#2709=DIRECTION('',(1.,-5.38028845574655E-16,0.));
#2710=DIRECTION('',(1.06266765594582E-15,-1.,0.));
#2711=DIRECTION('center_axis',(0.,0.,-1.));
#2712=DIRECTION('ref_axis',(-0.678280102733058,-0.734803444627495,0.));
#2713=DIRECTION('',(-0.734803444627487,0.678280102733067,0.));
#2714=DIRECTION('center_axis',(0.,0.,1.));
#2715=DIRECTION('ref_axis',(0.678280102733066,0.734803444627488,0.));
#2716=DIRECTION('',(0.,-1.,0.));
#2717=DIRECTION('center_axis',(0.,0.,1.));
#2718=DIRECTION('ref_axis',(-1.,4.62592926927148E-15,0.));
#2719=DIRECTION('',(0.734803444627487,0.678280102733067,0.));
#2720=DIRECTION('center_axis',(0.,0.,-1.));
#2721=DIRECTION('ref_axis',(1.,5.55111512312572E-15,0.));
#2722=DIRECTION('',(-5.75393418895788E-16,-1.,0.));
#2723=DIRECTION('center_axis',(0.,0.,-1.));
#2724=DIRECTION('ref_axis',(-0.678608216095469,-0.734500435022148,0.));
#2725=DIRECTION('',(-0.734500435022148,0.67860821609547,0.));
#2726=DIRECTION('center_axis',(0.,0.,1.));
#2727=DIRECTION('ref_axis',(0.67860821609547,0.734500435022148,0.));
#2728=DIRECTION('',(3.23790619058656E-16,-1.,0.));
#2729=DIRECTION('center_axis',(0.,0.,1.));
#2730=DIRECTION('ref_axis',(-1.,0.,0.));
#2731=DIRECTION('',(0.734803444627487,0.678280102733067,0.));
#2732=DIRECTION('center_axis',(0.,0.,-1.));
#2733=DIRECTION('ref_axis',(1.,1.11022302462514E-14,0.));
#2734=DIRECTION('',(-1.21027137224005E-15,-1.,0.));
#2735=DIRECTION('',(-1.,2.69014422787327E-16,0.));
#2736=DIRECTION('center_axis',(0.,0.,-1.));
#2737=DIRECTION('ref_axis',(-0.734803444627482,0.678280102733072,0.));
#2738=DIRECTION('',(0.678280102733069,0.734803444627485,0.));
#2739=DIRECTION('center_axis',(0.,0.,1.));
#2740=DIRECTION('ref_axis',(0.734803444627492,-0.678280102733061,0.));
#2741=DIRECTION('',(-1.,-3.23774224782415E-16,0.));
#2742=DIRECTION('center_axis',(0.,0.,1.));
#2743=DIRECTION('ref_axis',(1.11022302462517E-14,1.,0.));
#2744=DIRECTION('',(0.678280102733067,-0.734803444627487,0.));
#2745=DIRECTION('center_axis',(0.,0.,-1.));
#2746=DIRECTION('ref_axis',(2.77555756156286E-15,-1.,0.));
#2747=DIRECTION('',(-1.,0.,0.));
#2748=DIRECTION('center_axis',(1.38777878078145E-16,1.,0.));
#2749=DIRECTION('ref_axis',(-1.,1.38777878078145E-16,0.));
#2750=DIRECTION('',(1.,-1.38777878078145E-16,0.));
#2751=DIRECTION('',(0.,0.,1.));
#2752=DIRECTION('',(1.,-1.38777878078145E-16,0.));
#2753=DIRECTION('',(0.,0.,1.));
#2754=DIRECTION('center_axis',(-1.,0.,0.));
#2755=DIRECTION('ref_axis',(0.,-1.,0.));
#2756=DIRECTION('',(0.,1.,0.));
#2757=DIRECTION('',(0.,0.,1.));
#2758=DIRECTION('',(0.,1.,0.));
#2759=DIRECTION('center_axis',(0.,-1.,0.));
#2760=DIRECTION('ref_axis',(1.,0.,0.));
#2761=DIRECTION('',(-1.,0.,0.));
#2762=DIRECTION('',(0.,0.,1.));
#2763=DIRECTION('',(-1.,0.,0.));
#2764=DIRECTION('center_axis',(1.,0.,0.));
#2765=DIRECTION('ref_axis',(0.,1.,0.));
#2766=DIRECTION('',(0.,-1.,0.));
#2767=DIRECTION('',(0.,-1.,0.));
#2768=DIRECTION('center_axis',(0.,0.,1.));
#2769=DIRECTION('ref_axis',(1.,0.,0.));
#2770=DIRECTION('center_axis',(0.,0.,-1.));
#2771=DIRECTION('ref_axis',(-0.734803444627483,0.678280102733071,0.));
#2772=DIRECTION('',(-1.,0.,0.));
#2773=DIRECTION('center_axis',(0.,0.,-1.));
#2774=DIRECTION('ref_axis',(2.77555756156286E-15,-1.,0.));
#2775=DIRECTION('',(0.678280102733067,-0.734803444627487,0.));
#2776=DIRECTION('center_axis',(0.,0.,1.));
#2777=DIRECTION('ref_axis',(1.11022302462517E-14,1.,0.));
#2778=DIRECTION('',(-1.,-3.23774224782415E-16,0.));
#2779=DIRECTION('center_axis',(0.,0.,1.));
#2780=DIRECTION('ref_axis',(0.734803444627492,-0.678280102733061,0.));
#2781=DIRECTION('',(0.678280102733069,0.734803444627485,0.));
#2782=DIRECTION('center_axis',(0.,0.,-1.));
#2783=DIRECTION('ref_axis',(-0.734803444627482,0.678280102733072,0.));
#2784=DIRECTION('',(-1.,2.69014422787327E-16,0.));
#2785=DIRECTION('',(-1.21027137224005E-15,-1.,0.));
#2786=DIRECTION('center_axis',(0.,0.,-1.));
#2787=DIRECTION('ref_axis',(1.,1.11022302462514E-14,0.));
#2788=DIRECTION('',(0.734803444627487,0.678280102733067,0.));
#2789=DIRECTION('center_axis',(0.,0.,1.));
#2790=DIRECTION('ref_axis',(-1.,0.,0.));
#2791=DIRECTION('',(3.23790619058656E-16,-1.,0.));
#2792=DIRECTION('center_axis',(0.,0.,1.));
#2793=DIRECTION('ref_axis',(0.67860821609547,0.734500435022148,0.));
#2794=DIRECTION('',(-0.734500435022148,0.67860821609547,0.));
#2795=DIRECTION('center_axis',(0.,0.,-1.));
#2796=DIRECTION('ref_axis',(-0.678608216095469,-0.734500435022148,0.));
#2797=DIRECTION('',(-5.75393418895788E-16,-1.,0.));
#2798=DIRECTION('center_axis',(0.,0.,-1.));
#2799=DIRECTION('ref_axis',(1.,5.55111512312572E-15,0.));
#2800=DIRECTION('',(0.734803444627487,0.678280102733067,0.));
#2801=DIRECTION('center_axis',(0.,0.,1.));
#2802=DIRECTION('ref_axis',(-1.,4.62592926927148E-15,0.));
#2803=DIRECTION('',(0.,-1.,0.));
#2804=DIRECTION('center_axis',(0.,0.,1.));
#2805=DIRECTION('ref_axis',(0.678280102733066,0.734803444627488,0.));
#2806=DIRECTION('',(-0.734803444627487,0.678280102733067,0.));
#2807=DIRECTION('center_axis',(0.,0.,-1.));
#2808=DIRECTION('ref_axis',(-0.678280102733058,-0.734803444627495,0.));
#2809=DIRECTION('',(1.06266765594582E-15,-1.,0.));
#2810=DIRECTION('',(1.,-5.38028845574655E-16,0.));
#2811=DIRECTION('center_axis',(0.,0.,1.));
#2812=DIRECTION('ref_axis',(-0.734803444627482,0.678280102733072,0.));
#2813=DIRECTION('',(-0.678280102733068,-0.734803444627486,0.));
#2814=DIRECTION('center_axis',(0.,0.,-1.));
#2815=DIRECTION('ref_axis',(0.73480344462749,-0.678280102733063,0.));
#2816=DIRECTION('',(1.,0.,0.));
#2817=DIRECTION('center_axis',(0.,0.,-1.));
#2818=DIRECTION('ref_axis',(1.3322676295502E-14,1.,0.));
#2819=DIRECTION('',(-0.678280102733067,0.734803444627487,0.));
#2820=DIRECTION('center_axis',(0.,0.,1.));
#2821=DIRECTION('ref_axis',(2.2204460492503E-15,-1.,0.));
#2822=DIRECTION('',(1.,0.,0.));
#2823=DIRECTION('center_axis',(0.,0.,1.));
#2824=DIRECTION('ref_axis',(-0.734803444627486,0.678280102733068,0.));
#2825=DIRECTION('',(-0.678280102733067,-0.734803444627487,0.));
#2826=DIRECTION('center_axis',(0.,0.,-1.));
#2827=DIRECTION('ref_axis',(0.734803444627477,-0.678280102733078,0.));
#2828=DIRECTION('',(1.,0.,0.));
#2829=DIRECTION('center_axis',(0.,0.,-1.));
#2830=DIRECTION('ref_axis',(-8.8817841970012E-15,1.,0.));
#2831=DIRECTION('',(-0.678280102733066,0.734803444627487,0.));
#2832=DIRECTION('center_axis',(0.,0.,1.));
#2833=DIRECTION('ref_axis',(8.8817841970012E-15,-1.,0.));
#2834=DIRECTION('',(1.,3.20456754766914E-16,0.));
#2835=DIRECTION('',(-5.31333827972908E-16,1.,0.));
#2836=DIRECTION('center_axis',(0.,0.,1.));
#2837=DIRECTION('ref_axis',(-0.678280102733058,-0.734803444627495,0.));
#2838=DIRECTION('',(0.734803444627487,-0.678280102733067,0.));
#2839=DIRECTION('center_axis',(0.,0.,-1.));
#2840=DIRECTION('ref_axis',(0.678280102733067,0.734803444627487,0.));
#2841=DIRECTION('',(0.,1.,0.));
#2842=DIRECTION('center_axis',(0.,0.,-1.));
#2843=DIRECTION('ref_axis',(-1.,5.55111512312575E-15,0.));
#2844=DIRECTION('',(-0.734803444627487,-0.678280102733066,0.));
#2845=DIRECTION('center_axis',(0.,0.,1.));
#2846=DIRECTION('ref_axis',(1.,5.55111512312575E-15,0.));
#2847=DIRECTION('',(0.,1.,0.));
#2848=DIRECTION('center_axis',(0.,0.,1.));
#2849=DIRECTION('ref_axis',(-0.678608216095472,-0.734500435022145,0.));
#2850=DIRECTION('',(0.734500435022148,-0.67860821609547,0.));
#2851=DIRECTION('center_axis',(0.,0.,-1.));
#2852=DIRECTION('ref_axis',(0.678608216095468,0.734500435022149,0.));
#2853=DIRECTION('',(0.,1.,0.));
#2854=DIRECTION('center_axis',(0.,0.,-1.));
#2855=DIRECTION('ref_axis',(-1.,0.,0.));
#2856=DIRECTION('',(-0.734803444627487,-0.678280102733067,0.));
#2857=DIRECTION('center_axis',(0.,0.,1.));
#2858=DIRECTION('ref_axis',(1.,8.8817841970012E-15,0.));
#2859=DIRECTION('',(-8.06847581493367E-16,1.,0.));
#2860=DIRECTION('',(-1.,-3.20456754766914E-16,0.));
#2861=DIRECTION('center_axis',(0.,0.,-1.));
#2862=DIRECTION('ref_axis',(1.11022302462514E-14,-1.,0.));
#2863=DIRECTION('',(0.678280102733067,-0.734803444627487,0.));
#2864=DIRECTION('center_axis',(0.,0.,1.));
#2865=DIRECTION('ref_axis',(-7.40148683083437E-15,1.,0.));
#2866=DIRECTION('',(-1.,-3.23774224782415E-16,0.));
#2867=DIRECTION('center_axis',(0.,0.,1.));
#2868=DIRECTION('ref_axis',(0.73480344462748,-0.678280102733075,0.));
#2869=DIRECTION('',(0.678280102733067,0.734803444627487,0.));
#2870=DIRECTION('center_axis',(0.,1.,0.));
#2871=DIRECTION('ref_axis',(-1.,0.,0.));
#2872=DIRECTION('',(0.,0.,1.));
#2873=DIRECTION('',(0.,0.,1.));
#2874=DIRECTION('center_axis',(0.,0.,1.));
#2875=DIRECTION('ref_axis',(2.2204460492503E-15,-1.,0.));
#2876=DIRECTION('',(0.,0.,1.));
#2877=DIRECTION('center_axis',(-0.734803444627487,-0.678280102733067,0.));
#2878=DIRECTION('ref_axis',(0.678280102733067,-0.734803444627487,0.));
#2879=DIRECTION('',(0.,0.,1.));
#2880=DIRECTION('center_axis',(0.,0.,1.));
#2881=DIRECTION('ref_axis',(1.3322676295502E-14,1.,0.));
#2882=DIRECTION('',(0.,0.,1.));
#2883=DIRECTION('center_axis',(0.,1.,0.));
#2884=DIRECTION('ref_axis',(-1.,0.,0.));
#2885=DIRECTION('',(0.,0.,1.));
#2886=DIRECTION('center_axis',(0.,0.,1.));
#2887=DIRECTION('ref_axis',(0.73480344462749,-0.678280102733063,0.));
#2888=DIRECTION('',(0.,0.,1.));
#2889=DIRECTION('center_axis',(0.734803444627486,-0.678280102733068,0.));
#2890=DIRECTION('ref_axis',(0.678280102733068,0.734803444627486,0.));
#2891=DIRECTION('',(0.,0.,1.));
#2892=DIRECTION('center_axis',(0.,0.,1.));
#2893=DIRECTION('ref_axis',(-0.734803444627482,0.678280102733072,0.));
#2894=DIRECTION('',(0.,0.,1.));
#2895=DIRECTION('center_axis',(5.38028845574655E-16,1.,0.));
#2896=DIRECTION('ref_axis',(-1.,5.38028845574655E-16,0.));
#2897=DIRECTION('',(0.,0.,1.));
#2898=DIRECTION('center_axis',(1.,1.06266765594582E-15,0.));
#2899=DIRECTION('ref_axis',(-1.06266765594582E-15,1.,0.));
#2900=DIRECTION('',(0.,0.,1.));
#2901=DIRECTION('center_axis',(0.,0.,1.));
#2902=DIRECTION('ref_axis',(-0.678280102733058,-0.734803444627495,0.));
#2903=DIRECTION('',(0.,0.,1.));
#2904=DIRECTION('center_axis',(-0.678280102733067,-0.734803444627487,0.));
#2905=DIRECTION('ref_axis',(0.734803444627487,-0.678280102733067,0.));
#2906=DIRECTION('',(0.,0.,1.));
#2907=DIRECTION('center_axis',(0.,0.,1.));
#2908=DIRECTION('ref_axis',(0.678280102733066,0.734803444627488,0.));
#2909=DIRECTION('',(0.,0.,1.));
#2910=DIRECTION('center_axis',(1.,0.,0.));
#2911=DIRECTION('ref_axis',(0.,1.,0.));
#2912=DIRECTION('',(0.,0.,1.));
#2913=DIRECTION('center_axis',(0.,0.,1.));
#2914=DIRECTION('ref_axis',(-1.,4.62592926927148E-15,0.));
#2915=DIRECTION('',(0.,0.,1.));
#2916=DIRECTION('center_axis',(-0.678280102733067,0.734803444627487,0.));
#2917=DIRECTION('ref_axis',(-0.734803444627487,-0.678280102733067,0.));
#2918=DIRECTION('',(0.,0.,1.));
#2919=DIRECTION('center_axis',(0.,0.,1.));
#2920=DIRECTION('ref_axis',(1.,5.55111512312572E-15,0.));
#2921=DIRECTION('',(0.,0.,1.));
#2922=DIRECTION('center_axis',(1.,-5.75393418895788E-16,0.));
#2923=DIRECTION('ref_axis',(5.75393418895788E-16,1.,0.));
#2924=DIRECTION('',(0.,0.,1.));
#2925=DIRECTION('center_axis',(0.,0.,1.));
#2926=DIRECTION('ref_axis',(-0.678608216095469,-0.734500435022148,0.));
#2927=DIRECTION('',(0.,0.,1.));
#2928=DIRECTION('center_axis',(-0.67860821609547,-0.734500435022148,0.));
#2929=DIRECTION('ref_axis',(0.734500435022148,-0.67860821609547,0.));
#2930=DIRECTION('',(0.,0.,1.));
#2931=DIRECTION('center_axis',(0.,0.,1.));
#2932=DIRECTION('ref_axis',(0.67860821609547,0.734500435022148,0.));
#2933=DIRECTION('',(0.,0.,1.));
#2934=DIRECTION('center_axis',(1.,3.23790619058656E-16,0.));
#2935=DIRECTION('ref_axis',(-3.23790619058656E-16,1.,0.));
#2936=DIRECTION('',(0.,0.,1.));
#2937=DIRECTION('center_axis',(0.,0.,1.));
#2938=DIRECTION('ref_axis',(-1.,0.,0.));
#2939=DIRECTION('',(0.,0.,1.));
#2940=DIRECTION('center_axis',(-0.678280102733067,0.734803444627487,0.));
#2941=DIRECTION('ref_axis',(-0.734803444627487,-0.678280102733067,0.));
#2942=DIRECTION('',(0.,0.,1.));
#2943=DIRECTION('center_axis',(0.,0.,1.));
#2944=DIRECTION('ref_axis',(1.,1.11022302462514E-14,0.));
#2945=DIRECTION('',(0.,0.,1.));
#2946=DIRECTION('center_axis',(1.,-1.21027137224005E-15,0.));
#2947=DIRECTION('ref_axis',(1.21027137224005E-15,1.,0.));
#2948=DIRECTION('',(0.,0.,1.));
#2949=DIRECTION('center_axis',(-2.69014422787327E-16,-1.,0.));
#2950=DIRECTION('ref_axis',(1.,-2.69014422787327E-16,0.));
#2951=DIRECTION('',(0.,0.,1.));
#2952=DIRECTION('center_axis',(0.,0.,1.));
#2953=DIRECTION('ref_axis',(-0.734803444627482,0.678280102733072,0.));
#2954=DIRECTION('',(0.,0.,1.));
#2955=DIRECTION('center_axis',(-0.734803444627485,0.678280102733069,0.));
#2956=DIRECTION('ref_axis',(-0.678280102733069,-0.734803444627485,0.));
#2957=DIRECTION('',(0.,0.,1.));
#2958=DIRECTION('center_axis',(0.,0.,1.));
#2959=DIRECTION('ref_axis',(0.734803444627492,-0.678280102733061,0.));
#2960=DIRECTION('',(0.,0.,1.));
#2961=DIRECTION('center_axis',(3.23774224782415E-16,-1.,0.));
#2962=DIRECTION('ref_axis',(1.,3.23774224782415E-16,0.));
#2963=DIRECTION('',(0.,0.,1.));
#2964=DIRECTION('center_axis',(0.,0.,1.));
#2965=DIRECTION('ref_axis',(1.11022302462517E-14,1.,0.));
#2966=DIRECTION('',(0.,0.,1.));
#2967=DIRECTION('center_axis',(0.734803444627487,0.678280102733067,0.));
#2968=DIRECTION('ref_axis',(-0.678280102733067,0.734803444627487,0.));
#2969=DIRECTION('',(0.,0.,1.));
#2970=DIRECTION('center_axis',(0.,0.,1.));
#2971=DIRECTION('ref_axis',(2.77555756156286E-15,-1.,0.));
#2972=DIRECTION('',(0.,0.,1.));
#2973=DIRECTION('center_axis',(0.,0.,-1.));
#2974=DIRECTION('ref_axis',(-1.,0.,0.));
#2975=DIRECTION('center_axis',(-0.734803444627487,0.678280102733067,0.));
#2976=DIRECTION('ref_axis',(-0.678280102733067,-0.734803444627487,0.));
#2977=DIRECTION('',(0.,0.,1.));
#2978=DIRECTION('',(0.,0.,-1.));
#2979=DIRECTION('center_axis',(0.,0.,1.));
#2980=DIRECTION('ref_axis',(0.73480344462748,-0.678280102733075,0.));
#2981=DIRECTION('',(0.,0.,1.));
#2982=DIRECTION('center_axis',(3.23774224782415E-16,-1.,0.));
#2983=DIRECTION('ref_axis',(1.,3.23774224782415E-16,0.));
#2984=DIRECTION('',(0.,0.,1.));
#2985=DIRECTION('center_axis',(0.,0.,1.));
#2986=DIRECTION('ref_axis',(-7.40148683083437E-15,1.,0.));
#2987=DIRECTION('',(0.,0.,1.));
#2988=DIRECTION('center_axis',(0.734803444627487,0.678280102733067,0.));
#2989=DIRECTION('ref_axis',(-0.678280102733067,0.734803444627487,0.));
#2990=DIRECTION('',(0.,0.,1.));
#2991=DIRECTION('center_axis',(0.,0.,1.));
#2992=DIRECTION('ref_axis',(1.11022302462514E-14,-1.,0.));
#2993=DIRECTION('',(0.,0.,1.));
#2994=DIRECTION('center_axis',(3.20456754766914E-16,-1.,0.));
#2995=DIRECTION('ref_axis',(1.,3.20456754766914E-16,0.));
#2996=DIRECTION('',(0.,0.,1.));
#2997=DIRECTION('center_axis',(-1.,-8.06847581493367E-16,0.));
#2998=DIRECTION('ref_axis',(8.06847581493367E-16,-1.,0.));
#2999=DIRECTION('',(0.,0.,1.));
#3000=DIRECTION('center_axis',(0.,0.,1.));
#3001=DIRECTION('ref_axis',(1.,8.8817841970012E-15,0.));
#3002=DIRECTION('',(0.,0.,1.));
#3003=DIRECTION('center_axis',(0.678280102733067,-0.734803444627487,0.));
#3004=DIRECTION('ref_axis',(0.734803444627487,0.678280102733067,0.));
#3005=DIRECTION('',(0.,0.,1.));
#3006=DIRECTION('center_axis',(0.,0.,1.));
#3007=DIRECTION('ref_axis',(-1.,0.,0.));
#3008=DIRECTION('',(0.,0.,1.));
#3009=DIRECTION('center_axis',(-1.,0.,0.));
#3010=DIRECTION('ref_axis',(0.,-1.,0.));
#3011=DIRECTION('',(0.,0.,1.));
#3012=DIRECTION('center_axis',(0.,0.,1.));
#3013=DIRECTION('ref_axis',(0.678608216095468,0.734500435022149,0.));
#3014=DIRECTION('',(0.,0.,1.));
#3015=DIRECTION('center_axis',(0.67860821609547,0.734500435022148,0.));
#3016=DIRECTION('ref_axis',(-0.734500435022148,0.67860821609547,0.));
#3017=DIRECTION('',(0.,0.,1.));
#3018=DIRECTION('center_axis',(0.,0.,1.));
#3019=DIRECTION('ref_axis',(-0.678608216095472,-0.734500435022145,0.));
#3020=DIRECTION('',(0.,0.,1.));
#3021=DIRECTION('center_axis',(-1.,0.,0.));
#3022=DIRECTION('ref_axis',(0.,-1.,0.));
#3023=DIRECTION('',(0.,0.,1.));
#3024=DIRECTION('center_axis',(0.,0.,1.));
#3025=DIRECTION('ref_axis',(1.,5.55111512312575E-15,0.));
#3026=DIRECTION('',(0.,0.,1.));
#3027=DIRECTION('center_axis',(0.678280102733066,-0.734803444627487,0.));
#3028=DIRECTION('ref_axis',(0.734803444627487,0.678280102733066,0.));
#3029=DIRECTION('',(0.,0.,1.));
#3030=DIRECTION('center_axis',(0.,0.,1.));
#3031=DIRECTION('ref_axis',(-1.,5.55111512312575E-15,0.));
#3032=DIRECTION('',(0.,0.,1.));
#3033=DIRECTION('center_axis',(-1.,0.,0.));
#3034=DIRECTION('ref_axis',(0.,-1.,0.));
#3035=DIRECTION('',(0.,0.,1.));
#3036=DIRECTION('center_axis',(0.,0.,1.));
#3037=DIRECTION('ref_axis',(0.678280102733067,0.734803444627487,0.));
#3038=DIRECTION('',(0.,0.,1.));
#3039=DIRECTION('center_axis',(0.678280102733067,0.734803444627487,0.));
#3040=DIRECTION('ref_axis',(-0.734803444627487,0.678280102733067,0.));
#3041=DIRECTION('',(0.,0.,1.));
#3042=DIRECTION('center_axis',(0.,0.,1.));
#3043=DIRECTION('ref_axis',(-0.678280102733058,-0.734803444627495,0.));
#3044=DIRECTION('',(0.,0.,1.));
#3045=DIRECTION('center_axis',(-1.,-5.31333827972908E-16,0.));
#3046=DIRECTION('ref_axis',(5.31333827972908E-16,-1.,0.));
#3047=DIRECTION('',(0.,0.,1.));
#3048=DIRECTION('center_axis',(-3.20456754766914E-16,1.,0.));
#3049=DIRECTION('ref_axis',(-1.,-3.20456754766914E-16,0.));
#3050=DIRECTION('',(0.,0.,1.));
#3051=DIRECTION('center_axis',(0.,0.,1.));
#3052=DIRECTION('ref_axis',(8.8817841970012E-15,-1.,0.));
#3053=DIRECTION('',(0.,0.,1.));
#3054=DIRECTION('center_axis',(-0.734803444627488,-0.678280102733066,0.));
#3055=DIRECTION('ref_axis',(0.678280102733066,-0.734803444627487,0.));
#3056=DIRECTION('',(0.,0.,1.));
#3057=DIRECTION('center_axis',(0.,0.,1.));
#3058=DIRECTION('ref_axis',(-8.8817841970012E-15,1.,0.));
#3059=DIRECTION('',(0.,0.,1.));
#3060=DIRECTION('center_axis',(0.,1.,0.));
#3061=DIRECTION('ref_axis',(-1.,0.,0.));
#3062=DIRECTION('',(0.,0.,1.));
#3063=DIRECTION('center_axis',(0.,0.,1.));
#3064=DIRECTION('ref_axis',(0.734803444627477,-0.678280102733078,0.));
#3065=DIRECTION('',(0.,0.,1.));
#3066=DIRECTION('center_axis',(0.734803444627487,-0.678280102733067,0.));
#3067=DIRECTION('ref_axis',(0.678280102733067,0.734803444627487,0.));
#3068=DIRECTION('',(0.,0.,1.));
#3069=DIRECTION('center_axis',(0.,0.,1.));
#3070=DIRECTION('ref_axis',(-0.734803444627486,0.678280102733068,0.));
#3071=DIRECTION('center_axis',(0.,-1.,0.));
#3072=DIRECTION('ref_axis',(1.,0.,0.));
#3073=DIRECTION('',(0.,0.,1.));
#3074=DIRECTION('center_axis',(0.,0.,1.));
#3075=DIRECTION('ref_axis',(-0.734803444627483,0.678280102733071,0.));
#3076=DIRECTION('center_axis',(0.,0.,1.));
#3077=DIRECTION('ref_axis',(1.,0.,0.));
#3078=DIRECTION('center_axis',(0.,0.,-1.));
#3079=DIRECTION('ref_axis',(1.,0.,0.));
#3080=DIRECTION('',(0.,0.,-1.));
#3081=DIRECTION('center_axis',(0.,0.,-1.));
#3082=DIRECTION('ref_axis',(1.,0.,0.));
#3083=DIRECTION('center_axis',(0.,0.,1.));
#3084=DIRECTION('ref_axis',(1.,0.,0.));
#3085=DIRECTION('center_axis',(0.,0.,-1.));
#3086=DIRECTION('ref_axis',(1.,0.,0.));
#3087=DIRECTION('center_axis',(0.,0.,1.));
#3088=DIRECTION('ref_axis',(1.,0.,0.));
#3089=DIRECTION('center_axis',(0.,0.,-1.));
#3090=DIRECTION('ref_axis',(1.,0.,0.));
#3091=DIRECTION('',(0.,0.,-1.));
#3092=DIRECTION('center_axis',(0.,0.,-1.));
#3093=DIRECTION('ref_axis',(1.,0.,0.));
#3094=DIRECTION('center_axis',(0.,0.,1.));
#3095=DIRECTION('ref_axis',(1.,0.,0.));
#3096=DIRECTION('center_axis',(0.,0.,-1.));
#3097=DIRECTION('ref_axis',(1.,0.,0.));
#3098=DIRECTION('center_axis',(0.,0.,1.));
#3099=DIRECTION('ref_axis',(1.,0.,0.));
#3100=DIRECTION('center_axis',(0.,0.,-1.));
#3101=DIRECTION('ref_axis',(1.,0.,0.));
#3102=DIRECTION('',(0.,0.,-1.));
#3103=DIRECTION('center_axis',(0.,0.,-1.));
#3104=DIRECTION('ref_axis',(1.,0.,0.));
#3105=DIRECTION('center_axis',(0.,0.,1.));
#3106=DIRECTION('ref_axis',(1.,0.,0.));
#3107=DIRECTION('center_axis',(0.,0.,-1.));
#3108=DIRECTION('ref_axis',(1.,0.,0.));
#3109=DIRECTION('center_axis',(0.,0.,1.));
#3110=DIRECTION('ref_axis',(1.,0.,0.));
#3111=DIRECTION('center_axis',(0.,0.,-1.));
#3112=DIRECTION('ref_axis',(1.,0.,0.));
#3113=DIRECTION('',(0.,0.,-1.));
#3114=DIRECTION('center_axis',(0.,0.,1.));
#3115=DIRECTION('ref_axis',(1.,0.,0.));
#3116=DIRECTION('center_axis',(0.,0.,-1.));
#3117=DIRECTION('ref_axis',(1.,0.,0.));
#3118=DIRECTION('',(0.,0.,-1.));
#3119=DIRECTION('center_axis',(0.,0.,1.));
#3120=DIRECTION('ref_axis',(1.,0.,0.));
#3121=DIRECTION('center_axis',(0.,0.,-1.));
#3122=DIRECTION('ref_axis',(1.,0.,0.));
#3123=DIRECTION('',(0.,0.,-1.));
#3124=DIRECTION('center_axis',(1.,8.06847581493367E-16,0.));
#3125=DIRECTION('ref_axis',(-8.06847581493367E-16,1.,0.));
#3126=DIRECTION('',(-8.06847581493367E-16,1.,0.));
#3127=DIRECTION('',(0.,0.,1.));
#3128=DIRECTION('',(-8.06847581493367E-16,1.,0.));
#3129=DIRECTION('',(0.,0.,1.));
#3130=DIRECTION('center_axis',(6.93889390390721E-16,-1.,0.));
#3131=DIRECTION('ref_axis',(1.,6.93889390390721E-16,0.));
#3132=DIRECTION('',(-1.,-6.93889390390721E-16,0.));
#3133=DIRECTION('',(1.,6.93889390390721E-16,0.));
#3134=DIRECTION('',(0.,0.,1.));
#3135=DIRECTION('center_axis',(-1.,0.,0.));
#3136=DIRECTION('ref_axis',(0.,-1.,0.));
#3137=DIRECTION('',(0.,-1.,0.));
#3138=DIRECTION('',(0.,-1.,0.));
#3139=DIRECTION('',(0.,0.,1.));
#3140=DIRECTION('center_axis',(0.,1.,0.));
#3141=DIRECTION('ref_axis',(-1.,0.,0.));
#3142=DIRECTION('',(1.,0.,0.));
#3143=DIRECTION('',(-1.,0.,0.));
#3144=DIRECTION('',(0.,0.,1.));
#3145=DIRECTION('center_axis',(1.,0.,0.));
#3146=DIRECTION('ref_axis',(0.,1.,0.));
#3147=DIRECTION('',(0.,-1.,0.));
#3148=DIRECTION('',(0.,1.,0.));
#3149=DIRECTION('',(0.,0.,1.));
#3150=DIRECTION('center_axis',(-8.07043268361982E-16,-1.,0.));
#3151=DIRECTION('ref_axis',(1.,-8.07043268361982E-16,0.));
#3152=DIRECTION('',(1.,-8.07043268361982E-16,0.));
#3153=DIRECTION('',(1.,-8.07043268361982E-16,0.));
#3154=DIRECTION('',(0.,0.,1.));
#3155=DIRECTION('center_axis',(0.,0.,1.));
#3156=DIRECTION('ref_axis',(-0.734803444627477,0.678280102733078,0.));
#3157=DIRECTION('center_axis',(0.,0.,1.));
#3158=DIRECTION('ref_axis',(-0.734803444627477,0.678280102733078,0.));
#3159=DIRECTION('center_axis',(0.,0.,1.));
#3160=DIRECTION('ref_axis',(-0.734803444627477,0.678280102733078,0.));
#3161=DIRECTION('',(0.,0.,1.));
#3162=DIRECTION('center_axis',(-0.734803444627486,0.678280102733068,0.));
#3163=DIRECTION('ref_axis',(-0.678280102733068,-0.734803444627486,0.));
#3164=DIRECTION('',(-0.678280102733068,-0.734803444627486,0.));
#3165=DIRECTION('',(-0.678280102733068,-0.734803444627486,0.));
#3166=DIRECTION('',(0.,0.,1.));
#3167=DIRECTION('center_axis',(0.,0.,1.));
#3168=DIRECTION('ref_axis',(0.734803444627492,-0.678280102733061,0.));
#3169=DIRECTION('center_axis',(0.,0.,1.));
#3170=DIRECTION('ref_axis',(0.734803444627492,-0.678280102733061,0.));
#3171=DIRECTION('center_axis',(0.,0.,-1.));
#3172=DIRECTION('ref_axis',(0.734803444627492,-0.678280102733061,0.));
#3173=DIRECTION('',(0.,0.,1.));
#3174=DIRECTION('center_axis',(0.,-1.,0.));
#3175=DIRECTION('ref_axis',(1.,0.,0.));
#3176=DIRECTION('',(-1.,0.,0.));
#3177=DIRECTION('',(1.,0.,0.));
#3178=DIRECTION('',(0.,0.,1.));
#3179=DIRECTION('center_axis',(0.,0.,1.));
#3180=DIRECTION('ref_axis',(1.29526019539603E-14,1.,0.));
#3181=DIRECTION('center_axis',(0.,0.,1.));
#3182=DIRECTION('ref_axis',(1.29526019539603E-14,1.,0.));
#3183=DIRECTION('center_axis',(0.,0.,-1.));
#3184=DIRECTION('ref_axis',(1.29526019539603E-14,1.,0.));
#3185=DIRECTION('',(0.,0.,1.));
#3186=DIRECTION('center_axis',(0.734803444627487,0.678280102733067,0.));
#3187=DIRECTION('ref_axis',(-0.678280102733067,0.734803444627487,0.));
#3188=DIRECTION('',(0.678280102733067,-0.734803444627487,0.));
#3189=DIRECTION('',(-0.678280102733067,0.734803444627487,0.));
#3190=DIRECTION('',(0.,0.,1.));
#3191=DIRECTION('center_axis',(0.,0.,1.));
#3192=DIRECTION('ref_axis',(5.55111512312572E-15,-1.,0.));
#3193=DIRECTION('center_axis',(0.,0.,1.));
#3194=DIRECTION('ref_axis',(5.55111512312572E-15,-1.,0.));
#3195=DIRECTION('center_axis',(0.,0.,1.));
#3196=DIRECTION('ref_axis',(5.55111512312572E-15,-1.,0.));
#3197=DIRECTION('',(0.,0.,1.));
#3198=DIRECTION('center_axis',(-2.50671052041489E-16,-1.,0.));
#3199=DIRECTION('ref_axis',(1.,-2.50671052041489E-16,0.));
#3200=DIRECTION('',(1.,-2.50671052041489E-16,0.));
#3201=DIRECTION('',(1.,-2.50671052041489E-16,0.));
#3202=DIRECTION('',(0.,0.,1.));
#3203=DIRECTION('center_axis',(0.,0.,1.));
#3204=DIRECTION('ref_axis',(-0.734803444627484,0.678280102733069,0.));
#3205=DIRECTION('center_axis',(0.,0.,1.));
#3206=DIRECTION('ref_axis',(-0.734803444627484,0.678280102733069,0.));
#3207=DIRECTION('center_axis',(0.,0.,1.));
#3208=DIRECTION('ref_axis',(-0.734803444627484,0.678280102733069,0.));
#3209=DIRECTION('',(0.,0.,1.));
#3210=DIRECTION('center_axis',(-0.734803444627486,0.678280102733068,0.));
#3211=DIRECTION('ref_axis',(-0.678280102733068,-0.734803444627486,0.));
#3212=DIRECTION('',(0.678280102733068,0.734803444627486,0.));
#3213=DIRECTION('',(-0.678280102733068,-0.734803444627486,0.));
#3214=DIRECTION('',(0.,0.,1.));
#3215=DIRECTION('center_axis',(0.,0.,1.));
#3216=DIRECTION('ref_axis',(0.734803444627474,-0.678280102733081,0.));
#3217=DIRECTION('center_axis',(0.,0.,1.));
#3218=DIRECTION('ref_axis',(0.734803444627474,-0.678280102733081,0.));
#3219=DIRECTION('center_axis',(0.,0.,-1.));
#3220=DIRECTION('ref_axis',(0.734803444627474,-0.678280102733081,0.));
#3221=DIRECTION('',(0.,0.,1.));
#3222=DIRECTION('center_axis',(0.,-1.,0.));
#3223=DIRECTION('ref_axis',(1.,0.,0.));
#3224=DIRECTION('',(-1.,0.,0.));
#3225=DIRECTION('',(1.,0.,0.));
#3226=DIRECTION('',(0.,0.,1.));
#3227=DIRECTION('center_axis',(0.,0.,1.));
#3228=DIRECTION('ref_axis',(-7.40148683083437E-15,1.,0.));
#3229=DIRECTION('center_axis',(0.,0.,1.));
#3230=DIRECTION('ref_axis',(-7.40148683083437E-15,1.,0.));
#3231=DIRECTION('center_axis',(0.,0.,-1.));
#3232=DIRECTION('ref_axis',(-7.40148683083437E-15,1.,0.));
#3233=DIRECTION('',(0.,0.,1.));
#3234=DIRECTION('center_axis',(0.734803444627488,0.678280102733066,0.));
#3235=DIRECTION('ref_axis',(-0.678280102733066,0.734803444627487,0.));
#3236=DIRECTION('',(0.678280102733066,-0.734803444627487,0.));
#3237=DIRECTION('',(-0.678280102733066,0.734803444627487,0.));
#3238=DIRECTION('',(0.,0.,1.));
#3239=DIRECTION('center_axis',(0.,0.,1.));
#3240=DIRECTION('ref_axis',(1.11022302462514E-14,-1.,0.));
#3241=DIRECTION('center_axis',(0.,0.,1.));
#3242=DIRECTION('ref_axis',(1.11022302462514E-14,-1.,0.));
#3243=DIRECTION('center_axis',(0.,0.,1.));
#3244=DIRECTION('ref_axis',(1.11022302462514E-14,-1.,0.));
#3245=DIRECTION('',(0.,0.,1.));
#3246=DIRECTION('center_axis',(3.1816089158113E-16,-1.,0.));
#3247=DIRECTION('ref_axis',(1.,3.1816089158113E-16,0.));
#3248=DIRECTION('',(-1.,-3.1816089158113E-16,0.));
#3249=DIRECTION('',(1.,3.1816089158113E-16,0.));
#3250=DIRECTION('',(0.,0.,1.));
#3251=DIRECTION('center_axis',(1.,5.25051806699926E-16,0.));
#3252=DIRECTION('ref_axis',(-5.25051806699926E-16,1.,0.));
#3253=DIRECTION('',(5.25051806699926E-16,-1.,0.));
#3254=DIRECTION('',(-5.25051806699926E-16,1.,0.));
#3255=DIRECTION('',(0.,0.,1.));
#3256=DIRECTION('center_axis',(0.,0.,1.));
#3257=DIRECTION('ref_axis',(-0.678280102733058,-0.734803444627495,0.));
#3258=DIRECTION('center_axis',(0.,0.,1.));
#3259=DIRECTION('ref_axis',(-0.678280102733058,-0.734803444627495,0.));
#3260=DIRECTION('center_axis',(0.,0.,1.));
#3261=DIRECTION('ref_axis',(-0.678280102733058,-0.734803444627495,0.));
#3262=DIRECTION('',(0.,0.,1.));
#3263=DIRECTION('center_axis',(-0.678280102733067,-0.734803444627487,0.));
#3264=DIRECTION('ref_axis',(0.734803444627487,-0.678280102733067,0.));
#3265=DIRECTION('',(0.734803444627487,-0.678280102733067,0.));
#3266=DIRECTION('',(0.734803444627487,-0.678280102733067,0.));
#3267=DIRECTION('',(0.,0.,1.));
#3268=DIRECTION('center_axis',(0.,0.,1.));
#3269=DIRECTION('ref_axis',(0.678280102733066,0.734803444627488,0.));
#3270=DIRECTION('center_axis',(0.,0.,1.));
#3271=DIRECTION('ref_axis',(0.678280102733066,0.734803444627488,0.));
#3272=DIRECTION('center_axis',(0.,0.,-1.));
#3273=DIRECTION('ref_axis',(0.678280102733066,0.734803444627488,0.));
#3274=DIRECTION('',(0.,0.,1.));
#3275=DIRECTION('center_axis',(1.,0.,0.));
#3276=DIRECTION('ref_axis',(0.,1.,0.));
#3277=DIRECTION('',(0.,-1.,0.));
#3278=DIRECTION('',(0.,1.,0.));
#3279=DIRECTION('',(0.,0.,1.));
#3280=DIRECTION('center_axis',(0.,0.,1.));
#3281=DIRECTION('ref_axis',(-1.,5.55111512312578E-15,0.));
#3282=DIRECTION('center_axis',(0.,0.,1.));
#3283=DIRECTION('ref_axis',(-1.,5.55111512312578E-15,0.));
#3284=DIRECTION('center_axis',(0.,0.,-1.));
#3285=DIRECTION('ref_axis',(-1.,5.55111512312578E-15,0.));
#3286=DIRECTION('',(0.,0.,1.));
#3287=DIRECTION('center_axis',(-0.678280102733067,0.734803444627487,0.));
#3288=DIRECTION('ref_axis',(-0.734803444627487,-0.678280102733067,0.));
#3289=DIRECTION('',(0.734803444627487,0.678280102733067,0.));
#3290=DIRECTION('',(-0.734803444627487,-0.678280102733067,0.));
#3291=DIRECTION('',(0.,0.,1.));
#3292=DIRECTION('center_axis',(0.,0.,1.));
#3293=DIRECTION('ref_axis',(1.,6.93889390390715E-15,0.));
#3294=DIRECTION('center_axis',(0.,0.,1.));
#3295=DIRECTION('ref_axis',(1.,6.93889390390715E-15,0.));
#3296=DIRECTION('center_axis',(0.,0.,1.));
#3297=DIRECTION('ref_axis',(1.,6.93889390390715E-15,0.));
#3298=DIRECTION('',(0.,0.,1.));
#3299=DIRECTION('center_axis',(1.,-5.75393418895788E-16,0.));
#3300=DIRECTION('ref_axis',(5.75393418895788E-16,1.,0.));
#3301=DIRECTION('',(-5.75393418895788E-16,-1.,0.));
#3302=DIRECTION('',(5.75393418895788E-16,1.,0.));
#3303=DIRECTION('',(0.,0.,1.));
#3304=DIRECTION('center_axis',(0.,0.,1.));
#3305=DIRECTION('ref_axis',(-0.678608216095471,-0.734500435022147,0.));
#3306=DIRECTION('center_axis',(0.,0.,1.));
#3307=DIRECTION('ref_axis',(-0.678608216095471,-0.734500435022147,0.));
#3308=DIRECTION('center_axis',(0.,0.,1.));
#3309=DIRECTION('ref_axis',(-0.678608216095471,-0.734500435022147,0.));
#3310=DIRECTION('',(0.,0.,1.));
#3311=DIRECTION('center_axis',(-0.678608216095469,-0.734500435022148,0.));
#3312=DIRECTION('ref_axis',(0.734500435022148,-0.678608216095469,0.));
#3313=DIRECTION('',(0.734500435022148,-0.678608216095469,0.));
#3314=DIRECTION('',(0.734500435022148,-0.678608216095469,0.));
#3315=DIRECTION('',(0.,0.,1.));
#3316=DIRECTION('center_axis',(0.,0.,1.));
#3317=DIRECTION('ref_axis',(0.678608216095471,0.734500435022147,0.));
#3318=DIRECTION('center_axis',(0.,0.,1.));
#3319=DIRECTION('ref_axis',(0.678608216095471,0.734500435022147,0.));
#3320=DIRECTION('center_axis',(0.,0.,-1.));
#3321=DIRECTION('ref_axis',(0.678608216095471,0.734500435022147,0.));
#3322=DIRECTION('',(0.,0.,1.));
#3323=DIRECTION('center_axis',(1.,0.,0.));
#3324=DIRECTION('ref_axis',(0.,1.,0.));
#3325=DIRECTION('',(0.,1.,0.));
#3326=DIRECTION('',(0.,1.,0.));
#3327=DIRECTION('',(0.,0.,1.));
#3328=DIRECTION('center_axis',(0.,0.,1.));
#3329=DIRECTION('ref_axis',(-1.,0.,0.));
#3330=DIRECTION('center_axis',(0.,0.,1.));
#3331=DIRECTION('ref_axis',(-1.,0.,0.));
#3332=DIRECTION('center_axis',(0.,0.,-1.));
#3333=DIRECTION('ref_axis',(-1.,0.,0.));
#3334=DIRECTION('',(0.,0.,1.));
#3335=DIRECTION('center_axis',(-0.678280102733067,0.734803444627486,0.));
#3336=DIRECTION('ref_axis',(-0.734803444627486,-0.678280102733067,0.));
#3337=DIRECTION('',(0.734803444627486,0.678280102733067,0.));
#3338=DIRECTION('',(-0.734803444627486,-0.678280102733067,0.));
#3339=DIRECTION('',(0.,0.,1.));
#3340=DIRECTION('center_axis',(0.,0.,1.));
#3341=DIRECTION('ref_axis',(1.,1.11022302462514E-14,0.));
#3342=DIRECTION('center_axis',(0.,0.,1.));
#3343=DIRECTION('ref_axis',(1.,1.11022302462514E-14,0.));
#3344=DIRECTION('center_axis',(0.,0.,1.));
#3345=DIRECTION('ref_axis',(1.,1.11022302462514E-14,0.));
#3346=DIRECTION('center_axis',(0.,0.,1.));
#3347=DIRECTION('ref_axis',(1.,0.,0.));
#3348=DIRECTION('center_axis',(0.,0.,1.));
#3349=DIRECTION('ref_axis',(1.,0.,0.));
#3350=CARTESIAN_POINT('',(0.,0.,0.));
#3351=CARTESIAN_POINT('Origin',(-1.77635683940025E-14,0.,-9.));
#3352=CARTESIAN_POINT('',(-17.7160149220805,-54.3,-9.));
#3353=CARTESIAN_POINT('',(-18.3038576777824,-52.9573759178135,-9.));
#3354=CARTESIAN_POINT('Origin',(-17.7160149220804,-53.5,-9.));
#3355=CARTESIAN_POINT('',(-15.4022209443666,-49.8139361232797,-9.));
#3356=CARTESIAN_POINT('',(-18.3038576777824,-52.9573759178135,-9.));
#3357=CARTESIAN_POINT('',(-16.2839850779195,-47.8,-9.));
#3358=CARTESIAN_POINT('Origin',(-16.2839850779195,-49.,-9.));
#3359=CARTESIAN_POINT('',(-43.7160149220804,-47.8,-9.));
#3360=CARTESIAN_POINT('',(-16.2839850779195,-47.8,-9.));
#3361=CARTESIAN_POINT('',(-44.5977790556334,-49.8139361232797,-9.));
#3362=CARTESIAN_POINT('Origin',(-43.7160149220804,-49.,-9.));
#3363=CARTESIAN_POINT('',(-41.6961423222176,-52.9573759178135,-9.));
#3364=CARTESIAN_POINT('',(-44.5977790556334,-49.8139361232797,-9.));
#3365=CARTESIAN_POINT('',(-42.2839850779196,-54.3,-9.));
#3366=CARTESIAN_POINT('Origin',(-42.2839850779196,-53.5,-9.));
#3367=CARTESIAN_POINT('',(-70.,-54.3,-9.));
#3368=CARTESIAN_POINT('',(-42.2839850779196,-54.3,-9.));
#3369=CARTESIAN_POINT('',(-70.,-32.2839850779196,-9.));
#3370=CARTESIAN_POINT('',(-70.,-32.2839850779196,-9.));
#3371=CARTESIAN_POINT('',(-71.6782801027331,-31.5491816332921,-9.));
#3372=CARTESIAN_POINT('Origin',(-71.,-32.2839850779196,-9.));
#3373=CARTESIAN_POINT('',(-74.8217198972669,-34.4508183667079,-9.));
#3374=CARTESIAN_POINT('',(-74.8217198972669,-34.4508183667079,-9.));
#3375=CARTESIAN_POINT('',(-76.5,-33.7160149220805,-9.));
#3376=CARTESIAN_POINT('Origin',(-75.5,-33.7160149220805,-9.));
#3377=CARTESIAN_POINT('',(-76.5,-6.28537402574153,-9.));
#3378=CARTESIAN_POINT('',(-76.5,-33.7160149220805,-9.));
#3379=CARTESIAN_POINT('',(-74.8213917839045,-5.55087359071939,-9.));
#3380=CARTESIAN_POINT('Origin',(-75.5,-6.28537402574154,-9.));
#3381=CARTESIAN_POINT('',(-71.6786082160955,-8.45450529579897,-9.));
#3382=CARTESIAN_POINT('',(-74.8213917839045,-5.55087359071938,-9.));
#3383=CARTESIAN_POINT('',(-70.,-7.72000486077682,-9.));
#3384=CARTESIAN_POINT('Origin',(-71.,-7.72000486077682,-9.));
#3385=CARTESIAN_POINT('',(-70.,7.71601492208044,-9.));
#3386=CARTESIAN_POINT('',(-70.,4.,-9.));
#3387=CARTESIAN_POINT('',(-71.6782801027331,8.45081836670794,-9.));
#3388=CARTESIAN_POINT('Origin',(-71.,7.71601492208043,-9.));
#3389=CARTESIAN_POINT('',(-74.8217198972669,5.54918163329205,-9.));
#3390=CARTESIAN_POINT('',(-74.8217198972669,5.54918163329205,-9.));
#3391=CARTESIAN_POINT('',(-76.5,6.28398507791955,-9.));
#3392=CARTESIAN_POINT('Origin',(-75.5,6.28398507791954,-9.));
#3393=CARTESIAN_POINT('',(-76.5,33.7160149220805,-9.));
#3394=CARTESIAN_POINT('',(-76.5,33.7160149220805,-9.));
#3395=CARTESIAN_POINT('',(-74.8217198972669,34.4508183667079,-9.));
#3396=CARTESIAN_POINT('Origin',(-75.5,33.7160149220805,-9.));
#3397=CARTESIAN_POINT('',(-71.6782801027331,31.5491816332921,-9.));
#3398=CARTESIAN_POINT('',(-74.8217198972669,34.4508183667079,-9.));
#3399=CARTESIAN_POINT('',(-70.,32.2839850779196,-9.));
#3400=CARTESIAN_POINT('Origin',(-71.,32.2839850779196,-9.));
#3401=CARTESIAN_POINT('',(-70.,49.,-9.));
#3402=CARTESIAN_POINT('',(-70.,32.2839850779196,-9.));
#3403=CARTESIAN_POINT('',(-42.2839850779196,49.,-9.));
#3404=CARTESIAN_POINT('',(-42.2839850779196,49.,-9.));
#3405=CARTESIAN_POINT('',(-41.5491816332921,50.6782801027331,-9.));
#3406=CARTESIAN_POINT('Origin',(-42.2839850779196,50.,-9.));
#3407=CARTESIAN_POINT('',(-44.4508183667079,53.8217198972669,-9.));
#3408=CARTESIAN_POINT('',(-44.4508183667079,53.8217198972669,-9.));
#3409=CARTESIAN_POINT('',(-43.7160149220804,55.5,-9.));
#3410=CARTESIAN_POINT('Origin',(-43.7160149220804,54.5,-9.));
#3411=CARTESIAN_POINT('',(-16.2839850779195,55.5,-9.));
#3412=CARTESIAN_POINT('',(-16.2839850779195,55.5,-9.));
#3413=CARTESIAN_POINT('',(-15.5491816332921,53.8217198972669,-9.));
#3414=CARTESIAN_POINT('Origin',(-16.2839850779195,54.5,-9.));
#3415=CARTESIAN_POINT('',(-18.4508183667079,50.6782801027331,-9.));
#3416=CARTESIAN_POINT('',(-18.4508183667079,50.6782801027331,-9.));
#3417=CARTESIAN_POINT('',(-17.7160149220805,49.,-9.));
#3418=CARTESIAN_POINT('Origin',(-17.7160149220804,50.,-9.));
#3419=CARTESIAN_POINT('',(17.7160149220805,49.,-9.));
#3420=CARTESIAN_POINT('',(-17.7160149220805,49.,-9.));
#3421=CARTESIAN_POINT('',(18.4508183667079,50.6782801027331,-9.));
#3422=CARTESIAN_POINT('Origin',(17.7160149220804,50.,-9.));
#3423=CARTESIAN_POINT('',(15.5491816332921,53.8217198972669,-9.));
#3424=CARTESIAN_POINT('',(15.5491816332921,53.8217198972669,-9.));
#3425=CARTESIAN_POINT('',(16.2839850779195,55.5,-9.));
#3426=CARTESIAN_POINT('Origin',(16.2839850779195,54.5,-9.));
#3427=CARTESIAN_POINT('',(43.7160149220804,55.5,-9.));
#3428=CARTESIAN_POINT('',(43.7160149220804,55.5,-9.));
#3429=CARTESIAN_POINT('',(44.4508183667079,53.8217198972669,-9.));
#3430=CARTESIAN_POINT('Origin',(43.7160149220804,54.5,-9.));
#3431=CARTESIAN_POINT('',(41.5491816332921,50.6782801027331,-9.));
#3432=CARTESIAN_POINT('',(44.4508183667079,53.8217198972669,-9.));
#3433=CARTESIAN_POINT('',(42.2839850779196,49.,-9.));
#3434=CARTESIAN_POINT('Origin',(42.2839850779196,50.,-9.));
#3435=CARTESIAN_POINT('',(75.3,49.,-9.));
#3436=CARTESIAN_POINT('',(42.2839850779196,49.,-9.));
#3437=CARTESIAN_POINT('',(75.3,32.2839850779196,-9.));
#3438=CARTESIAN_POINT('',(75.3,49.,-9.));
#3439=CARTESIAN_POINT('',(73.9573759178136,31.6961423222175,-9.));
#3440=CARTESIAN_POINT('Origin',(74.5,32.2839850779196,-9.));
#3441=CARTESIAN_POINT('',(70.8139361232797,34.5977790556335,-9.));
#3442=CARTESIAN_POINT('',(70.8139361232797,34.5977790556334,-9.));
#3443=CARTESIAN_POINT('',(68.8,33.7160149220805,-9.));
#3444=CARTESIAN_POINT('Origin',(70.,33.7160149220805,-9.));
#3445=CARTESIAN_POINT('',(68.8,6.28398507791955,-9.));
#3446=CARTESIAN_POINT('',(68.8,33.7160149220805,-9.));
#3447=CARTESIAN_POINT('',(70.8139361232797,5.40222094436656,-9.));
#3448=CARTESIAN_POINT('Origin',(70.,6.28398507791954,-9.));
#3449=CARTESIAN_POINT('',(73.9573759178136,8.30385767778243,-9.));
#3450=CARTESIAN_POINT('',(70.8139361232797,5.40222094436655,-9.));
#3451=CARTESIAN_POINT('',(75.3,7.71601492208044,-9.));
#3452=CARTESIAN_POINT('Origin',(74.5,7.71601492208043,-9.));
#3453=CARTESIAN_POINT('',(75.3,-7.72000486077682,-9.));
#3454=CARTESIAN_POINT('',(75.3,7.71601492208044,-9.));
#3455=CARTESIAN_POINT('',(73.9571134271236,-8.30760520879454,-9.));
#3456=CARTESIAN_POINT('Origin',(74.5,-7.72000486077682,-9.));
#3457=CARTESIAN_POINT('',(70.8143298593146,-5.40397350371495,-9.));
#3458=CARTESIAN_POINT('',(70.8143298593146,-5.40397350371495,-9.));
#3459=CARTESIAN_POINT('',(68.8,-6.28537402574153,-9.));
#3460=CARTESIAN_POINT('Origin',(70.,-6.28537402574154,-9.));
#3461=CARTESIAN_POINT('',(68.8,-33.7160149220805,-9.));
#3462=CARTESIAN_POINT('',(68.8,-33.7160149220805,-9.));
#3463=CARTESIAN_POINT('',(70.8139361232797,-34.5977790556334,-9.));
#3464=CARTESIAN_POINT('Origin',(70.,-33.7160149220805,-9.));
#3465=CARTESIAN_POINT('',(73.9573759178135,-31.6961423222176,-9.));
#3466=CARTESIAN_POINT('',(70.8139361232797,-34.5977790556334,-9.));
#3467=CARTESIAN_POINT('',(75.3,-32.2839850779196,-9.));
#3468=CARTESIAN_POINT('Origin',(74.5,-32.2839850779196,-9.));
#3469=CARTESIAN_POINT('',(75.3,-54.3,-9.));
#3470=CARTESIAN_POINT('',(75.3,-32.2839850779196,-9.));
#3471=CARTESIAN_POINT('',(42.2839850779196,-54.3,-9.));
#3472=CARTESIAN_POINT('',(75.3,-54.3,-9.));
#3473=CARTESIAN_POINT('',(41.6961423222176,-52.9573759178135,-9.));
#3474=CARTESIAN_POINT('Origin',(42.2839850779196,-53.5,-9.));
#3475=CARTESIAN_POINT('',(44.5977790556334,-49.8139361232797,-9.));
#3476=CARTESIAN_POINT('',(44.5977790556334,-49.8139361232797,-9.));
#3477=CARTESIAN_POINT('',(43.7160149220804,-47.8,-9.));
#3478=CARTESIAN_POINT('Origin',(43.7160149220804,-49.,-9.));
#3479=CARTESIAN_POINT('',(16.2839850779195,-47.8,-9.));
#3480=CARTESIAN_POINT('',(43.7160149220804,-47.8,-9.));
#3481=CARTESIAN_POINT('',(15.4022209443666,-49.8139361232797,-9.));
#3482=CARTESIAN_POINT('Origin',(16.2839850779195,-49.,-9.));
#3483=CARTESIAN_POINT('',(18.3038576777824,-52.9573759178135,-9.));
#3484=CARTESIAN_POINT('',(15.4022209443666,-49.8139361232797,-9.));
#3485=CARTESIAN_POINT('',(17.7160149220805,-54.3,-9.));
#3486=CARTESIAN_POINT('Origin',(17.7160149220804,-53.5,-9.));
#3487=CARTESIAN_POINT('',(17.7160149220805,-54.3,-9.));
#3488=CARTESIAN_POINT('Origin',(64.,-43.,11.));
#3489=CARTESIAN_POINT('',(-64.,-43.,21.));
#3490=CARTESIAN_POINT('',(64.,-43.,21.));
#3491=CARTESIAN_POINT('',(32.,-43.,21.));
#3492=CARTESIAN_POINT('',(64.,-43.,11.));
#3493=CARTESIAN_POINT('',(64.,-43.,11.));
#3494=CARTESIAN_POINT('',(-64.,-43.,11.));
#3495=CARTESIAN_POINT('',(32.,-43.,11.));
#3496=CARTESIAN_POINT('',(-64.,-43.,11.));
#3497=CARTESIAN_POINT('Origin',(64.,43.,11.));
#3498=CARTESIAN_POINT('',(64.,43.,21.));
#3499=CARTESIAN_POINT('',(64.,21.5,21.));
#3500=CARTESIAN_POINT('',(64.,43.,11.));
#3501=CARTESIAN_POINT('',(64.,43.,11.));
#3502=CARTESIAN_POINT('',(64.,21.5,11.));
#3503=CARTESIAN_POINT('Origin',(-64.,43.,11.));
#3504=CARTESIAN_POINT('',(-64.,43.,21.));
#3505=CARTESIAN_POINT('',(-32.,43.,21.));
#3506=CARTESIAN_POINT('',(-64.,43.,11.));
#3507=CARTESIAN_POINT('',(-64.,43.,11.));
#3508=CARTESIAN_POINT('',(-32.,43.,11.));
#3509=CARTESIAN_POINT('Origin',(-64.,-43.,11.));
#3510=CARTESIAN_POINT('',(-64.,-21.5,21.));
#3511=CARTESIAN_POINT('',(-64.,-21.5,11.));
#3512=CARTESIAN_POINT('Origin',(-0.599999999999996,0.599999999999987,21.));
#3513=CARTESIAN_POINT('',(-17.7160149220805,-54.3,21.));
#3514=CARTESIAN_POINT('',(-18.3038576777824,-52.9573759178135,21.));
#3515=CARTESIAN_POINT('Origin',(-17.7160149220804,-53.5,21.));
#3516=CARTESIAN_POINT('',(17.7160149220805,-54.3,21.));
#3517=CARTESIAN_POINT('',(-9.15800746104022,-54.3,21.));
#3518=CARTESIAN_POINT('',(18.3038576777824,-52.9573759178135,21.));
#3519=CARTESIAN_POINT('Origin',(17.7160149220804,-53.5,21.));
#3520=CARTESIAN_POINT('',(15.4022209443666,-49.8139361232797,21.));
#3521=CARTESIAN_POINT('',(0.608799932128137,-33.7877300266881,21.));
#3522=CARTESIAN_POINT('',(16.2839850779195,-47.8,21.));
#3523=CARTESIAN_POINT('Origin',(16.2839850779195,-49.,21.));
#3524=CARTESIAN_POINT('',(43.7160149220804,-47.8,21.));
#3525=CARTESIAN_POINT('',(7.84199253895978,-47.8,21.));
#3526=CARTESIAN_POINT('',(44.5977790556334,-49.8139361232797,21.));
#3527=CARTESIAN_POINT('Origin',(43.7160149220804,-49.,21.));
#3528=CARTESIAN_POINT('',(41.6961423222176,-52.9573759178135,21.));
#3529=CARTESIAN_POINT('',(46.7640631630142,-47.4671283402839,21.));
#3530=CARTESIAN_POINT('',(42.2839850779196,-54.3,21.));
#3531=CARTESIAN_POINT('Origin',(42.2839850779196,-53.5,21.));
#3532=CARTESIAN_POINT('',(75.3,-54.3,21.));
#3533=CARTESIAN_POINT('',(20.8419925389598,-54.3,21.));
#3534=CARTESIAN_POINT('',(75.3,-32.2839850779196,21.));
#3535=CARTESIAN_POINT('',(75.3,-26.8500000000001,21.));
#3536=CARTESIAN_POINT('',(73.9573759178135,-31.6961423222176,21.));
#3537=CARTESIAN_POINT('Origin',(74.5,-32.2839850779196,21.));
#3538=CARTESIAN_POINT('',(70.8139361232797,-34.5977790556334,21.));
#3539=CARTESIAN_POINT('',(61.8775063845156,-42.8467911221849,21.));
#3540=CARTESIAN_POINT('',(68.8,-33.7160149220804,21.));
#3541=CARTESIAN_POINT('Origin',(70.,-33.7160149220805,21.));
#3542=CARTESIAN_POINT('',(68.8,-6.28537402574153,21.));
#3543=CARTESIAN_POINT('',(68.8,-16.5580074610402,21.));
#3544=CARTESIAN_POINT('',(70.8143298593146,-5.40397350371496,21.));
#3545=CARTESIAN_POINT('Origin',(70.,-6.28537402574154,21.));
#3546=CARTESIAN_POINT('',(73.9571134271236,-8.30760520879454,21.));
#3547=CARTESIAN_POINT('',(50.0543353435631,13.776277688459,21.));
#3548=CARTESIAN_POINT('',(75.3,-7.72000486077682,21.));
#3549=CARTESIAN_POINT('Origin',(74.5,-7.72000486077682,21.));
#3550=CARTESIAN_POINT('',(75.3,7.71601492208044,21.));
#3551=CARTESIAN_POINT('',(75.3,-3.56000243038844,21.));
#3552=CARTESIAN_POINT('',(73.9573759178136,8.30385767778243,21.));
#3553=CARTESIAN_POINT('Origin',(74.5,7.71601492208043,21.));
#3554=CARTESIAN_POINT('',(70.8139361232797,5.40222094436655,21.));
#3555=CARTESIAN_POINT('',(51.9094552663048,-12.0480690774565,21.));
#3556=CARTESIAN_POINT('',(68.8,6.28398507791955,21.));
#3557=CARTESIAN_POINT('Origin',(70.,6.28398507791954,21.));
#3558=CARTESIAN_POINT('',(68.8,33.7160149220805,21.));
#3559=CARTESIAN_POINT('',(68.8,3.44199253895977,21.));
#3560=CARTESIAN_POINT('',(70.8139361232797,34.5977790556334,21.));
#3561=CARTESIAN_POINT('Origin',(70.,33.7160149220805,21.));
#3562=CARTESIAN_POINT('',(73.9573759178136,31.6961423222175,21.));
#3563=CARTESIAN_POINT('',(60.0067449537023,44.573647827551,21.));
#3564=CARTESIAN_POINT('',(75.3,32.2839850779196,21.));
#3565=CARTESIAN_POINT('Origin',(74.5,32.2839850779196,21.));
#3566=CARTESIAN_POINT('',(75.3,49.,21.));
#3567=CARTESIAN_POINT('',(75.3,16.4419925389598,21.));
#3568=CARTESIAN_POINT('',(42.2839850779196,49.,21.));
#3569=CARTESIAN_POINT('',(37.35,49.,21.));
#3570=CARTESIAN_POINT('',(41.5491816332921,50.6782801027331,21.));
#3571=CARTESIAN_POINT('Origin',(42.2839850779196,50.,21.));
#3572=CARTESIAN_POINT('',(44.4508183667079,53.8217198972669,21.));
#3573=CARTESIAN_POINT('',(19.3739518390102,26.6551144922612,21.));
#3574=CARTESIAN_POINT('',(43.7160149220804,55.5,21.));
#3575=CARTESIAN_POINT('Origin',(43.7160149220804,54.5,21.));
#3576=CARTESIAN_POINT('',(16.2839850779195,55.5,21.));
#3577=CARTESIAN_POINT('',(21.5580074610402,55.5,21.));
#3578=CARTESIAN_POINT('',(15.5491816332921,53.8217198972669,21.));
#3579=CARTESIAN_POINT('Origin',(16.2839850779195,54.5,21.));
#3580=CARTESIAN_POINT('',(18.4508183667079,50.6782801027331,21.));
#3581=CARTESIAN_POINT('',(25.0972745227163,43.4779526003907,21.));
#3582=CARTESIAN_POINT('',(17.7160149220805,49.,21.));
#3583=CARTESIAN_POINT('Origin',(17.7160149220804,50.,21.));
#3584=CARTESIAN_POINT('',(-17.7160149220805,49.,21.));
#3585=CARTESIAN_POINT('',(8.55800746104023,49.,21.));
#3586=CARTESIAN_POINT('',(-18.4508183667079,50.6782801027331,21.));
#3587=CARTESIAN_POINT('Origin',(-17.7160149220804,50.,21.));
#3588=CARTESIAN_POINT('',(-15.5491816332921,53.8217198972669,21.));
#3589=CARTESIAN_POINT('',(-26.8241312280824,41.6071911695774,21.));
#3590=CARTESIAN_POINT('',(-16.2839850779195,55.5,21.));
#3591=CARTESIAN_POINT('Origin',(-16.2839850779195,54.5,21.));
#3592=CARTESIAN_POINT('',(-43.7160149220804,55.5,21.));
#3593=CARTESIAN_POINT('',(-8.44199253895977,55.5,21.));
#3594=CARTESIAN_POINT('',(-44.4508183667079,53.8217198972669,21.));
#3595=CARTESIAN_POINT('Origin',(-43.7160149220804,54.5,21.));
#3596=CARTESIAN_POINT('',(-41.5491816332921,50.6782801027331,21.));
#3597=CARTESIAN_POINT('',(-21.1008085443763,28.5258759230744,21.));
#3598=CARTESIAN_POINT('',(-42.2839850779196,49.,21.));
#3599=CARTESIAN_POINT('Origin',(-42.2839850779196,50.,21.));
#3600=CARTESIAN_POINT('',(-70.,49.,21.));
#3601=CARTESIAN_POINT('',(-21.4419925389598,49.,21.));
#3602=CARTESIAN_POINT('',(-70.,32.2839850779196,21.));
#3603=CARTESIAN_POINT('',(-70.,24.8,21.));
#3604=CARTESIAN_POINT('',(-71.6782801027331,31.5491816332921,21.));
#3605=CARTESIAN_POINT('Origin',(-71.,32.2839850779196,21.));
#3606=CARTESIAN_POINT('',(-74.8217198972669,34.4508183667079,21.));
#3607=CARTESIAN_POINT('',(-44.7768397318778,6.71708282942555,21.));
#3608=CARTESIAN_POINT('',(-76.5,33.7160149220804,21.));
#3609=CARTESIAN_POINT('Origin',(-75.5,33.7160149220805,21.));
#3610=CARTESIAN_POINT('',(-76.5,6.28398507791955,21.));
#3611=CARTESIAN_POINT('',(-76.5,17.1580074610402,21.));
#3612=CARTESIAN_POINT('',(-74.8217198972669,5.54918163329206,21.));
#3613=CARTESIAN_POINT('Origin',(-75.5,6.28398507791954,21.));
#3614=CARTESIAN_POINT('',(-71.6782801027331,8.45081836670794,21.));
#3615=CARTESIAN_POINT('',(-56.0175692138092,22.9068591872531,21.));
#3616=CARTESIAN_POINT('',(-70.,7.71601492208044,21.));
#3617=CARTESIAN_POINT('Origin',(-71.,7.71601492208043,21.));
#3618=CARTESIAN_POINT('',(-70.,-7.72000486077682,21.));
#3619=CARTESIAN_POINT('',(-70.,4.15800746104021,21.));
#3620=CARTESIAN_POINT('',(-71.6786082160955,-8.45450529579897,21.));
#3621=CARTESIAN_POINT('Origin',(-71.,-7.72000486077682,21.));
#3622=CARTESIAN_POINT('',(-74.8213917839045,-5.55087359071939,21.));
#3623=CARTESIAN_POINT('',(-54.7620323375296,-24.0838049286183,21.));
#3624=CARTESIAN_POINT('',(-76.5,-6.28537402574153,21.));
#3625=CARTESIAN_POINT('Origin',(-75.5,-6.28537402574154,21.));
#3626=CARTESIAN_POINT('',(-76.5,-33.7160149220804,21.));
#3627=CARTESIAN_POINT('',(-76.5,-2.84268701287077,21.));
#3628=CARTESIAN_POINT('',(-74.8217198972669,-34.4508183667079,21.));
#3629=CARTESIAN_POINT('Origin',(-75.5,-33.7160149220805,21.));
#3630=CARTESIAN_POINT('',(-71.6782801027331,-31.5491816332921,21.));
#3631=CARTESIAN_POINT('',(-46.0495180955984,-7.89186285747535,21.));
#3632=CARTESIAN_POINT('',(-70.,-32.2839850779196,21.));
#3633=CARTESIAN_POINT('Origin',(-71.,-32.2839850779196,21.));
#3634=CARTESIAN_POINT('',(-70.,-54.3,21.));
#3635=CARTESIAN_POINT('',(-70.,-15.8419925389598,21.));
#3636=CARTESIAN_POINT('',(-42.2839850779196,-54.3,21.));
#3637=CARTESIAN_POINT('',(-35.3,-54.3,21.));
#3638=CARTESIAN_POINT('',(-41.6961423222176,-52.9573759178135,21.));
#3639=CARTESIAN_POINT('Origin',(-42.2839850779196,-53.5,21.));
#3640=CARTESIAN_POINT('',(-44.5977790556334,-49.8139361232797,21.));
#3641=CARTESIAN_POINT('',(-45.5892831349645,-48.7398067040044,21.));
#3642=CARTESIAN_POINT('',(-43.7160149220804,-47.8,21.));
#3643=CARTESIAN_POINT('Origin',(-43.7160149220804,-49.,21.));
#3644=CARTESIAN_POINT('',(-16.2839850779195,-47.8,21.));
#3645=CARTESIAN_POINT('',(-22.1580074610402,-47.8,21.));
#3646=CARTESIAN_POINT('',(-15.4022209443666,-49.8139361232797,21.));
#3647=CARTESIAN_POINT('Origin',(-16.2839850779195,-49.,21.));
#3648=CARTESIAN_POINT('',(0.565980095921651,-32.5150516629675,21.));
#3649=CARTESIAN_POINT('Origin',(17.7160149220805,49.,0.));
#3650=CARTESIAN_POINT('',(17.7160149220805,49.,0.));
#3651=CARTESIAN_POINT('',(-17.7160149220805,49.,0.));
#3652=CARTESIAN_POINT('Origin',(17.7160149220804,50.,0.));
#3653=CARTESIAN_POINT('',(18.4508183667079,50.6782801027331,0.));
#3654=CARTESIAN_POINT('Origin',(15.5491816332921,53.8217198972669,0.));
#3655=CARTESIAN_POINT('',(15.5491816332921,53.8217198972669,0.));
#3656=CARTESIAN_POINT('Origin',(16.2839850779195,54.5,0.));
#3657=CARTESIAN_POINT('',(16.2839850779195,55.5,0.));
#3658=CARTESIAN_POINT('Origin',(43.7160149220804,55.5,0.));
#3659=CARTESIAN_POINT('',(43.7160149220804,55.5,0.));
#3660=CARTESIAN_POINT('Origin',(43.7160149220804,54.5,0.));
#3661=CARTESIAN_POINT('',(44.4508183667079,53.8217198972669,0.));
#3662=CARTESIAN_POINT('Origin',(41.5491816332921,50.6782801027331,0.));
#3663=CARTESIAN_POINT('',(41.5491816332921,50.6782801027331,0.));
#3664=CARTESIAN_POINT('Origin',(42.2839850779196,50.,0.));
#3665=CARTESIAN_POINT('',(42.2839850779196,49.,0.));
#3666=CARTESIAN_POINT('Origin',(75.3,49.,0.));
#3667=CARTESIAN_POINT('',(75.3,49.,0.));
#3668=CARTESIAN_POINT('Origin',(75.3,32.2839850779196,0.));
#3669=CARTESIAN_POINT('',(75.3,32.2839850779196,0.));
#3670=CARTESIAN_POINT('Origin',(74.5,32.2839850779196,0.));
#3671=CARTESIAN_POINT('',(73.9573759178136,31.6961423222175,0.));
#3672=CARTESIAN_POINT('Origin',(70.8139361232797,34.5977790556334,0.));
#3673=CARTESIAN_POINT('',(70.8139361232797,34.5977790556334,0.));
#3674=CARTESIAN_POINT('Origin',(70.,33.7160149220805,0.));
#3675=CARTESIAN_POINT('',(68.8,33.7160149220805,0.));
#3676=CARTESIAN_POINT('Origin',(68.8,6.28398507791955,0.));
#3677=CARTESIAN_POINT('',(68.8,6.28398507791955,0.));
#3678=CARTESIAN_POINT('Origin',(70.,6.28398507791954,0.));
#3679=CARTESIAN_POINT('',(70.8139361232797,5.40222094436655,0.));
#3680=CARTESIAN_POINT('Origin',(73.9573759178136,8.30385767778243,0.));
#3681=CARTESIAN_POINT('',(73.9573759178136,8.30385767778244,0.));
#3682=CARTESIAN_POINT('Origin',(74.5,7.71601492208043,0.));
#3683=CARTESIAN_POINT('',(75.3,7.71601492208044,0.));
#3684=CARTESIAN_POINT('Origin',(75.3,-7.72000486077682,0.));
#3685=CARTESIAN_POINT('',(75.3,-7.72000486077682,0.));
#3686=CARTESIAN_POINT('Origin',(74.5,-7.72000486077682,0.));
#3687=CARTESIAN_POINT('',(73.9571134271236,-8.30760520879454,0.));
#3688=CARTESIAN_POINT('Origin',(70.8143298593146,-5.40397350371495,0.));
#3689=CARTESIAN_POINT('',(70.8143298593146,-5.40397350371495,0.));
#3690=CARTESIAN_POINT('Origin',(70.,-6.28537402574154,0.));
#3691=CARTESIAN_POINT('',(68.8,-6.28537402574153,0.));
#3692=CARTESIAN_POINT('Origin',(68.8,-33.7160149220805,0.));
#3693=CARTESIAN_POINT('',(68.8,-33.7160149220805,0.));
#3694=CARTESIAN_POINT('Origin',(70.,-33.7160149220805,0.));
#3695=CARTESIAN_POINT('',(70.8139361232797,-34.5977790556334,0.));
#3696=CARTESIAN_POINT('Origin',(73.9573759178136,-31.6961423222176,0.));
#3697=CARTESIAN_POINT('',(73.9573759178135,-31.6961423222176,0.));
#3698=CARTESIAN_POINT('Origin',(74.5,-32.2839850779196,0.));
#3699=CARTESIAN_POINT('',(75.3,-32.2839850779196,0.));
#3700=CARTESIAN_POINT('Origin',(75.3,-54.3,0.));
#3701=CARTESIAN_POINT('',(75.3,-54.3,0.));
#3702=CARTESIAN_POINT('Origin',(42.2839850779196,-54.3,0.));
#3703=CARTESIAN_POINT('',(42.2839850779196,-54.3,0.));
#3704=CARTESIAN_POINT('Origin',(42.2839850779196,-53.5,0.));
#3705=CARTESIAN_POINT('',(41.6961423222176,-52.9573759178135,0.));
#3706=CARTESIAN_POINT('Origin',(44.5977790556334,-49.8139361232797,0.));
#3707=CARTESIAN_POINT('',(44.5977790556334,-49.8139361232797,0.));
#3708=CARTESIAN_POINT('Origin',(43.7160149220804,-49.,0.));
#3709=CARTESIAN_POINT('',(43.7160149220804,-47.8,0.));
#3710=CARTESIAN_POINT('Origin',(16.2839850779195,-47.8,0.));
#3711=CARTESIAN_POINT('',(16.2839850779195,-47.8,0.));
#3712=CARTESIAN_POINT('Origin',(16.2839850779195,-49.,0.));
#3713=CARTESIAN_POINT('',(15.4022209443666,-49.8139361232797,0.));
#3714=CARTESIAN_POINT('Origin',(18.3038576777824,-52.9573759178135,0.));
#3715=CARTESIAN_POINT('',(18.3038576777824,-52.9573759178135,0.));
#3716=CARTESIAN_POINT('Origin',(17.7160149220804,-53.5,0.));
#3717=CARTESIAN_POINT('',(17.7160149220805,-54.3,0.));
#3718=CARTESIAN_POINT('Origin',(-1.77635683940025E-14,0.,11.));
#3719=CARTESIAN_POINT('Origin',(-15.4022209443666,-49.8139361232797,0.));
#3720=CARTESIAN_POINT('',(-15.4022209443666,-49.8139361232797,0.));
#3721=CARTESIAN_POINT('',(-18.3038576777824,-52.9573759178135,0.));
#3722=CARTESIAN_POINT('Origin',(-16.2839850779195,-49.,0.));
#3723=CARTESIAN_POINT('',(-16.2839850779195,-47.8,0.));
#3724=CARTESIAN_POINT('Origin',(-43.7160149220804,-47.8,0.));
#3725=CARTESIAN_POINT('',(-43.7160149220804,-47.8,0.));
#3726=CARTESIAN_POINT('Origin',(-43.7160149220804,-49.,0.));
#3727=CARTESIAN_POINT('',(-44.5977790556334,-49.8139361232797,0.));
#3728=CARTESIAN_POINT('Origin',(-41.6961423222176,-52.9573759178135,0.));
#3729=CARTESIAN_POINT('',(-41.6961423222176,-52.9573759178135,0.));
#3730=CARTESIAN_POINT('Origin',(-42.2839850779196,-53.5,0.));
#3731=CARTESIAN_POINT('',(-42.2839850779196,-54.3,0.));
#3732=CARTESIAN_POINT('Origin',(-70.,-54.3,0.));
#3733=CARTESIAN_POINT('',(-70.,-54.3,0.));
#3734=CARTESIAN_POINT('Origin',(-70.,-32.2839850779196,0.));
#3735=CARTESIAN_POINT('',(-70.,-32.2839850779196,0.));
#3736=CARTESIAN_POINT('Origin',(-71.,-32.2839850779196,0.));
#3737=CARTESIAN_POINT('',(-71.6782801027331,-31.5491816332921,0.));
#3738=CARTESIAN_POINT('Origin',(-74.8217198972669,-34.4508183667079,0.));
#3739=CARTESIAN_POINT('',(-74.8217198972669,-34.4508183667079,0.));
#3740=CARTESIAN_POINT('Origin',(-75.5,-33.7160149220805,0.));
#3741=CARTESIAN_POINT('',(-76.5,-33.7160149220805,0.));
#3742=CARTESIAN_POINT('Origin',(-76.5,-6.28537402574153,0.));
#3743=CARTESIAN_POINT('',(-76.5,-6.28537402574153,0.));
#3744=CARTESIAN_POINT('Origin',(-75.5,-6.28537402574154,0.));
#3745=CARTESIAN_POINT('',(-74.8213917839045,-5.55087359071938,0.));
#3746=CARTESIAN_POINT('Origin',(-71.6786082160955,-8.45450529579897,0.));
#3747=CARTESIAN_POINT('',(-71.6786082160955,-8.45450529579897,0.));
#3748=CARTESIAN_POINT('Origin',(-71.,-7.72000486077682,0.));
#3749=CARTESIAN_POINT('',(-70.,-7.72000486077682,0.));
#3750=CARTESIAN_POINT('Origin',(-70.,7.71601492208044,0.));
#3751=CARTESIAN_POINT('',(-70.,7.71601492208044,0.));
#3752=CARTESIAN_POINT('Origin',(-71.,7.71601492208043,0.));
#3753=CARTESIAN_POINT('',(-71.6782801027331,8.45081836670793,0.));
#3754=CARTESIAN_POINT('Origin',(-74.8217198972669,5.54918163329205,0.));
#3755=CARTESIAN_POINT('',(-74.8217198972669,5.54918163329205,0.));
#3756=CARTESIAN_POINT('Origin',(-75.5,6.28398507791954,0.));
#3757=CARTESIAN_POINT('',(-76.5,6.28398507791955,0.));
#3758=CARTESIAN_POINT('Origin',(-76.5,33.7160149220804,0.));
#3759=CARTESIAN_POINT('',(-76.5,33.7160149220804,0.));
#3760=CARTESIAN_POINT('Origin',(-75.5,33.7160149220805,0.));
#3761=CARTESIAN_POINT('',(-74.8217198972669,34.4508183667079,0.));
#3762=CARTESIAN_POINT('Origin',(-71.6782801027331,31.5491816332921,0.));
#3763=CARTESIAN_POINT('',(-71.6782801027331,31.5491816332921,0.));
#3764=CARTESIAN_POINT('Origin',(-71.,32.2839850779196,0.));
#3765=CARTESIAN_POINT('',(-70.,32.2839850779196,0.));
#3766=CARTESIAN_POINT('Origin',(-70.,49.,0.));
#3767=CARTESIAN_POINT('',(-70.,49.,0.));
#3768=CARTESIAN_POINT('Origin',(-42.2839850779196,49.,0.));
#3769=CARTESIAN_POINT('',(-42.2839850779196,49.,0.));
#3770=CARTESIAN_POINT('Origin',(-42.2839850779196,50.,0.));
#3771=CARTESIAN_POINT('',(-41.5491816332921,50.6782801027331,0.));
#3772=CARTESIAN_POINT('Origin',(-44.4508183667079,53.8217198972669,0.));
#3773=CARTESIAN_POINT('',(-44.4508183667079,53.8217198972669,0.));
#3774=CARTESIAN_POINT('Origin',(-43.7160149220804,54.5,0.));
#3775=CARTESIAN_POINT('',(-43.7160149220804,55.5,0.));
#3776=CARTESIAN_POINT('Origin',(-16.2839850779195,55.5,0.));
#3777=CARTESIAN_POINT('',(-16.2839850779195,55.5,0.));
#3778=CARTESIAN_POINT('Origin',(-16.2839850779195,54.5,0.));
#3779=CARTESIAN_POINT('',(-15.5491816332921,53.8217198972669,0.));
#3780=CARTESIAN_POINT('Origin',(-18.4508183667079,50.6782801027331,0.));
#3781=CARTESIAN_POINT('',(-18.4508183667079,50.6782801027331,0.));
#3782=CARTESIAN_POINT('Origin',(-17.7160149220804,50.,0.));
#3783=CARTESIAN_POINT('Origin',(-17.7160149220805,-54.3,0.));
#3784=CARTESIAN_POINT('',(-17.7160149220805,-54.3,0.));
#3785=CARTESIAN_POINT('Origin',(-17.7160149220804,-53.5,0.));
#3786=CARTESIAN_POINT('Origin',(-85.2312815092427,8.10717605431154,0.));
#3787=CARTESIAN_POINT('',(-86.9812815092427,8.10717605431153,4.));
#3788=CARTESIAN_POINT('Origin',(-85.2312815092427,8.10717605431154,4.));
#3789=CARTESIAN_POINT('',(-86.9812815092427,8.10717605431153,0.));
#3790=CARTESIAN_POINT('',(-86.9812815092427,8.10717605431154,0.));
#3791=CARTESIAN_POINT('Origin',(-85.2312815092427,8.10717605431154,0.));
#3792=CARTESIAN_POINT('Origin',(-85.2312815092427,8.10717605431154,4.));
#3793=CARTESIAN_POINT('',(-88.7312815092427,8.10717605431153,4.));
#3794=CARTESIAN_POINT('Origin',(-85.2312815092427,8.10717605431154,4.));
#3795=CARTESIAN_POINT('Origin',(-85.2312815092427,63.7081735389856,0.));
#3796=CARTESIAN_POINT('',(-86.9812815092427,63.7081735389856,4.));
#3797=CARTESIAN_POINT('Origin',(-85.2312815092427,63.7081735389856,4.));
#3798=CARTESIAN_POINT('',(-86.9812815092427,63.7081735389856,0.));
#3799=CARTESIAN_POINT('',(-86.9812815092427,63.7081735389856,0.));
#3800=CARTESIAN_POINT('Origin',(-85.2312815092427,63.7081735389856,0.));
#3801=CARTESIAN_POINT('Origin',(-85.2312815092427,63.7081735389856,4.));
#3802=CARTESIAN_POINT('',(-88.7312815092427,63.7081735389856,4.));
#3803=CARTESIAN_POINT('Origin',(-85.2312815092427,63.7081735389856,4.));
#3804=CARTESIAN_POINT('Origin',(-8.63128150924272,63.7081735389856,0.));
#3805=CARTESIAN_POINT('',(-10.3812815092427,63.7081735389856,4.));
#3806=CARTESIAN_POINT('Origin',(-8.63128150924272,63.7081735389856,4.));
#3807=CARTESIAN_POINT('',(-10.3812815092427,63.7081735389856,0.));
#3808=CARTESIAN_POINT('',(-10.3812815092427,63.7081735389856,0.));
#3809=CARTESIAN_POINT('Origin',(-8.63128150924272,63.7081735389856,0.));
#3810=CARTESIAN_POINT('Origin',(-8.63128150924272,63.7081735389856,4.));
#3811=CARTESIAN_POINT('',(-12.1312815092427,63.7081735389856,4.));
#3812=CARTESIAN_POINT('Origin',(-8.63128150924272,63.7081735389856,4.));
#3813=CARTESIAN_POINT('Origin',(-85.2312815092427,63.7081735389856,0.));
#3814=CARTESIAN_POINT('',(-88.7312815092427,63.7081735389856,13.));
#3815=CARTESIAN_POINT('Origin',(-85.2312815092427,63.7081735389856,13.));
#3816=CARTESIAN_POINT('',(-88.7312815092427,63.7081735389856,0.));
#3817=CARTESIAN_POINT('Origin',(-8.63128150924272,63.7081735389856,0.));
#3818=CARTESIAN_POINT('',(-12.1312815092427,63.7081735389856,13.));
#3819=CARTESIAN_POINT('Origin',(-8.63128150924272,63.7081735389856,13.));
#3820=CARTESIAN_POINT('',(-12.1312815092427,63.7081735389856,0.));
#3821=CARTESIAN_POINT('Origin',(-85.2312815092427,8.10717605431154,0.));
#3822=CARTESIAN_POINT('',(-88.7312815092427,8.10717605431153,13.));
#3823=CARTESIAN_POINT('Origin',(-85.2312815092427,8.10717605431154,13.));
#3824=CARTESIAN_POINT('',(-88.7312815092427,8.10717605431154,0.));
#3825=CARTESIAN_POINT('Origin',(-78.8312815092427,-46.1918264610144,0.));
#3826=CARTESIAN_POINT('',(-78.8312815092427,-46.1918264610144,0.));
#3827=CARTESIAN_POINT('',(-78.8312815092427,-24.1758115389339,0.));
#3828=CARTESIAN_POINT('',(-78.8312815092427,-46.1918264610144,0.));
#3829=CARTESIAN_POINT('',(-78.8312815092427,-24.1758115389339,13.));
#3830=CARTESIAN_POINT('',(-78.8312815092427,-24.1758115389339,0.));
#3831=CARTESIAN_POINT('',(-78.8312815092427,-46.1918264610144,13.));
#3832=CARTESIAN_POINT('',(-78.8312815092427,-46.1918264610144,13.));
#3833=CARTESIAN_POINT('',(-78.8312815092427,-46.1918264610144,0.));
#3834=CARTESIAN_POINT('Origin',(-91.6312815092427,-46.1918264610144,0.));
#3835=CARTESIAN_POINT('',(-91.6312815092427,-46.1918264610144,0.));
#3836=CARTESIAN_POINT('',(-78.8312815092427,-46.1918264610144,0.));
#3837=CARTESIAN_POINT('',(-91.6312815092427,-46.1918264610144,13.));
#3838=CARTESIAN_POINT('',(-78.8312815092427,-46.1918264610144,13.));
#3839=CARTESIAN_POINT('',(-91.6312815092427,-46.1918264610144,0.));
#3840=CARTESIAN_POINT('Origin',(-91.6312815092427,71.2862481719228,0.));
#3841=CARTESIAN_POINT('',(-91.6312815092427,71.2862481719228,0.));
#3842=CARTESIAN_POINT('',(-91.6312815092427,71.2862481719228,0.));
#3843=CARTESIAN_POINT('',(-91.6312815092427,71.2862481719228,13.));
#3844=CARTESIAN_POINT('',(-91.6312815092427,71.2862481719228,13.));
#3845=CARTESIAN_POINT('',(-91.6312815092427,71.2862481719228,0.));
#3846=CARTESIAN_POINT('Origin',(66.6687184907573,71.2862481719228,0.));
#3847=CARTESIAN_POINT('',(66.6687184907573,71.2862481719228,0.));
#3848=CARTESIAN_POINT('',(-78.6312815092427,71.2862481719228,0.));
#3849=CARTESIAN_POINT('',(66.6687184907573,71.2862481719228,13.));
#3850=CARTESIAN_POINT('',(-78.6312815092427,71.2862481719228,13.));
#3851=CARTESIAN_POINT('',(66.6687184907573,71.2862481719228,0.));
#3852=CARTESIAN_POINT('Origin',(66.6687184907573,57.3081735389856,0.));
#3853=CARTESIAN_POINT('',(66.6687184907573,57.3081735389856,0.));
#3854=CARTESIAN_POINT('',(66.6687184907573,71.2862481719228,0.));
#3855=CARTESIAN_POINT('',(66.6687184907573,57.3081735389856,13.));
#3856=CARTESIAN_POINT('',(66.6687184907573,71.2862481719228,13.));
#3857=CARTESIAN_POINT('',(66.6687184907573,57.3081735389856,0.));
#3858=CARTESIAN_POINT('Origin',(33.6527035686768,57.3081735389856,0.));
#3859=CARTESIAN_POINT('',(33.6527035686768,57.3081735389856,0.));
#3860=CARTESIAN_POINT('',(33.6527035686768,57.3081735389856,0.));
#3861=CARTESIAN_POINT('',(33.6527035686768,57.3081735389856,13.));
#3862=CARTESIAN_POINT('',(33.6527035686768,57.3081735389856,13.));
#3863=CARTESIAN_POINT('',(33.6527035686768,57.3081735389856,0.));
#3864=CARTESIAN_POINT('Origin',(33.6527035686768,58.1081735389856,0.));
#3865=CARTESIAN_POINT('',(33.0648608129749,58.6507976211721,0.));
#3866=CARTESIAN_POINT('Origin',(33.6527035686768,58.1081735389856,0.));
#3867=CARTESIAN_POINT('',(33.0648608129749,58.6507976211721,13.));
#3868=CARTESIAN_POINT('Origin',(33.6527035686768,58.1081735389856,13.));
#3869=CARTESIAN_POINT('',(33.0648608129749,58.6507976211721,0.));
#3870=CARTESIAN_POINT('Origin',(35.9664975463907,61.7942374157059,0.));
#3871=CARTESIAN_POINT('',(35.9664975463907,61.7942374157059,0.));
#3872=CARTESIAN_POINT('',(35.9664975463907,61.7942374157059,0.));
#3873=CARTESIAN_POINT('',(35.9664975463907,61.7942374157059,13.));
#3874=CARTESIAN_POINT('',(35.9664975463907,61.7942374157059,13.));
#3875=CARTESIAN_POINT('',(35.9664975463907,61.7942374157059,0.));
#3876=CARTESIAN_POINT('Origin',(35.0847334128377,62.6081735389856,0.));
#3877=CARTESIAN_POINT('',(35.0847334128377,63.8081735389856,0.));
#3878=CARTESIAN_POINT('Origin',(35.0847334128377,62.6081735389856,0.));
#3879=CARTESIAN_POINT('',(35.0847334128377,63.8081735389856,13.));
#3880=CARTESIAN_POINT('Origin',(35.0847334128377,62.6081735389856,13.));
#3881=CARTESIAN_POINT('',(35.0847334128377,63.8081735389856,0.));
#3882=CARTESIAN_POINT('Origin',(7.65270356867683,63.8081735389856,0.));
#3883=CARTESIAN_POINT('',(7.65270356867683,63.8081735389856,0.));
#3884=CARTESIAN_POINT('',(35.0847334128377,63.8081735389856,0.));
#3885=CARTESIAN_POINT('',(7.65270356867683,63.8081735389856,13.));
#3886=CARTESIAN_POINT('',(35.0847334128377,63.8081735389856,13.));
#3887=CARTESIAN_POINT('',(7.65270356867683,63.8081735389856,0.));
#3888=CARTESIAN_POINT('Origin',(7.65270356867682,62.6081735389856,0.));
#3889=CARTESIAN_POINT('',(6.77093943512386,61.794237415706,0.));
#3890=CARTESIAN_POINT('Origin',(7.65270356867682,62.6081735389856,0.));
#3891=CARTESIAN_POINT('',(6.77093943512386,61.794237415706,13.));
#3892=CARTESIAN_POINT('Origin',(7.65270356867682,62.6081735389856,13.));
#3893=CARTESIAN_POINT('',(6.77093943512386,61.794237415706,0.));
#3894=CARTESIAN_POINT('Origin',(9.67257616853972,58.6507976211721,0.));
#3895=CARTESIAN_POINT('',(9.67257616853972,58.6507976211721,0.));
#3896=CARTESIAN_POINT('',(6.77093943512385,61.794237415706,0.));
#3897=CARTESIAN_POINT('',(9.67257616853972,58.6507976211721,13.));
#3898=CARTESIAN_POINT('',(6.77093943512385,61.794237415706,13.));
#3899=CARTESIAN_POINT('',(9.67257616853972,58.6507976211721,0.));
#3900=CARTESIAN_POINT('Origin',(9.08473341283773,58.1081735389856,0.));
#3901=CARTESIAN_POINT('',(9.08473341283773,57.3081735389856,0.));
#3902=CARTESIAN_POINT('Origin',(9.08473341283773,58.1081735389856,0.));
#3903=CARTESIAN_POINT('',(9.08473341283774,57.3081735389856,13.));
#3904=CARTESIAN_POINT('Origin',(9.08473341283773,58.1081735389856,13.));
#3905=CARTESIAN_POINT('',(9.08473341283773,57.3081735389856,0.));
#3906=CARTESIAN_POINT('Origin',(-26.3472964313232,57.3081735389856,0.));
#3907=CARTESIAN_POINT('',(-26.3472964313232,57.3081735389856,0.));
#3908=CARTESIAN_POINT('',(-26.3472964313232,57.3081735389856,0.));
#3909=CARTESIAN_POINT('',(-26.3472964313232,57.3081735389856,13.));
#3910=CARTESIAN_POINT('',(-26.3472964313232,57.3081735389856,13.));
#3911=CARTESIAN_POINT('',(-26.3472964313232,57.3081735389856,0.));
#3912=CARTESIAN_POINT('Origin',(-26.3472964313232,58.1081735389856,0.));
#3913=CARTESIAN_POINT('',(-26.9351391870252,58.6507976211721,0.));
#3914=CARTESIAN_POINT('Origin',(-26.3472964313232,58.1081735389856,0.));
#3915=CARTESIAN_POINT('',(-26.9351391870252,58.6507976211721,13.));
#3916=CARTESIAN_POINT('Origin',(-26.3472964313232,58.1081735389856,13.));
#3917=CARTESIAN_POINT('',(-26.9351391870252,58.6507976211721,0.));
#3918=CARTESIAN_POINT('Origin',(-24.0335024536093,61.7942374157059,0.));
#3919=CARTESIAN_POINT('',(-24.0335024536093,61.7942374157059,0.));
#3920=CARTESIAN_POINT('',(-26.9351391870252,58.6507976211721,0.));
#3921=CARTESIAN_POINT('',(-24.0335024536093,61.7942374157059,13.));
#3922=CARTESIAN_POINT('',(-26.9351391870252,58.6507976211721,13.));
#3923=CARTESIAN_POINT('',(-24.0335024536093,61.7942374157059,0.));
#3924=CARTESIAN_POINT('Origin',(-24.9152665871623,62.6081735389856,0.));
#3925=CARTESIAN_POINT('',(-24.9152665871623,63.8081735389856,0.));
#3926=CARTESIAN_POINT('Origin',(-24.9152665871623,62.6081735389856,0.));
#3927=CARTESIAN_POINT('',(-24.9152665871623,63.8081735389856,13.));
#3928=CARTESIAN_POINT('Origin',(-24.9152665871623,62.6081735389856,13.));
#3929=CARTESIAN_POINT('',(-24.9152665871623,63.8081735389856,0.));
#3930=CARTESIAN_POINT('Origin',(-52.3472964313232,63.8081735389856,0.));
#3931=CARTESIAN_POINT('',(-52.3472964313232,63.8081735389856,0.));
#3932=CARTESIAN_POINT('',(-24.9152665871623,63.8081735389856,0.));
#3933=CARTESIAN_POINT('',(-52.3472964313232,63.8081735389856,13.));
#3934=CARTESIAN_POINT('',(-24.9152665871623,63.8081735389856,13.));
#3935=CARTESIAN_POINT('',(-52.3472964313232,63.8081735389856,0.));
#3936=CARTESIAN_POINT('Origin',(-52.3472964313232,62.6081735389856,0.));
#3937=CARTESIAN_POINT('',(-53.2290605648761,61.7942374157059,0.));
#3938=CARTESIAN_POINT('Origin',(-52.3472964313232,62.6081735389856,0.));
#3939=CARTESIAN_POINT('',(-53.2290605648761,61.7942374157059,13.));
#3940=CARTESIAN_POINT('Origin',(-52.3472964313232,62.6081735389856,13.));
#3941=CARTESIAN_POINT('',(-53.2290605648761,61.7942374157059,0.));
#3942=CARTESIAN_POINT('Origin',(-50.3274238314603,58.6507976211721,0.));
#3943=CARTESIAN_POINT('',(-50.3274238314603,58.6507976211721,0.));
#3944=CARTESIAN_POINT('',(-53.2290605648761,61.7942374157059,0.));
#3945=CARTESIAN_POINT('',(-50.3274238314603,58.6507976211721,13.));
#3946=CARTESIAN_POINT('',(-53.2290605648761,61.7942374157059,13.));
#3947=CARTESIAN_POINT('',(-50.3274238314603,58.6507976211721,0.));
#3948=CARTESIAN_POINT('Origin',(-50.9152665871623,58.1081735389856,0.));
#3949=CARTESIAN_POINT('',(-50.9152665871623,57.3081735389856,0.));
#3950=CARTESIAN_POINT('Origin',(-50.9152665871623,58.1081735389856,0.));
#3951=CARTESIAN_POINT('',(-50.9152665871623,57.3081735389856,13.));
#3952=CARTESIAN_POINT('Origin',(-50.9152665871623,58.1081735389856,13.));
#3953=CARTESIAN_POINT('',(-50.9152665871623,57.3081735389856,0.));
#3954=CARTESIAN_POINT('Origin',(-78.8312815092427,57.3081735389856,0.));
#3955=CARTESIAN_POINT('',(-78.8312815092427,57.3081735389856,0.));
#3956=CARTESIAN_POINT('',(-50.9152665871623,57.3081735389856,0.));
#3957=CARTESIAN_POINT('',(-78.8312815092427,57.3081735389856,13.));
#3958=CARTESIAN_POINT('',(-50.9152665871623,57.3081735389856,13.));
#3959=CARTESIAN_POINT('',(-78.8312815092427,57.3081735389856,0.));
#3960=CARTESIAN_POINT('Origin',(-78.8312815092427,40.3921586169052,0.));
#3961=CARTESIAN_POINT('',(-78.8312815092427,40.3921586169052,0.));
#3962=CARTESIAN_POINT('',(-78.8312815092427,57.3081735389856,0.));
#3963=CARTESIAN_POINT('',(-78.8312815092427,40.3921586169052,13.));
#3964=CARTESIAN_POINT('',(-78.8312815092427,57.3081735389856,13.));
#3965=CARTESIAN_POINT('',(-78.8312815092427,40.3921586169052,0.));
#3966=CARTESIAN_POINT('Origin',(-79.6312815092427,40.3921586169052,0.));
#3967=CARTESIAN_POINT('',(-80.1739055914292,39.8043158612032,0.));
#3968=CARTESIAN_POINT('Origin',(-79.6312815092427,40.3921586169052,0.));
#3969=CARTESIAN_POINT('',(-80.1739055914292,39.8043158612032,13.));
#3970=CARTESIAN_POINT('Origin',(-79.6312815092427,40.3921586169052,13.));
#3971=CARTESIAN_POINT('',(-80.1739055914292,39.8043158612032,0.));
#3972=CARTESIAN_POINT('Origin',(-83.3173453859631,42.7059525946191,0.));
#3973=CARTESIAN_POINT('',(-83.3173453859631,42.7059525946191,0.));
#3974=CARTESIAN_POINT('',(-83.3173453859631,42.7059525946191,0.));
#3975=CARTESIAN_POINT('',(-83.3173453859631,42.7059525946191,13.));
#3976=CARTESIAN_POINT('',(-83.3173453859631,42.7059525946191,13.));
#3977=CARTESIAN_POINT('',(-83.3173453859631,42.7059525946191,0.));
#3978=CARTESIAN_POINT('Origin',(-84.1312815092427,41.8241884610661,0.));
#3979=CARTESIAN_POINT('',(-85.3312815092427,41.8241884610661,0.));
#3980=CARTESIAN_POINT('Origin',(-84.1312815092427,41.8241884610661,0.));
#3981=CARTESIAN_POINT('',(-85.3312815092427,41.8241884610661,13.));
#3982=CARTESIAN_POINT('Origin',(-84.1312815092427,41.8241884610661,13.));
#3983=CARTESIAN_POINT('',(-85.3312815092427,41.8241884610661,0.));
#3984=CARTESIAN_POINT('Origin',(-85.3312815092427,14.3921586169052,0.));
#3985=CARTESIAN_POINT('',(-85.3312815092427,14.3921586169052,0.));
#3986=CARTESIAN_POINT('',(-85.3312815092427,41.8241884610661,0.));
#3987=CARTESIAN_POINT('',(-85.3312815092427,14.3921586169052,13.));
#3988=CARTESIAN_POINT('',(-85.3312815092427,41.8241884610661,13.));
#3989=CARTESIAN_POINT('',(-85.3312815092427,14.3921586169052,0.));
#3990=CARTESIAN_POINT('Origin',(-84.1312815092427,14.3921586169052,0.));
#3991=CARTESIAN_POINT('',(-83.3173453859631,13.5103944833522,0.));
#3992=CARTESIAN_POINT('Origin',(-84.1312815092427,14.3921586169052,0.));
#3993=CARTESIAN_POINT('',(-83.3173453859631,13.5103944833522,13.));
#3994=CARTESIAN_POINT('Origin',(-84.1312815092427,14.3921586169052,13.));
#3995=CARTESIAN_POINT('',(-83.3173453859631,13.5103944833522,0.));
#3996=CARTESIAN_POINT('Origin',(-80.1739055914292,16.4120312167681,0.));
#3997=CARTESIAN_POINT('',(-80.1739055914292,16.4120312167681,0.));
#3998=CARTESIAN_POINT('',(-83.3173453859631,13.5103944833522,0.));
#3999=CARTESIAN_POINT('',(-80.1739055914292,16.4120312167681,13.));
#4000=CARTESIAN_POINT('',(-83.3173453859631,13.5103944833522,13.));
#4001=CARTESIAN_POINT('',(-80.1739055914292,16.4120312167681,0.));
#4002=CARTESIAN_POINT('Origin',(-79.6312815092427,15.8241884610661,0.));
#4003=CARTESIAN_POINT('',(-78.8312815092427,15.8241884610661,0.));
#4004=CARTESIAN_POINT('Origin',(-79.6312815092427,15.8241884610661,0.));
#4005=CARTESIAN_POINT('',(-78.8312815092427,15.8241884610661,13.));
#4006=CARTESIAN_POINT('Origin',(-79.6312815092427,15.8241884610661,13.));
#4007=CARTESIAN_POINT('',(-78.8312815092427,15.8241884610661,0.));
#4008=CARTESIAN_POINT('Origin',(-78.8312815092427,0.38816867820881,0.));
#4009=CARTESIAN_POINT('',(-78.8312815092427,0.38816867820881,0.));
#4010=CARTESIAN_POINT('',(-78.8312815092427,15.8241884610661,0.));
#4011=CARTESIAN_POINT('',(-78.8312815092427,0.38816867820881,13.));
#4012=CARTESIAN_POINT('',(-78.8312815092427,15.8241884610661,13.));
#4013=CARTESIAN_POINT('',(-78.8312815092427,0.38816867820881,0.));
#4014=CARTESIAN_POINT('Origin',(-79.6312815092427,0.388168678208807,0.));
#4015=CARTESIAN_POINT('',(-80.1741680821191,-0.199431669808907,0.));
#4016=CARTESIAN_POINT('Origin',(-79.6312815092427,0.388168678208807,0.));
#4017=CARTESIAN_POINT('',(-80.1741680821191,-0.199431669808907,13.));
#4018=CARTESIAN_POINT('Origin',(-79.6312815092427,0.388168678208807,13.));
#4019=CARTESIAN_POINT('',(-80.1741680821191,-0.199431669808907,0.));
#4020=CARTESIAN_POINT('Origin',(-83.3169516499282,2.70420003527067,0.));
#4021=CARTESIAN_POINT('',(-83.3169516499282,2.70420003527067,0.));
#4022=CARTESIAN_POINT('',(-83.3169516499282,2.70420003527067,0.));
#4023=CARTESIAN_POINT('',(-83.3169516499282,2.70420003527067,13.));
#4024=CARTESIAN_POINT('',(-83.3169516499282,2.70420003527067,13.));
#4025=CARTESIAN_POINT('',(-83.3169516499282,2.70420003527067,0.));
#4026=CARTESIAN_POINT('Origin',(-84.1312815092427,1.82279951324409,0.));
#4027=CARTESIAN_POINT('',(-85.3312815092427,1.8227995132441,0.));
#4028=CARTESIAN_POINT('Origin',(-84.1312815092427,1.82279951324409,0.));
#4029=CARTESIAN_POINT('',(-85.3312815092427,1.8227995132441,13.));
#4030=CARTESIAN_POINT('Origin',(-84.1312815092427,1.82279951324409,13.));
#4031=CARTESIAN_POINT('',(-85.3312815092427,1.8227995132441,0.));
#4032=CARTESIAN_POINT('Origin',(-85.3312815092427,-25.6078413830948,0.));
#4033=CARTESIAN_POINT('',(-85.3312815092427,-25.6078413830948,0.));
#4034=CARTESIAN_POINT('',(-85.3312815092427,-25.6078413830948,0.));
#4035=CARTESIAN_POINT('',(-85.3312815092427,-25.6078413830948,13.));
#4036=CARTESIAN_POINT('',(-85.3312815092427,-25.6078413830948,13.));
#4037=CARTESIAN_POINT('',(-85.3312815092427,-25.6078413830948,0.));
#4038=CARTESIAN_POINT('Origin',(-84.1312815092427,-25.6078413830948,0.));
#4039=CARTESIAN_POINT('',(-83.3173453859631,-26.4896055166478,0.));
#4040=CARTESIAN_POINT('Origin',(-84.1312815092427,-25.6078413830948,0.));
#4041=CARTESIAN_POINT('',(-83.3173453859631,-26.4896055166478,13.));
#4042=CARTESIAN_POINT('Origin',(-84.1312815092427,-25.6078413830948,13.));
#4043=CARTESIAN_POINT('',(-83.3173453859631,-26.4896055166478,0.));
#4044=CARTESIAN_POINT('Origin',(-80.1739055914292,-23.5879687832319,0.));
#4045=CARTESIAN_POINT('',(-80.1739055914292,-23.5879687832319,0.));
#4046=CARTESIAN_POINT('',(-83.3173453859631,-26.4896055166478,0.));
#4047=CARTESIAN_POINT('',(-80.1739055914292,-23.5879687832319,13.));
#4048=CARTESIAN_POINT('',(-83.3173453859631,-26.4896055166478,13.));
#4049=CARTESIAN_POINT('',(-80.1739055914292,-23.5879687832319,0.));
#4050=CARTESIAN_POINT('Origin',(-79.6312815092427,-24.1758115389339,0.));
#4051=CARTESIAN_POINT('Origin',(-79.6312815092427,-24.1758115389339,0.));
#4052=CARTESIAN_POINT('Origin',(-79.6312815092427,-24.1758115389339,13.));
#4053=CARTESIAN_POINT('Origin',(-12.4812815092427,12.5472108554542,13.));
#4054=CARTESIAN_POINT('Origin',(-12.4812815092427,12.5472108554542,0.));
#4055=UNCERTAINTY_MEASURE_WITH_UNIT(LENGTH_MEASURE(0.01),#4059,
'DISTANCE_ACCURACY_VALUE',
'Maximum model space distance between geometric entities at asserted c
onnectivities');
#4056=UNCERTAINTY_MEASURE_WITH_UNIT(LENGTH_MEASURE(0.01),#4059,
'DISTANCE_ACCURACY_VALUE',
'Maximum model space distance between geometric entities at asserted c
onnectivities');
#4057=(
GEOMETRIC_REPRESENTATION_CONTEXT(3)
GLOBAL_UNCERTAINTY_ASSIGNED_CONTEXT((#4055))
GLOBAL_UNIT_ASSIGNED_CONTEXT((#4059,#4061,#4062))
REPRESENTATION_CONTEXT('','3D')
);
#4058=(
GEOMETRIC_REPRESENTATION_CONTEXT(3)
GLOBAL_UNCERTAINTY_ASSIGNED_CONTEXT((#4056))
GLOBAL_UNIT_ASSIGNED_CONTEXT((#4059,#4061,#4062))
REPRESENTATION_CONTEXT('','3D')
);
#4059=(
LENGTH_UNIT()
NAMED_UNIT(*)
SI_UNIT(.MILLI.,.METRE.)
);
#4060=(
LENGTH_UNIT()
NAMED_UNIT(*)
SI_UNIT($,.METRE.)
);
#4061=(
NAMED_UNIT(*)
PLANE_ANGLE_UNIT()
SI_UNIT($,.RADIAN.)
);
#4062=(
NAMED_UNIT(*)
SI_UNIT($,.STERADIAN.)
SOLID_ANGLE_UNIT()
);
#4063=SHAPE_DEFINITION_REPRESENTATION(#4064,#4065);
#4064=PRODUCT_DEFINITION_SHAPE('',$,#4067);
#4065=SHAPE_REPRESENTATION('',(#2411),#4057);
#4066=PRODUCT_DEFINITION_CONTEXT('part definition',#4071,'design');
#4067=PRODUCT_DEFINITION('Wellplate Holder Mk2','Wellplate Holder Mk2',
#4068,#4066);
#4068=PRODUCT_DEFINITION_FORMATION('',$,#4073);
#4069=PRODUCT_RELATED_PRODUCT_CATEGORY('Wellplate Holder Mk2',
'Wellplate Holder Mk2',(#4073));
#4070=APPLICATION_PROTOCOL_DEFINITION('international standard',
'automotive_design',2009,#4071);
#4071=APPLICATION_CONTEXT(
'Core Data for Automotive Mechanical Design Process');
#4072=PRODUCT_CONTEXT('part definition',#4071,'mechanical');
#4073=PRODUCT('Wellplate Holder Mk2','Wellplate Holder Mk2',$,(#4072));
#4074=PRESENTATION_STYLE_ASSIGNMENT((#4075));
#4075=SURFACE_STYLE_USAGE(.BOTH.,#4076);
#4076=SURFACE_SIDE_STYLE('',(#4077));
#4077=SURFACE_STYLE_FILL_AREA(#4078);
#4078=FILL_AREA_STYLE('Steel - Satin',(#4079));
#4079=FILL_AREA_STYLE_COLOUR('Steel - Satin',#4080);
#4080=COLOUR_RGB('Steel - Satin',0.627450980392157,0.627450980392157,0.627450980392157);
ENDSEC;
END-ISO-10303-21;
